timestamp,latitude,longitude,speed,heading,pax_load,delay_s
0,47.3235,5.0273,78.0,0.0,25.0,0.0
1,47.323483,5.028333,78.0,91.4,25.0,0.0
2,47.323465,5.029367,78.0,91.4,25.0,0.0
3,47.323448,5.0304,78.0,91.4,25.0,0.0
4,47.323431,5.031433,78.0,91.4,25.0,0.0
5,47.323413,5.032467,78.0,91.4,25.0,0.0
6,47.323396,5.0335,78.0,91.4,25.0,0.0
7,47.323378,5.034533,78.0,91.4,25.0,0.0
8,47.323361,5.035567,78.0,91.4,25.0,0.0
9,47.323344,5.0366,78.0,91.4,25.0,0.0
10,47.323326,5.037634,78.0,91.4,25.0,0.0
11,47.323309,5.038667,78.0,91.4,25.0,0.0
12,47.323292,5.0397,78.0,91.4,25.0,0.0
13,47.323274,5.040734,78.0,91.4,25.0,0.0
14,47.323257,5.041767,78.0,91.4,25.0,0.0
15,47.32324,5.0428,78.0,91.4,25.0,0.0
16,47.323222,5.043834,78.0,91.4,25.0,0.0
17,47.323205,5.044867,78.0,91.4,25.0,0.0
18,47.323188,5.0459,78.0,91.4,25.0,0.0
19,47.32317,5.046934,78.0,91.4,25.0,0.0
20,47.323153,5.047967,78.0,91.4,25.0,0.0
21,47.323135,5.049,78.0,91.4,25.0,0.0
22,47.323118,5.050034,78.0,91.4,25.0,0.0
23,47.323101,5.051067,78.0,91.4,25.0,0.0
24,47.323083,5.052101,78.0,91.4,25.0,0.0
25,47.323066,5.053134,78.0,91.4,25.0,0.0
26,47.323049,5.054167,78.0,91.4,25.0,0.0
27,47.323031,5.055201,78.0,91.4,25.0,0.0
28,47.323014,5.056234,78.0,91.4,25.0,0.0
29,47.322997,5.057267,78.0,91.4,25.0,0.0
30,47.322979,5.058301,78.0,91.4,25.0,0.0
31,47.322962,5.059334,78.0,91.4,25.0,0.0
32,47.322945,5.060367,78.0,91.4,25.0,0.0
33,47.322927,5.061401,78.0,91.4,25.0,0.0
34,47.32291,5.062434,78.0,91.4,25.0,0.0
35,47.322892,5.063467,78.0,91.4,25.0,0.0
36,47.322875,5.064501,78.0,91.4,25.0,0.0
37,47.322858,5.065534,78.0,91.4,25.0,0.0
38,47.32284,5.066567,78.0,91.4,25.0,0.0
39,47.322823,5.067601,78.0,91.4,25.0,0.0
40,47.322806,5.068634,78.0,91.4,25.0,0.0
41,47.322788,5.069668,78.0,91.4,25.0,0.0
42,47.322771,5.070701,78.0,91.4,25.0,0.0
43,47.322754,5.071734,78.0,91.4,25.0,0.0
44,47.322736,5.072768,78.0,91.4,25.0,0.0
45,47.322719,5.073801,78.0,91.4,25.0,0.0
46,47.322702,5.074834,78.0,91.4,25.0,0.0
47,47.322684,5.075868,78.0,91.4,25.0,0.0
48,47.322667,5.076901,78.0,91.4,25.0,0.0
49,47.322649,5.077934,78.0,91.4,25.0,0.0
50,47.322632,5.078968,78.0,91.4,25.0,0.0
51,47.322615,5.080001,78.0,91.4,25.0,0.0
52,47.322597,5.081034,78.0,91.4,25.0,0.0
53,47.32258,5.082068,78.0,91.4,25.0,0.0
54,47.322563,5.083101,78.0,91.4,25.0,0.0
55,47.322545,5.084134,78.0,91.4,25.0,0.0
56,47.322528,5.085168,78.0,91.4,25.0,0.0
57,47.322511,5.086201,78.0,91.4,25.0,0.0
58,47.322493,5.087235,78.0,91.4,25.0,0.0
59,47.322476,5.088268,78.0,91.4,25.0,0.0
60,47.322459,5.089301,78.0,91.4,25.1,0.0
61,47.322441,5.090335,78.0,91.4,25.1,0.0
62,47.322424,5.091368,78.0,91.4,25.1,0.0
63,47.322406,5.092401,78.0,91.4,25.1,0.0
64,47.322389,5.093435,78.0,91.4,25.1,0.0
65,47.322372,5.094468,78.0,91.4,25.1,0.0
66,47.322354,5.095501,78.0,91.4,25.1,0.0
67,47.322337,5.096535,78.0,91.4,25.1,0.0
68,47.32232,5.097568,78.0,91.4,25.1,0.0
69,47.322302,5.098601,78.0,91.4,25.1,0.0
70,47.322285,5.099635,78.0,91.4,25.1,0.0
71,47.322268,5.100668,78.0,91.4,25.1,0.0
72,47.32225,5.101702,78.0,91.4,25.1,0.0
73,47.322233,5.102735,78.0,91.4,25.1,0.0
74,47.322216,5.103768,78.0,91.4,25.1,0.0
75,47.322198,5.104802,78.0,91.4,25.1,0.0
76,47.322181,5.105835,78.0,91.4,25.1,0.0
77,47.322163,5.106868,78.0,91.4,25.1,0.0
78,47.322146,5.107902,78.0,91.4,25.1,0.0
79,47.322129,5.108935,78.0,91.4,25.1,0.0
80,47.322111,5.109968,78.0,91.4,25.1,0.0
81,47.322094,5.111002,78.0,91.4,25.1,0.0
82,47.322077,5.112035,78.0,91.4,25.1,0.0
83,47.322059,5.113068,78.0,91.4,25.1,0.0
84,47.322042,5.114102,78.0,91.4,25.1,0.0
85,47.322025,5.115135,78.0,91.4,25.1,0.0
86,47.322007,5.116168,78.0,91.4,25.1,0.0
87,47.32199,5.117202,78.0,91.4,25.1,0.0
88,47.321973,5.118235,78.0,91.4,25.1,0.0
89,47.321955,5.119269,78.0,91.4,25.1,0.0
90,47.321938,5.120302,78.0,91.4,25.1,0.0
91,47.32192,5.121335,78.0,91.4,25.1,0.0
92,47.321903,5.122369,78.0,91.4,25.1,0.0
93,47.321886,5.123402,78.0,91.4,25.1,0.0
94,47.321868,5.124435,78.0,91.4,25.1,0.0
95,47.321851,5.125469,78.0,91.4,25.2,0.0
96,47.321834,5.126502,78.0,91.4,25.2,0.0
97,47.321816,5.127535,78.0,91.4,25.2,0.0
98,47.321799,5.128569,78.0,91.4,25.2,0.0
99,47.321782,5.129602,78.0,91.4,25.2,0.0
100,47.321764,5.130635,78.0,91.4,25.2,0.0
101,47.321747,5.131669,78.0,91.4,25.2,0.0
102,47.321729,5.132702,78.0,91.4,25.2,0.0
103,47.321712,5.133735,78.0,91.4,25.2,0.0
104,47.321695,5.134769,78.0,91.4,25.2,0.0
105,47.321677,5.135802,78.0,91.4,25.2,0.0
106,47.32166,5.136836,78.0,91.4,25.2,0.0
107,47.321643,5.137869,78.0,91.4,25.2,0.0
108,47.321625,5.138902,78.0,91.4,25.2,0.0
109,47.321608,5.139936,78.0,91.4,25.2,0.0
110,47.321591,5.140969,78.0,91.4,25.2,0.0
111,47.321573,5.142002,78.0,91.4,25.2,0.0
112,47.321556,5.143036,78.0,91.4,25.2,0.0
113,47.321539,5.144069,78.0,91.4,25.2,0.0
114,47.321521,5.145102,78.0,91.4,25.2,0.0
115,47.321504,5.146136,78.0,91.4,25.2,0.0
116,47.321486,5.147169,78.0,91.4,25.2,0.0
117,47.321469,5.148202,78.0,91.4,25.2,0.0
118,47.321452,5.149236,78.0,91.4,25.2,0.0
119,47.321434,5.150269,78.0,91.4,25.3,0.0
120,47.321417,5.151303,78.0,91.4,25.3,0.0
121,47.3214,5.152336,78.0,91.4,25.3,0.0
122,47.321382,5.153369,78.0,91.4,25.3,0.0
123,47.321365,5.154403,78.0,91.4,25.3,0.0
124,47.321348,5.155436,78.0,91.4,25.3,0.0
125,47.32133,5.156469,78.0,91.4,25.3,0.0
126,47.321313,5.157503,78.0,91.4,25.3,0.0
127,47.321296,5.158536,78.0,91.4,25.3,0.0
128,47.321278,5.159569,78.0,91.4,25.3,0.0
129,47.321261,5.160603,78.0,91.4,25.3,0.0
130,47.321243,5.161636,78.0,91.4,25.3,0.0
131,47.321226,5.162669,78.0,91.4,25.3,0.0
132,47.321209,5.163703,78.0,91.4,25.3,0.0
133,47.321191,5.164736,78.0,91.4,25.3,0.0
134,47.321174,5.165769,78.0,91.4,25.3,0.0
135,47.321157,5.166803,78.0,91.4,25.3,0.0
136,47.321139,5.167836,78.0,91.4,25.3,0.0
137,47.321122,5.16887,78.0,91.4,25.3,0.0
138,47.321105,5.169903,78.0,91.4,25.3,0.0
139,47.321087,5.170936,78.0,91.4,25.4,0.0
140,47.32107,5.17197,78.0,91.4,25.4,0.0
141,47.321053,5.173003,78.0,91.4,25.4,0.0
142,47.321035,5.174036,78.0,91.4,25.4,0.0
143,47.321018,5.17507,78.0,91.4,25.4,0.0
144,47.321,5.176103,78.0,91.4,25.4,0.0
145,47.320983,5.177136,78.0,91.4,25.4,0.0
146,47.320966,5.17817,78.0,91.4,25.4,0.0
147,47.320948,5.179203,78.0,91.4,25.4,0.0
148,47.320931,5.180236,78.0,91.4,25.4,0.0
149,47.320914,5.18127,78.0,91.4,25.4,0.0
150,47.320896,5.182303,78.0,91.4,25.4,0.0
151,47.320879,5.183337,78.0,91.4,25.4,0.0
152,47.320862,5.18437,78.0,91.4,25.4,0.0
153,47.320844,5.185403,78.0,91.4,25.4,0.0
154,47.320827,5.186437,78.0,91.4,25.4,0.0
155,47.32081,5.18747,78.0,91.4,25.4,0.0
156,47.320792,5.188503,78.0,91.4,25.5,0.0
157,47.320775,5.189537,78.0,91.4,25.5,0.0
158,47.320757,5.19057,78.0,91.4,25.5,0.0
159,47.32074,5.191603,78.0,91.4,25.5,0.0
160,47.320723,5.192637,78.0,91.4,25.5,0.0
161,47.320705,5.19367,78.0,91.4,25.5,0.0
162,47.320688,5.194703,78.0,91.4,25.5,0.0
163,47.320671,5.195737,78.0,91.4,25.5,0.0
164,47.320653,5.19677,78.0,91.4,25.5,0.0
165,47.320636,5.197803,78.0,91.4,25.5,0.0
166,47.320619,5.198837,78.0,91.4,25.5,0.0
167,47.320601,5.19987,78.0,91.4,25.5,0.0
168,47.320584,5.200904,78.0,91.4,25.5,0.0
169,47.320567,5.201937,78.0,91.4,25.5,0.0
170,47.320549,5.20297,78.0,91.4,25.5,0.0
171,47.320532,5.204004,78.0,91.4,25.6,0.0
172,47.320514,5.205037,78.0,91.4,25.6,0.0
173,47.320497,5.20607,78.0,91.4,25.6,0.0
174,47.32048,5.207104,78.0,91.4,25.6,0.0
175,47.320462,5.208137,78.0,91.4,25.6,0.0
176,47.320445,5.20917,78.0,91.4,25.6,0.0
177,47.320428,5.210204,78.0,91.4,25.6,0.0
178,47.32041,5.211237,78.0,91.4,25.6,0.0
179,47.320393,5.21227,78.0,91.4,25.6,0.0
180,47.320376,5.213304,78.0,91.4,25.6,0.0
181,47.320358,5.214337,78.0,91.4,25.6,0.0
182,47.320341,5.21537,78.0,91.4,25.6,0.0
183,47.320323,5.216404,78.0,91.4,25.6,0.0
184,47.320306,5.217437,78.0,91.4,25.6,0.0
185,47.320289,5.218471,78.0,91.4,25.7,0.0
186,47.320271,5.219504,78.0,91.4,25.7,0.0
187,47.320254,5.220537,78.0,91.4,25.7,0.0
188,47.320237,5.221571,78.0,91.4,25.7,0.0
189,47.320219,5.222604,78.0,91.4,25.7,0.0
190,47.320202,5.223637,78.0,91.4,25.7,0.0
191,47.320185,5.224671,78.0,91.4,25.7,0.0
192,47.320167,5.225704,78.0,91.4,25.7,0.0
193,47.32015,5.226737,78.0,91.4,25.7,0.0
194,47.320133,5.227771,78.0,91.4,25.7,0.0
195,47.320115,5.228804,78.0,91.4,25.7,0.0
196,47.320098,5.229837,78.01,91.4,25.7,0.0
197,47.32008,5.230871,78.01,91.4,25.7,0.0
198,47.320063,5.231904,78.01,91.4,25.8,0.0
199,47.320046,5.232938,78.01,91.4,25.8,0.0
200,47.320028,5.233971,78.01,91.4,25.8,0.0
201,47.320011,5.235004,78.01,91.4,25.8,0.0
202,47.319994,5.236038,78.01,91.4,25.8,0.0
203,47.319976,5.237071,78.01,91.4,25.8,0.0
204,47.319959,5.238104,78.01,91.4,25.8,0.0
205,47.319942,5.239138,78.01,91.4,25.8,0.0
206,47.319924,5.240171,78.01,91.4,25.8,0.0
207,47.319907,5.241204,78.01,91.4,25.8,0.0
208,47.31989,5.242238,78.01,91.4,25.8,0.0
209,47.319872,5.243271,78.01,91.4,25.8,0.0
210,47.319855,5.244304,78.01,91.4,25.9,0.0
211,47.319837,5.245338,78.01,91.4,25.9,0.0
212,47.31982,5.246371,78.01,91.4,25.9,0.0
213,47.319803,5.247404,78.01,91.4,25.9,0.0
214,47.319785,5.248438,78.01,91.4,25.9,0.0
215,47.319768,5.249471,78.01,91.4,25.9,0.0
216,47.319751,5.250505,78.01,91.4,25.9,0.0
217,47.319733,5.251538,78.01,91.4,25.9,0.0
218,47.319716,5.252571,78.01,91.4,25.9,0.0
219,47.319699,5.253605,78.01,91.4,25.9,0.0
220,47.319681,5.254638,78.01,91.4,25.9,0.0
221,47.319664,5.255671,78.01,91.4,25.9,0.0
222,47.319647,5.256705,78.01,91.4,26.0,0.0
223,47.319629,5.257738,78.01,91.4,26.0,0.0
224,47.319612,5.258771,78.01,91.4,26.0,0.0
225,47.319594,5.259805,78.01,91.4,26.0,0.0
226,47.319577,5.260838,78.01,91.4,26.0,0.0
227,47.31956,5.261871,78.01,91.4,26.0,0.0
228,47.319542,5.262905,78.01,91.4,26.0,0.0
229,47.319525,5.263938,78.01,91.4,26.0,0.0
230,47.319508,5.264971,78.01,91.4,26.0,0.0
231,47.31949,5.266005,78.01,91.4,26.0,0.0
232,47.319473,5.267038,78.01,91.4,26.0,0.0
233,47.319456,5.268072,78.01,91.4,26.1,0.0
234,47.319438,5.269105,78.01,91.4,26.1,0.0
235,47.319421,5.270138,78.01,91.4,26.1,0.0
236,47.319404,5.271172,78.01,91.4,26.1,0.0
237,47.319386,5.272205,78.01,91.4,26.1,0.0
238,47.319369,5.273238,78.01,91.4,26.1,0.0
239,47.319351,5.274272,78.01,91.4,26.1,0.0
240,47.319334,5.275305,78.01,91.4,26.1,0.0
241,47.319317,5.276338,78.01,91.4,26.1,0.0
242,47.319299,5.277372,78.01,91.4,26.1,0.0
243,47.319282,5.278405,78.01,91.4,26.2,0.0
244,47.319265,5.279438,78.01,91.4,26.2,0.0
245,47.319247,5.280472,78.01,91.4,26.2,0.0
246,47.31923,5.281505,78.01,91.4,26.2,0.0
247,47.319213,5.282539,78.01,91.4,26.2,0.0
248,47.319195,5.283572,78.01,91.4,26.2,0.0
249,47.319178,5.284605,78.01,91.4,26.2,0.0
250,47.319161,5.285639,78.01,91.4,26.2,0.0
251,47.319143,5.286672,78.01,91.4,26.2,0.0
252,47.319126,5.287705,78.01,91.4,26.2,0.0
253,47.319108,5.288739,78.01,91.4,26.3,0.0
254,47.319091,5.289772,78.01,91.4,26.3,0.0
255,47.319074,5.290805,78.01,91.4,26.3,0.0
256,47.319056,5.291839,78.01,91.4,26.3,0.0
257,47.319039,5.292872,78.01,91.4,26.3,0.0
258,47.319022,5.293905,78.01,91.4,26.3,0.0
259,47.319004,5.294939,78.01,91.4,26.3,0.0
260,47.318987,5.295972,78.01,91.4,26.3,0.0
261,47.31897,5.297005,78.01,91.4,26.3,0.0
262,47.318952,5.298039,78.01,91.4,26.4,0.0
263,47.318935,5.299072,78.01,91.4,26.4,0.0
264,47.318918,5.300106,78.01,91.4,26.4,0.0
265,47.3189,5.301139,78.01,91.4,26.4,0.0
266,47.318883,5.302172,78.01,91.4,26.4,0.0
267,47.318865,5.303206,78.01,91.4,26.4,0.0
268,47.318848,5.304239,78.01,91.4,26.4,0.0
269,47.318831,5.305272,78.01,91.4,26.4,0.0
270,47.318813,5.306306,78.01,91.4,26.4,0.0
271,47.318796,5.307339,78.01,91.4,26.4,0.0
272,47.318779,5.308372,78.01,91.4,26.5,0.0
273,47.318761,5.309406,78.01,91.4,26.5,0.0
274,47.318744,5.310439,78.01,91.4,26.5,0.0
275,47.318727,5.311472,78.01,91.4,26.5,0.0
276,47.318709,5.312506,78.01,91.4,26.5,0.0
277,47.318692,5.313539,78.01,91.4,26.5,0.0
278,47.318674,5.314572,78.01,91.4,26.5,0.0
279,47.318657,5.315606,78.01,91.4,26.5,0.0
280,47.31864,5.316639,78.01,91.4,26.6,0.0
281,47.318622,5.317673,78.01,91.4,26.6,0.0
282,47.318605,5.318706,78.01,91.4,26.6,0.0
283,47.318588,5.319739,78.01,91.4,26.6,0.0
284,47.31857,5.320773,78.01,91.4,26.6,0.0
285,47.318553,5.321806,78.01,91.4,26.6,0.0
286,47.318536,5.322839,78.01,91.4,26.6,0.0
287,47.318518,5.323873,78.01,91.4,26.6,0.0
288,47.318501,5.324906,78.01,91.4,26.6,0.0
289,47.318484,5.325939,78.01,91.4,26.7,0.0
290,47.318466,5.326973,78.01,91.4,26.7,0.0
291,47.318449,5.328006,78.01,91.4,26.7,0.0
292,47.318431,5.329039,78.01,91.4,26.7,0.0
293,47.318414,5.330073,78.01,91.4,26.7,0.0
294,47.318397,5.331106,78.01,91.4,26.7,0.0
295,47.318379,5.33214,78.01,91.4,26.7,0.0
296,47.318362,5.333173,78.01,91.4,26.7,0.0
297,47.318345,5.334206,78.01,91.4,26.8,0.0
298,47.318327,5.33524,78.01,91.4,26.8,0.0
299,47.31831,5.336273,78.01,91.4,26.8,0.0
300,47.318293,5.337306,78.01,91.4,26.8,0.0
301,47.318275,5.33834,78.01,91.4,26.8,0.0
302,47.318258,5.339373,78.01,91.4,26.8,0.0
303,47.318241,5.340406,78.01,91.4,26.8,0.0
304,47.318223,5.34144,78.01,91.4,26.8,0.0
305,47.318206,5.342473,78.01,91.4,26.8,0.0
306,47.318188,5.343506,78.01,91.4,26.9,0.0
307,47.318171,5.34454,78.01,91.4,26.9,0.0
308,47.318154,5.345573,78.01,91.4,26.9,0.0
309,47.318136,5.346606,78.01,91.4,26.9,0.0
310,47.318119,5.34764,78.01,91.4,26.9,0.0
311,47.318102,5.348673,78.01,91.4,26.9,0.0
312,47.318084,5.349707,78.01,91.4,26.9,0.0
313,47.318067,5.35074,78.01,91.4,27.0,0.0
314,47.31805,5.351773,78.01,91.4,27.0,0.0
315,47.318032,5.352807,78.01,91.4,27.0,0.0
316,47.318015,5.35384,78.01,91.4,27.0,0.0
317,47.317998,5.354873,78.01,91.4,27.0,0.0
318,47.31798,5.355907,78.01,91.4,27.0,0.0
319,47.317963,5.35694,78.01,91.4,27.0,0.0
320,47.317945,5.357973,78.01,91.4,27.0,0.0
321,47.317928,5.359007,78.01,91.4,27.1,0.0
322,47.317911,5.36004,78.01,91.4,27.1,0.0
323,47.317893,5.361073,78.01,91.4,27.1,0.0
324,47.317876,5.362107,78.01,91.4,27.1,0.0
325,47.317859,5.36314,78.01,91.4,27.1,0.0
326,47.317841,5.364174,78.01,91.4,27.1,0.0
327,47.317824,5.365207,78.01,91.4,27.1,0.0
328,47.317807,5.36624,78.01,91.4,27.1,0.0
329,47.317789,5.367274,78.01,91.4,27.2,0.0
330,47.317772,5.368307,78.01,91.4,27.2,0.0
331,47.317755,5.36934,78.01,91.4,27.2,0.0
332,47.317737,5.370374,78.01,91.4,27.2,0.0
333,47.31772,5.371407,78.01,91.4,27.2,0.0
334,47.317702,5.37244,78.01,91.4,27.2,0.0
335,47.317685,5.373474,78.01,91.4,27.2,0.0
336,47.317668,5.374507,78.01,91.4,27.3,0.0
337,47.31765,5.37554,78.01,91.4,27.3,0.0
338,47.317633,5.376574,78.01,91.4,27.3,0.0
339,47.317616,5.377607,78.01,91.4,27.3,0.0
340,47.317598,5.37864,78.01,91.4,27.3,0.0
341,47.317581,5.379674,78.01,91.4,27.3,0.0
342,47.317564,5.380707,78.01,91.4,27.3,0.0
343,47.317546,5.381741,78.01,91.4,27.4,0.0
344,47.317529,5.382774,78.01,91.4,27.4,0.0
345,47.317512,5.383807,78.01,91.4,27.4,0.0
346,47.317494,5.384841,78.01,91.4,27.4,0.0
347,47.317477,5.385874,78.01,91.4,27.4,0.0
348,47.317459,5.386907,78.01,91.4,27.4,0.0
349,47.317442,5.387941,78.01,91.4,27.4,0.0
350,47.317425,5.388974,78.01,91.4,27.5,0.0
351,47.317407,5.390007,78.01,91.4,27.5,0.0
352,47.31739,5.391041,78.01,91.4,27.5,0.0
353,47.317373,5.392074,78.01,91.4,27.5,0.0
354,47.317355,5.393107,78.01,91.4,27.5,0.0
355,47.317338,5.394141,78.01,91.4,27.5,0.0
356,47.317321,5.395174,78.01,91.4,27.5,0.0
357,47.317303,5.396207,78.01,91.4,27.6,0.0
358,47.317286,5.397241,78.01,91.4,27.6,0.0
359,47.317268,5.398274,78.01,91.4,27.6,0.0
360,47.317251,5.399308,78.01,91.4,27.6,0.0
361,47.317234,5.400341,78.01,91.4,27.6,0.0
362,47.317216,5.401374,78.01,91.4,27.6,0.0
363,47.317199,5.402408,78.01,91.4,27.6,0.0
364,47.317182,5.403441,78.01,91.4,27.7,0.0
365,47.317164,5.404474,78.01,91.4,27.7,0.0
366,47.317147,5.405508,78.01,91.4,27.7,0.0
367,47.31713,5.406541,78.01,91.4,27.7,0.0
368,47.317112,5.407574,78.01,91.4,27.7,0.0
369,47.317095,5.408608,78.01,91.4,27.7,0.0
370,47.317078,5.409641,78.01,91.4,27.7,0.0
371,47.31706,5.410674,78.01,91.4,27.8,0.0
372,47.317043,5.411708,78.01,91.4,27.8,0.0
373,47.317025,5.412741,78.01,91.4,27.8,0.0
374,47.317008,5.413775,78.01,91.4,27.8,0.0
375,47.316991,5.414808,78.01,91.4,27.8,0.0
376,47.316973,5.415841,78.01,91.4,27.8,0.0
377,47.316956,5.416875,78.01,91.4,27.9,0.0
378,47.316939,5.417908,78.01,91.4,27.9,0.0
379,47.316921,5.418941,78.01,91.4,27.9,0.0
380,47.316904,5.419975,78.01,91.4,27.9,0.0
381,47.316887,5.421008,78.01,91.4,27.9,0.0
382,47.316869,5.422041,78.01,91.4,27.9,0.0
383,47.316852,5.423075,78.01,91.4,27.9,0.0
384,47.316835,5.424108,78.01,91.4,28.0,0.0
385,47.316817,5.425141,78.01,91.4,28.0,0.0
386,47.3168,5.426175,78.01,91.4,28.0,0.0
387,47.316782,5.427208,78.01,91.4,28.0,0.0
388,47.316765,5.428241,78.01,91.4,28.0,0.0
389,47.316748,5.429275,78.01,91.4,28.0,0.0
390,47.31673,5.430308,78.01,91.4,28.1,0.0
391,47.316713,5.431342,78.01,91.4,28.1,0.0
392,47.316696,5.432375,78.01,91.4,28.1,0.0
393,47.316678,5.433408,78.01,91.4,28.1,0.0
394,47.316661,5.434442,78.01,91.4,28.1,0.0
395,47.316644,5.435475,78.01,91.4,28.1,0.0
396,47.316626,5.436508,78.01,91.4,28.2,0.0
397,47.316609,5.437542,78.01,91.4,28.2,0.0
398,47.316592,5.438575,78.01,91.4,28.2,0.0
399,47.316574,5.439608,78.01,91.4,28.2,0.0
400,47.316557,5.440642,78.01,91.4,28.2,0.0
401,47.316539,5.441675,78.01,91.4,28.2,0.0
402,47.316522,5.442708,78.01,91.4,28.2,0.0
403,47.316505,5.443742,78.01,91.4,28.3,0.0
404,47.316487,5.444775,78.01,91.4,28.3,0.0
405,47.31647,5.445808,78.01,91.4,28.3,0.0
406,47.316453,5.446842,78.01,91.4,28.3,0.0
407,47.316435,5.447875,78.01,91.4,28.3,0.0
408,47.316418,5.448909,78.01,91.4,28.3,0.0
409,47.316401,5.449942,78.01,91.4,28.4,0.0
410,47.316383,5.450975,78.01,91.4,28.4,0.0
411,47.316366,5.452009,78.01,91.4,28.4,0.0
412,47.316349,5.453042,78.01,91.4,28.4,0.0
413,47.316331,5.454075,78.01,91.4,28.4,0.0
414,47.316314,5.455109,78.01,91.4,28.4,0.0
415,47.316296,5.456142,78.01,91.4,28.5,0.0
416,47.316279,5.457175,78.01,91.4,28.5,0.0
417,47.316262,5.458209,78.01,91.4,28.5,0.0
418,47.316244,5.459242,78.01,91.4,28.5,0.0
419,47.316227,5.460275,78.01,91.4,28.5,0.0
420,47.31621,5.461309,78.01,91.4,28.5,0.0
421,47.316192,5.462342,78.01,91.4,28.6,0.0
422,47.316175,5.463376,78.01,91.4,28.6,0.0
423,47.316158,5.464409,78.01,91.4,28.6,0.0
424,47.31614,5.465442,78.01,91.4,28.6,0.0
425,47.316123,5.466476,78.01,91.4,28.6,0.0
426,47.316106,5.467509,78.01,91.4,28.7,0.0
427,47.316088,5.468542,78.01,91.4,28.7,0.0
428,47.316071,5.469576,78.01,91.4,28.7,0.0
429,47.316053,5.470609,78.01,91.4,28.7,0.0
430,47.316036,5.471642,78.01,91.4,28.7,0.0
431,47.316019,5.472676,78.01,91.4,28.7,0.0
432,47.316001,5.473709,78.01,91.4,28.8,0.0
433,47.315984,5.474742,78.01,91.4,28.8,0.0
434,47.315967,5.475776,78.01,91.4,28.8,0.0
435,47.315949,5.476809,78.01,91.4,28.8,0.0
436,47.315932,5.477842,78.01,91.4,28.8,0.0
437,47.315915,5.478876,78.01,91.4,28.8,0.0
438,47.315897,5.479909,78.01,91.4,28.9,0.0
439,47.31588,5.480943,78.01,91.4,28.9,0.0
440,47.315863,5.481976,78.01,91.4,28.9,0.0
441,47.315845,5.483009,78.01,91.4,28.9,0.0
442,47.315828,5.484043,78.01,91.4,28.9,0.0
443,47.31581,5.485076,78.01,91.4,29.0,0.0
444,47.315793,5.486109,78.01,91.4,29.0,0.0
445,47.315776,5.487143,78.01,91.4,29.0,0.0
446,47.315758,5.488176,78.01,91.4,29.0,0.0
447,47.315741,5.489209,78.01,91.4,29.0,0.0
448,47.315724,5.490243,78.01,91.4,29.0,0.0
449,47.315706,5.491276,78.01,91.4,29.1,0.0
450,47.315689,5.492309,78.01,91.4,29.1,0.0
451,47.315672,5.493343,78.01,91.4,29.1,0.0
452,47.315654,5.494376,78.01,91.4,29.1,0.0
453,47.315637,5.49541,78.01,91.4,29.1,0.0
454,47.315619,5.496443,78.01,91.4,29.2,0.0
455,47.315602,5.497476,78.01,91.4,29.2,0.0
456,47.315585,5.49851,78.01,91.4,29.2,0.0
457,47.315567,5.499543,78.01,91.4,29.2,0.0
458,47.31555,5.500576,78.01,91.4,29.2,0.0
459,47.315533,5.50161,78.01,91.4,29.2,0.0
460,47.315515,5.502643,78.01,91.4,29.3,0.0
461,47.315498,5.503676,78.01,91.4,29.3,0.0
462,47.315481,5.50471,78.01,91.4,29.3,0.0
463,47.315463,5.505743,78.01,91.4,29.3,0.0
464,47.315446,5.506776,78.01,91.4,29.3,0.0
465,47.315429,5.50781,78.01,91.4,29.4,0.0
466,47.315411,5.508843,78.01,91.4,29.4,0.0
467,47.315394,5.509876,78.01,91.4,29.4,0.0
468,47.315376,5.51091,78.01,91.4,29.4,0.0
469,47.315359,5.511943,78.01,91.4,29.4,0.0
470,47.315342,5.512977,78.01,91.4,29.5,0.0
471,47.315324,5.51401,78.01,91.4,29.5,0.0
472,47.315307,5.515043,78.01,91.4,29.5,0.0
473,47.31529,5.516077,78.01,91.4,29.5,0.0
474,47.315272,5.51711,78.01,91.4,29.5,0.0
475,47.315255,5.518143,78.01,91.4,29.5,0.0
476,47.315238,5.519177,78.01,91.4,29.6,0.0
477,47.31522,5.52021,78.01,91.4,29.6,0.0
478,47.315203,5.521243,78.01,91.4,29.6,0.0
479,47.315186,5.522277,78.01,91.4,29.6,0.0
480,47.315168,5.52331,78.01,91.4,29.6,0.0
481,47.315151,5.524343,78.01,91.4,29.7,0.0
482,47.315133,5.525377,78.01,91.4,29.7,0.0
483,47.315116,5.52641,78.01,91.4,29.7,0.0
484,47.315099,5.527443,78.01,91.4,29.7,0.0
485,47.315081,5.528477,78.01,91.4,29.7,0.0
486,47.315064,5.52951,78.01,91.4,29.8,0.0
487,47.315047,5.530544,78.01,91.4,29.8,0.0
488,47.315029,5.531577,78.01,91.4,29.8,0.0
489,47.315012,5.53261,78.01,91.4,29.8,0.0
490,47.314995,5.533644,78.01,91.4,29.8,0.0
491,47.314977,5.534677,78.01,91.4,29.9,0.0
492,47.31496,5.53571,78.01,91.4,29.9,0.0
493,47.314943,5.536744,78.01,91.4,29.9,0.0
494,47.314925,5.537777,78.01,91.4,29.9,0.0
495,47.314908,5.53881,78.01,91.4,29.9,0.0
496,47.31489,5.539844,78.01,91.4,30.0,0.0
497,47.314873,5.540877,78.01,91.4,30.0,0.0
498,47.314856,5.54191,78.01,91.4,30.0,0.0
499,47.314838,5.542944,78.01,91.4,30.0,0.0
500,47.314821,5.543977,78.01,91.4,30.0,0.0
501,47.314804,5.545011,78.01,91.4,30.1,0.0
502,47.314786,5.546044,78.01,91.4,30.1,0.0
503,47.314769,5.547077,78.01,91.4,30.1,0.0
504,47.314752,5.548111,78.01,91.4,30.1,0.0
505,47.314734,5.549144,78.01,91.4,30.1,0.0
506,47.314717,5.550177,78.01,91.4,30.2,0.0
507,47.3147,5.551211,78.01,91.4,30.2,0.0
508,47.314682,5.552244,78.01,91.4,30.2,0.0
509,47.314665,5.553277,78.01,91.4,30.2,0.0
510,47.314647,5.554311,78.01,91.4,30.2,0.0
511,47.31463,5.555344,78.01,91.4,30.3,0.0
512,47.314613,5.556377,78.01,91.4,30.3,0.0
513,47.314595,5.557411,78.01,91.4,30.3,0.0
514,47.314578,5.558444,78.01,91.4,30.3,0.0
515,47.314561,5.559477,78.01,91.4,30.3,0.0
516,47.314543,5.560511,78.01,91.4,30.4,0.0
517,47.314526,5.561544,78.01,91.4,30.4,0.0
518,47.314509,5.562578,78.01,91.4,30.4,0.0
519,47.314491,5.563611,78.01,91.4,30.4,0.0
520,47.314474,5.564644,78.01,91.4,30.4,0.0
521,47.314457,5.565678,78.01,91.4,30.5,0.0
522,47.314439,5.566711,78.01,91.4,30.5,0.0
523,47.314422,5.567744,78.01,91.4,30.5,0.0
524,47.314404,5.568778,78.01,91.4,30.5,0.0
525,47.314387,5.569811,78.01,91.4,30.6,0.0
526,47.31437,5.570844,78.01,91.4,30.6,0.0
527,47.314352,5.571878,78.01,91.4,30.6,0.0
528,47.314335,5.572911,78.01,91.4,30.6,0.0
529,47.314318,5.573944,78.01,91.4,30.6,0.0
530,47.3143,5.574978,78.01,91.4,30.7,0.0
531,47.314283,5.576011,78.01,91.4,30.7,0.0
532,47.314266,5.577044,78.01,91.4,30.7,0.0
533,47.314248,5.578078,78.01,91.4,30.7,0.0
534,47.314231,5.579111,78.01,91.4,30.7,0.0
535,47.314213,5.580145,78.01,91.4,30.8,0.0
536,47.314196,5.581178,78.01,91.4,30.8,0.0
537,47.314179,5.582211,78.01,91.4,30.8,0.0
538,47.314161,5.583245,78.01,91.4,30.8,0.0
539,47.314144,5.584278,78.01,91.4,30.8,0.0
540,47.314127,5.585311,78.01,91.4,30.9,0.0
541,47.314109,5.586345,78.01,91.4,30.9,0.0
542,47.314092,5.587378,78.01,91.4,30.9,0.0
543,47.314075,5.588411,78.01,91.4,30.9,0.0
544,47.314057,5.589445,78.01,91.4,31.0,0.0
545,47.31404,5.590478,78.01,91.4,31.0,0.0
546,47.314023,5.591511,78.01,91.4,31.0,0.0
547,47.314005,5.592545,78.01,91.4,31.0,0.0
548,47.313988,5.593578,78.01,91.4,31.0,0.0
549,47.31397,5.594612,78.01,91.4,31.1,0.0
550,47.313953,5.595645,78.01,91.4,31.1,0.0
551,47.313936,5.596678,78.01,91.4,31.1,0.0
552,47.313918,5.597712,78.01,91.4,31.1,0.0
553,47.313901,5.598745,78.01,91.4,31.2,0.0
554,47.313884,5.599778,78.01,91.4,31.2,0.0
555,47.313866,5.600812,78.01,91.4,31.2,0.0
556,47.313849,5.601845,78.01,91.4,31.2,0.0
557,47.313832,5.602878,78.01,91.4,31.2,0.0
558,47.313814,5.603912,78.01,91.4,31.3,0.0
559,47.313797,5.604945,78.01,91.4,31.3,0.0
560,47.31378,5.605978,78.01,91.4,31.3,0.0
561,47.313762,5.607012,78.01,91.4,31.3,0.0
562,47.313745,5.608045,78.01,91.4,31.4,0.0
563,47.313727,5.609078,78.01,91.4,31.4,0.0
564,47.31371,5.610112,78.01,91.4,31.4,0.0
565,47.313693,5.611145,78.01,91.4,31.4,0.0
566,47.313675,5.612179,78.01,91.4,31.4,0.0
567,47.313658,5.613212,78.01,91.4,31.5,0.0
568,47.313641,5.614245,78.01,91.4,31.5,0.0
569,47.313623,5.615279,78.01,91.4,31.5,0.0
570,47.313606,5.616312,78.01,91.4,31.5,0.0
571,47.313589,5.617345,78.01,91.4,31.6,0.0
572,47.313571,5.618379,78.01,91.4,31.6,0.0
573,47.313554,5.619412,78.01,91.4,31.6,0.0
574,47.313537,5.620445,78.01,91.4,31.6,0.0
575,47.313519,5.621479,78.01,91.4,31.6,0.0
576,47.313502,5.622512,78.01,91.4,31.7,0.0
577,47.313484,5.623545,78.01,91.4,31.7,0.0
578,47.313467,5.624579,78.01,91.4,31.7,0.0
579,47.31345,5.625612,78.01,91.4,31.7,0.0
580,47.313432,5.626646,78.01,91.4,31.8,0.0
581,47.313415,5.627679,78.01,91.4,31.8,0.0
582,47.313398,5.628712,78.01,91.4,31.8,0.0
583,47.31338,5.629746,78.01,91.4,31.8,0.0
584,47.313363,5.630779,78.01,91.4,31.9,0.0
585,47.313346,5.631812,78.01,91.4,31.9,0.0
586,47.313328,5.632846,78.02,91.4,31.9,0.0
587,47.313311,5.633879,78.02,91.4,31.9,0.0
588,47.313294,5.634912,78.02,91.4,31.9,0.0
589,47.313276,5.635946,78.02,91.4,32.0,0.0
590,47.313259,5.636979,78.02,91.4,32.0,0.0
591,47.313241,5.638012,78.02,91.4,32.0,0.0
592,47.313224,5.639046,78.02,91.4,32.0,0.0
593,47.313207,5.640079,78.02,91.4,32.1,0.0
594,47.313189,5.641112,78.02,91.4,32.1,0.0
595,47.313172,5.642146,78.02,91.4,32.1,0.0
596,47.313155,5.643179,78.02,91.4,32.1,0.0
597,47.313137,5.644213,78.02,91.4,32.2,0.0
598,47.31312,5.645246,78.02,91.4,32.2,0.0
599,47.313103,5.646279,78.02,91.4,32.2,0.0
600,47.313085,5.647313,78.02,91.4,32.2,0.0
601,47.313068,5.648346,78.02,91.4,32.3,0.0
602,47.313051,5.649379,78.02,91.4,32.3,0.0
603,47.313033,5.650413,78.02,91.4,32.3,0.0
604,47.313016,5.651446,78.02,91.4,32.3,0.0
605,47.312998,5.652479,78.02,91.4,32.3,0.0
606,47.312981,5.653513,78.02,91.4,32.4,0.0
607,47.312964,5.654546,78.02,91.4,32.4,0.0
608,47.312946,5.655579,78.02,91.4,32.4,0.0
609,47.312929,5.656613,78.02,91.4,32.4,0.0
610,47.312912,5.657646,78.02,91.4,32.5,0.0
611,47.312894,5.658679,78.02,91.4,32.5,0.0
612,47.312877,5.659713,78.02,91.4,32.5,0.0
613,47.31286,5.660746,78.02,91.4,32.5,0.0
614,47.312842,5.66178,78.02,91.4,32.6,0.0
615,47.312825,5.662813,78.02,91.4,32.6,0.0
616,47.312808,5.663846,78.02,91.4,32.6,0.0
617,47.31279,5.66488,78.02,91.4,32.6,0.0
618,47.312773,5.665913,78.02,91.4,32.7,0.0
619,47.312755,5.666946,78.02,91.4,32.7,0.0
620,47.312738,5.66798,78.02,91.4,32.7,0.0
621,47.312721,5.669013,78.02,91.4,32.7,0.0
622,47.312703,5.670046,78.02,91.4,32.8,0.0
623,47.312686,5.67108,78.02,91.4,32.8,0.0
624,47.312669,5.672113,78.02,91.4,32.8,0.0
625,47.312651,5.673146,78.02,91.4,32.8,0.0
626,47.312634,5.67418,78.02,91.4,32.9,0.0
627,47.312617,5.675213,78.02,91.4,32.9,0.0
628,47.312599,5.676247,78.02,91.4,32.9,0.0
629,47.312582,5.67728,78.02,91.4,32.9,0.0
630,47.312564,5.678313,78.02,91.4,33.0,0.0
631,47.312547,5.679347,78.02,91.4,33.0,0.0
632,47.31253,5.68038,78.02,91.4,33.0,0.0
633,47.312512,5.681413,78.02,91.4,33.0,0.0
634,47.312495,5.682447,78.02,91.4,33.1,0.0
635,47.312478,5.68348,78.02,91.4,33.1,0.0
636,47.31246,5.684513,78.02,91.4,33.1,0.0
637,47.312443,5.685547,78.02,91.4,33.1,0.0
638,47.312426,5.68658,78.02,91.4,33.2,0.0
639,47.312408,5.687613,78.02,91.4,33.2,0.0
640,47.312391,5.688647,78.02,91.4,33.2,0.0
641,47.312374,5.68968,78.02,91.4,33.2,0.0
642,47.312356,5.690713,78.02,91.4,33.3,0.0
643,47.312339,5.691747,78.02,91.4,33.3,0.0
644,47.312321,5.69278,78.02,91.4,33.3,0.0
645,47.312304,5.693814,78.02,91.4,33.3,0.0
646,47.312287,5.694847,78.02,91.4,33.4,0.0
647,47.312269,5.69588,78.02,91.4,33.4,0.0
648,47.312252,5.696914,78.02,91.4,33.4,0.0
649,47.312235,5.697947,78.02,91.4,33.4,0.0
650,47.312217,5.69898,78.02,91.4,33.5,0.0
651,47.3122,5.700014,78.02,91.4,33.5,0.0
652,47.312183,5.701047,78.02,91.4,33.5,0.0
653,47.312165,5.70208,78.02,91.4,33.5,0.0
654,47.312148,5.703114,78.02,91.4,33.6,0.0
655,47.312131,5.704147,78.02,91.4,33.6,0.0
656,47.312113,5.70518,78.02,91.4,33.6,0.0
657,47.312096,5.706214,78.02,91.4,33.6,0.0
658,47.312078,5.707247,78.02,91.4,33.7,0.0
659,47.312061,5.70828,78.02,91.4,33.7,0.0
660,47.312044,5.709314,78.02,91.4,33.7,0.0
661,47.312026,5.710347,78.02,91.4,33.7,0.0
662,47.312009,5.711381,78.02,91.4,33.8,0.0
663,47.311992,5.712414,78.02,91.4,33.8,0.0
664,47.311974,5.713447,78.02,91.4,33.8,0.0
665,47.311957,5.714481,78.02,91.4,33.8,0.0
666,47.31194,5.715514,78.02,91.4,33.9,0.0
667,47.311922,5.716547,78.02,91.4,33.9,0.0
668,47.311905,5.717581,78.02,91.4,33.9,0.0
669,47.311888,5.718614,78.02,91.4,33.9,0.0
670,47.31187,5.719647,78.02,91.4,34.0,0.0
671,47.311853,5.720681,78.02,91.4,34.0,0.0
672,47.311835,5.721714,78.02,91.4,34.0,0.0
673,47.311818,5.722747,78.02,91.4,34.0,0.0
674,47.311801,5.723781,78.02,91.4,34.1,0.0
675,47.311783,5.724814,78.02,91.4,34.1,0.0
676,47.311766,5.725848,78.02,91.4,34.1,0.0
677,47.311749,5.726881,78.02,91.4,34.1,0.0
678,47.311731,5.727914,78.02,91.4,34.2,0.0
679,47.311714,5.728948,78.02,91.4,34.2,0.0
680,47.311697,5.729981,78.02,91.4,34.2,0.0
681,47.311679,5.731014,78.02,91.4,34.3,0.0
682,47.311662,5.732048,78.02,91.4,34.3,0.0
683,47.311645,5.733081,78.02,91.4,34.3,0.0
684,47.311627,5.734114,78.02,91.4,34.3,0.0
685,47.31161,5.735148,78.02,91.4,34.4,0.0
686,47.311592,5.736181,78.02,91.4,34.4,0.0
687,47.311575,5.737214,78.02,91.4,34.4,0.0
688,47.311558,5.738248,78.02,91.4,34.4,0.0
689,47.31154,5.739281,78.02,91.4,34.5,0.0
690,47.311523,5.740314,78.02,91.4,34.5,0.0
691,47.311506,5.741348,78.02,91.4,34.5,0.0
692,47.311488,5.742381,78.02,91.4,34.5,0.0
693,47.311471,5.743415,78.02,91.4,34.6,0.0
694,47.311454,5.744448,78.02,91.4,34.6,0.0
695,47.311436,5.745481,78.02,91.4,34.6,0.0
696,47.311419,5.746515,78.02,91.4,34.7,0.0
697,47.311402,5.747548,78.02,91.4,34.7,0.0
698,47.311384,5.748581,78.02,91.4,34.7,0.0
699,47.311367,5.749615,78.02,91.4,34.7,0.0
700,47.311349,5.750648,78.02,91.4,34.8,0.0
701,47.311332,5.751681,78.02,91.4,34.8,0.0
702,47.311315,5.752715,78.02,91.4,34.8,0.0
703,47.311297,5.753748,78.02,91.4,34.8,0.0
704,47.31128,5.754781,78.02,91.4,34.9,0.0
705,47.311263,5.755815,78.02,91.4,34.9,0.0
706,47.311245,5.756848,78.02,91.4,34.9,0.0
707,47.311228,5.757881,78.02,91.4,35.0,0.0
708,47.311211,5.758915,78.02,91.4,35.0,0.0
709,47.311193,5.759948,78.02,91.4,35.0,0.0
710,47.311176,5.760982,78.02,91.4,35.0,0.0
711,47.311158,5.762015,78.02,91.4,35.1,0.0
712,47.311141,5.763048,78.02,91.4,35.1,0.0
713,47.311124,5.764082,78.02,91.4,35.1,0.0
714,47.311106,5.765115,78.02,91.4,35.1,0.0
715,47.311089,5.766148,78.02,91.4,35.2,0.0
716,47.311072,5.767182,78.02,91.4,35.2,0.0
717,47.311054,5.768215,78.02,91.4,35.2,0.0
718,47.311037,5.769248,78.02,91.4,35.3,0.0
719,47.31102,5.770282,78.02,91.4,35.3,0.0
720,47.311002,5.771315,78.02,91.4,35.3,0.0
721,47.310985,5.772348,78.02,91.4,35.3,0.0
722,47.310968,5.773382,78.02,91.4,35.4,0.0
723,47.31095,5.774415,78.02,91.4,35.4,0.0
724,47.310933,5.775449,78.02,91.4,35.4,0.0
725,47.310915,5.776482,78.02,91.4,35.4,0.0
726,47.310898,5.777515,78.02,91.4,35.5,0.0
727,47.310881,5.778549,78.02,91.4,35.5,0.0
728,47.310863,5.779582,78.02,91.4,35.5,0.0
729,47.310846,5.780615,78.02,91.4,35.6,0.0
730,47.310829,5.781649,78.02,91.4,35.6,0.0
731,47.310811,5.782682,78.02,91.4,35.6,0.0
732,47.310794,5.783715,78.02,91.4,35.6,0.0
733,47.310777,5.784749,78.02,91.4,35.7,0.0
734,47.310759,5.785782,78.02,91.4,35.7,0.0
735,47.310742,5.786815,78.02,91.4,35.7,0.0
736,47.310725,5.787849,78.02,91.4,35.8,0.0
737,47.310707,5.788882,78.02,91.4,35.8,0.0
738,47.31069,5.789915,78.02,91.4,35.8,0.0
739,47.310672,5.790949,78.02,91.4,35.8,0.0
740,47.310655,5.791982,78.02,91.4,35.9,0.0
741,47.310638,5.793016,78.02,91.4,35.9,0.0
742,47.31062,5.794049,78.02,91.4,35.9,0.0
743,47.310603,5.795082,78.02,91.4,35.9,0.0
744,47.310586,5.796116,78.02,91.4,36.0,0.0
745,47.310568,5.797149,78.02,91.4,36.0,0.0
746,47.310551,5.798182,78.02,91.4,36.0,0.0
747,47.310534,5.799216,78.02,91.4,36.1,0.0
748,47.310516,5.800249,78.02,91.4,36.1,0.0
749,47.310499,5.801282,78.02,91.4,36.1,0.0
750,47.310482,5.802316,78.02,91.4,36.1,0.0
751,47.310464,5.803349,78.02,91.4,36.2,0.0
752,47.310447,5.804382,78.02,91.4,36.2,0.0
753,47.310429,5.805416,78.02,91.4,36.2,0.0
754,47.310412,5.806449,78.02,91.4,36.3,0.0
755,47.310395,5.807483,78.02,91.4,36.3,0.0
756,47.310377,5.808516,78.02,91.4,36.3,0.0
757,47.31036,5.809549,78.02,91.4,36.3,0.0
758,47.310343,5.810583,78.02,91.4,36.4,0.0
759,47.310325,5.811616,78.02,91.4,36.4,0.0
760,47.310308,5.812649,78.02,91.4,36.4,0.0
761,47.310291,5.813683,78.02,91.4,36.5,0.0
762,47.310273,5.814716,78.02,91.4,36.5,0.0
763,47.310256,5.815749,78.02,91.4,36.5,0.0
764,47.310239,5.816783,78.02,91.4,36.5,0.0
765,47.310221,5.817816,78.02,91.4,36.6,0.0
766,47.310204,5.818849,78.02,91.4,36.6,0.0
767,47.310186,5.819883,78.02,91.4,36.6,0.0
768,47.310169,5.820916,78.02,91.4,36.7,0.0
769,47.310152,5.821949,78.02,91.4,36.7,0.0
770,47.310134,5.822983,78.02,91.4,36.7,0.0
771,47.310117,5.824016,78.02,91.4,36.8,0.0
772,47.3101,5.82505,78.02,91.4,36.8,0.0
773,47.310082,5.826083,78.02,91.4,36.8,0.0
774,47.310065,5.827116,78.02,91.4,36.8,0.0
775,47.310048,5.82815,78.02,91.4,36.9,0.0
776,47.31003,5.829183,78.02,91.4,36.9,0.0
777,47.310013,5.830216,78.02,91.4,36.9,0.0
778,47.309996,5.83125,78.02,91.4,37.0,0.0
779,47.309978,5.832283,78.02,91.4,37.0,0.0
780,47.309961,5.833316,78.02,91.4,37.0,0.0
781,47.309943,5.83435,78.02,91.4,37.0,0.0
782,47.309926,5.835383,78.02,91.4,37.1,0.0
783,47.309909,5.836416,78.02,91.4,37.1,0.0
784,47.309891,5.83745,78.02,91.4,37.1,0.0
785,47.309874,5.838483,78.02,91.4,37.2,0.0
786,47.309857,5.839516,78.02,91.4,37.2,0.0
787,47.309839,5.84055,78.02,91.4,37.2,0.0
788,47.309822,5.841583,78.02,91.4,37.2,0.0
789,47.309805,5.842617,78.02,91.4,37.3,0.0
790,47.309787,5.84365,78.02,91.4,37.3,0.0
791,47.30977,5.844683,78.02,91.4,37.3,0.0
792,47.309753,5.845717,78.02,91.4,37.4,0.0
793,47.309735,5.84675,78.02,91.4,37.4,0.0
794,47.309718,5.847783,78.02,91.4,37.4,0.0
795,47.3097,5.848817,78.02,91.4,37.5,0.0
796,47.309683,5.84985,78.02,91.4,37.5,0.0
797,47.309666,5.850883,78.02,91.4,37.5,0.0
798,47.309648,5.851917,78.02,91.4,37.5,0.0
799,47.309631,5.85295,78.02,91.4,37.6,0.0
800,47.309614,5.853983,78.02,91.4,37.6,0.0
801,47.309596,5.855017,78.02,91.4,37.6,0.0
802,47.309579,5.85605,78.02,91.4,37.7,0.0
803,47.309562,5.857084,78.02,91.4,37.7,0.0
804,47.309544,5.858117,78.02,91.4,37.7,0.0
805,47.309527,5.85915,78.02,91.4,37.8,0.0
806,47.309509,5.860184,78.02,91.4,37.8,0.0
807,47.309492,5.861217,78.02,91.4,37.8,0.0
808,47.309475,5.86225,78.02,91.4,37.8,0.0
809,47.309457,5.863284,78.02,91.4,37.9,0.0
810,47.30944,5.864317,78.02,91.4,37.9,0.0
811,47.309423,5.86535,78.02,91.4,37.9,0.0
812,47.309405,5.866384,78.02,91.4,38.0,0.0
813,47.309388,5.867417,78.02,91.4,38.0,0.0
814,47.309371,5.86845,78.02,91.4,38.0,0.0
815,47.309353,5.869484,78.02,91.4,38.1,0.0
816,47.309336,5.870517,78.02,91.4,38.1,0.0
817,47.309319,5.87155,78.02,91.4,38.1,0.0
818,47.309301,5.872584,78.02,91.4,38.1,0.0
819,47.309284,5.873617,78.02,91.4,38.2,0.0
820,47.309266,5.874651,78.02,91.4,38.2,0.0
821,47.309249,5.875684,78.02,91.4,38.2,0.0
822,47.309232,5.876717,78.02,91.4,38.3,0.0
823,47.309214,5.877751,78.02,91.4,38.3,0.0
824,47.309197,5.878784,78.02,91.4,38.3,0.0
825,47.30918,5.879817,78.02,91.4,38.4,0.0
826,47.309162,5.880851,78.02,91.4,38.4,0.0
827,47.309145,5.881884,78.02,91.4,38.4,0.0
828,47.309128,5.882917,78.02,91.4,38.5,0.0
829,47.30911,5.883951,78.02,91.4,38.5,0.0
830,47.309093,5.884984,78.02,91.4,38.5,0.0
831,47.309076,5.886017,78.02,91.4,38.5,0.0
832,47.309058,5.887051,78.02,91.4,38.6,0.0
833,47.309041,5.888084,78.02,91.4,38.6,0.0
834,47.309023,5.889117,78.02,91.4,38.6,0.0
835,47.309006,5.890151,78.02,91.4,38.7,0.0
836,47.308989,5.891184,78.02,91.4,38.7,0.0
837,47.308971,5.892218,78.02,91.4,38.7,0.0
838,47.308954,5.893251,78.02,91.4,38.8,0.0
839,47.308937,5.894284,78.02,91.4,38.8,0.0
840,47.308919,5.895318,78.02,91.4,38.8,0.0
841,47.308902,5.896351,78.02,91.4,38.9,0.0
842,47.308885,5.897384,78.02,91.4,38.9,0.0
843,47.308867,5.898418,78.02,91.4,38.9,0.0
844,47.30885,5.899451,78.02,91.4,38.9,0.0
845,47.308833,5.900484,78.02,91.4,39.0,0.0
846,47.308815,5.901518,78.02,91.4,39.0,0.0
847,47.308798,5.902551,78.02,91.4,39.0,0.0
848,47.30878,5.903584,78.02,91.4,39.1,0.0
849,47.308763,5.904618,78.02,91.4,39.1,0.0
850,47.308746,5.905651,78.02,91.4,39.1,0.0
851,47.308728,5.906685,78.02,91.4,39.2,0.0
852,47.308711,5.907718,78.02,91.4,39.2,0.0
853,47.308694,5.908751,78.02,91.4,39.2,0.0
854,47.308676,5.909785,78.02,91.4,39.3,0.0
855,47.308659,5.910818,78.02,91.4,39.3,0.0
856,47.308642,5.911851,78.02,91.4,39.3,0.0
857,47.308624,5.912885,78.02,91.4,39.4,0.0
858,47.308607,5.913918,78.02,91.4,39.4,0.0
859,47.30859,5.914951,78.02,91.4,39.4,0.0
860,47.308572,5.915985,78.02,91.4,39.4,0.0
861,47.308555,5.917018,78.02,91.4,39.5,0.0
862,47.308537,5.918051,78.02,91.4,39.5,0.0
863,47.30852,5.919085,78.02,91.4,39.5,0.0
864,47.308503,5.920118,78.02,91.4,39.6,0.0
865,47.308485,5.921151,78.02,91.4,39.6,0.0
866,47.308468,5.922185,78.02,91.4,39.6,0.0
867,47.308451,5.923218,78.02,91.4,39.7,0.0
868,47.308433,5.924252,78.02,91.4,39.7,0.0
869,47.308416,5.925285,78.02,91.4,39.7,0.0
870,47.308399,5.926318,78.02,91.4,39.8,0.0
871,47.308381,5.927352,78.02,91.4,39.8,0.0
872,47.308364,5.928385,78.02,91.4,39.8,0.0
873,47.308347,5.929418,78.02,91.4,39.9,0.0
874,47.308329,5.930452,78.02,91.4,39.9,0.0
875,47.308312,5.931485,78.02,91.4,39.9,0.0
876,47.308294,5.932518,78.02,91.4,40.0,0.0
877,47.308277,5.933552,78.02,91.4,40.0,0.0
878,47.30826,5.934585,78.02,91.4,40.0,0.0
879,47.308242,5.935618,78.02,91.4,40.0,0.0
880,47.308225,5.936652,78.02,91.4,40.1,0.0
881,47.308208,5.937685,78.02,91.4,40.1,0.0
882,47.30819,5.938719,78.02,91.4,40.1,0.0
883,47.308173,5.939752,78.02,91.4,40.2,0.0
884,47.308156,5.940785,78.02,91.4,40.2,0.0
885,47.308138,5.941819,78.02,91.4,40.2,0.0
886,47.308121,5.942852,78.02,91.4,40.3,0.0
887,47.308103,5.943885,78.02,91.4,40.3,0.0
888,47.308086,5.944919,78.02,91.4,40.3,0.0
889,47.308069,5.945952,78.02,91.4,40.4,0.0
890,47.308051,5.946985,78.02,91.4,40.4,0.0
891,47.308034,5.948019,78.02,91.4,40.4,0.0
892,47.308017,5.949052,78.02,91.4,40.5,0.0
893,47.307999,5.950085,78.02,91.4,40.5,0.0
894,47.307982,5.951119,78.02,91.4,40.5,0.0
895,47.307965,5.952152,78.02,91.4,40.6,0.0
896,47.307947,5.953185,78.02,91.4,40.6,0.0
897,47.30793,5.954219,78.02,91.4,40.6,0.0
898,47.307913,5.955252,78.02,91.4,40.7,0.0
899,47.307977,5.956262,76.55,84.6,40.7,0.0
900,47.308257,5.957209,78.0,66.5,40.7,0.0
901,47.308536,5.958157,78.0,66.5,40.8,0.0
902,47.308816,5.959105,78.0,66.5,40.8,0.0
903,47.309095,5.960052,78.0,66.5,40.8,0.0
904,47.309375,5.961,78.0,66.5,40.9,0.0
905,47.309654,5.961948,78.0,66.5,40.9,0.0
906,47.309933,5.962895,78.0,66.5,40.9,0.0
907,47.310213,5.963843,78.0,66.5,41.0,0.0
908,47.310492,5.96479,78.0,66.5,41.0,0.0
909,47.310772,5.965738,78.0,66.5,41.0,0.0
910,47.311051,5.966686,78.0,66.5,41.1,0.0
911,47.311331,5.967633,78.0,66.5,41.1,0.0
912,47.31161,5.968581,78.0,66.5,41.1,0.0
913,47.31189,5.969528,78.0,66.5,41.1,0.0
914,47.312169,5.970476,77.99,66.5,41.2,0.0
915,47.312449,5.971424,77.99,66.5,41.2,0.0
916,47.312728,5.972371,77.99,66.5,41.2,0.0
917,47.313008,5.973319,77.99,66.5,41.3,0.0
918,47.313287,5.974267,77.99,66.5,41.3,0.0
919,47.313566,5.975214,77.99,66.5,41.3,0.0
920,47.313846,5.976162,77.99,66.5,41.4,0.0
921,47.314125,5.977109,77.99,66.5,41.4,0.0
922,47.314405,5.978057,77.99,66.5,41.4,0.0
923,47.314684,5.979005,77.99,66.5,41.5,0.0
924,47.314964,5.979952,77.99,66.5,41.5,0.0
925,47.315243,5.9809,77.99,66.5,41.5,0.0
926,47.315523,5.981848,77.99,66.5,41.6,0.0
927,47.315802,5.982795,77.99,66.5,41.6,0.0
928,47.316082,5.983743,77.99,66.5,41.6,0.0
929,47.316361,5.98469,77.99,66.5,41.7,0.0
930,47.316641,5.985638,77.99,66.5,41.7,0.0
931,47.31692,5.986586,77.99,66.5,41.7,0.0
932,47.317199,5.987533,77.99,66.5,41.8,0.0
933,47.317479,5.988481,77.99,66.5,41.8,0.0
934,47.317758,5.989428,77.99,66.5,41.8,0.0
935,47.318038,5.990376,77.99,66.5,41.9,0.0
936,47.318317,5.991324,77.99,66.5,41.9,0.0
937,47.318597,5.992271,77.99,66.5,41.9,0.0
938,47.318876,5.993219,77.99,66.5,42.0,0.0
939,47.319156,5.994167,77.99,66.5,42.0,0.0
940,47.319435,5.995114,77.99,66.5,42.0,0.0
941,47.319715,5.996062,77.99,66.5,42.1,0.0
942,47.319994,5.997009,77.98,66.5,42.1,0.0
943,47.320274,5.997957,77.98,66.5,42.1,0.0
944,47.320553,5.998905,77.98,66.5,42.2,0.0
945,47.320832,5.999852,77.98,66.5,42.2,0.0
946,47.321112,6.0008,77.98,66.5,42.2,0.0
947,47.321391,6.001747,77.98,66.5,42.3,0.0
948,47.321671,6.002695,77.98,66.5,42.3,0.0
949,47.32195,6.003643,77.98,66.5,42.3,0.0
950,47.32223,6.00459,77.98,66.5,42.4,0.0
951,47.322509,6.005538,77.98,66.5,42.4,0.0
952,47.322789,6.006486,77.98,66.5,42.4,0.0
953,47.323068,6.007433,77.98,66.5,42.5,0.0
954,47.323348,6.008381,77.98,66.5,42.5,0.0
955,47.323627,6.009328,77.98,66.5,42.5,0.0
956,47.323907,6.010276,77.98,66.5,42.6,0.0
957,47.324186,6.011224,77.98,66.5,42.6,0.0
958,47.324465,6.012171,77.98,66.5,42.6,0.0
959,47.324745,6.013119,77.98,66.5,42.7,0.0
960,47.325024,6.014066,77.98,66.5,42.7,0.0
961,47.325304,6.015014,77.98,66.5,42.7,0.0
962,47.325583,6.015962,77.98,66.5,42.8,0.0
963,47.325863,6.016909,77.98,66.5,42.8,0.0
964,47.326142,6.017857,77.98,66.5,42.9,0.0
965,47.326422,6.018805,77.98,66.5,42.9,0.0
966,47.326701,6.019752,77.98,66.5,42.9,0.0
967,47.326981,6.0207,77.98,66.5,43.0,0.0
968,47.32726,6.021647,77.98,66.5,43.0,0.0
969,47.32754,6.022595,77.98,66.5,43.0,0.0
970,47.327819,6.023543,77.98,66.5,43.1,0.0
971,47.328098,6.02449,77.97,66.5,43.1,0.0
972,47.328378,6.025438,77.97,66.5,43.1,0.0
973,47.328657,6.026386,77.97,66.5,43.2,0.0
974,47.328937,6.027333,77.97,66.5,43.2,0.0
975,47.329216,6.028281,77.97,66.5,43.2,0.0
976,47.329496,6.029228,77.97,66.5,43.3,0.0
977,47.329775,6.030176,77.97,66.5,43.3,0.0
978,47.330055,6.031124,77.97,66.5,43.3,0.0
979,47.330334,6.032071,77.97,66.5,43.4,0.0
980,47.330614,6.033019,77.97,66.5,43.4,0.0
981,47.330893,6.033966,77.97,66.5,43.4,0.0
982,47.331173,6.034914,77.97,66.5,43.5,0.0
983,47.331452,6.035862,77.97,66.5,43.5,0.0
984,47.331731,6.036809,77.97,66.5,43.5,0.0
985,47.332011,6.037757,77.97,66.5,43.6,0.0
986,47.33229,6.038705,77.97,66.5,43.6,0.0
987,47.33257,6.039652,77.97,66.5,43.6,0.0
988,47.332849,6.0406,77.97,66.5,43.7,0.0
989,47.333129,6.041547,77.97,66.5,43.7,0.0
990,47.333408,6.042495,77.97,66.5,43.7,0.0
991,47.333688,6.043443,77.97,66.5,43.8,0.0
992,47.333967,6.04439,77.97,66.5,43.8,0.0
993,47.334247,6.045338,77.97,66.5,43.8,0.0
994,47.334526,6.046285,77.97,66.5,43.9,0.0
995,47.334806,6.047233,77.97,66.5,43.9,0.0
996,47.335085,6.048181,77.97,66.5,43.9,0.0
997,47.335364,6.049128,77.97,66.5,44.0,0.0
998,47.335644,6.050076,77.97,66.5,44.0,0.0
999,47.335923,6.051024,77.97,66.5,44.0,0.0
1000,47.336203,6.051971,77.96,66.5,44.1,0.0
1001,47.336482,6.052919,77.96,66.5,44.1,0.0
1002,47.336762,6.053866,77.96,66.5,44.2,0.0
1003,47.337041,6.054814,77.96,66.5,44.2,0.0
1004,47.337321,6.055762,77.96,66.5,44.2,0.0
1005,47.3376,6.056709,77.96,66.5,44.3,0.0
1006,47.33788,6.057657,77.96,66.5,44.3,0.0
1007,47.338159,6.058605,77.96,66.5,44.3,0.0
1008,47.338439,6.059552,77.96,66.5,44.4,0.0
1009,47.338718,6.0605,77.96,66.5,44.4,0.0
1010,47.338997,6.061447,77.96,66.5,44.4,0.0
1011,47.339277,6.062395,77.96,66.5,44.5,0.0
1012,47.339556,6.063343,77.96,66.5,44.5,0.0
1013,47.339836,6.06429,77.96,66.5,44.5,0.0
1014,47.340115,6.065238,77.96,66.5,44.6,0.0
1015,47.340395,6.066185,77.96,66.5,44.6,0.0
1016,47.340674,6.067133,77.96,66.5,44.6,0.0
1017,47.340954,6.068081,77.96,66.5,44.7,0.0
1018,47.341233,6.069028,77.96,66.5,44.7,0.0
1019,47.341513,6.069976,77.96,66.5,44.7,0.0
1020,47.341792,6.070924,77.96,66.5,44.8,0.0
1021,47.342072,6.071871,77.96,66.5,44.8,0.0
1022,47.342351,6.072819,77.96,66.5,44.9,0.0
1023,47.34263,6.073766,77.96,66.5,44.9,0.0
1024,47.34291,6.074714,77.96,66.5,44.9,0.0
1025,47.343189,6.075662,77.96,66.5,45.0,0.0
1026,47.343469,6.076609,77.96,66.5,45.0,0.0
1027,47.343748,6.077557,77.96,66.5,45.0,0.0
1028,47.344028,6.078504,77.96,66.5,45.1,0.0
1029,47.344307,6.079452,77.95,66.5,45.1,0.0
1030,47.344587,6.0804,77.95,66.5,45.1,0.0
1031,47.344866,6.081347,77.95,66.5,45.2,0.0
1032,47.345146,6.082295,77.95,66.5,45.2,0.0
1033,47.345425,6.083243,77.95,66.5,45.2,0.0
1034,47.345705,6.08419,77.95,66.5,45.3,0.0
1035,47.345984,6.085138,77.95,66.5,45.3,0.0
1036,47.346263,6.086085,77.95,66.5,45.3,0.0
1037,47.346543,6.087033,77.95,66.5,45.4,0.0
1038,47.346822,6.087981,77.95,66.5,45.4,0.0
1039,47.347102,6.088928,77.95,66.5,45.4,0.0
1040,47.347381,6.089876,77.95,66.5,45.5,0.0
1041,47.347661,6.090823,77.95,66.5,45.5,0.0
1042,47.34794,6.091771,77.95,66.5,45.6,0.0
1043,47.34822,6.092719,77.95,66.5,45.6,0.0
1044,47.348499,6.093666,77.95,66.5,45.6,0.0
1045,47.348779,6.094614,77.95,66.5,45.7,0.0
1046,47.349058,6.095562,77.95,66.5,45.7,0.0
1047,47.349338,6.096509,77.95,66.5,45.7,0.0
1048,47.349617,6.097457,77.95,66.5,45.8,0.0
1049,47.349896,6.098404,77.95,66.5,45.8,0.0
1050,47.350176,6.099352,77.95,66.5,45.8,0.0
1051,47.350455,6.1003,77.95,66.5,45.9,0.0
1052,47.350735,6.101247,77.95,66.5,45.9,0.0
1053,47.351014,6.102195,77.95,66.5,45.9,0.0
1054,47.351294,6.103143,77.95,66.5,46.0,0.0
1055,47.351573,6.10409,77.95,66.5,46.0,0.0
1056,47.351853,6.105038,77.95,66.5,46.1,0.0
1057,47.352132,6.105985,77.95,66.5,46.1,0.0
1058,47.352412,6.106933,77.94,66.5,46.1,0.0
1059,47.352691,6.107881,77.94,66.5,46.2,0.0
1060,47.352971,6.108828,77.94,66.5,46.2,0.0
1061,47.35325,6.109776,77.94,66.5,46.2,0.0
1062,47.353529,6.110723,77.94,66.5,46.3,0.0
1063,47.353809,6.111671,77.94,66.5,46.3,0.0
1064,47.354088,6.112619,77.94,66.5,46.3,0.0
1065,47.354368,6.113566,77.94,66.5,46.4,0.0
1066,47.354647,6.114514,77.94,66.5,46.4,0.0
1067,47.354927,6.115462,77.94,66.5,46.4,0.0
1068,47.355206,6.116409,77.94,66.5,46.5,0.0
1069,47.355486,6.117357,77.94,66.5,46.5,0.0
1070,47.355765,6.118304,77.94,66.5,46.6,0.0
1071,47.356045,6.119252,77.94,66.5,46.6,0.0
1072,47.356324,6.1202,77.94,66.5,46.6,0.0
1073,47.356604,6.121147,77.94,66.5,46.7,0.0
1074,47.356883,6.122095,77.94,66.5,46.7,0.0
1075,47.357162,6.123042,77.94,66.5,46.7,0.0
1076,47.357442,6.12399,77.94,66.5,46.8,0.0
1077,47.357721,6.124938,77.94,66.5,46.8,0.0
1078,47.358001,6.125885,77.94,66.5,46.8,0.0
1079,47.35828,6.126833,77.94,66.5,46.9,0.0
1080,47.35856,6.127781,77.94,66.5,46.9,0.0
1081,47.358839,6.128728,77.94,66.5,47.0,0.0
1082,47.359119,6.129676,77.94,66.5,47.0,0.0
1083,47.359398,6.130623,77.94,66.5,47.0,0.0
1084,47.359678,6.131571,77.94,66.5,47.1,0.0
1085,47.359957,6.132519,77.94,66.5,47.1,0.0
1086,47.360237,6.133466,77.94,66.5,47.1,0.0
1087,47.360516,6.134414,77.93,66.5,47.2,0.0
1088,47.360795,6.135362,77.93,66.5,47.2,0.0
1089,47.361075,6.136309,77.93,66.5,47.2,0.0
1090,47.361354,6.137257,77.93,66.5,47.3,0.0
1091,47.361634,6.138204,77.93,66.5,47.3,0.0
1092,47.361913,6.139152,77.93,66.5,47.3,0.0
1093,47.362193,6.1401,77.93,66.5,47.4,0.0
1094,47.362472,6.141047,77.93,66.5,47.4,0.0
1095,47.362752,6.141995,77.93,66.5,47.5,0.0
1096,47.363031,6.142942,77.93,66.5,47.5,0.0
1097,47.363311,6.14389,77.93,66.5,47.5,0.0
1098,47.36359,6.144838,77.93,66.5,47.6,0.0
1099,47.36387,6.145785,77.93,66.5,47.6,0.0
1100,47.364149,6.146733,77.93,66.5,47.6,0.0
1101,47.364428,6.147681,77.93,66.5,47.7,0.0
1102,47.364708,6.148628,77.93,66.5,47.7,0.0
1103,47.364987,6.149576,77.93,66.5,47.7,0.0
1104,47.365267,6.150523,77.93,66.5,47.8,0.0
1105,47.365546,6.151471,77.93,66.5,47.8,0.0
1106,47.365826,6.152419,77.93,66.5,47.9,0.0
1107,47.366105,6.153366,77.93,66.5,47.9,0.0
1108,47.366385,6.154314,77.93,66.5,47.9,0.0
1109,47.366664,6.155261,77.93,66.5,48.0,0.0
1110,47.366944,6.156209,77.93,66.5,48.0,0.0
1111,47.367223,6.157157,77.93,66.5,48.0,0.0
1112,47.367503,6.158104,77.93,66.5,48.1,0.0
1113,47.367782,6.159052,77.93,66.5,48.1,0.0
1114,47.368061,6.16,77.93,66.5,48.1,0.0
1115,47.368341,6.160947,77.92,66.5,48.2,0.0
1116,47.36862,6.161895,77.92,66.5,48.2,0.0
1117,47.3689,6.162842,77.92,66.5,48.3,0.0
1118,47.369179,6.16379,77.92,66.5,48.3,0.0
1119,47.369459,6.164738,77.92,66.5,48.3,0.0
1120,47.369738,6.165685,77.92,66.5,48.4,0.0
1121,47.370018,6.166633,77.92,66.5,48.4,0.0
1122,47.370297,6.167581,77.92,66.5,48.4,0.0
1123,47.370577,6.168528,77.92,66.5,48.5,0.0
1124,47.370856,6.169476,77.92,66.5,48.5,0.0
1125,47.371136,6.170423,77.92,66.5,48.6,0.0
1126,47.371415,6.171371,77.92,66.5,48.6,0.0
1127,47.371694,6.172319,77.92,66.5,48.6,0.0
1128,47.371974,6.173266,77.92,66.5,48.7,0.0
1129,47.372253,6.174214,77.92,66.5,48.7,0.0
1130,47.372533,6.175161,77.92,66.5,48.7,0.0
1131,47.372812,6.176109,77.92,66.5,48.8,0.0
1132,47.373092,6.177057,77.92,66.5,48.8,0.0
1133,47.373371,6.178004,77.92,66.5,48.8,0.0
1134,47.373651,6.178952,77.92,66.5,48.9,0.0
1135,47.37393,6.1799,77.92,66.5,48.9,0.0
1136,47.37421,6.180847,77.92,66.5,49.0,0.0
1137,47.374489,6.181795,77.92,66.5,49.0,0.0
1138,47.374769,6.182742,77.92,66.5,49.0,0.0
1139,47.375048,6.18369,77.92,66.5,49.1,0.0
1140,47.375327,6.184638,77.92,66.5,49.1,0.0
1141,47.375607,6.185585,77.92,66.5,49.1,0.0
1142,47.375886,6.186533,77.92,66.5,49.2,0.0
1143,47.376166,6.18748,77.92,66.5,49.2,0.0
1144,47.376445,6.188428,77.91,66.5,49.3,0.0
1145,47.376725,6.189376,77.91,66.5,49.3,0.0
1146,47.377004,6.190323,77.91,66.5,49.3,0.0
1147,47.377284,6.191271,77.91,66.5,49.4,0.0
1148,47.377563,6.192219,77.91,66.5,49.4,0.0
1149,47.377843,6.193166,77.91,66.5,49.4,0.0
1150,47.378122,6.194114,77.91,66.5,49.5,0.0
1151,47.378402,6.195061,77.91,66.5,49.5,0.0
1152,47.378681,6.196009,77.91,66.5,49.6,0.0
1153,47.37896,6.196957,77.91,66.5,49.6,0.0
1154,47.37924,6.197904,77.91,66.5,49.6,0.0
1155,47.379519,6.198852,77.91,66.5,49.7,0.0
1156,47.379799,6.199799,77.91,66.5,49.7,0.0
1157,47.380078,6.200747,77.91,66.5,49.7,0.0
1158,47.380358,6.201695,77.91,66.5,49.8,0.0
1159,47.380637,6.202642,77.91,66.5,49.8,0.0
1160,47.380917,6.20359,77.91,66.5,49.8,0.0
1161,47.381196,6.204538,77.91,66.5,49.9,0.0
1162,47.381476,6.205485,77.91,66.5,49.9,0.0
1163,47.381755,6.206433,77.91,66.5,50.0,0.0
1164,47.382035,6.20738,77.91,66.5,50.0,0.0
1165,47.382314,6.208328,77.91,66.5,50.0,0.0
1166,47.382593,6.209276,77.91,66.5,50.1,0.0
1167,47.382873,6.210223,77.91,66.5,50.1,0.0
1168,47.383152,6.211171,77.91,66.5,50.1,0.0
1169,47.383432,6.212119,77.91,66.5,50.2,0.0
1170,47.383711,6.213066,77.91,66.5,50.2,0.0
1171,47.383991,6.214014,77.91,66.5,50.3,0.0
1172,47.38427,6.214961,77.91,66.5,50.3,0.0
1173,47.38455,6.215909,77.9,66.5,50.3,0.0
1174,47.384829,6.216857,77.9,66.5,50.4,0.0
1175,47.385109,6.217804,77.9,66.5,50.4,0.0
1176,47.385388,6.218752,77.9,66.5,50.4,0.0
1177,47.385668,6.219699,77.9,66.5,50.5,0.0
1178,47.385947,6.220647,77.9,66.5,50.5,0.0
1179,47.386226,6.221595,77.9,66.5,50.6,0.0
1180,47.386506,6.222542,77.9,66.5,50.6,0.0
1181,47.386785,6.22349,77.9,66.5,50.6,0.0
1182,47.387065,6.224438,77.9,66.5,50.7,0.0
1183,47.387344,6.225385,77.9,66.5,50.7,0.0
1184,47.387624,6.226333,77.9,66.5,50.7,0.0
1185,47.387903,6.22728,77.9,66.5,50.8,0.0
1186,47.388183,6.228228,77.9,66.5,50.8,0.0
1187,47.388462,6.229176,77.9,66.5,50.9,0.0
1188,47.388742,6.230123,77.9,66.5,50.9,0.0
1189,47.389021,6.231071,77.9,66.5,50.9,0.0
1190,47.389301,6.232018,77.9,66.5,51.0,0.0
1191,47.38958,6.232966,77.9,66.5,51.0,0.0
1192,47.389859,6.233914,77.9,66.5,51.0,0.0
1193,47.390139,6.234861,77.9,66.5,51.1,0.0
1194,47.390418,6.235809,77.9,66.5,51.1,0.0
1195,47.390698,6.236757,77.9,66.5,51.2,0.0
1196,47.390977,6.237704,77.9,66.5,51.2,0.0
1197,47.391257,6.238652,77.9,66.5,51.2,0.0
1198,47.391536,6.239599,77.9,66.5,51.3,0.0
1199,47.391816,6.240547,77.9,66.5,51.3,0.0
1200,47.392095,6.241495,77.9,66.5,51.3,0.0
1201,47.392375,6.242442,77.9,66.5,51.4,0.0
1202,47.392654,6.24339,77.89,66.5,51.4,0.0
1203,47.392934,6.244338,77.89,66.5,51.5,0.0
1204,47.393213,6.245285,77.89,66.5,51.5,0.0
1205,47.393492,6.246233,77.89,66.5,51.5,0.0
1206,47.393772,6.24718,77.89,66.5,51.6,0.0
1207,47.394051,6.248128,77.89,66.5,51.6,0.0
1208,47.394331,6.249076,77.89,66.5,51.6,0.0
1209,47.39461,6.250023,77.89,66.5,51.7,0.0
1210,47.39489,6.250971,77.89,66.5,51.7,0.0
1211,47.395169,6.251918,77.89,66.5,51.8,0.0
1212,47.395449,6.252866,77.89,66.5,51.8,0.0
1213,47.395728,6.253814,77.89,66.5,51.8,0.0
1214,47.396008,6.254761,77.89,66.5,51.9,0.0
1215,47.396287,6.255709,77.89,66.5,51.9,0.0
1216,47.396567,6.256657,77.89,66.5,52.0,0.0
1217,47.396846,6.257604,77.89,66.5,52.0,0.0
1218,47.397125,6.258552,77.89,66.5,52.0,0.0
1219,47.397405,6.259499,77.89,66.5,52.1,0.0
1220,47.397684,6.260447,77.89,66.5,52.1,0.0
1221,47.397964,6.261395,77.89,66.5,52.1,0.0
1222,47.398243,6.262342,77.89,66.5,52.2,0.0
1223,47.398523,6.26329,77.89,66.5,52.2,0.0
1224,47.398802,6.264237,77.89,66.5,52.3,0.0
1225,47.399082,6.265185,77.89,66.5,52.3,0.0
1226,47.399361,6.266133,77.89,66.5,52.3,0.0
1227,47.399641,6.26708,77.89,66.5,52.4,0.0
1228,47.39992,6.268028,77.89,66.5,52.4,0.0
1229,47.4002,6.268976,77.89,66.5,52.4,0.0
1230,47.400479,6.269923,77.89,66.5,52.5,0.0
1231,47.400759,6.270871,77.88,66.5,52.5,0.0
1232,47.401038,6.271818,77.88,66.5,52.6,0.0
1233,47.401317,6.272766,77.88,66.5,52.6,0.0
1234,47.401597,6.273714,77.88,66.5,52.6,0.0
1235,47.401876,6.274661,77.88,66.5,52.7,0.0
1236,47.402156,6.275609,77.88,66.5,52.7,0.0
1237,47.402435,6.276556,77.88,66.5,52.7,0.0
1238,47.402715,6.277504,77.88,66.5,52.8,0.0
1239,47.402994,6.278452,77.88,66.5,52.8,0.0
1240,47.403274,6.279399,77.88,66.5,52.9,0.0
1241,47.403553,6.280347,77.88,66.5,52.9,0.0
1242,47.403833,6.281295,77.88,66.5,52.9,0.0
1243,47.404112,6.282242,77.88,66.5,53.0,0.0
1244,47.404392,6.28319,77.88,66.5,53.0,0.0
1245,47.404671,6.284137,77.88,66.5,53.1,0.0
1246,47.40495,6.285085,77.88,66.5,53.1,0.0
1247,47.40523,6.286033,77.88,66.5,53.1,0.0
1248,47.405509,6.28698,77.88,66.5,53.2,0.0
1249,47.405789,6.287928,77.88,66.5,53.2,0.0
1250,47.406068,6.288876,77.88,66.5,53.2,0.0
1251,47.406348,6.289823,77.88,66.5,53.3,0.0
1252,47.406627,6.290771,77.88,66.5,53.3,0.0
1253,47.406907,6.291718,77.88,66.5,53.4,0.0
1254,47.407186,6.292666,77.88,66.5,53.4,0.0
1255,47.407466,6.293614,77.88,66.5,53.4,0.0
1256,47.407745,6.294561,77.88,66.5,53.5,0.0
1257,47.408025,6.295509,77.88,66.5,53.5,0.0
1258,47.408304,6.296456,77.88,66.5,53.5,0.0
1259,47.408583,6.297404,77.87,66.5,53.6,0.0
1260,47.408863,6.298352,77.87,66.5,53.6,0.0
1261,47.409142,6.299299,77.87,66.5,53.7,0.0
1262,47.409422,6.300247,77.87,66.5,53.7,0.0
1263,47.409701,6.301195,77.87,66.5,53.7,0.0
1264,47.409981,6.302142,77.87,66.5,53.8,0.0
1265,47.41026,6.30309,77.87,66.5,53.8,0.0
1266,47.41054,6.304037,77.87,66.5,53.9,0.0
1267,47.410819,6.304985,77.87,66.5,53.9,0.0
1268,47.411099,6.305933,77.87,66.5,53.9,0.0
1269,47.411378,6.30688,77.87,66.5,54.0,0.0
1270,47.411658,6.307828,77.87,66.5,54.0,0.0
1271,47.411937,6.308775,77.87,66.5,54.0,0.0
1272,47.412216,6.309723,77.87,66.5,54.1,0.0
1273,47.412496,6.310671,77.87,66.5,54.1,0.0
1274,47.412775,6.311618,77.87,66.5,54.2,0.0
1275,47.413055,6.312566,77.87,66.5,54.2,0.0
1276,47.413334,6.313514,77.87,66.5,54.2,0.0
1277,47.413614,6.314461,77.87,66.5,54.3,0.0
1278,47.413893,6.315409,77.87,66.5,54.3,0.0
1279,47.414173,6.316356,77.87,66.5,54.4,0.0
1280,47.414452,6.317304,77.87,66.5,54.4,0.0
1281,47.414732,6.318252,77.87,66.5,54.4,0.0
1282,47.415011,6.319199,77.87,66.5,54.5,0.0
1283,47.415291,6.320147,77.87,66.5,54.5,0.0
1284,47.41557,6.321095,77.87,66.5,54.5,0.0
1285,47.415849,6.322042,77.87,66.5,54.6,0.0
1286,47.416129,6.32299,77.87,66.5,54.6,0.0
1287,47.416408,6.323937,77.87,66.5,54.7,0.0
1288,47.416688,6.324885,77.86,66.5,54.7,0.0
1289,47.416967,6.325833,77.86,66.5,54.7,0.0
1290,47.417247,6.32678,77.86,66.5,54.8,0.0
1291,47.417526,6.327728,77.86,66.5,54.8,0.0
1292,47.417806,6.328675,77.86,66.5,54.9,0.0
1293,47.418085,6.329623,77.86,66.5,54.9,0.0
1294,47.418365,6.330571,77.86,66.5,54.9,0.0
1295,47.418644,6.331518,77.86,66.5,55.0,0.0
1296,47.418924,6.332466,77.86,66.5,55.0,0.0
1297,47.419203,6.333414,77.86,66.4,55.0,0.0
1298,47.419482,6.334361,77.86,66.4,55.1,0.0
1299,47.419762,6.335309,77.86,66.4,55.1,0.0
1300,47.420041,6.336256,77.86,66.4,55.2,0.0
1301,47.420321,6.337204,77.86,66.4,55.2,0.0
1302,47.4206,6.338152,77.86,66.4,55.2,0.0
1303,47.42088,6.339099,77.86,66.4,55.3,0.0
1304,47.421159,6.340047,77.86,66.4,55.3,0.0
1305,47.421439,6.340994,77.86,66.4,55.4,0.0
1306,47.421718,6.341942,77.86,66.4,55.4,0.0
1307,47.421998,6.34289,77.86,66.4,55.4,0.0
1308,47.422277,6.343837,77.86,66.4,55.5,0.0
1309,47.422557,6.344785,77.86,66.4,55.5,0.0
1310,47.422836,6.345733,77.86,66.4,55.5,0.0
1311,47.423115,6.34668,77.86,66.4,55.6,0.0
1312,47.423395,6.347628,77.86,66.4,55.6,0.0
1313,47.423674,6.348575,77.86,66.4,55.7,0.0
1314,47.423954,6.349523,77.86,66.4,55.7,0.0
1315,47.424233,6.350471,77.86,66.4,55.7,0.0
1316,47.424513,6.351418,77.86,66.4,55.8,0.0
1317,47.424792,6.352366,77.85,66.4,55.8,0.0
1318,47.425072,6.353313,77.85,66.4,55.9,0.0
1319,47.425351,6.354261,77.85,66.4,55.9,0.0
1320,47.425631,6.355209,77.85,66.4,55.9,0.0
1321,47.42591,6.356156,77.85,66.4,56.0,0.0
1322,47.42619,6.357104,77.85,66.4,56.0,0.0
1323,47.426469,6.358052,77.85,66.4,56.0,0.0
1324,47.426748,6.358999,77.85,66.4,56.1,0.0
1325,47.427028,6.359947,77.85,66.4,56.1,0.0
1326,47.427307,6.360894,77.85,66.4,56.2,0.0
1327,47.427587,6.361842,77.85,66.4,56.2,0.0
1328,47.427866,6.36279,77.85,66.4,56.2,0.0
1329,47.428146,6.363737,77.85,66.4,56.3,0.0
1330,47.428425,6.364685,77.85,66.4,56.3,0.0
1331,47.428705,6.365633,77.85,66.4,56.4,0.0
1332,47.428984,6.36658,77.85,66.4,56.4,0.0
1333,47.429264,6.367528,77.85,66.4,56.4,0.0
1334,47.429543,6.368475,77.85,66.4,56.5,0.0
1335,47.429823,6.369423,77.85,66.4,56.5,0.0
1336,47.430102,6.370371,77.85,66.4,56.5,0.0
1337,47.430381,6.371318,77.85,66.4,56.6,0.0
1338,47.430661,6.372266,77.85,66.4,56.6,0.0
1339,47.43094,6.373213,77.85,66.4,56.7,0.0
1340,47.43122,6.374161,77.85,66.4,56.7,0.0
1341,47.431499,6.375109,77.85,66.4,56.7,0.0
1342,47.431779,6.376056,77.85,66.4,56.8,0.0
1343,47.432058,6.377004,77.85,66.4,56.8,0.0
1344,47.432338,6.377952,77.85,66.4,56.9,0.0
1345,47.432617,6.378899,77.85,66.4,56.9,0.0
1346,47.432897,6.379847,77.84,66.4,56.9,0.0
1347,47.433176,6.380794,77.84,66.4,57.0,0.0
1348,47.433456,6.381742,77.84,66.4,57.0,0.0
1349,47.433735,6.38269,77.84,66.4,57.1,0.0
1350,47.434014,6.383637,77.84,66.4,57.1,0.0
1351,47.434294,6.384585,77.84,66.4,57.1,0.0
1352,47.434573,6.385532,77.84,66.4,57.2,0.0
1353,47.434853,6.38648,77.84,66.4,57.2,0.0
1354,47.435132,6.387428,77.84,66.4,57.2,0.0
1355,47.435412,6.388375,77.84,66.4,57.3,0.0
1356,47.435691,6.389323,77.84,66.4,57.3,0.0
1357,47.435971,6.390271,77.84,66.4,57.4,0.0
1358,47.43625,6.391218,77.84,66.4,57.4,0.0
1359,47.43653,6.392166,77.84,66.4,57.4,0.0
1360,47.436809,6.393113,77.84,66.4,57.5,0.0
1361,47.437089,6.394061,77.84,66.4,57.5,0.0
1362,47.437368,6.395009,77.84,66.4,57.6,0.0
1363,47.437647,6.395956,77.84,66.4,57.6,0.0
1364,47.437927,6.396904,77.84,66.4,57.6,0.0
1365,47.438206,6.397852,77.84,66.4,57.7,0.0
1366,47.438486,6.398799,77.84,66.4,57.7,0.0
1367,47.438765,6.399747,77.84,66.4,57.8,0.0
1368,47.439045,6.400694,77.84,66.4,57.8,0.0
1369,47.439324,6.401642,77.84,66.4,57.8,0.0
1370,47.439604,6.40259,77.84,66.4,57.9,0.0
1371,47.439883,6.403537,77.84,66.4,57.9,0.0
1372,47.440163,6.404485,77.84,66.4,57.9,0.0
1373,47.440442,6.405432,77.84,66.4,58.0,0.0
1374,47.440722,6.40638,77.84,66.4,58.0,0.0
1375,47.441001,6.407328,77.83,66.4,58.1,0.0
1376,47.44128,6.408275,77.83,66.4,58.1,0.0
1377,47.44156,6.409223,77.83,66.4,58.1,0.0
1378,47.441839,6.410171,77.83,66.4,58.2,0.0
1379,47.442119,6.411118,77.83,66.4,58.2,0.0
1380,47.442398,6.412066,77.83,66.4,58.3,0.0
1381,47.442678,6.413013,77.83,66.4,58.3,0.0
1382,47.442957,6.413961,77.83,66.4,58.3,0.0
1383,47.443237,6.414909,77.83,66.4,58.4,0.0
1384,47.443516,6.415856,77.83,66.4,58.4,0.0
1385,47.443796,6.416804,77.83,66.4,58.5,0.0
1386,47.444075,6.417751,77.83,66.4,58.5,0.0
1387,47.444355,6.418699,77.83,66.4,58.5,0.0
1388,47.444634,6.419647,77.83,66.4,58.6,0.0
1389,47.444913,6.420594,77.83,66.4,58.6,0.0
1390,47.445193,6.421542,77.83,66.4,58.6,0.0
1391,47.445472,6.42249,77.83,66.4,58.7,0.0
1392,47.445752,6.423437,77.83,66.4,58.7,0.0
1393,47.446031,6.424385,77.83,66.4,58.8,0.0
1394,47.446311,6.425332,77.83,66.4,58.8,0.0
1395,47.44659,6.42628,77.83,66.4,58.8,0.0
1396,47.44687,6.427228,77.83,66.4,58.9,0.0
1397,47.447149,6.428175,77.83,66.4,58.9,0.0
1398,47.447429,6.429123,77.83,66.4,59.0,0.0
1399,47.447708,6.430071,77.83,66.4,59.0,0.0
1400,47.447988,6.431018,77.83,66.4,59.0,0.0
1401,47.448267,6.431966,77.83,66.4,59.1,0.0
1402,47.448546,6.432913,77.83,66.4,59.1,0.0
1403,47.448826,6.433861,77.82,66.4,59.1,0.0
1404,47.449105,6.434809,77.82,66.4,59.2,0.0
1405,47.449385,6.435756,77.82,66.4,59.2,0.0
1406,47.449664,6.436704,77.82,66.4,59.3,0.0
1407,47.449944,6.437651,77.82,66.4,59.3,0.0
1408,47.450223,6.438599,77.82,66.4,59.3,0.0
1409,47.450503,6.439547,77.82,66.4,59.4,0.0
1410,47.450782,6.440494,77.82,66.4,59.4,0.0
1411,47.451062,6.441442,77.82,66.4,59.5,0.0
1412,47.451341,6.44239,77.82,66.4,59.5,0.0
1413,47.451621,6.443337,77.82,66.4,59.5,0.0
1414,47.4519,6.444285,77.82,66.4,59.6,0.0
1415,47.452179,6.445232,77.82,66.4,59.6,0.0
1416,47.452459,6.44618,77.82,66.4,59.7,0.0
1417,47.452738,6.447128,77.82,66.4,59.7,0.0
1418,47.453018,6.448075,77.82,66.4,59.7,0.0
1419,47.453297,6.449023,77.82,66.4,59.8,0.0
1420,47.453577,6.44997,77.82,66.4,59.8,0.0
1421,47.453856,6.450918,77.82,66.4,59.8,0.0
1422,47.454136,6.451866,77.82,66.4,59.9,0.0
1423,47.454415,6.452813,77.82,66.4,59.9,0.0
1424,47.454695,6.453761,77.82,66.4,60.0,0.0
1425,47.454974,6.454709,77.82,66.4,60.0,0.0
1426,47.455254,6.455656,77.82,66.4,60.0,0.0
1427,47.455533,6.456604,77.82,66.4,60.1,0.0
1428,47.455812,6.457551,77.82,66.4,60.1,0.0
1429,47.456092,6.458499,77.82,66.4,60.2,0.0
1430,47.456371,6.459447,77.82,66.4,60.2,0.0
1431,47.456651,6.460394,77.82,66.4,60.2,0.0
1432,47.45693,6.461342,77.81,66.4,60.3,0.0
1433,47.45721,6.462289,77.81,66.4,60.3,0.0
1434,47.457489,6.463237,77.81,66.4,60.4,0.0
1435,47.457769,6.464185,77.81,66.4,60.4,0.0
1436,47.458048,6.465132,77.81,66.4,60.4,0.0
1437,47.458328,6.46608,77.81,66.4,60.5,0.0
1438,47.458607,6.467028,77.81,66.4,60.5,0.0
1439,47.458887,6.467975,77.81,66.4,60.5,0.0
1440,47.459166,6.468923,77.81,66.4,60.6,0.0
1441,47.459445,6.46987,77.81,66.4,60.6,0.0
1442,47.459725,6.470818,77.81,66.4,60.7,0.0
1443,47.460004,6.471766,77.81,66.4,60.7,0.0
1444,47.460284,6.472713,77.81,66.4,60.7,0.0
1445,47.460563,6.473661,77.81,66.4,60.8,0.0
1446,47.460843,6.474609,77.81,66.4,60.8,0.0
1447,47.461122,6.475556,77.81,66.4,60.9,0.0
1448,47.461402,6.476504,77.81,66.4,60.9,0.0
1449,47.461681,6.477451,77.81,66.4,60.9,0.0
1450,47.461961,6.478399,77.81,66.4,61.0,0.0
1451,47.46224,6.479347,77.81,66.4,61.0,0.0
1452,47.46252,6.480294,77.81,66.4,61.1,0.0
1453,47.462799,6.481242,77.81,66.4,61.1,0.0
1454,47.463078,6.482189,77.81,66.4,61.1,0.0
1455,47.463358,6.483137,77.81,66.4,61.2,0.0
1456,47.463637,6.484085,77.81,66.4,61.2,0.0
1457,47.463917,6.485032,77.81,66.4,61.2,0.0
1458,47.464196,6.48598,77.81,66.4,61.3,0.0
1459,47.464476,6.486928,77.81,66.4,61.3,0.0
1460,47.464755,6.487875,77.81,66.4,61.4,0.0
1461,47.465035,6.488823,77.8,66.4,61.4,0.0
1462,47.465314,6.48977,77.8,66.4,61.4,0.0
1463,47.465594,6.490718,77.8,66.4,61.5,0.0
1464,47.465873,6.491666,77.8,66.4,61.5,0.0
1465,47.466153,6.492613,77.8,66.4,61.6,0.0
1466,47.466432,6.493561,77.8,66.4,61.6,0.0
1467,47.466711,6.494508,77.8,66.4,61.6,0.0
1468,47.466991,6.495456,77.8,66.4,61.7,0.0
1469,47.46727,6.496404,77.8,66.4,61.7,0.0
1470,47.46755,6.497351,77.8,66.4,61.8,0.0
1471,47.467829,6.498299,77.8,66.4,61.8,0.0
1472,47.468109,6.499247,77.8,66.4,61.8,0.0
1473,47.468388,6.500194,77.8,66.4,61.9,0.0
1474,47.468668,6.501142,77.8,66.4,61.9,0.0
1475,47.468947,6.502089,77.8,66.4,61.9,0.0
1476,47.469227,6.503037,77.8,66.4,62.0,0.0
1477,47.469506,6.503985,77.8,66.4,62.0,0.0
1478,47.469786,6.504932,77.8,66.4,62.1,0.0
1479,47.470065,6.50588,77.8,66.4,62.1,0.0
1480,47.470344,6.506828,77.8,66.4,62.1,0.0
1481,47.470624,6.507775,77.8,66.4,62.2,0.0
1482,47.470903,6.508723,77.8,66.4,62.2,0.0
1483,47.471183,6.50967,77.8,66.4,62.3,0.0
1484,47.471462,6.510618,77.8,66.4,62.3,0.0
1485,47.471742,6.511566,77.8,66.4,62.3,0.0
1486,47.472021,6.512513,77.8,66.4,62.4,0.0
1487,47.472301,6.513461,77.8,66.4,62.4,0.0
1488,47.47258,6.514408,77.8,66.4,62.5,0.0
1489,47.47286,6.515356,77.8,66.4,62.5,0.0
1490,47.473139,6.516304,77.79,66.4,62.5,0.0
1491,47.473419,6.517251,77.79,66.4,62.6,0.0
1492,47.473698,6.518199,77.79,66.4,62.6,0.0
1493,47.473977,6.519147,77.79,66.4,62.6,0.0
1494,47.474257,6.520094,77.79,66.4,62.7,0.0
1495,47.474536,6.521042,77.79,66.4,62.7,0.0
1496,47.474816,6.521989,77.79,66.4,62.8,0.0
1497,47.475095,6.522937,77.79,66.4,62.8,0.0
1498,47.475375,6.523885,77.79,66.4,62.8,0.0
1499,47.475654,6.524832,77.79,66.4,62.9,0.0
1500,47.475934,6.52578,77.79,66.4,62.9,0.0
1501,47.476213,6.526727,77.79,66.4,63.0,0.0
1502,47.476493,6.527675,77.79,66.4,63.0,0.0
1503,47.476772,6.528623,77.79,66.4,63.0,0.0
1504,47.477052,6.52957,77.79,66.4,63.1,0.0
1505,47.477331,6.530518,77.79,66.4,63.1,0.0
1506,47.47761,6.531466,77.79,66.4,63.2,0.0
1507,47.47789,6.532413,77.79,66.4,63.2,0.0
1508,47.478169,6.533361,77.79,66.4,63.2,0.0
1509,47.478449,6.534308,77.79,66.4,63.3,0.0
1510,47.478728,6.535256,77.79,66.4,63.3,0.0
1511,47.479008,6.536204,77.79,66.4,63.3,0.0
1512,47.479287,6.537151,77.79,66.4,63.4,0.0
1513,47.479567,6.538099,77.79,66.4,63.4,0.0
1514,47.479846,6.539046,77.79,66.4,63.5,0.0
1515,47.480126,6.539994,77.79,66.4,63.5,0.0
1516,47.480405,6.540942,77.79,66.4,63.5,0.0
1517,47.480685,6.541889,77.79,66.4,63.6,0.0
1518,47.480964,6.542837,77.78,66.4,63.6,0.0
1519,47.481243,6.543785,77.78,66.4,63.7,0.0
1520,47.481523,6.544732,77.78,66.4,63.7,0.0
1521,47.481802,6.54568,77.78,66.4,63.7,0.0
1522,47.482082,6.546627,77.78,66.4,63.8,0.0
1523,47.482361,6.547575,77.78,66.4,63.8,0.0
1524,47.482641,6.548523,77.78,66.4,63.8,0.0
1525,47.48292,6.54947,77.78,66.4,63.9,0.0
1526,47.4832,6.550418,77.78,66.4,63.9,0.0
1527,47.483479,6.551366,77.78,66.4,64.0,0.0
1528,47.483759,6.552313,77.78,66.4,64.0,0.0
1529,47.484038,6.553261,77.78,66.4,64.0,0.0
1530,47.484318,6.554208,77.78,66.4,64.1,0.0
1531,47.484597,6.555156,77.78,66.4,64.1,0.0
1532,47.484876,6.556104,77.78,66.4,64.2,0.0
1533,47.485156,6.557051,77.78,66.4,64.2,0.0
1534,47.485435,6.557999,77.78,66.4,64.2,0.0
1535,47.485715,6.558946,77.78,66.4,64.3,0.0
1536,47.485994,6.559894,77.78,66.4,64.3,0.0
1537,47.486274,6.560842,77.78,66.4,64.3,0.0
1538,47.486553,6.561789,77.78,66.4,64.4,0.0
1539,47.486833,6.562737,77.78,66.4,64.4,0.0
1540,47.487112,6.563685,77.78,66.4,64.5,0.0
1541,47.487392,6.564632,77.78,66.4,64.5,0.0
1542,47.487671,6.56558,77.78,66.4,64.5,0.0
1543,47.487951,6.566527,77.78,66.4,64.6,0.0
1544,47.48823,6.567475,77.78,66.4,64.6,0.0
1545,47.488509,6.568423,77.78,66.4,64.7,0.0
1546,47.488789,6.56937,77.78,66.4,64.7,0.0
1547,47.489068,6.570318,77.77,66.4,64.7,0.0
1548,47.489348,6.571265,77.77,66.4,64.8,0.0
1549,47.489627,6.572213,77.77,66.4,64.8,0.0
1550,47.489907,6.573161,77.77,66.4,64.9,0.0
1551,47.490186,6.574108,77.77,66.4,64.9,0.0
1552,47.490466,6.575056,77.77,66.4,64.9,0.0
1553,47.490745,6.576004,77.77,66.4,65.0,0.0
1554,47.491025,6.576951,77.77,66.4,65.0,0.0
1555,47.491304,6.577899,77.77,66.4,65.0,0.0
1556,47.491584,6.578846,77.77,66.4,65.1,0.0
1557,47.491863,6.579794,77.77,66.4,65.1,0.0
1558,47.492142,6.580742,77.77,66.4,65.2,0.0
1559,47.492422,6.581689,77.77,66.4,65.2,0.0
1560,47.492701,6.582637,77.77,66.4,65.2,0.0
1561,47.492981,6.583585,77.77,66.4,65.3,0.0
1562,47.49326,6.584532,77.77,66.4,65.3,0.0
1563,47.49354,6.58548,77.77,66.4,65.4,0.0
1564,47.493819,6.586427,77.77,66.4,65.4,0.0
1565,47.494099,6.587375,77.77,66.4,65.4,0.0
1566,47.494378,6.588323,77.77,66.4,65.5,0.0
1567,47.494658,6.58927,77.77,66.4,65.5,0.0
1568,47.494937,6.590218,77.77,66.4,65.5,0.0
1569,47.495217,6.591165,77.77,66.4,65.6,0.0
1570,47.495496,6.592113,77.77,66.4,65.6,0.0
1571,47.495775,6.593061,77.77,66.4,65.7,0.0
1572,47.496055,6.594008,77.77,66.4,65.7,0.0
1573,47.496334,6.594956,77.77,66.4,65.7,0.0
1574,47.496614,6.595904,77.77,66.4,65.8,0.0
1575,47.496893,6.596851,77.77,66.4,65.8,0.0
1576,47.497173,6.597799,77.76,66.4,65.8,0.0
1577,47.497452,6.598746,77.76,66.4,65.9,0.0
1578,47.497732,6.599694,77.76,66.4,65.9,0.0
1579,47.498011,6.600642,77.76,66.4,66.0,0.0
1580,47.498291,6.601589,77.76,66.4,66.0,0.0
1581,47.49857,6.602537,77.76,66.4,66.0,0.0
1582,47.49885,6.603484,77.76,66.4,66.1,0.0
1583,47.499129,6.604432,77.76,66.4,66.1,0.0
1584,47.499408,6.60538,77.76,66.4,66.2,0.0
1585,47.499688,6.606327,77.76,66.4,66.2,0.0
1586,47.499967,6.607275,77.76,66.4,66.2,0.0
1587,47.500247,6.608223,77.76,66.4,66.3,0.0
1588,47.500526,6.60917,77.76,66.4,66.3,0.0
1589,47.500806,6.610118,77.76,66.4,66.3,0.0
1590,47.501085,6.611065,77.76,66.4,66.4,0.0
1591,47.501365,6.612013,77.76,66.4,66.4,0.0
1592,47.501644,6.612961,77.76,66.4,66.5,0.0
1593,47.501924,6.613908,77.76,66.4,66.5,0.0
1594,47.502203,6.614856,77.76,66.4,66.5,0.0
1595,47.502483,6.615803,77.76,66.4,66.6,0.0
1596,47.502762,6.616751,77.76,66.4,66.6,0.0
1597,47.503041,6.617699,77.76,66.4,66.7,0.0
1598,47.503321,6.618646,77.76,66.4,66.7,0.0
1599,47.5036,6.619594,77.76,66.4,66.7,0.0
1600,47.50388,6.620542,77.76,66.4,66.8,0.0
1601,47.504159,6.621489,77.76,66.4,66.8,0.0
1602,47.504439,6.622437,77.76,66.4,66.8,0.0
1603,47.504718,6.623384,77.76,66.4,66.9,0.0
1604,47.504998,6.624332,77.76,66.4,66.9,0.0
1605,47.505277,6.62528,77.75,66.4,67.0,0.0
1606,47.505557,6.626227,77.75,66.4,67.0,0.0
1607,47.505836,6.627175,77.75,66.4,67.0,0.0
1608,47.506116,6.628123,77.75,66.4,67.1,0.0
1609,47.506395,6.62907,77.75,66.4,67.1,0.0
1610,47.506674,6.630018,77.75,66.4,67.1,0.0
1611,47.506954,6.630965,77.75,66.4,67.2,0.0
1612,47.507233,6.631913,77.75,66.4,67.2,0.0
1613,47.507513,6.632861,77.75,66.4,67.3,0.0
1614,47.507792,6.633808,77.75,66.4,67.3,0.0
1615,47.508072,6.634756,77.75,66.4,67.3,0.0
1616,47.508351,6.635703,77.75,66.4,67.4,0.0
1617,47.508631,6.636651,77.75,66.4,67.4,0.0
1618,47.50891,6.637599,77.75,66.4,67.5,0.0
1619,47.50919,6.638546,77.75,66.4,67.5,0.0
1620,47.509469,6.639494,77.75,66.4,67.5,0.0
1621,47.509749,6.640442,77.75,66.4,67.6,0.0
1622,47.510028,6.641389,77.75,66.4,67.6,0.0
1623,47.510307,6.642337,77.75,66.4,67.6,0.0
1624,47.510587,6.643284,77.75,66.4,67.7,0.0
1625,47.510866,6.644232,77.75,66.4,67.7,0.0
1626,47.511146,6.64518,77.75,66.4,67.8,0.0
1627,47.511425,6.646127,77.75,66.4,67.8,0.0
1628,47.511705,6.647075,77.75,66.4,67.8,0.0
1629,47.511984,6.648022,77.75,66.4,67.9,0.0
1630,47.512264,6.64897,77.75,66.4,67.9,0.0
1631,47.512543,6.649918,77.75,66.4,67.9,0.0
1632,47.512823,6.650865,77.75,66.4,68.0,0.0
1633,47.513102,6.651813,77.75,66.4,68.0,0.0
1634,47.513382,6.652761,77.74,66.4,68.1,0.0
1635,47.513661,6.653708,77.74,66.4,68.1,0.0
1636,47.51394,6.654656,77.74,66.4,68.1,0.0
1637,47.51422,6.655603,77.74,66.4,68.2,0.0
1638,47.514499,6.656551,77.74,66.4,68.2,0.0
1639,47.514779,6.657499,77.74,66.4,68.2,0.0
1640,47.515058,6.658446,77.74,66.4,68.3,0.0
1641,47.515338,6.659394,77.74,66.4,68.3,0.0
1642,47.515617,6.660342,77.74,66.4,68.4,0.0
1643,47.515897,6.661289,77.74,66.4,68.4,0.0
1644,47.516176,6.662237,77.74,66.4,68.4,0.0
1645,47.516456,6.663184,77.74,66.4,68.5,0.0
1646,47.516735,6.664132,77.74,66.4,68.5,0.0
1647,47.517015,6.66508,77.74,66.4,68.6,0.0
1648,47.517294,6.666027,77.74,66.4,68.6,0.0
1649,47.517573,6.666975,77.74,66.4,68.6,0.0
1650,47.517853,6.667922,77.74,66.4,68.7,0.0
1651,47.518132,6.66887,77.74,66.4,68.7,0.0
1652,47.518412,6.669818,77.74,66.4,68.7,0.0
1653,47.518691,6.670765,77.74,66.4,68.8,0.0
1654,47.518971,6.671713,77.74,66.4,68.8,0.0
1655,47.51925,6.672661,77.74,66.4,68.9,0.0
1656,47.51953,6.673608,77.74,66.4,68.9,0.0
1657,47.519809,6.674556,77.74,66.4,68.9,0.0
1658,47.520089,6.675503,77.74,66.4,69.0,0.0
1659,47.520368,6.676451,77.74,66.4,69.0,0.0
1660,47.520648,6.677399,77.74,66.4,69.0,0.0
1661,47.520927,6.678346,77.74,66.4,69.1,0.0
1662,47.521206,6.679294,77.73,66.4,69.1,0.0
1663,47.521486,6.680241,77.73,66.4,69.2,0.0
1664,47.521765,6.681189,77.73,66.4,69.2,0.0
1665,47.522045,6.682137,77.73,66.4,69.2,0.0
1666,47.522324,6.683084,77.73,66.4,69.3,0.0
1667,47.522604,6.684032,77.73,66.4,69.3,0.0
1668,47.522883,6.68498,77.73,66.4,69.3,0.0
1669,47.523163,6.685927,77.73,66.4,69.4,0.0
1670,47.523442,6.686875,77.73,66.4,69.4,0.0
1671,47.523722,6.687822,77.73,66.4,69.5,0.0
1672,47.524001,6.68877,77.73,66.4,69.5,0.0
1673,47.524281,6.689718,77.73,66.4,69.5,0.0
1674,47.52456,6.690665,77.73,66.4,69.6,0.0
1675,47.524839,6.691613,77.73,66.4,69.6,0.0
1676,47.525119,6.692561,77.73,66.4,69.6,0.0
1677,47.525398,6.693508,77.73,66.4,69.7,0.0
1678,47.525678,6.694456,77.73,66.4,69.7,0.0
1679,47.525957,6.695403,77.73,66.4,69.8,0.0
1680,47.526237,6.696351,77.73,66.4,69.8,0.0
1681,47.526516,6.697299,77.73,66.4,69.8,0.0
1682,47.526796,6.698246,77.73,66.4,69.9,0.0
1683,47.527075,6.699194,77.73,66.4,69.9,0.0
1684,47.527355,6.700141,77.73,66.4,69.9,0.0
1685,47.527634,6.701089,77.73,66.4,70.0,0.0
1686,47.527914,6.702037,77.73,66.4,70.0,0.0
1687,47.528193,6.702984,77.73,66.4,70.1,0.0
1688,47.528472,6.703932,77.73,66.4,70.1,0.0
1689,47.528752,6.70488,77.73,66.4,70.1,0.0
1690,47.529031,6.705827,77.73,66.4,70.2,0.0
1691,47.529311,6.706775,77.72,66.4,70.2,0.0
1692,47.52959,6.707722,77.72,66.4,70.2,0.0
1693,47.52987,6.70867,77.72,66.4,70.3,0.0
1694,47.530149,6.709618,77.72,66.4,70.3,0.0
1695,47.530429,6.710565,77.72,66.4,70.3,0.0
1696,47.530708,6.711513,77.72,66.4,70.4,0.0
1697,47.530988,6.71246,77.72,66.4,70.4,0.0
1698,47.531267,6.713408,77.72,66.4,70.5,0.0
1699,47.531547,6.714356,77.72,66.4,70.5,0.0
1700,47.531826,6.715303,77.72,66.4,70.5,0.0
1701,47.532105,6.716251,77.72,66.4,70.6,0.0
1702,47.532385,6.717199,77.72,66.4,70.6,0.0
1703,47.532664,6.718146,77.72,66.4,70.6,0.0
1704,47.532944,6.719094,77.72,66.4,70.7,0.0
1705,47.533223,6.720041,77.72,66.4,70.7,0.0
1706,47.533503,6.720989,77.72,66.4,70.8,0.0
1707,47.533782,6.721937,77.72,66.4,70.8,0.0
1708,47.534062,6.722884,77.72,66.4,70.8,0.0
1709,47.534341,6.723832,77.72,66.4,70.9,0.0
1710,47.534621,6.724779,77.72,66.4,70.9,0.0
1711,47.5349,6.725727,77.72,66.4,70.9,0.0
1712,47.53518,6.726675,77.72,66.4,71.0,0.0
1713,47.535459,6.727622,77.72,66.4,71.0,0.0
1714,47.535739,6.72857,77.72,66.4,71.1,0.0
1715,47.536018,6.729518,77.72,66.4,71.1,0.0
1716,47.536297,6.730465,77.72,66.4,71.1,0.0
1717,47.536577,6.731413,77.72,66.4,71.2,0.0
1718,47.536856,6.73236,77.72,66.4,71.2,0.0
1719,47.537136,6.733308,77.72,66.4,71.2,0.0
1720,47.537415,6.734256,77.71,66.4,71.3,0.0
1721,47.537695,6.735203,77.71,66.4,71.3,0.0
1722,47.537974,6.736151,77.71,66.4,71.3,0.0
1723,47.538254,6.737099,77.71,66.4,71.4,0.0
1724,47.538533,6.738046,77.71,66.4,71.4,0.0
1725,47.538813,6.738994,77.71,66.4,71.5,0.0
1726,47.539092,6.739941,77.71,66.4,71.5,0.0
1727,47.539372,6.740889,77.71,66.4,71.5,0.0
1728,47.539651,6.741837,77.71,66.4,71.6,0.0
1729,47.53993,6.742784,77.71,66.4,71.6,0.0
1730,47.54021,6.743732,77.71,66.4,71.6,0.0
1731,47.540489,6.744679,77.71,66.4,71.7,0.0
1732,47.540769,6.745627,77.71,66.4,71.7,0.0
1733,47.541048,6.746575,77.71,66.4,71.8,0.0
1734,47.541328,6.747522,77.71,66.4,71.8,0.0
1735,47.541607,6.74847,77.71,66.4,71.8,0.0
1736,47.541887,6.749418,77.71,66.4,71.9,0.0
1737,47.542166,6.750365,77.71,66.4,71.9,0.0
1738,47.542446,6.751313,77.71,66.4,71.9,0.0
1739,47.542725,6.75226,77.71,66.4,72.0,0.0
1740,47.543005,6.753208,77.71,66.4,72.0,0.0
1741,47.543284,6.754156,77.71,66.4,72.0,0.0
1742,47.543563,6.755103,77.71,66.4,72.1,0.0
1743,47.543843,6.756051,77.71,66.4,72.1,0.0
1744,47.544122,6.756998,77.71,66.4,72.2,0.0
1745,47.544402,6.757946,77.71,66.4,72.2,0.0
1746,47.544681,6.758894,77.71,66.4,72.2,0.0
1747,47.544961,6.759841,77.71,66.4,72.3,0.0
1748,47.54524,6.760789,77.71,66.4,72.3,0.0
1749,47.54552,6.761737,77.7,66.4,72.3,0.0
1750,47.545799,6.762684,77.7,66.4,72.4,0.0
1751,47.546079,6.763632,77.7,66.4,72.4,0.0
1752,47.546358,6.764579,77.7,66.4,72.4,0.0
1753,47.546638,6.765527,77.7,66.4,72.5,0.0
1754,47.546917,6.766475,77.7,66.4,72.5,0.0
1755,47.547196,6.767422,77.7,66.4,72.6,0.0
1756,47.547476,6.76837,77.7,66.4,72.6,0.0
1757,47.547755,6.769318,77.7,66.4,72.6,0.0
1758,47.548035,6.770265,77.7,66.4,72.7,0.0
1759,47.548314,6.771213,77.7,66.4,72.7,0.0
1760,47.548594,6.77216,77.7,66.4,72.7,0.0
1761,47.548873,6.773108,77.7,66.4,72.8,0.0
1762,47.549153,6.774056,77.7,66.4,72.8,0.0
1763,47.549432,6.775003,77.7,66.4,72.8,0.0
1764,47.549712,6.775951,77.7,66.4,72.9,0.0
1765,47.549991,6.776898,77.7,66.4,72.9,0.0
1766,47.550271,6.777846,77.7,66.4,73.0,0.0
1767,47.55055,6.778794,77.7,66.4,73.0,0.0
1768,47.550829,6.779741,77.7,66.4,73.0,0.0
1769,47.551109,6.780689,77.7,66.4,73.1,0.0
1770,47.551388,6.781637,77.7,66.4,73.1,0.0
1771,47.551668,6.782584,77.7,66.4,73.1,0.0
1772,47.551947,6.783532,77.7,66.4,73.2,0.0
1773,47.552227,6.784479,77.7,66.4,73.2,0.0
1774,47.552506,6.785427,77.7,66.4,73.2,0.0
1775,47.552786,6.786375,77.7,66.4,73.3,0.0
1776,47.553065,6.787322,77.7,66.4,73.3,0.0
1777,47.553345,6.78827,77.69,66.4,73.3,0.0
1778,47.553624,6.789217,77.69,66.4,73.4,0.0
1779,47.553904,6.790165,77.69,66.4,73.4,0.0
1780,47.554183,6.791113,77.69,66.4,73.5,0.0
1781,47.554462,6.79206,77.69,66.4,73.5,0.0
1782,47.554742,6.793008,77.69,66.4,73.5,0.0
1783,47.555021,6.793956,77.69,66.4,73.6,0.0
1784,47.555301,6.794903,77.69,66.4,73.6,0.0
1785,47.55558,6.795851,77.69,66.4,73.6,0.0
1786,47.55586,6.796798,77.69,66.4,73.7,0.0
1787,47.556139,6.797746,77.69,66.4,73.7,0.0
1788,47.556419,6.798694,77.69,66.4,73.7,0.0
1789,47.556698,6.799641,77.69,66.4,73.8,0.0
1790,47.556978,6.800589,77.69,66.4,73.8,0.0
1791,47.557257,6.801536,77.69,66.4,73.8,0.0
1792,47.557537,6.802484,77.69,66.4,73.9,0.0
1793,47.557816,6.803432,77.69,66.4,73.9,0.0
1794,47.558095,6.804379,77.69,66.4,74.0,0.0
1795,47.558375,6.805327,77.69,66.4,74.0,0.0
1796,47.558654,6.806275,77.69,66.4,74.0,0.0
1797,47.558934,6.807222,77.69,66.4,74.1,0.0
1798,47.559213,6.80817,77.69,66.4,74.1,0.0
1799,47.559493,6.809117,77.69,66.4,74.1,0.0
1800,47.559772,6.810065,77.69,66.4,74.2,0.0
1801,47.560052,6.811013,77.69,66.4,74.2,0.0
1802,47.560331,6.81196,77.69,66.4,74.2,0.0
1803,47.560611,6.812908,77.69,66.4,74.3,0.0
1804,47.56089,6.813856,77.69,66.4,74.3,0.0
1805,47.56117,6.814803,77.69,66.4,74.3,0.0
1806,47.561449,6.815751,77.68,66.4,74.4,0.0
1807,47.561728,6.816698,77.68,66.4,74.4,0.0
1808,47.562008,6.817646,77.68,66.4,74.5,0.0
1809,47.562287,6.818594,77.68,66.4,74.5,0.0
1810,47.562567,6.819541,77.68,66.4,74.5,0.0
1811,47.562846,6.820489,77.68,66.4,74.6,0.0
1812,47.563126,6.821436,77.68,66.4,74.6,0.0
1813,47.563405,6.822384,77.68,66.4,74.6,0.0
1814,47.563685,6.823332,77.68,66.4,74.7,0.0
1815,47.563964,6.824279,77.68,66.4,74.7,0.0
1816,47.564244,6.825227,77.68,66.4,74.7,0.0
1817,47.564523,6.826175,77.68,66.4,74.8,0.0
1818,47.564803,6.827122,77.68,66.4,74.8,0.0
1819,47.565082,6.82807,77.68,66.4,74.8,0.0
1820,47.565361,6.829017,77.68,66.4,74.9,0.0
1821,47.565641,6.829965,77.68,66.4,74.9,0.0
1822,47.56592,6.830913,77.68,66.4,74.9,0.0
1823,47.5662,6.83186,77.68,66.4,75.0,0.0
1824,47.566479,6.832808,77.68,66.4,75.0,0.0
1825,47.566759,6.833755,77.68,66.4,75.1,0.0
1826,47.567038,6.834703,77.68,66.4,75.1,0.0
1827,47.567318,6.835651,77.68,66.4,75.1,0.0
1828,47.567597,6.836598,77.68,66.4,75.2,0.0
1829,47.567877,6.837546,77.68,66.4,75.2,0.0
1830,47.568156,6.838494,77.68,66.4,75.2,0.0
1831,47.568436,6.839441,77.68,66.4,75.3,0.0
1832,47.568715,6.840389,77.68,66.4,75.3,0.0
1833,47.568994,6.841336,77.68,66.4,75.3,0.0
1834,47.569274,6.842284,77.68,66.4,75.4,0.0
1835,47.569553,6.843232,77.67,66.4,75.4,0.0
1836,47.569833,6.844179,77.67,66.4,75.4,0.0
1837,47.570112,6.845127,77.67,66.4,75.5,0.0
1838,47.570392,6.846075,77.67,66.4,75.5,0.0
1839,47.570671,6.847022,77.67,66.4,75.5,0.0
1840,47.570951,6.84797,77.67,66.4,75.6,0.0
1841,47.57123,6.848917,77.67,66.4,75.6,0.0
1842,47.57151,6.849865,77.67,66.4,75.6,0.0
1843,47.571789,6.850813,77.67,66.4,75.7,0.0
1844,47.572069,6.85176,77.67,66.4,75.7,0.0
1845,47.572348,6.852708,77.67,66.4,75.8,0.0
1846,47.572627,6.853655,77.67,66.4,75.8,0.0
1847,47.572907,6.854603,77.67,66.4,75.8,0.0
1848,47.573186,6.855551,77.67,66.4,75.9,0.0
1849,47.573466,6.856498,77.67,66.4,75.9,0.0
1850,47.573745,6.857446,77.67,66.4,75.9,0.0
1851,47.574025,6.858394,77.67,66.4,76.0,0.0
1852,47.574304,6.859341,77.67,66.4,76.0,0.0
1853,47.574584,6.860289,77.67,66.4,76.0,0.0
1854,47.574863,6.861236,77.67,66.4,76.1,0.0
1855,47.575143,6.862184,77.67,66.4,76.1,0.0
1856,47.575422,6.863132,77.67,66.4,76.1,0.0
1857,47.575702,6.864079,77.67,66.4,76.2,0.0
1858,47.575981,6.865027,77.67,66.4,76.2,0.0
1859,47.57626,6.865974,77.67,66.4,76.2,0.0
1860,47.57654,6.866922,77.67,66.4,76.3,0.0
1861,47.576819,6.86787,77.67,66.4,76.3,0.0
1862,47.577099,6.868817,77.67,66.4,76.3,0.0
1863,47.577378,6.869765,77.67,66.4,76.4,0.0
1864,47.577658,6.870713,77.66,66.4,76.4,0.0
1865,47.577937,6.87166,77.66,66.4,76.4,0.0
1866,47.578217,6.872608,77.66,66.4,76.5,0.0
1867,47.578496,6.873555,77.66,66.4,76.5,0.0
1868,47.578776,6.874503,77.66,66.4,76.5,0.0
1869,47.579055,6.875451,77.66,66.4,76.6,0.0
1870,47.579335,6.876398,77.66,66.4,76.6,0.0
1871,47.579614,6.877346,77.66,66.4,76.6,0.0
1872,47.579893,6.878294,77.66,66.4,76.7,0.0
1873,47.580173,6.879241,77.66,66.4,76.7,0.0
1874,47.580452,6.880189,77.66,66.4,76.8,0.0
1875,47.580732,6.881136,77.66,66.4,76.8,0.0
1876,47.581011,6.882084,77.66,66.4,76.8,0.0
1877,47.581291,6.883032,77.66,66.4,76.9,0.0
1878,47.58157,6.883979,77.66,66.4,76.9,0.0
1879,47.58185,6.884927,77.66,66.4,76.9,0.0
1880,47.582129,6.885874,77.66,66.4,77.0,0.0
1881,47.582409,6.886822,77.66,66.4,77.0,0.0
1882,47.582688,6.88777,77.66,66.4,77.0,0.0
1883,47.582968,6.888717,77.66,66.4,77.1,0.0
1884,47.583247,6.889665,77.66,66.4,77.1,0.0
1885,47.583526,6.890613,77.66,66.4,77.1,0.0
1886,47.583806,6.89156,77.66,66.4,77.2,0.0
1887,47.584085,6.892508,77.66,66.4,77.2,0.0
1888,47.584365,6.893455,77.66,66.4,77.2,0.0
1889,47.584644,6.894403,77.66,66.4,77.3,0.0
1890,47.584924,6.895351,77.66,66.4,77.3,0.0
1891,47.585203,6.896298,77.66,66.4,77.3,0.0
1892,47.585483,6.897246,77.65,66.4,77.4,0.0
1893,47.585762,6.898193,77.65,66.4,77.4,0.0
1894,47.586048,6.899137,77.68,65.8,77.4,0.0
1895,47.586371,6.900059,78.0,62.5,77.5,0.0
1896,47.586695,6.90098,78.0,62.5,77.5,0.0
1897,47.587018,6.901902,78.0,62.5,77.5,0.0
1898,47.587341,6.902824,78.0,62.5,77.6,0.0
1899,47.587665,6.903745,78.0,62.5,77.6,0.0
1900,47.587988,6.904667,78.0,62.5,77.6,0.0
1901,47.588311,6.905589,78.0,62.5,77.7,0.0
1902,47.588635,6.90651,78.0,62.5,77.7,0.0
1903,47.588958,6.907432,78.0,62.5,77.7,0.0
1904,47.589282,6.908353,78.0,62.5,77.8,0.0
1905,47.589605,6.909275,78.0,62.5,77.8,0.0
1906,47.589928,6.910197,78.0,62.5,77.8,0.0
1907,47.590252,6.911118,78.0,62.5,77.9,0.0
1908,47.590575,6.91204,77.99,62.5,77.9,0.0
1909,47.590898,6.912962,77.99,62.5,77.9,0.0
1910,47.591222,6.913883,77.99,62.5,78.0,0.0
1911,47.591545,6.914805,77.99,62.5,78.0,0.0
1912,47.591868,6.915726,77.99,62.5,78.0,0.0
1913,47.592192,6.916648,77.99,62.5,78.1,0.0
1914,47.592515,6.91757,77.99,62.5,78.1,0.0
1915,47.592838,6.918491,77.99,62.5,78.1,0.0
1916,47.593162,6.919413,77.99,62.5,78.2,0.0
1917,47.593485,6.920335,77.99,62.5,78.2,0.0
1918,47.593808,6.921256,77.99,62.5,78.2,0.0
1919,47.594132,6.922178,77.99,62.5,78.3,0.0
1920,47.594455,6.923099,77.99,62.5,78.3,0.0
1921,47.594778,6.924021,77.99,62.5,78.3,0.0
1922,47.595102,6.924943,77.99,62.5,78.4,0.0
1923,47.595425,6.925864,77.99,62.5,78.4,0.0
1924,47.595748,6.926786,77.99,62.5,78.4,0.0
1925,47.596072,6.927708,77.99,62.5,78.5,0.0
1926,47.596395,6.928629,77.99,62.5,78.5,0.0
1927,47.596718,6.929551,77.99,62.5,78.5,0.0
1928,47.597042,6.930472,77.99,62.5,78.6,0.0
1929,47.597365,6.931394,77.99,62.5,78.6,0.0
1930,47.597688,6.932316,77.99,62.5,78.6,0.0
1931,47.598012,6.933237,77.99,62.5,78.7,0.0
1932,47.598335,6.934159,77.99,62.5,78.7,0.0
1933,47.598658,6.935081,77.99,62.5,78.7,0.0
1934,47.598982,6.936002,77.98,62.5,78.8,0.0
1935,47.599305,6.936924,77.98,62.5,78.8,0.0
1936,47.599628,6.937845,77.98,62.5,78.8,0.0
1937,47.599952,6.938767,77.98,62.5,78.9,0.0
1938,47.600275,6.939689,77.98,62.5,78.9,0.0
1939,47.600598,6.94061,77.98,62.5,78.9,0.0
1940,47.600922,6.941532,77.98,62.5,79.0,0.0
1941,47.601245,6.942453,77.98,62.5,79.0,0.0
1942,47.601568,6.943375,77.98,62.5,79.0,0.0
1943,47.601892,6.944297,77.98,62.5,79.1,0.0
1944,47.602215,6.945218,77.98,62.5,79.1,0.0
1945,47.602538,6.94614,77.98,62.5,79.1,0.0
1946,47.602862,6.947062,77.98,62.5,79.2,0.0
1947,47.603185,6.947983,77.98,62.5,79.2,0.0
1948,47.603508,6.948905,77.98,62.5,79.2,0.0
1949,47.603832,6.949826,77.98,62.5,79.3,0.0
1950,47.604155,6.950748,77.98,62.5,79.3,0.0
1951,47.604478,6.95167,77.98,62.5,79.3,0.0
1952,47.604802,6.952591,77.98,62.5,79.3,0.0
1953,47.605125,6.953513,77.98,62.5,79.4,0.0
1954,47.605448,6.954435,77.98,62.5,79.4,0.0
1955,47.605772,6.955356,77.98,62.5,79.4,0.0
1956,47.606095,6.956278,77.98,62.5,79.5,0.0
1957,47.606418,6.957199,77.98,62.5,79.5,0.0
1958,47.606742,6.958121,77.98,62.5,79.5,0.0
1959,47.607065,6.959043,77.98,62.5,79.6,0.0
1960,47.607388,6.959964,77.97,62.5,79.6,0.0
1961,47.607712,6.960886,77.97,62.5,79.6,0.0
1962,47.608035,6.961808,77.97,62.5,79.7,0.0
1963,47.608358,6.962729,77.97,62.5,79.7,0.0
1964,47.608682,6.963651,77.97,62.5,79.7,0.0
1965,47.609005,6.964572,77.97,62.5,79.8,0.0
1966,47.609328,6.965494,77.97,62.5,79.8,0.0
1967,47.609652,6.966416,77.97,62.5,79.8,0.0
1968,47.609975,6.967337,77.97,62.5,79.9,0.0
1969,47.610298,6.968259,77.97,62.5,79.9,0.0
1970,47.610622,6.969181,77.97,62.5,79.9,0.0
1971,47.610945,6.970102,77.97,62.5,80.0,0.0
1972,47.611268,6.971024,77.97,62.5,80.0,0.0
1973,47.611592,6.971945,77.97,62.5,80.0,0.0
1974,47.611915,6.972867,77.97,62.5,80.1,0.0
1975,47.612238,6.973789,77.97,62.5,80.1,0.0
1976,47.612562,6.97471,77.97,62.5,80.1,0.0
1977,47.612885,6.975632,77.97,62.5,80.2,0.0
1978,47.613208,6.976554,77.97,62.5,80.2,0.0
1979,47.613532,6.977475,77.97,62.5,80.2,0.0
1980,47.613855,6.978397,77.97,62.5,80.2,0.0
1981,47.614178,6.979318,77.97,62.5,80.3,0.0
1982,47.614502,6.98024,77.97,62.5,80.3,0.0
1983,47.614825,6.981162,77.97,62.5,80.3,0.0
1984,47.615148,6.982083,77.97,62.5,80.4,0.0
1985,47.615472,6.983005,77.97,62.5,80.4,0.0
1986,47.615795,6.983927,77.97,62.5,80.4,0.0
1987,47.616118,6.984848,77.96,62.5,80.5,0.0
1988,47.616442,6.98577,77.96,62.5,80.5,0.0
1989,47.616765,6.986691,77.96,62.5,80.5,0.0
1990,47.617088,6.987613,77.96,62.5,80.6,0.0
1991,47.617412,6.988535,77.96,62.5,80.6,0.0
1992,47.617735,6.989456,77.96,62.5,80.6,0.0
1993,47.618058,6.990378,77.96,62.5,80.7,0.0
1994,47.618382,6.991299,77.96,62.5,80.7,0.0
1995,47.618705,6.992221,77.96,62.5,80.7,0.0
1996,47.619028,6.993143,77.96,62.5,80.7,0.0
1997,47.619352,6.994064,77.96,62.5,80.8,0.0
1998,47.619675,6.994986,77.96,62.5,80.8,0.0
1999,47.619998,6.995908,77.96,62.5,80.8,1.0
2000,47.620322,6.996829,77.96,62.5,80.9,1.0
2001,47.620645,6.997751,77.96,62.5,80.9,1.0
2002,47.620968,6.998672,77.96,62.5,80.9,1.0
2003,47.621292,6.999594,77.96,62.5,81.0,1.0
2004,47.621615,7.000516,77.96,62.5,81.0,1.0
2005,47.621938,7.001437,77.96,62.5,81.0,1.0
2006,47.622262,7.002359,77.96,62.5,81.1,1.0
2007,47.622585,7.003281,77.96,62.5,81.1,1.0
2008,47.622908,7.004202,77.96,62.5,81.1,1.0
2009,47.623232,7.005124,77.96,62.5,81.2,1.0
2010,47.623555,7.006045,77.96,62.5,81.2,1.0
2011,47.623878,7.006967,77.96,62.5,81.2,1.0
2012,47.624202,7.007889,77.96,62.5,81.2,1.0
2013,47.624525,7.00881,77.95,62.5,81.3,1.0
2014,47.624849,7.009732,77.95,62.5,81.3,1.0
2015,47.625172,7.010654,77.95,62.5,81.3,1.0
2016,47.625495,7.011575,77.95,62.5,81.4,1.0
2017,47.625819,7.012497,77.95,62.5,81.4,1.0
2018,47.626142,7.013418,77.95,62.5,81.4,2.0
2019,47.626465,7.01434,77.95,62.5,81.5,2.0
2020,47.626789,7.015262,77.95,62.5,81.5,2.0
2021,47.627112,7.016183,77.95,62.5,81.5,2.0
2022,47.627435,7.017105,77.95,62.5,81.6,2.0
2023,47.627759,7.018027,77.95,62.5,81.6,2.0
2024,47.628082,7.018948,77.95,62.5,81.6,2.0
2025,47.628405,7.01987,77.95,62.5,81.6,2.0
2026,47.628729,7.020791,77.95,62.5,81.7,2.0
2027,47.629052,7.021713,77.95,62.5,81.7,2.0
2028,47.629375,7.022635,77.95,62.5,81.7,2.0
2029,47.629699,7.023556,77.95,62.5,81.8,2.0
2030,47.630022,7.024478,77.95,62.5,81.8,2.0
2031,47.630345,7.0254,77.95,62.5,81.8,2.0
2032,47.630669,7.026321,77.95,62.5,81.9,2.0
2033,47.630992,7.027243,77.95,62.5,81.9,2.0
2034,47.631315,7.028164,77.95,62.5,81.9,2.0
2035,47.631639,7.029086,77.95,62.5,82.0,2.0
2036,47.631962,7.030008,77.95,62.5,82.0,2.0
2037,47.632285,7.030929,77.95,62.5,82.0,3.0
2038,47.632609,7.031851,77.95,62.5,82.0,3.0
2039,47.632932,7.032773,77.94,62.5,82.1,3.0
2040,47.633255,7.033694,77.94,62.5,82.1,3.0
2041,47.633579,7.034616,77.94,62.5,82.1,3.0
2042,47.633902,7.035537,77.94,62.5,82.2,3.0
2043,47.634225,7.036459,77.94,62.5,82.2,3.0
2044,47.634549,7.037381,77.94,62.5,82.2,3.0
2045,47.634872,7.038302,77.94,62.5,82.3,3.0
2046,47.635195,7.039224,77.94,62.5,82.3,3.0
2047,47.635519,7.040146,77.94,62.5,82.3,3.0
2048,47.635842,7.041067,77.94,62.5,82.3,3.0
2049,47.636165,7.041989,77.94,62.5,82.4,3.0
2050,47.636489,7.04291,77.94,62.5,82.4,3.0
2051,47.636812,7.043832,77.94,62.5,82.4,3.0
2052,47.637135,7.044754,77.94,62.5,82.5,3.0
2053,47.637459,7.045675,77.94,62.5,82.5,3.0
2054,47.637782,7.046597,77.94,62.5,82.5,3.0
2055,47.638105,7.047518,77.94,62.5,82.6,4.0
2056,47.638429,7.04844,77.94,62.5,82.6,4.0
2057,47.638752,7.049362,77.94,62.5,82.6,4.0
2058,47.639075,7.050283,77.94,62.5,82.6,4.0
2059,47.639399,7.051205,77.94,62.5,82.7,4.0
2060,47.639722,7.052127,77.94,62.5,82.7,4.0
2061,47.640045,7.053048,77.94,62.5,82.7,4.0
2062,47.640369,7.05397,77.94,62.5,82.8,4.0
2063,47.640692,7.054891,77.94,62.5,82.8,4.0
2064,47.641015,7.055813,77.94,62.5,82.8,4.0
2065,47.641339,7.056735,77.94,62.5,82.8,4.0
2066,47.641662,7.057656,77.93,62.5,82.9,4.0
2067,47.641985,7.058578,77.93,62.5,82.9,4.0
2068,47.642309,7.0595,77.93,62.5,82.9,4.0
2069,47.642632,7.060421,77.93,62.5,83.0,4.0
2070,47.642955,7.061343,77.93,62.5,83.0,4.0
2071,47.643279,7.062264,77.93,62.5,83.0,4.0
2072,47.643602,7.063186,77.93,62.5,83.1,4.0
2073,47.643925,7.064108,77.93,62.5,83.1,4.0
2074,47.644249,7.065029,77.93,62.5,83.1,5.0
2075,47.644572,7.065951,77.93,62.5,83.1,5.0
2076,47.644895,7.066873,77.93,62.5,83.2,5.0
2077,47.645219,7.067794,77.93,62.5,83.2,5.0
2078,47.645542,7.068716,77.93,62.5,83.2,5.0
2079,47.645865,7.069637,77.93,62.5,83.3,5.0
2080,47.646189,7.070559,77.93,62.5,83.3,5.0
2081,47.646512,7.071481,77.93,62.5,83.3,5.0
2082,47.646835,7.072402,77.93,62.5,83.3,5.0
2083,47.647159,7.073324,77.93,62.5,83.4,5.0
2084,47.647482,7.074246,77.93,62.5,83.4,5.0
2085,47.647805,7.075167,77.93,62.5,83.4,5.0
2086,47.648129,7.076089,77.93,62.5,83.5,5.0
2087,47.648452,7.07701,77.93,62.5,83.5,5.0
2088,47.648775,7.077932,77.93,62.5,83.5,5.0
2089,47.649099,7.078854,77.93,62.5,83.5,5.0
2090,47.649422,7.079775,77.93,62.5,83.6,5.0
2091,47.649745,7.080697,77.93,62.5,83.6,5.0
2092,47.650069,7.081619,77.92,62.5,83.6,6.0
2093,47.650392,7.08254,77.92,62.5,83.7,6.0
2094,47.650715,7.083462,77.92,62.5,83.7,6.0
2095,47.651039,7.084383,77.92,62.5,83.7,6.0
2096,47.651362,7.085305,77.92,62.5,83.7,6.0
2097,47.651685,7.086227,77.92,62.5,83.8,6.0
2098,47.652009,7.087148,77.92,62.5,83.8,6.0
2099,47.652332,7.08807,77.92,62.5,83.8,6.0
2100,47.652655,7.088992,77.92,62.5,83.9,6.0
2101,47.652979,7.089913,77.92,62.5,83.9,6.0
2102,47.653302,7.090835,77.92,62.5,83.9,6.0
2103,47.653625,7.091756,77.92,62.5,83.9,6.0
2104,47.653949,7.092678,77.92,62.5,84.0,6.0
2105,47.654272,7.0936,77.92,62.5,84.0,6.0
2106,47.654595,7.094521,77.92,62.5,84.0,6.0
2107,47.654919,7.095443,77.92,62.5,84.1,6.0
2108,47.655242,7.096364,77.92,62.5,84.1,6.0
2109,47.655565,7.097286,77.92,62.5,84.1,6.0
2110,47.655889,7.098208,77.92,62.5,84.1,6.0
2111,47.656212,7.099129,77.92,62.5,84.2,7.0
2112,47.656535,7.100051,77.92,62.5,84.2,7.0
2113,47.656859,7.100973,77.92,62.5,84.2,7.0
2114,47.657182,7.101894,77.92,62.5,84.3,7.0
2115,47.657505,7.102816,77.92,62.5,84.3,7.0
2116,47.657829,7.103737,77.92,62.5,84.3,7.0
2117,47.658152,7.104659,77.92,62.5,84.3,7.0
2118,47.658475,7.105581,77.91,62.5,84.4,7.0
2119,47.658799,7.106502,77.91,62.5,84.4,7.0
2120,47.659122,7.107424,77.91,62.5,84.4,7.0
2121,47.659445,7.108346,77.91,62.5,84.5,7.0
2122,47.659769,7.109267,77.91,62.5,84.5,7.0
2123,47.660092,7.110189,77.91,62.5,84.5,7.0
2124,47.660415,7.11111,77.91,62.5,84.5,7.0
2125,47.660739,7.112032,77.91,62.5,84.6,7.0
2126,47.661062,7.112954,77.91,62.5,84.6,7.0
2127,47.661386,7.113875,77.91,62.5,84.6,7.0
2128,47.661709,7.114797,77.91,62.5,84.6,7.0
2129,47.662032,7.115719,77.91,62.5,84.7,8.0
2130,47.662356,7.11664,77.91,62.5,84.7,8.0
2131,47.662679,7.117562,77.91,62.5,84.7,8.0
2132,47.663002,7.118483,77.91,62.5,84.8,8.0
2133,47.663326,7.119405,77.91,62.5,84.8,8.0
2134,47.663649,7.120327,77.91,62.5,84.8,8.0
2135,47.663972,7.121248,77.91,62.5,84.8,8.0
2136,47.664296,7.12217,77.91,62.5,84.9,8.0
2137,47.664619,7.123092,77.91,62.5,84.9,8.0
2138,47.664942,7.124013,77.91,62.5,84.9,8.0
2139,47.665266,7.124935,77.91,62.5,84.9,8.0
2140,47.665589,7.125856,77.91,62.5,85.0,8.0
2141,47.665912,7.126778,77.91,62.5,85.0,8.0
2142,47.666236,7.1277,77.91,62.5,85.0,8.0
2143,47.666559,7.128621,77.91,62.5,85.1,8.0
2144,47.666882,7.129543,77.91,62.5,85.1,8.0
2145,47.667206,7.130465,77.9,62.5,85.1,8.0
2146,47.667529,7.131386,77.9,62.5,85.1,8.0
2147,47.667852,7.132308,77.9,62.5,85.2,8.0
2148,47.668176,7.133229,77.9,62.5,85.2,9.0
2149,47.668499,7.134151,77.9,62.5,85.2,9.0
2150,47.668822,7.135073,77.9,62.5,85.2,9.0
2151,47.669146,7.135994,77.9,62.5,85.3,9.0
2152,47.669469,7.136916,77.9,62.5,85.3,9.0
2153,47.669792,7.137838,77.9,62.5,85.3,9.0
2154,47.670116,7.138759,77.9,62.5,85.4,9.0
2155,47.670439,7.139681,77.9,62.5,85.4,9.0
2156,47.670762,7.140602,77.9,62.5,85.4,9.0
2157,47.671086,7.141524,77.9,62.5,85.4,9.0
2158,47.671409,7.142446,77.9,62.5,85.5,9.0
2159,47.671732,7.143367,77.9,62.5,85.5,9.0
2160,47.672056,7.144289,77.9,62.5,85.5,9.0
2161,47.672379,7.145211,77.9,62.5,85.5,9.0
2162,47.672702,7.146132,77.9,62.5,85.6,9.0
2163,47.673026,7.147054,77.9,62.5,85.6,9.0
2164,47.673349,7.147975,77.9,62.5,85.6,9.0
2165,47.673672,7.148897,77.9,62.5,85.6,9.0
2166,47.673996,7.149819,77.9,62.5,85.7,10.0
2167,47.674319,7.15074,77.9,62.5,85.7,10.0
2168,47.674642,7.151662,77.9,62.5,85.7,10.0
2169,47.674966,7.152583,77.9,62.5,85.8,10.0
2170,47.675289,7.153505,77.9,62.5,85.8,10.0
2171,47.675612,7.154427,77.89,62.5,85.8,10.0
2172,47.675936,7.155348,77.89,62.5,85.8,10.0
2173,47.676259,7.15627,77.89,62.5,85.9,10.0
2174,47.676582,7.157192,77.89,62.5,85.9,10.0
2175,47.676906,7.158113,77.89,62.5,85.9,10.0
2176,47.677229,7.159035,77.89,62.5,85.9,10.0
2177,47.677552,7.159956,77.89,62.5,86.0,10.0
2178,47.677876,7.160878,77.89,62.5,86.0,10.0
2179,47.678199,7.1618,77.89,62.5,86.0,10.0
2180,47.678522,7.162721,77.89,62.5,86.0,10.0
2181,47.678846,7.163643,77.89,62.5,86.1,10.0
2182,47.679169,7.164565,77.89,62.5,86.1,10.0
2183,47.679492,7.165486,77.89,62.5,86.1,10.0
2184,47.679816,7.166408,77.89,62.5,86.1,11.0
2185,47.680139,7.167329,77.89,62.5,86.2,11.0
2186,47.680462,7.168251,77.89,62.5,86.2,11.0
2187,47.680786,7.169173,77.89,62.5,86.2,11.0
2188,47.681109,7.170094,77.89,62.5,86.2,11.0
2189,47.681432,7.171016,77.89,62.5,86.3,11.0
2190,47.681756,7.171938,77.89,62.5,86.3,11.0
2191,47.682079,7.172859,77.89,62.5,86.3,11.0
2192,47.682402,7.173781,77.89,62.5,86.3,11.0
2193,47.682726,7.174702,77.89,62.5,86.4,11.0
2194,47.683049,7.175624,77.89,62.5,86.4,11.0
2195,47.683372,7.176546,77.89,62.5,86.4,11.0
2196,47.683696,7.177467,77.89,62.5,86.5,11.0
2197,47.684019,7.178389,77.88,62.5,86.5,11.0
2198,47.684342,7.179311,77.88,62.5,86.5,11.0
2199,47.684666,7.180232,77.88,62.5,86.5,11.0
2200,47.684989,7.181154,77.88,62.5,86.6,11.0
2201,47.685312,7.182075,77.88,62.5,86.6,11.0
2202,47.685636,7.182997,77.88,62.5,86.6,12.0
2203,47.685959,7.183919,77.88,62.5,86.6,12.0
2204,47.686282,7.18484,77.88,62.5,86.7,12.0
2205,47.686606,7.185762,77.88,62.5,86.7,12.0
2206,47.686929,7.186684,77.88,62.5,86.7,12.0
2207,47.687252,7.187605,77.88,62.5,86.7,12.0
2208,47.687576,7.188527,77.88,62.5,86.8,12.0
2209,47.687899,7.189448,77.88,62.5,86.8,12.0
2210,47.688222,7.19037,77.88,62.5,86.8,12.0
2211,47.688546,7.191292,77.88,62.5,86.8,12.0
2212,47.688869,7.192213,77.88,62.5,86.9,12.0
2213,47.689192,7.193135,77.88,62.5,86.9,12.0
2214,47.689516,7.194057,77.88,62.5,86.9,12.0
2215,47.689839,7.194978,77.88,62.5,86.9,12.0
2216,47.690162,7.1959,77.88,62.5,87.0,12.0
2217,47.690486,7.196821,77.88,62.5,87.0,12.0
2218,47.690809,7.197743,77.88,62.5,87.0,12.0
2219,47.691132,7.198665,77.88,62.5,87.0,12.0
2220,47.691456,7.199586,77.88,62.5,87.1,13.0
2221,47.691779,7.200508,77.88,62.5,87.1,13.0
2222,47.692102,7.201429,77.88,62.5,87.1,13.0
2223,47.692426,7.202351,77.88,62.5,87.1,13.0
2224,47.692749,7.203273,77.87,62.5,87.2,13.0
2225,47.693072,7.204194,77.87,62.5,87.2,13.0
2226,47.693396,7.205116,77.87,62.5,87.2,13.0
2227,47.693719,7.206038,77.87,62.5,87.2,13.0
2228,47.694042,7.206959,77.87,62.5,87.2,13.0
2229,47.694366,7.207881,77.87,62.5,87.3,13.0
2230,47.694689,7.208802,77.87,62.5,87.3,13.0
2231,47.695012,7.209724,77.87,62.5,87.3,13.0
2232,47.695336,7.210646,77.87,62.5,87.3,13.0
2233,47.695659,7.211567,77.87,62.5,87.4,13.0
2234,47.695982,7.212489,77.87,62.5,87.4,13.0
2235,47.696306,7.213411,77.87,62.5,87.4,13.0
2236,47.696629,7.214332,77.87,62.5,87.4,13.0
2237,47.696953,7.215254,77.87,62.5,87.5,13.0
2238,47.697276,7.216175,77.87,62.5,87.5,13.0
2239,47.697599,7.217097,77.87,62.5,87.5,14.0
2240,47.697923,7.218019,77.87,62.5,87.5,14.0
2241,47.698246,7.21894,77.87,62.5,87.6,14.0
2242,47.698569,7.219862,77.87,62.5,87.6,14.0
2243,47.698893,7.220784,77.87,62.5,87.6,14.0
2244,47.699216,7.221705,77.87,62.5,87.6,14.0
2245,47.699539,7.222627,77.87,62.5,87.7,14.0
2246,47.699863,7.223548,77.87,62.5,87.7,14.0
2247,47.700186,7.22447,77.87,62.5,87.7,14.0
2248,47.700509,7.225392,77.87,62.5,87.7,14.0
2249,47.700833,7.226313,77.87,62.5,87.8,14.0
2250,47.701156,7.227235,77.86,62.5,87.8,14.0
2251,47.701479,7.228157,77.86,62.5,87.8,14.0
2252,47.701803,7.229078,77.86,62.5,87.8,14.0
2253,47.702126,7.23,77.86,62.5,87.8,14.0
2254,47.702449,7.230921,77.86,62.5,87.9,14.0
2255,47.702773,7.231843,77.86,62.5,87.9,14.0
2256,47.703096,7.232765,77.86,62.5,87.9,14.0
2257,47.703419,7.233686,77.86,62.5,87.9,15.0
2258,47.703743,7.234608,77.86,62.5,88.0,15.0
2259,47.704066,7.23553,77.86,62.5,88.0,15.0
2260,47.704389,7.236451,77.86,62.5,88.0,15.0
2261,47.704713,7.237373,77.86,62.5,88.0,15.0
2262,47.705036,7.238294,77.86,62.5,88.1,15.0
2263,47.705359,7.239216,77.86,62.5,88.1,15.0
2264,47.705683,7.240138,77.86,62.5,88.1,15.0
2265,47.706006,7.241059,77.86,62.5,88.1,15.0
2266,47.706329,7.241981,77.86,62.5,88.2,15.0
2267,47.706653,7.242903,77.86,62.5,88.2,15.0
2268,47.706976,7.243824,77.86,62.5,88.2,15.0
2269,47.707299,7.244746,77.86,62.5,88.2,15.0
2270,47.707623,7.245667,77.86,62.5,88.2,15.0
2271,47.707946,7.246589,77.86,62.5,88.3,15.0
2272,47.708269,7.247511,77.86,62.5,88.3,15.0
2273,47.708593,7.248432,77.86,62.5,88.3,15.0
2274,47.708916,7.249354,77.86,62.5,88.3,15.0
2275,47.709239,7.250276,77.86,62.5,88.4,16.0
2276,47.709563,7.251197,77.85,62.5,88.4,16.0
2277,47.709886,7.252119,77.85,62.5,88.4,16.0
2278,47.710209,7.25304,77.85,62.5,88.4,16.0
2279,47.710533,7.253962,77.85,62.5,88.4,16.0
2280,47.710856,7.254884,77.85,62.5,88.5,16.0
2281,47.711179,7.255805,77.85,62.5,88.5,16.0
2282,47.711503,7.256727,77.85,62.5,88.5,16.0
2283,47.711826,7.257648,77.85,62.5,88.5,16.0
2284,47.712149,7.25857,77.85,62.5,88.6,16.0
2285,47.712473,7.259492,77.85,62.5,88.6,16.0
2286,47.712796,7.260413,77.85,62.5,88.6,16.0
2287,47.713119,7.261335,77.85,62.5,88.6,16.0
2288,47.713443,7.262257,77.85,62.5,88.7,16.0
2289,47.713766,7.263178,77.85,62.5,88.7,16.0
2290,47.714089,7.2641,77.85,62.5,88.7,16.0
2291,47.714413,7.265021,77.85,62.5,88.7,16.0
2292,47.714736,7.265943,77.85,62.5,88.7,16.0
2293,47.715059,7.266865,77.85,62.5,88.8,17.0
2294,47.715383,7.267786,77.85,62.5,88.8,17.0
2295,47.715706,7.268708,77.85,62.5,88.8,17.0
2296,47.716029,7.26963,77.85,62.5,88.8,17.0
2297,47.716353,7.270551,77.85,62.5,88.9,17.0
2298,47.716676,7.271473,77.85,62.5,88.9,17.0
2299,47.716999,7.272394,77.85,62.5,88.9,17.0
2300,47.717323,7.273316,77.85,62.5,88.9,17.0
2301,47.717646,7.274238,77.85,62.5,88.9,17.0
2302,47.717969,7.275159,77.85,62.5,89.0,17.0
2303,47.718293,7.276081,77.84,62.5,89.0,17.0
2304,47.718616,7.277003,77.84,62.5,89.0,17.0
2305,47.718939,7.277924,77.84,62.5,89.0,17.0
2306,47.719263,7.278846,77.84,62.5,89.0,17.0
2307,47.719586,7.279767,77.84,62.5,89.1,17.0
2308,47.719909,7.280689,77.84,62.5,89.1,17.0
2309,47.720233,7.281611,77.84,62.5,89.1,17.0
2310,47.720556,7.282532,77.84,62.5,89.1,17.0
2311,47.720879,7.283454,77.84,62.5,89.2,18.0
2312,47.721203,7.284376,77.84,62.5,89.2,18.0
2313,47.721526,7.285297,77.84,62.5,89.2,18.0
2314,47.721849,7.286219,77.84,62.5,89.2,18.0
2315,47.722173,7.28714,77.84,62.5,89.2,18.0
2316,47.722496,7.288062,77.84,62.5,89.3,18.0
2317,47.722819,7.288984,77.84,62.5,89.3,18.0
2318,47.723143,7.289905,77.84,62.5,89.3,18.0
2319,47.723466,7.290827,77.84,62.5,89.3,18.0
2320,47.723789,7.291749,77.84,62.5,89.3,18.0
2321,47.724113,7.29267,77.84,62.5,89.4,18.0
2322,47.724436,7.293592,77.84,62.5,89.4,18.0
2323,47.724759,7.294513,77.84,62.5,89.4,18.0
2324,47.725083,7.295435,77.84,62.5,89.4,18.0
2325,47.725406,7.296357,77.84,62.5,89.5,18.0
2326,47.725729,7.297278,77.84,62.5,89.5,18.0
2327,47.726053,7.2982,77.84,62.5,89.5,18.0
2328,47.726376,7.299122,77.84,62.5,89.5,18.0
2329,47.726699,7.300043,77.83,62.5,89.5,19.0
2330,47.727023,7.300965,77.83,62.5,89.6,19.0
2331,47.727346,7.301886,77.83,62.5,89.6,19.0
2332,47.727669,7.302808,77.83,62.5,89.6,19.0
2333,47.727993,7.30373,77.83,62.5,89.6,19.0
2334,47.728316,7.304651,77.83,62.5,89.6,19.0
2335,47.728639,7.305573,77.83,62.5,89.7,19.0
2336,47.728963,7.306495,77.83,62.5,89.7,19.0
2337,47.729286,7.307416,77.83,62.5,89.7,19.0
2338,47.729609,7.308338,77.83,62.5,89.7,19.0
2339,47.729933,7.309259,77.83,62.5,89.7,19.0
2340,47.730256,7.310181,77.83,62.5,89.8,19.0
2341,47.730579,7.311103,77.83,62.5,89.8,19.0
2342,47.730903,7.312024,77.83,62.5,89.8,19.0
2343,47.731226,7.312946,77.83,62.5,89.8,19.0
2344,47.731549,7.313867,77.83,62.5,89.8,19.0
2345,47.731873,7.314789,77.83,62.5,89.9,19.0
2346,47.732196,7.315711,77.83,62.5,89.9,19.0
2347,47.73252,7.316632,77.83,62.5,89.9,20.0
2348,47.732843,7.317554,77.83,62.5,89.9,20.0
2349,47.733166,7.318476,77.83,62.5,89.9,20.0
2350,47.73349,7.319397,77.83,62.5,90.0,20.0
2351,47.733813,7.320319,77.83,62.5,90.0,20.0
2352,47.734136,7.32124,77.83,62.5,90.0,20.0
2353,47.73446,7.322162,77.83,62.5,90.0,20.0
2354,47.734783,7.323084,77.83,62.5,90.0,20.0
2355,47.735106,7.324005,77.82,62.5,90.1,20.0
2356,47.73543,7.324927,77.82,62.5,90.1,20.0
2357,47.735753,7.325849,77.82,62.5,90.1,20.0
2358,47.736076,7.32677,77.82,62.5,90.1,20.0
2359,47.7364,7.327692,77.82,62.5,90.1,20.0
2360,47.736723,7.328613,77.82,62.5,90.2,20.0
2361,47.737046,7.329535,77.82,62.5,90.2,20.0
2362,47.73737,7.330457,77.82,62.5,90.2,20.0
2363,47.737693,7.331378,77.82,62.5,90.2,20.0
2364,47.738016,7.3323,77.82,62.5,90.2,21.0
2365,47.73834,7.333222,77.82,62.5,90.3,21.0
2366,47.738663,7.334143,77.82,62.5,90.3,21.0
2367,47.738986,7.335065,77.82,62.4,90.3,21.0
2368,47.73931,7.335986,77.82,62.4,90.3,21.0
2369,47.739633,7.336908,77.82,62.4,90.3,21.0
2370,47.739956,7.33783,77.82,62.4,90.4,21.0
2371,47.74028,7.338751,77.82,62.4,90.4,21.0
2372,47.740603,7.339673,77.82,62.4,90.4,21.0
2373,47.740926,7.340595,77.82,62.4,90.4,21.0
2374,47.74125,7.341516,77.82,62.4,90.4,21.0
2375,47.741573,7.342438,77.82,62.4,90.5,21.0
2376,47.741504,7.342241,16.65,242.4,90.5,21.0
2377,47.74118,7.341319,77.82,242.4,90.5,21.0
2378,47.740857,7.340397,77.82,242.4,90.5,21.0
2379,47.740534,7.339476,77.82,242.4,90.5,21.0
2380,47.74021,7.338554,77.82,242.4,90.6,21.0
2381,47.739887,7.337632,77.82,242.4,90.6,21.0
2382,47.739564,7.336711,77.82,242.4,90.6,22.0
2383,47.73924,7.335789,77.82,242.4,90.6,22.0
2384,47.738917,7.334868,77.82,242.4,90.6,22.0
2385,47.738594,7.333946,77.82,242.5,90.6,22.0
2386,47.73827,7.333024,77.82,242.5,90.7,22.0
2387,47.737947,7.332103,77.82,242.5,90.7,22.0
2388,47.737624,7.331181,77.82,242.5,90.7,22.0
2389,47.7373,7.330259,77.82,242.5,90.7,22.0
2390,47.736977,7.329338,77.82,242.5,90.7,22.0
2391,47.736654,7.328416,77.82,242.5,90.8,22.0
2392,47.73633,7.327495,77.82,242.5,90.8,22.0
2393,47.736007,7.326573,77.82,242.5,90.8,22.0
2394,47.735684,7.325651,77.82,242.5,90.8,22.0
2395,47.73536,7.32473,77.82,242.5,90.8,22.0
2396,47.735037,7.323808,77.83,242.5,90.9,22.0
2397,47.734714,7.322887,77.83,242.5,90.9,22.0
2398,47.73439,7.321965,77.83,242.5,90.9,22.0
2399,47.734067,7.321043,77.83,242.5,90.9,22.0
2400,47.733744,7.320122,77.83,242.5,90.9,23.0
2401,47.73342,7.3192,77.83,242.5,90.9,23.0
2402,47.733097,7.318278,77.83,242.5,91.0,23.0
2403,47.732774,7.317357,77.83,242.5,91.0,23.0
2404,47.73245,7.316435,77.83,242.5,91.0,23.0
2405,47.732127,7.315514,77.83,242.5,91.0,23.0
2406,47.731804,7.314592,77.83,242.5,91.0,23.0
2407,47.73148,7.31367,77.83,242.5,91.1,23.0
2408,47.731157,7.312749,77.83,242.5,91.1,23.0
2409,47.730834,7.311827,77.83,242.5,91.1,23.0
2410,47.73051,7.310905,77.83,242.5,91.1,23.0
2411,47.730187,7.309984,77.83,242.5,91.1,23.0
2412,47.729864,7.309062,77.83,242.5,91.1,23.0
2413,47.72954,7.308141,77.83,242.5,91.2,23.0
2414,47.729217,7.307219,77.83,242.5,91.2,23.0
2415,47.728894,7.306297,77.83,242.5,91.2,23.0
2416,47.72857,7.305376,77.83,242.5,91.2,23.0
2417,47.728247,7.304454,77.83,242.5,91.2,23.0
2418,47.727924,7.303532,77.83,242.5,91.2,24.0
2419,47.7276,7.302611,77.83,242.5,91.3,24.0
2420,47.727277,7.301689,77.83,242.5,91.3,24.0
2421,47.726954,7.300768,77.83,242.5,91.3,24.0
2422,47.72663,7.299846,77.83,242.5,91.3,24.0
2423,47.726307,7.298924,77.84,242.5,91.3,24.0
2424,47.725984,7.298003,77.84,242.5,91.4,24.0
2425,47.72566,7.297081,77.84,242.5,91.4,24.0
2426,47.725337,7.296159,77.84,242.5,91.4,24.0
2427,47.725014,7.295238,77.84,242.5,91.4,24.0
2428,47.72469,7.294316,77.84,242.5,91.4,24.0
2429,47.724367,7.293395,77.84,242.5,91.4,24.0
2430,47.724044,7.292473,77.84,242.5,91.5,24.0
2431,47.72372,7.291551,77.84,242.5,91.5,24.0
2432,47.723397,7.29063,77.84,242.5,91.5,24.0
2433,47.723074,7.289708,77.84,242.5,91.5,24.0
2434,47.72275,7.288786,77.84,242.5,91.5,24.0
2435,47.722427,7.287865,77.84,242.5,91.5,24.0
2436,47.722104,7.286943,77.84,242.5,91.6,25.0
2437,47.72178,7.286022,77.84,242.5,91.6,25.0
2438,47.721457,7.2851,77.84,242.5,91.6,25.0
2439,47.721134,7.284178,77.84,242.5,91.6,25.0
2440,47.72081,7.283257,77.84,242.5,91.6,25.0
2441,47.720487,7.282335,77.84,242.5,91.6,25.0
2442,47.720164,7.281413,77.84,242.5,91.7,25.0
2443,47.71984,7.280492,77.84,242.5,91.7,25.0
2444,47.719517,7.27957,77.84,242.5,91.7,25.0
2445,47.719194,7.278649,77.84,242.5,91.7,25.0
2446,47.71887,7.277727,77.84,242.5,91.7,25.0
2447,47.718547,7.276805,77.84,242.5,91.7,25.0
2448,47.718224,7.275884,77.84,242.5,91.8,25.0
2449,47.7179,7.274962,77.85,242.5,91.8,25.0
2450,47.717577,7.27404,77.85,242.5,91.8,25.0
2451,47.717254,7.273119,77.85,242.5,91.8,25.0
2452,47.71693,7.272197,77.85,242.5,91.8,25.0
2453,47.716607,7.271276,77.85,242.5,91.8,25.0
2454,47.716284,7.270354,77.85,242.5,91.9,26.0
2455,47.71596,7.269432,77.85,242.5,91.9,26.0
2456,47.715637,7.268511,77.85,242.5,91.9,26.0
2457,47.715313,7.267589,77.85,242.5,91.9,26.0
2458,47.71499,7.266668,77.85,242.5,91.9,26.0
2459,47.714667,7.265746,77.85,242.5,91.9,26.0
2460,47.714343,7.264824,77.85,242.5,91.9,26.0
2461,47.71402,7.263903,77.85,242.5,92.0,26.0
2462,47.713697,7.262981,77.85,242.5,92.0,26.0
2463,47.713373,7.262059,77.85,242.5,92.0,26.0
2464,47.71305,7.261138,77.85,242.5,92.0,26.0
2465,47.712727,7.260216,77.85,242.5,92.0,26.0
2466,47.712403,7.259295,77.85,242.5,92.0,26.0
2467,47.71208,7.258373,77.85,242.5,92.1,26.0
2468,47.711757,7.257451,77.85,242.5,92.1,26.0
2469,47.711433,7.25653,77.85,242.5,92.1,26.0
2470,47.71111,7.255608,77.85,242.5,92.1,26.0
2471,47.710787,7.254686,77.85,242.5,92.1,27.0
2472,47.710463,7.253765,77.85,242.5,92.1,27.0
2473,47.71014,7.252843,77.85,242.5,92.2,27.0
2474,47.709817,7.251922,77.85,242.5,92.2,27.0
2475,47.709493,7.251,77.86,242.5,92.2,27.0
2476,47.70917,7.250078,77.86,242.5,92.2,27.0
2477,47.708847,7.249157,77.86,242.5,92.2,27.0
2478,47.708523,7.248235,77.86,242.5,92.2,27.0
2479,47.7082,7.247313,77.86,242.5,92.2,27.0
2480,47.707877,7.246392,77.86,242.5,92.3,27.0
2481,47.707553,7.24547,77.86,242.5,92.3,27.0
2482,47.70723,7.244549,77.86,242.5,92.3,27.0
2483,47.706907,7.243627,77.86,242.5,92.3,27.0
2484,47.706583,7.242705,77.86,242.5,92.3,27.0
2485,47.70626,7.241784,77.86,242.5,92.3,27.0
2486,47.705937,7.240862,77.86,242.5,92.3,27.0
2487,47.705613,7.23994,77.86,242.5,92.4,27.0
2488,47.70529,7.239019,77.86,242.5,92.4,27.0
2489,47.704967,7.238097,77.86,242.5,92.4,28.0
2490,47.704643,7.237176,77.86,242.5,92.4,28.0
2491,47.70432,7.236254,77.86,242.5,92.4,28.0
2492,47.703997,7.235332,77.86,242.5,92.4,28.0
2493,47.703673,7.234411,77.86,242.5,92.5,28.0
2494,47.70335,7.233489,77.86,242.5,92.5,28.0
2495,47.703027,7.232567,77.86,242.5,92.5,28.0
2496,47.702703,7.231646,77.86,242.5,92.5,28.0
2497,47.70238,7.230724,77.86,242.5,92.5,28.0
2498,47.702057,7.229803,77.86,242.5,92.5,28.0
2499,47.701733,7.228881,77.86,242.5,92.5,28.0
2500,47.70141,7.227959,77.86,242.5,92.6,28.0
2501,47.701087,7.227038,77.86,242.5,92.6,28.0
2502,47.700763,7.226116,77.87,242.5,92.6,28.0
2503,47.70044,7.225194,77.87,242.5,92.6,28.0
2504,47.700117,7.224273,77.87,242.5,92.6,28.0
2505,47.699793,7.223351,77.87,242.5,92.6,28.0
2506,47.69947,7.22243,77.87,242.5,92.6,28.0
2507,47.699147,7.221508,77.87,242.5,92.7,29.0
2508,47.698823,7.220586,77.87,242.5,92.7,29.0
2509,47.6985,7.219665,77.87,242.5,92.7,29.0
2510,47.698177,7.218743,77.87,242.5,92.7,29.0
2511,47.697853,7.217822,77.87,242.5,92.7,29.0
2512,47.69753,7.2169,77.87,242.5,92.7,29.0
2513,47.697207,7.215978,77.87,242.5,92.7,29.0
2514,47.696883,7.215057,77.87,242.5,92.7,29.0
2515,47.69656,7.214135,77.87,242.5,92.8,29.0
2516,47.696237,7.213213,77.87,242.5,92.8,29.0
2517,47.695913,7.212292,77.87,242.5,92.8,29.0
2518,47.69559,7.21137,77.87,242.5,92.8,29.0
2519,47.695267,7.210449,77.87,242.5,92.8,29.0
2520,47.694943,7.209527,77.87,242.5,92.8,29.0
2521,47.69462,7.208605,77.87,242.5,92.8,29.0
2522,47.694297,7.207684,77.87,242.5,92.9,29.0
2523,47.693973,7.206762,77.87,242.5,92.9,29.0
2524,47.69365,7.20584,77.87,242.5,92.9,29.0
2525,47.693327,7.204919,77.87,242.5,92.9,30.0
2526,47.693003,7.203997,77.87,242.5,92.9,30.0
2527,47.69268,7.203076,77.87,242.5,92.9,30.0
2528,47.692357,7.202154,77.88,242.5,92.9,30.0
2529,47.692033,7.201232,77.88,242.5,92.9,30.0
2530,47.69171,7.200311,77.88,242.5,93.0,30.0
2531,47.691387,7.199389,77.88,242.5,93.0,30.0
2532,47.691063,7.198467,77.88,242.5,93.0,30.0
2533,47.69074,7.197546,77.88,242.5,93.0,30.0
2534,47.690417,7.196624,77.88,242.5,93.0,30.0
2535,47.690093,7.195703,77.88,242.5,93.0,30.0
2536,47.68977,7.194781,77.88,242.5,93.0,30.0
2537,47.689447,7.193859,77.88,242.5,93.1,30.0
2538,47.689123,7.192938,77.88,242.5,93.1,30.0
2539,47.6888,7.192016,77.88,242.5,93.1,30.0
2540,47.688477,7.191094,77.88,242.5,93.1,30.0
2541,47.688153,7.190173,77.88,242.5,93.1,30.0
2542,47.68783,7.189251,77.88,242.5,93.1,31.0
2543,47.687507,7.18833,77.88,242.5,93.1,31.0
2544,47.687183,7.187408,77.88,242.5,93.1,31.0
2545,47.68686,7.186486,77.88,242.5,93.2,31.0
2546,47.686537,7.185565,77.88,242.5,93.2,31.0
2547,47.686213,7.184643,77.88,242.5,93.2,31.0
2548,47.68589,7.183721,77.88,242.5,93.2,31.0
2549,47.685567,7.1828,77.88,242.5,93.2,31.0
2550,47.685243,7.181878,77.88,242.5,93.2,31.0
2551,47.68492,7.180957,77.88,242.5,93.2,31.0
2552,47.684597,7.180035,77.88,242.5,93.2,31.0
2553,47.684273,7.179113,77.88,242.5,93.3,31.0
2554,47.68395,7.178192,77.89,242.5,93.3,31.0
2555,47.683627,7.17727,77.89,242.5,93.3,31.0
2556,47.683303,7.176348,77.89,242.5,93.3,31.0
2557,47.68298,7.175427,77.89,242.5,93.3,31.0
2558,47.682657,7.174505,77.89,242.5,93.3,31.0
2559,47.682333,7.173584,77.89,242.5,93.3,31.0
2560,47.68201,7.172662,77.89,242.5,93.3,32.0
2561,47.681687,7.17174,77.89,242.5,93.3,32.0
2562,47.681363,7.170819,77.89,242.5,93.4,32.0
2563,47.68104,7.169897,77.89,242.5,93.4,32.0
2564,47.680717,7.168975,77.89,242.5,93.4,32.0
2565,47.680393,7.168054,77.89,242.5,93.4,32.0
2566,47.68007,7.167132,77.89,242.5,93.4,32.0
2567,47.679746,7.166211,77.89,242.5,93.4,32.0
2568,47.679423,7.165289,77.89,242.5,93.4,32.0
2569,47.6791,7.164367,77.89,242.5,93.4,32.0
2570,47.678776,7.163446,77.89,242.5,93.5,32.0
2571,47.678453,7.162524,77.89,242.5,93.5,32.0
2572,47.67813,7.161603,77.89,242.5,93.5,32.0
2573,47.677806,7.160681,77.89,242.5,93.5,32.0
2574,47.677483,7.159759,77.89,242.5,93.5,32.0
2575,47.67716,7.158838,77.89,242.5,93.5,32.0
2576,47.676836,7.157916,77.89,242.5,93.5,32.0
2577,47.676513,7.156994,77.89,242.5,93.5,32.0
2578,47.67619,7.156073,77.89,242.5,93.5,33.0
2579,47.675866,7.155151,77.89,242.5,93.6,33.0
2580,47.675543,7.15423,77.89,242.5,93.6,33.0
2581,47.67522,7.153308,77.9,242.5,93.6,33.0
2582,47.674896,7.152386,77.9,242.5,93.6,33.0
2583,47.674573,7.151465,77.9,242.5,93.6,33.0
2584,47.67425,7.150543,77.9,242.5,93.6,33.0
2585,47.673926,7.149621,77.9,242.5,93.6,33.0
2586,47.673603,7.1487,77.9,242.5,93.6,33.0
2587,47.67328,7.147778,77.9,242.5,93.6,33.0
2588,47.672956,7.146857,77.9,242.5,93.7,33.0
2589,47.672633,7.145935,77.9,242.5,93.7,33.0
2590,47.67231,7.145013,77.9,242.5,93.7,33.0
2591,47.671986,7.144092,77.9,242.5,93.7,33.0
2592,47.671663,7.14317,77.9,242.5,93.7,33.0
2593,47.67134,7.142248,77.9,242.5,93.7,33.0
2594,47.671016,7.141327,77.9,242.5,93.7,33.0
2595,47.670693,7.140405,77.9,242.5,93.7,33.0
2596,47.67037,7.139484,77.9,242.5,93.7,34.0
2597,47.670046,7.138562,77.9,242.5,93.7,34.0
2598,47.669723,7.13764,77.9,242.5,93.8,34.0
2599,47.6694,7.136719,77.9,242.5,93.8,34.0
2600,47.669076,7.135797,77.9,242.5,93.8,34.0
2601,47.668753,7.134875,77.9,242.5,93.8,34.0
2602,47.66843,7.133954,77.9,242.5,93.8,34.0
2603,47.668106,7.133032,77.9,242.5,93.8,34.0
2604,47.667783,7.132111,77.9,242.5,93.8,34.0
2605,47.66746,7.131189,77.9,242.5,93.8,34.0
2606,47.667136,7.130267,77.9,242.5,93.8,34.0
2607,47.666813,7.129346,77.91,242.5,93.8,34.0
2608,47.66649,7.128424,77.91,242.5,93.9,34.0
2609,47.666166,7.127502,77.91,242.5,93.9,34.0
2610,47.665843,7.126581,77.91,242.5,93.9,34.0
2611,47.66552,7.125659,77.91,242.5,93.9,34.0
2612,47.665196,7.124738,77.91,242.5,93.9,34.0
2613,47.664873,7.123816,77.91,242.5,93.9,34.0
2614,47.66455,7.122894,77.91,242.5,93.9,35.0
2615,47.664226,7.121973,77.91,242.5,93.9,35.0
2616,47.663903,7.121051,77.91,242.5,93.9,35.0
2617,47.66358,7.120129,77.91,242.5,93.9,35.0
2618,47.663256,7.119208,77.91,242.5,94.0,35.0
2619,47.662933,7.118286,77.91,242.5,94.0,35.0
2620,47.66261,7.117365,77.91,242.5,94.0,35.0
2621,47.662286,7.116443,77.91,242.5,94.0,35.0
2622,47.661963,7.115521,77.91,242.5,94.0,35.0
2623,47.66164,7.1146,77.91,242.5,94.0,35.0
2624,47.661316,7.113678,77.91,242.5,94.0,35.0
2625,47.660993,7.112757,77.91,242.5,94.0,35.0
2626,47.66067,7.111835,77.91,242.5,94.0,35.0
2627,47.660346,7.110913,77.91,242.5,94.0,35.0
2628,47.660023,7.109992,77.91,242.5,94.0,35.0
2629,47.6597,7.10907,77.91,242.5,94.1,35.0
2630,47.659376,7.108148,77.91,242.5,94.1,35.0
2631,47.659053,7.107227,77.91,242.5,94.1,36.0
2632,47.65873,7.106305,77.91,242.5,94.1,36.0
2633,47.658406,7.105384,77.92,242.5,94.1,36.0
2634,47.658083,7.104462,77.92,242.5,94.1,36.0
2635,47.65776,7.10354,77.92,242.5,94.1,36.0
2636,47.657436,7.102619,77.92,242.5,94.1,36.0
2637,47.657113,7.101697,77.92,242.5,94.1,36.0
2638,47.65679,7.100775,77.92,242.5,94.1,36.0
2639,47.656466,7.099854,77.92,242.5,94.1,36.0
2640,47.656143,7.098932,77.92,242.5,94.2,36.0
2641,47.65582,7.098011,77.92,242.5,94.2,36.0
2642,47.655496,7.097089,77.92,242.5,94.2,36.0
2643,47.655173,7.096167,77.92,242.5,94.2,36.0
2644,47.65485,7.095246,77.92,242.5,94.2,36.0
2645,47.654526,7.094324,77.92,242.5,94.2,36.0
2646,47.654203,7.093402,77.92,242.5,94.2,36.0
2647,47.65388,7.092481,77.92,242.5,94.2,36.0
2648,47.653556,7.091559,77.92,242.5,94.2,36.0
2649,47.653233,7.090638,77.92,242.5,94.2,37.0
2650,47.65291,7.089716,77.92,242.5,94.2,37.0
2651,47.652586,7.088794,77.92,242.5,94.2,37.0
2652,47.652263,7.087873,77.92,242.5,94.3,37.0
2653,47.65194,7.086951,77.92,242.5,94.3,37.0
2654,47.651616,7.086029,77.92,242.5,94.3,37.0
2655,47.651293,7.085108,77.92,242.5,94.3,37.0
2656,47.65097,7.084186,77.92,242.5,94.3,37.0
2657,47.650646,7.083265,77.92,242.5,94.3,37.0
2658,47.650323,7.082343,77.92,242.5,94.3,37.0
2659,47.65,7.081421,77.92,242.5,94.3,37.0
2660,47.649676,7.0805,77.93,242.5,94.3,37.0
2661,47.649353,7.079578,77.93,242.5,94.3,37.0
2662,47.64903,7.078656,77.93,242.5,94.3,37.0
2663,47.648706,7.077735,77.93,242.5,94.3,37.0
2664,47.648383,7.076813,77.93,242.5,94.3,37.0
2665,47.64806,7.075892,77.93,242.5,94.4,37.0
2666,47.647736,7.07497,77.93,242.5,94.4,37.0
2667,47.647413,7.074048,77.93,242.5,94.4,38.0
2668,47.64709,7.073127,77.93,242.5,94.4,38.0
2669,47.646766,7.072205,77.93,242.5,94.4,38.0
2670,47.646443,7.071283,77.93,242.5,94.4,38.0
2671,47.64612,7.070362,77.93,242.5,94.4,38.0
2672,47.645796,7.06944,77.93,242.5,94.4,38.0
2673,47.645473,7.068519,77.93,242.5,94.4,38.0
2674,47.64515,7.067597,77.93,242.5,94.4,38.0
2675,47.644826,7.066675,77.93,242.5,94.4,38.0
2676,47.644503,7.065754,77.93,242.5,94.4,38.0
2677,47.644179,7.064832,77.93,242.5,94.4,38.0
2678,47.643856,7.06391,77.93,242.5,94.4,38.0
2679,47.643533,7.062989,77.93,242.5,94.5,38.0
2680,47.643209,7.062067,77.93,242.5,94.5,38.0
2681,47.642886,7.061146,77.93,242.5,94.5,38.0
2682,47.642563,7.060224,77.93,242.5,94.5,38.0
2683,47.642239,7.059302,77.93,242.5,94.5,38.0
2684,47.641916,7.058381,77.93,242.5,94.5,38.0
2685,47.641593,7.057459,77.93,242.5,94.5,39.0
2686,47.641269,7.056538,77.94,242.5,94.5,39.0
2687,47.640946,7.055616,77.94,242.5,94.5,39.0
2688,47.640623,7.054694,77.94,242.5,94.5,39.0
2689,47.640299,7.053773,77.94,242.5,94.5,39.0
2690,47.639976,7.052851,77.94,242.5,94.5,39.0
2691,47.639653,7.051929,77.94,242.5,94.5,39.0
2692,47.639329,7.051008,77.94,242.5,94.5,39.0
2693,47.639006,7.050086,77.94,242.5,94.5,39.0
2694,47.638683,7.049165,77.94,242.5,94.5,39.0
2695,47.638359,7.048243,77.94,242.5,94.6,39.0
2696,47.638036,7.047321,77.94,242.5,94.6,39.0
2697,47.637713,7.0464,77.94,242.5,94.6,39.0
2698,47.637389,7.045478,77.94,242.5,94.6,39.0
2699,47.637066,7.044556,77.94,242.5,94.6,39.0
2700,47.636743,7.043635,77.94,242.5,94.6,39.0
2701,47.636419,7.042713,77.94,242.5,94.6,39.0
2702,47.636096,7.041792,77.94,242.5,94.6,39.0
2703,47.635773,7.04087,77.94,242.5,94.6,40.0
2704,47.635449,7.039948,77.94,242.5,94.6,40.0
2705,47.635126,7.039027,77.94,242.5,94.6,40.0
2706,47.634803,7.038105,77.94,242.5,94.6,40.0
2707,47.634479,7.037183,77.94,242.5,94.6,40.0
2708,47.634156,7.036262,77.94,242.5,94.6,40.0
2709,47.633833,7.03534,77.94,242.5,94.6,40.0
2710,47.633509,7.034419,77.94,242.5,94.6,40.0
2711,47.633186,7.033497,77.94,242.5,94.6,40.0
2712,47.632863,7.032575,77.95,242.5,94.7,40.0
2713,47.632539,7.031654,77.95,242.5,94.7,40.0
2714,47.632216,7.030732,77.95,242.5,94.7,40.0
2715,47.631893,7.02981,77.95,242.5,94.7,40.0
2716,47.631569,7.028889,77.95,242.5,94.7,40.0
2717,47.631246,7.027967,77.95,242.5,94.7,40.0
2718,47.630923,7.027046,77.95,242.5,94.7,40.0
2719,47.630599,7.026124,77.95,242.5,94.7,40.0
2720,47.630276,7.025202,77.95,242.5,94.7,40.0
2721,47.629953,7.024281,77.95,242.5,94.7,41.0
2722,47.629629,7.023359,77.95,242.5,94.7,41.0
2723,47.629306,7.022437,77.95,242.5,94.7,41.0
2724,47.628983,7.021516,77.95,242.5,94.7,41.0
2725,47.628659,7.020594,77.95,242.5,94.7,41.0
2726,47.628336,7.019673,77.95,242.5,94.7,41.0
2727,47.628013,7.018751,77.95,242.5,94.7,41.0
2728,47.627689,7.017829,77.95,242.5,94.7,41.0
2729,47.627366,7.016908,77.95,242.5,94.7,41.0
2730,47.627043,7.015986,77.95,242.5,94.7,41.0
2731,47.626719,7.015064,77.95,242.5,94.8,41.0
2732,47.626396,7.014143,77.95,242.5,94.8,41.0
2733,47.626073,7.013221,77.95,242.5,94.8,41.0
2734,47.625749,7.0123,77.95,242.5,94.8,41.0
2735,47.625426,7.011378,77.95,242.5,94.8,41.0
2736,47.625103,7.010456,77.95,242.5,94.8,41.0
2737,47.624779,7.009535,77.95,242.5,94.8,41.0
2738,47.624456,7.008613,77.95,242.5,94.8,41.0
2739,47.624133,7.007691,77.96,242.5,94.8,42.0
2740,47.623809,7.00677,77.96,242.5,94.8,42.0
2741,47.623486,7.005848,77.96,242.5,94.8,42.0
2742,47.623163,7.004927,77.96,242.5,94.8,42.0
2743,47.622839,7.004005,77.96,242.5,94.8,42.0
2744,47.622516,7.003083,77.96,242.5,94.8,42.0
2745,47.622193,7.002162,77.96,242.5,94.8,42.0
2746,47.621869,7.00124,77.96,242.5,94.8,42.0
2747,47.621546,7.000319,77.96,242.5,94.8,42.0
2748,47.621223,6.999397,77.96,242.5,94.8,42.0
2749,47.620899,6.998475,77.96,242.5,94.8,42.0
2750,47.620576,6.997554,77.96,242.5,94.8,42.0
2751,47.620253,6.996632,77.96,242.5,94.8,42.0
2752,47.619929,6.99571,77.96,242.5,94.8,42.0
2753,47.619606,6.994789,77.96,242.5,94.8,42.0
2754,47.619283,6.993867,77.96,242.5,94.8,42.0
2755,47.618959,6.992946,77.96,242.5,94.8,42.0
2756,47.618636,6.992024,77.96,242.5,94.9,42.0
2757,47.618313,6.991102,77.96,242.5,94.9,43.0
2758,47.617989,6.990181,77.96,242.5,94.9,43.0
2759,47.617666,6.989259,77.96,242.5,94.9,43.0
2760,47.617343,6.988337,77.96,242.5,94.9,43.0
2761,47.617019,6.987416,77.96,242.5,94.9,43.0
2762,47.616696,6.986494,77.96,242.5,94.9,43.0
2763,47.616373,6.985573,77.96,242.5,94.9,43.0
2764,47.616049,6.984651,77.96,242.5,94.9,43.0
2765,47.615726,6.983729,77.97,242.5,94.9,43.0
2766,47.615403,6.982808,77.97,242.5,94.9,43.0
2767,47.615079,6.981886,77.97,242.5,94.9,43.0
2768,47.614756,6.980964,77.97,242.5,94.9,43.0
2769,47.614433,6.980043,77.97,242.5,94.9,43.0
2770,47.614109,6.979121,77.97,242.5,94.9,43.0
2771,47.613786,6.9782,77.97,242.5,94.9,43.0
2772,47.613463,6.977278,77.97,242.5,94.9,43.0
2773,47.613139,6.976356,77.97,242.5,94.9,43.0
2774,47.612816,6.975435,77.97,242.5,94.9,43.0
2775,47.612493,6.974513,77.97,242.5,94.9,44.0
2776,47.612169,6.973591,77.97,242.5,94.9,44.0
2777,47.611846,6.97267,77.97,242.5,94.9,44.0
2778,47.611523,6.971748,77.97,242.5,94.9,44.0
2779,47.611199,6.970827,77.97,242.5,94.9,44.0
2780,47.610876,6.969905,77.97,242.5,94.9,44.0
2781,47.610553,6.968983,77.97,242.5,94.9,44.0
2782,47.610229,6.968062,77.97,242.5,94.9,44.0
2783,47.609906,6.96714,77.97,242.5,94.9,44.0
2784,47.609583,6.966218,77.97,242.5,94.9,44.0
2785,47.609259,6.965297,77.97,242.5,94.9,44.0
2786,47.608936,6.964375,77.97,242.5,94.9,44.0
2787,47.608612,6.963454,77.97,242.5,94.9,44.0
2788,47.608289,6.962532,77.97,242.5,94.9,44.0
2789,47.607966,6.96161,77.97,242.5,94.9,44.0
2790,47.607642,6.960689,77.97,242.5,94.9,44.0
2791,47.607319,6.959767,77.97,242.5,95.0,44.0
2792,47.606996,6.958845,77.98,242.5,95.0,44.0
2793,47.606672,6.957924,77.98,242.5,95.0,45.0
2794,47.606349,6.957002,77.98,242.5,95.0,45.0
2795,47.606026,6.956081,77.98,242.5,95.0,45.0
2796,47.605702,6.955159,77.98,242.5,95.0,45.0
2797,47.605379,6.954237,77.98,242.5,95.0,45.0
2798,47.605056,6.953316,77.98,242.5,95.0,45.0
2799,47.604732,6.952394,77.98,242.5,95.0,45.0
2800,47.604409,6.951473,77.98,242.5,95.0,45.0
2801,47.604086,6.950551,77.98,242.5,95.0,45.0
2802,47.603762,6.949629,77.98,242.5,95.0,45.0
2803,47.603439,6.948708,77.98,242.5,95.0,45.0
2804,47.603116,6.947786,77.98,242.5,95.0,45.0
2805,47.602792,6.946864,77.98,242.5,95.0,45.0
2806,47.602469,6.945943,77.98,242.5,95.0,45.0
2807,47.602146,6.945021,77.98,242.5,95.0,45.0
2808,47.601822,6.9441,77.98,242.5,95.0,45.0
2809,47.601499,6.943178,77.98,242.5,95.0,45.0
2810,47.601176,6.942256,77.98,242.5,95.0,45.0
2811,47.600852,6.941335,77.98,242.5,95.0,46.0
2812,47.600529,6.940413,77.98,242.5,95.0,46.0
2813,47.600206,6.939491,77.98,242.5,95.0,46.0
2814,47.599882,6.93857,77.98,242.5,95.0,46.0
2815,47.599559,6.937648,77.98,242.5,95.0,46.0
2816,47.599236,6.936727,77.98,242.5,95.0,46.0
2817,47.598912,6.935805,77.98,242.5,95.0,46.0
2818,47.598589,6.934883,77.99,242.5,95.0,46.0
2819,47.598266,6.933962,77.99,242.5,95.0,46.0
2820,47.597942,6.93304,77.99,242.5,95.0,46.0
2821,47.597619,6.932118,77.99,242.5,95.0,46.0
2822,47.597296,6.931197,77.99,242.5,95.0,46.0
2823,47.596972,6.930275,77.99,242.5,95.0,46.0
2824,47.596649,6.929354,77.99,242.5,95.0,46.0
2825,47.596326,6.928432,77.99,242.5,95.0,46.0
2826,47.596002,6.92751,77.99,242.5,95.0,46.0
2827,47.595679,6.926589,77.99,242.5,95.0,46.0
2828,47.595356,6.925667,77.99,242.5,95.0,46.0
2829,47.595032,6.924745,77.99,242.5,95.0,47.0
2830,47.594709,6.923824,77.99,242.5,95.0,47.0
2831,47.594386,6.922902,77.99,242.5,95.0,47.0
2832,47.594062,6.921981,77.99,242.5,95.0,47.0
2833,47.593739,6.921059,77.99,242.5,95.0,47.0
2834,47.593416,6.920137,77.99,242.5,95.0,47.0
2835,47.593092,6.919216,77.99,242.5,95.0,47.0
2836,47.592769,6.918294,77.99,242.5,95.0,47.0
2837,47.592446,6.917372,77.99,242.5,95.0,47.0
2838,47.592122,6.916451,77.99,242.5,95.0,47.0
2839,47.591799,6.915529,77.99,242.5,95.0,47.0
2840,47.591476,6.914608,77.99,242.5,95.0,47.0
2841,47.591152,6.913686,77.99,242.5,95.0,47.0
2842,47.590829,6.912764,77.99,242.5,95.0,47.0
2843,47.590506,6.911843,77.99,242.5,95.0,47.0
2844,47.590182,6.910921,78.0,242.5,95.0,47.0
2845,47.589859,6.909999,78.0,242.5,95.0,47.0
2846,47.589536,6.909078,78.0,242.5,95.0,47.0
2847,47.589212,6.908156,78.0,242.5,95.0,48.0
2848,47.588889,6.907235,78.0,242.5,95.0,48.0
2849,47.588566,6.906313,78.0,242.5,95.0,48.0
2850,47.588242,6.905391,78.0,242.5,95.0,48.0
2851,47.587919,6.90447,78.0,242.5,95.0,48.0
2852,47.587596,6.903548,78.0,242.5,95.0,48.0
2853,47.587272,6.902626,78.0,242.5,95.0,48.0
2854,47.586949,6.901705,78.0,242.5,95.0,48.0
2855,47.586626,6.900783,78.0,242.5,95.0,48.0
2856,47.586302,6.899862,78.0,242.5,95.0,48.0
2857,47.585982,6.898938,77.97,242.8,95.0,48.0
2858,47.585702,6.897991,77.65,246.4,95.0,48.0
2859,47.585423,6.897043,77.65,246.4,95.0,48.0
2860,47.585143,6.896095,77.66,246.4,95.0,48.0
2861,47.584864,6.895148,77.66,246.4,95.0,48.0
2862,47.584584,6.8942,77.66,246.4,95.0,48.0
2863,47.584305,6.893253,77.66,246.4,95.0,48.0
2864,47.584026,6.892305,77.66,246.4,95.0,48.0
2865,47.583746,6.891357,77.66,246.4,95.0,49.0
2866,47.583467,6.89041,77.66,246.4,95.0,49.0
2867,47.583187,6.889462,77.66,246.4,95.0,49.0
2868,47.582908,6.888515,77.66,246.4,95.0,49.0
2869,47.582628,6.887567,77.66,246.4,95.0,49.0
2870,47.582349,6.886619,77.66,246.4,95.0,49.0
2871,47.582069,6.885672,77.66,246.4,95.0,49.0
2872,47.58179,6.884724,77.66,246.4,95.0,49.0
2873,47.58151,6.883776,77.66,246.4,95.0,49.0
2874,47.581231,6.882829,77.66,246.4,95.0,49.0
2875,47.580951,6.881881,77.66,246.4,95.0,49.0
2876,47.580672,6.880934,77.66,246.4,95.0,49.0
2877,47.580393,6.879986,77.66,246.4,95.0,49.0
2878,47.580113,6.879038,77.66,246.4,95.0,49.0
2879,47.579834,6.878091,77.66,246.4,95.0,49.0
2880,47.579554,6.877143,77.66,246.4,95.0,49.0
2881,47.579275,6.876195,77.66,246.4,95.0,49.0
2882,47.578995,6.875248,77.66,246.4,95.0,49.0
2883,47.578716,6.8743,77.66,246.4,95.0,50.0
2884,47.578436,6.873353,77.66,246.4,95.0,50.0
2885,47.578157,6.872405,77.66,246.4,95.0,50.0
2886,47.577877,6.871457,77.66,246.4,95.0,50.0
2887,47.577598,6.87051,77.66,246.4,94.9,50.0
2888,47.577318,6.869562,77.67,246.4,94.9,50.0
2889,47.577039,6.868615,77.67,246.4,94.9,50.0
2890,47.57676,6.867667,77.67,246.4,94.9,50.0
2891,47.57648,6.866719,77.67,246.4,94.9,50.0
2892,47.576201,6.865772,77.67,246.4,94.9,50.0
2893,47.575921,6.864824,77.67,246.4,94.9,50.0
2894,47.575642,6.863876,77.67,246.4,94.9,50.0
2895,47.575362,6.862929,77.67,246.4,94.9,50.0
2896,47.575083,6.861981,77.67,246.4,94.9,50.0
2897,47.574803,6.861034,77.67,246.4,94.9,50.0
2898,47.574524,6.860086,77.67,246.4,94.9,50.0
2899,47.574244,6.859138,77.67,246.4,94.9,50.0
2900,47.573965,6.858191,77.67,246.4,94.9,50.0
2901,47.573685,6.857243,77.67,246.4,94.9,51.0
2902,47.573406,6.856296,77.67,246.4,94.9,51.0
2903,47.573127,6.855348,77.67,246.4,94.9,51.0
2904,47.572847,6.8544,77.67,246.4,94.9,51.0
2905,47.572568,6.853453,77.67,246.4,94.9,51.0
2906,47.572288,6.852505,77.67,246.4,94.9,51.0
2907,47.572009,6.851557,77.67,246.4,94.9,51.0
2908,47.571729,6.85061,77.67,246.4,94.9,51.0
2909,47.57145,6.849662,77.67,246.4,94.9,51.0
2910,47.57117,6.848715,77.67,246.4,94.9,51.0
2911,47.570891,6.847767,77.67,246.4,94.9,51.0
2912,47.570611,6.846819,77.67,246.4,94.9,51.0
2913,47.570332,6.845872,77.67,246.4,94.9,51.0
2914,47.570052,6.844924,77.67,246.4,94.9,51.0
2915,47.569773,6.843977,77.67,246.4,94.9,51.0
2916,47.569494,6.843029,77.67,246.4,94.9,51.0
2917,47.569214,6.842081,77.68,246.4,94.9,51.0
2918,47.568935,6.841134,77.68,246.4,94.9,51.0
2919,47.568655,6.840186,77.68,246.4,94.9,51.0
2920,47.568376,6.839238,77.68,246.4,94.9,52.0
2921,47.568096,6.838291,77.68,246.4,94.9,52.0
2922,47.567817,6.837343,77.68,246.4,94.8,52.0
2923,47.567537,6.836396,77.68,246.4,94.8,52.0
2924,47.567258,6.835448,77.68,246.4,94.8,52.0
2925,47.566978,6.8345,77.68,246.4,94.8,52.0
2926,47.566699,6.833553,77.68,246.4,94.8,52.0
2927,47.566419,6.832605,77.68,246.4,94.8,52.0
2928,47.56614,6.831657,77.68,246.4,94.8,52.0
2929,47.565861,6.83071,77.68,246.4,94.8,52.0
2930,47.565581,6.829762,77.68,246.4,94.8,52.0
2931,47.565302,6.828815,77.68,246.4,94.8,52.0
2932,47.565022,6.827867,77.68,246.4,94.8,52.0
2933,47.564743,6.826919,77.68,246.4,94.8,52.0
2934,47.564463,6.825972,77.68,246.4,94.8,52.0
2935,47.564184,6.825024,77.68,246.4,94.8,52.0
2936,47.563904,6.824077,77.68,246.4,94.8,52.0
2937,47.563625,6.823129,77.68,246.4,94.8,52.0
2938,47.563345,6.822181,77.68,246.4,94.8,53.0
2939,47.563066,6.821234,77.68,246.4,94.8,53.0
2940,47.562786,6.820286,77.68,246.4,94.8,53.0
2941,47.562507,6.819338,77.68,246.4,94.8,53.0
2942,47.562228,6.818391,77.68,246.4,94.8,53.0
2943,47.561948,6.817443,77.68,246.4,94.8,53.0
2944,47.561669,6.816496,77.68,246.4,94.8,53.0
2945,47.561389,6.815548,77.68,246.4,94.8,53.0
2946,47.56111,6.8146,77.69,246.4,94.8,53.0
2947,47.56083,6.813653,77.69,246.4,94.7,53.0
2948,47.560551,6.812705,77.69,246.4,94.7,53.0
2949,47.560271,6.811758,77.69,246.4,94.7,53.0
2950,47.559992,6.81081,77.69,246.4,94.7,53.0
2951,47.559712,6.809862,77.69,246.4,94.7,53.0
2952,47.559433,6.808915,77.69,246.4,94.7,53.0
2953,47.559153,6.807967,77.69,246.4,94.7,53.0
2954,47.558874,6.807019,77.69,246.4,94.7,53.0
2955,47.558595,6.806072,77.69,246.4,94.7,53.0
2956,47.558315,6.805124,77.69,246.4,94.7,54.0
2957,47.558036,6.804177,77.69,246.4,94.7,54.0
2958,47.557756,6.803229,77.69,246.4,94.7,54.0
2959,47.557477,6.802281,77.69,246.4,94.7,54.0
2960,47.557197,6.801334,77.69,246.4,94.7,54.0
2961,47.556918,6.800386,77.69,246.4,94.7,54.0
2962,47.556638,6.799438,77.69,246.4,94.7,54.0
2963,47.556359,6.798491,77.69,246.4,94.7,54.0
2964,47.556079,6.797543,77.69,246.4,94.7,54.0
2965,47.5558,6.796596,77.69,246.4,94.7,54.0
2966,47.55552,6.795648,77.69,246.4,94.6,54.0
2967,47.555241,6.7947,77.69,246.4,94.6,54.0
2968,47.554962,6.793753,77.69,246.4,94.6,54.0
2969,47.554682,6.792805,77.69,246.4,94.6,54.0
2970,47.554403,6.791858,77.69,246.4,94.6,54.0
2971,47.554123,6.79091,77.69,246.4,94.6,54.0
2972,47.553844,6.789962,77.69,246.4,94.6,54.0
2973,47.553564,6.789015,77.69,246.4,94.6,54.0
2974,47.553285,6.788067,77.7,246.4,94.6,54.0
2975,47.553005,6.787119,77.7,246.4,94.6,55.0
2976,47.552726,6.786172,77.7,246.4,94.6,55.0
2977,47.552446,6.785224,77.7,246.4,94.6,55.0
2978,47.552167,6.784277,77.7,246.4,94.6,55.0
2979,47.551887,6.783329,77.7,246.4,94.6,55.0
2980,47.551608,6.782381,77.7,246.4,94.6,55.0
2981,47.551329,6.781434,77.7,246.4,94.6,55.0
2982,47.551049,6.780486,77.7,246.4,94.6,55.0
2983,47.55077,6.779539,77.7,246.4,94.6,55.0
2984,47.55049,6.778591,77.7,246.4,94.5,55.0
2985,47.550211,6.777643,77.7,246.4,94.5,55.0
2986,47.549931,6.776696,77.7,246.4,94.5,55.0
2987,47.549652,6.775748,77.7,246.4,94.5,55.0
2988,47.549372,6.7748,77.7,246.4,94.5,55.0
2989,47.549093,6.773853,77.7,246.4,94.5,55.0
2990,47.548813,6.772905,77.7,246.4,94.5,55.0
2991,47.548534,6.771958,77.7,246.4,94.5,55.0
2992,47.548254,6.77101,77.7,246.4,94.5,55.0
2993,47.547975,6.770062,77.7,246.4,94.5,56.0
2994,47.547696,6.769115,77.7,246.4,94.5,56.0
2995,47.547416,6.768167,77.7,246.4,94.5,56.0
2996,47.547137,6.76722,77.7,246.4,94.5,56.0
2997,47.546857,6.766272,77.7,246.4,94.5,56.0
2998,47.546578,6.765324,77.7,246.4,94.5,56.0
2999,47.546298,6.764377,77.7,246.4,94.4,56.0
3000,47.546019,6.763429,77.7,246.4,94.4,56.0
3001,47.545739,6.762481,77.7,246.4,94.4,56.0
3002,47.54546,6.761534,77.7,246.4,94.4,56.0
3003,47.54518,6.760586,77.71,246.4,94.4,56.0
3004,47.544901,6.759639,77.71,246.4,94.4,56.0
3005,47.544621,6.758691,77.71,246.4,94.4,56.0
3006,47.544342,6.757743,77.71,246.4,94.4,56.0
3007,47.544063,6.756796,77.71,246.4,94.4,56.0
3008,47.543783,6.755848,77.71,246.4,94.4,56.0
3009,47.543504,6.7549,77.71,246.4,94.4,56.0
3010,47.543224,6.753953,77.71,246.4,94.4,56.0
3011,47.542945,6.753005,77.71,246.4,94.4,56.0
3012,47.542665,6.752058,77.71,246.4,94.4,57.0
3013,47.542386,6.75111,77.71,246.4,94.3,57.0
3014,47.542106,6.750162,77.71,246.4,94.3,57.0
3015,47.541827,6.749215,77.71,246.4,94.3,57.0
3016,47.541547,6.748267,77.71,246.4,94.3,57.0
3017,47.541268,6.74732,77.71,246.4,94.3,57.0
3018,47.540988,6.746372,77.71,246.4,94.3,57.0
3019,47.540709,6.745424,77.71,246.4,94.3,57.0
3020,47.54043,6.744477,77.71,246.4,94.3,57.0
3021,47.54015,6.743529,77.71,246.4,94.3,57.0
3022,47.539871,6.742581,77.71,246.4,94.3,57.0
3023,47.539591,6.741634,77.71,246.4,94.3,57.0
3024,47.539312,6.740686,77.71,246.4,94.3,57.0
3025,47.539032,6.739739,77.71,246.4,94.3,57.0
3026,47.538753,6.738791,77.71,246.4,94.2,57.0
3027,47.538473,6.737843,77.71,246.4,94.2,57.0
3028,47.538194,6.736896,77.71,246.4,94.2,57.0
3029,47.537914,6.735948,77.71,246.4,94.2,57.0
3030,47.537635,6.735001,77.71,246.4,94.2,58.0
3031,47.537355,6.734053,77.71,246.4,94.2,58.0
3032,47.537076,6.733105,77.72,246.4,94.2,58.0
3033,47.536797,6.732158,77.72,246.4,94.2,58.0
3034,47.536517,6.73121,77.72,246.4,94.2,58.0
3035,47.536238,6.730262,77.72,246.4,94.2,58.0
3036,47.535958,6.729315,77.72,246.4,94.2,58.0
3037,47.535679,6.728367,77.72,246.4,94.2,58.0
3038,47.535399,6.72742,77.72,246.4,94.1,58.0
3039,47.53512,6.726472,77.72,246.4,94.1,58.0
3040,47.53484,6.725524,77.72,246.4,94.1,58.0
3041,47.534561,6.724577,77.72,246.4,94.1,58.0
3042,47.534281,6.723629,77.72,246.4,94.1,58.0
3043,47.534002,6.722681,77.72,246.4,94.1,58.0
3044,47.533722,6.721734,77.72,246.4,94.1,58.0
3045,47.533443,6.720786,77.72,246.4,94.1,58.0
3046,47.533164,6.719839,77.72,246.4,94.1,58.0
3047,47.532884,6.718891,77.72,246.4,94.1,58.0
3048,47.532605,6.717943,77.72,246.4,94.1,58.0
3049,47.532325,6.716996,77.72,246.4,94.0,59.0
3050,47.532046,6.716048,77.72,246.4,94.0,59.0
3051,47.531766,6.715101,77.72,246.4,94.0,59.0
3052,47.531487,6.714153,77.72,246.4,94.0,59.0
3053,47.531207,6.713205,77.72,246.4,94.0,59.0
3054,47.530928,6.712258,77.72,246.4,94.0,59.0
3055,47.530648,6.71131,77.72,246.4,94.0,59.0
3056,47.530369,6.710362,77.72,246.4,94.0,59.0
3057,47.530089,6.709415,77.72,246.4,94.0,59.0
3058,47.52981,6.708467,77.72,246.4,94.0,59.0
3059,47.529531,6.70752,77.72,246.4,94.0,59.0
3060,47.529251,6.706572,77.72,246.4,93.9,59.0
3061,47.528972,6.705624,77.73,246.4,93.9,59.0
3062,47.528692,6.704677,77.73,246.4,93.9,59.0
3063,47.528413,6.703729,77.73,246.4,93.9,59.0
3064,47.528133,6.702782,77.73,246.4,93.9,59.0
3065,47.527854,6.701834,77.73,246.4,93.9,59.0
3066,47.527574,6.700886,77.73,246.4,93.9,59.0
3067,47.527295,6.699939,77.73,246.4,93.9,59.0
3068,47.527015,6.698991,77.73,246.4,93.9,60.0
3069,47.526736,6.698043,77.73,246.4,93.9,60.0
3070,47.526456,6.697096,77.73,246.4,93.8,60.0
3071,47.526177,6.696148,77.73,246.4,93.8,60.0
3072,47.525898,6.695201,77.73,246.4,93.8,60.0
3073,47.525618,6.694253,77.73,246.4,93.8,60.0
3074,47.525339,6.693305,77.73,246.4,93.8,60.0
3075,47.525059,6.692358,77.73,246.4,93.8,60.0
3076,47.52478,6.69141,77.73,246.4,93.8,60.0
3077,47.5245,6.690463,77.73,246.4,93.8,60.0
3078,47.524221,6.689515,77.73,246.4,93.8,60.0
3079,47.523941,6.688567,77.73,246.4,93.8,60.0
3080,47.523662,6.68762,77.73,246.4,93.7,60.0
3081,47.523382,6.686672,77.73,246.4,93.7,60.0
3082,47.523103,6.685724,77.73,246.4,93.7,60.0
3083,47.522823,6.684777,77.73,246.4,93.7,60.0
3084,47.522544,6.683829,77.73,246.4,93.7,60.0
3085,47.522265,6.682882,77.73,246.4,93.7,60.0
3086,47.521985,6.681934,77.73,246.4,93.7,60.0
3087,47.521706,6.680986,77.73,246.4,93.7,61.0
3088,47.521426,6.680039,77.73,246.4,93.7,61.0
3089,47.521147,6.679091,77.74,246.4,93.7,61.0
3090,47.520867,6.678143,77.74,246.4,93.6,61.0
3091,47.520588,6.677196,77.74,246.4,93.6,61.0
3092,47.520308,6.676248,77.74,246.4,93.6,61.0
3093,47.520029,6.675301,77.74,246.4,93.6,61.0
3094,47.519749,6.674353,77.74,246.4,93.6,61.0
3095,47.51947,6.673405,77.74,246.4,93.6,61.0
3096,47.51919,6.672458,77.74,246.4,93.6,61.0
3097,47.518911,6.67151,77.74,246.4,93.6,61.0
3098,47.518632,6.670563,77.74,246.4,93.6,61.0
3099,47.518352,6.669615,77.74,246.4,93.5,61.0
3100,47.518073,6.668667,77.74,246.4,93.5,61.0
3101,47.517793,6.66772,77.74,246.4,93.5,61.0
3102,47.517514,6.666772,77.74,246.4,93.5,61.0
3103,47.517234,6.665824,77.74,246.4,93.5,61.0
3104,47.516955,6.664877,77.74,246.4,93.5,61.0
3105,47.516675,6.663929,77.74,246.4,93.5,61.0
3106,47.516396,6.662982,77.74,246.4,93.5,62.0
3107,47.516116,6.662034,77.74,246.4,93.5,62.0
3108,47.515837,6.661086,77.74,246.4,93.4,62.0
3109,47.515557,6.660139,77.74,246.4,93.4,62.0
3110,47.515278,6.659191,77.74,246.4,93.4,62.0
3111,47.514999,6.658244,77.74,246.4,93.4,62.0
3112,47.514719,6.657296,77.74,246.4,93.4,62.0
3113,47.51444,6.656348,77.74,246.4,93.4,62.0
3114,47.51416,6.655401,77.74,246.4,93.4,62.0
3115,47.513881,6.654453,77.74,246.4,93.4,62.0
3116,47.513601,6.653505,77.74,246.4,93.4,62.0
3117,47.513322,6.652558,77.74,246.4,93.3,62.0
3118,47.513042,6.65161,77.75,246.4,93.3,62.0
3119,47.512763,6.650663,77.75,246.4,93.3,62.0
3120,47.512483,6.649715,77.75,246.4,93.3,62.0
3121,47.512204,6.648767,77.75,246.4,93.3,62.0
3122,47.511924,6.64782,77.75,246.4,93.3,62.0
3123,47.511645,6.646872,77.75,246.4,93.3,62.0
3124,47.511366,6.645924,77.75,246.4,93.3,62.0
3125,47.511086,6.644977,77.75,246.4,93.2,63.0
3126,47.510807,6.644029,77.75,246.4,93.2,63.0
3127,47.510527,6.643082,77.75,246.4,93.2,63.0
3128,47.510248,6.642134,77.75,246.4,93.2,63.0
3129,47.509968,6.641186,77.75,246.4,93.2,63.0
3130,47.509689,6.640239,77.75,246.4,93.2,63.0
3131,47.509409,6.639291,77.75,246.4,93.2,63.0
3132,47.50913,6.638344,77.75,246.4,93.2,63.0
3133,47.50885,6.637396,77.75,246.4,93.1,63.0
3134,47.508571,6.636448,77.75,246.4,93.1,63.0
3135,47.508291,6.635501,77.75,246.4,93.1,63.0
3136,47.508012,6.634553,77.75,246.4,93.1,63.0
3137,47.507733,6.633605,77.75,246.4,93.1,63.0
3138,47.507453,6.632658,77.75,246.4,93.1,63.0
3139,47.507174,6.63171,77.75,246.4,93.1,63.0
3140,47.506894,6.630763,77.75,246.4,93.1,63.0
3141,47.506615,6.629815,77.75,246.4,93.0,63.0
3142,47.506335,6.628867,77.75,246.4,93.0,63.0
3143,47.506056,6.62792,77.75,246.4,93.0,63.0
3144,47.505776,6.626972,77.75,246.4,93.0,64.0
3145,47.505497,6.626025,77.75,246.4,93.0,64.0
3146,47.505217,6.625077,77.75,246.4,93.0,64.0
3147,47.504938,6.624129,77.76,246.4,93.0,64.0
3148,47.504658,6.623182,77.76,246.4,93.0,64.0
3149,47.504379,6.622234,77.76,246.4,92.9,64.0
3150,47.5041,6.621286,77.76,246.4,92.9,64.0
3151,47.50382,6.620339,77.76,246.4,92.9,64.0
3152,47.503541,6.619391,77.76,246.4,92.9,64.0
3153,47.503261,6.618444,77.76,246.4,92.9,64.0
3154,47.502982,6.617496,77.76,246.4,92.9,64.0
3155,47.502702,6.616548,77.76,246.4,92.9,64.0
3156,47.502423,6.615601,77.76,246.4,92.8,64.0
3157,47.502143,6.614653,77.76,246.4,92.8,64.0
3158,47.501864,6.613705,77.76,246.4,92.8,64.0
3159,47.501584,6.612758,77.76,246.4,92.8,64.0
3160,47.501305,6.61181,77.76,246.4,92.8,64.0
3161,47.501025,6.610863,77.76,246.4,92.8,64.0
3162,47.500746,6.609915,77.76,246.4,92.8,64.0
3163,47.500467,6.608967,77.76,246.4,92.8,65.0
3164,47.500187,6.60802,77.76,246.4,92.7,65.0
3165,47.499908,6.607072,77.76,246.4,92.7,65.0
3166,47.499628,6.606125,77.76,246.4,92.7,65.0
3167,47.499349,6.605177,77.76,246.4,92.7,65.0
3168,47.499069,6.604229,77.76,246.4,92.7,65.0
3169,47.49879,6.603282,77.76,246.4,92.7,65.0
3170,47.49851,6.602334,77.76,246.4,92.7,65.0
3171,47.498231,6.601386,77.76,246.4,92.6,65.0
3172,47.497951,6.600439,77.76,246.4,92.6,65.0
3173,47.497672,6.599491,77.76,246.4,92.6,65.0
3174,47.497392,6.598544,77.76,246.4,92.6,65.0
3175,47.497113,6.597596,77.76,246.4,92.6,65.0
3176,47.496834,6.596648,77.77,246.4,92.6,65.0
3177,47.496554,6.595701,77.77,246.4,92.6,65.0
3178,47.496275,6.594753,77.77,246.4,92.5,65.0
3179,47.495995,6.593806,77.77,246.4,92.5,65.0
3180,47.495716,6.592858,77.77,246.4,92.5,65.0
3181,47.495436,6.59191,77.77,246.4,92.5,65.0
3182,47.495157,6.590963,77.77,246.4,92.5,66.0
3183,47.494877,6.590015,77.77,246.4,92.5,66.0
3184,47.494598,6.589067,77.77,246.4,92.5,66.0
3185,47.494318,6.58812,77.77,246.4,92.4,66.0
3186,47.494039,6.587172,77.77,246.4,92.4,66.0
3187,47.493759,6.586225,77.77,246.4,92.4,66.0
3188,47.49348,6.585277,77.77,246.4,92.4,66.0
3189,47.493201,6.584329,77.77,246.4,92.4,66.0
3190,47.492921,6.583382,77.77,246.4,92.4,66.0
3191,47.492642,6.582434,77.77,246.4,92.4,66.0
3192,47.492362,6.581487,77.77,246.4,92.3,66.0
3193,47.492083,6.580539,77.77,246.4,92.3,66.0
3194,47.491803,6.579591,77.77,246.4,92.3,66.0
3195,47.491524,6.578644,77.77,246.4,92.3,66.0
3196,47.491244,6.577696,77.77,246.4,92.3,66.0
3197,47.490965,6.576748,77.77,246.4,92.3,66.0
3198,47.490685,6.575801,77.77,246.4,92.2,66.0
3199,47.490406,6.574853,77.77,246.4,92.2,66.0
3200,47.490126,6.573906,77.77,246.4,92.2,66.0
3201,47.489847,6.572958,77.77,246.4,92.2,66.0
3202,47.489568,6.57201,77.77,246.4,92.2,67.0
3203,47.489288,6.571063,77.77,246.4,92.2,67.0
3204,47.489009,6.570115,77.77,246.4,92.2,67.0
3205,47.488729,6.569167,77.78,246.4,92.1,67.0
3206,47.48845,6.56822,77.78,246.4,92.1,67.0
3207,47.48817,6.567272,77.78,246.4,92.1,67.0
3208,47.487891,6.566325,77.78,246.4,92.1,67.0
3209,47.487611,6.565377,77.78,246.4,92.1,67.0
3210,47.487332,6.564429,77.78,246.4,92.1,67.0
3211,47.487052,6.563482,77.78,246.4,92.0,67.0
3212,47.486773,6.562534,77.78,246.4,92.0,67.0
3213,47.486493,6.561587,77.78,246.4,92.0,67.0
3214,47.486214,6.560639,77.78,246.4,92.0,67.0
3215,47.485935,6.559691,77.78,246.4,92.0,67.0
3216,47.485655,6.558744,77.78,246.4,92.0,67.0
3217,47.485376,6.557796,77.78,246.4,92.0,67.0
3218,47.485096,6.556848,77.78,246.4,91.9,67.0
3219,47.484817,6.555901,77.78,246.4,91.9,67.0
3220,47.484537,6.554953,77.78,246.4,91.9,67.0
3221,47.484258,6.554006,77.78,246.4,91.9,68.0
3222,47.483978,6.553058,77.78,246.4,91.9,68.0
3223,47.483699,6.55211,77.78,246.4,91.9,68.0
3224,47.483419,6.551163,77.78,246.4,91.8,68.0
3225,47.48314,6.550215,77.78,246.4,91.8,68.0
3226,47.48286,6.549268,77.78,246.4,91.8,68.0
3227,47.482581,6.54832,77.78,246.4,91.8,68.0
3228,47.482302,6.547372,77.78,246.4,91.8,68.0
3229,47.482022,6.546425,77.78,246.4,91.8,68.0
3230,47.481743,6.545477,77.78,246.4,91.7,68.0
3231,47.481463,6.544529,77.78,246.4,91.7,68.0
3232,47.481184,6.543582,77.78,246.4,91.7,68.0
3233,47.480904,6.542634,77.79,246.4,91.7,68.0
3234,47.480625,6.541687,77.79,246.4,91.7,68.0
3235,47.480345,6.540739,77.79,246.4,91.7,68.0
3236,47.480066,6.539791,77.79,246.4,91.6,68.0
3237,47.479786,6.538844,77.79,246.4,91.6,68.0
3238,47.479507,6.537896,77.79,246.4,91.6,68.0
3239,47.479227,6.536948,77.79,246.4,91.6,68.0
3240,47.478948,6.536001,77.79,246.4,91.6,68.0
3241,47.478669,6.535053,77.79,246.4,91.6,69.0
3242,47.478389,6.534106,77.79,246.4,91.5,69.0
3243,47.47811,6.533158,77.79,246.4,91.5,69.0
3244,47.47783,6.53221,77.79,246.4,91.5,69.0
3245,47.477551,6.531263,77.79,246.4,91.5,69.0
3246,47.477271,6.530315,77.79,246.4,91.5,69.0
3247,47.476992,6.529368,77.79,246.4,91.5,69.0
3248,47.476712,6.52842,77.79,246.4,91.4,69.0
3249,47.476433,6.527472,77.79,246.4,91.4,69.0
3250,47.476153,6.526525,77.79,246.4,91.4,69.0
3251,47.475874,6.525577,77.79,246.4,91.4,69.0
3252,47.475594,6.524629,77.79,246.4,91.4,69.0
3253,47.475315,6.523682,77.79,246.4,91.4,69.0
3254,47.475036,6.522734,77.79,246.4,91.3,69.0
3255,47.474756,6.521787,77.79,246.4,91.3,69.0
3256,47.474477,6.520839,77.79,246.4,91.3,69.0
3257,47.474197,6.519891,77.79,246.4,91.3,69.0
3258,47.473918,6.518944,77.79,246.4,91.3,69.0
3259,47.473638,6.517996,77.79,246.4,91.3,69.0
3260,47.473359,6.517049,77.79,246.4,91.2,69.0
3261,47.473079,6.516101,77.79,246.4,91.2,70.0
3262,47.4728,6.515153,77.8,246.4,91.2,70.0
3263,47.47252,6.514206,77.8,246.4,91.2,70.0
3264,47.472241,6.513258,77.8,246.4,91.2,70.0
3265,47.471961,6.51231,77.8,246.4,91.1,70.0
3266,47.471682,6.511363,77.8,246.4,91.1,70.0
3267,47.471403,6.510415,77.8,246.4,91.1,70.0
3268,47.471123,6.509468,77.8,246.4,91.1,70.0
3269,47.470844,6.50852,77.8,246.4,91.1,70.0
3270,47.470564,6.507572,77.8,246.4,91.1,70.0
3271,47.470285,6.506625,77.8,246.4,91.0,70.0
3272,47.470005,6.505677,77.8,246.4,91.0,70.0
3273,47.469726,6.50473,77.8,246.4,91.0,70.0
3274,47.469446,6.503782,77.8,246.4,91.0,70.0
3275,47.469167,6.502834,77.8,246.4,91.0,70.0
3276,47.468887,6.501887,77.8,246.4,90.9,70.0
3277,47.468608,6.500939,77.8,246.4,90.9,70.0
3278,47.468328,6.499991,77.8,246.4,90.9,70.0
3279,47.468049,6.499044,77.8,246.4,90.9,70.0
3280,47.46777,6.498096,77.8,246.4,90.9,71.0
3281,47.46749,6.497149,77.8,246.4,90.9,71.0
3282,47.467211,6.496201,77.8,246.4,90.8,71.0
3283,47.466931,6.495253,77.8,246.4,90.8,71.0
3284,47.466652,6.494306,77.8,246.4,90.8,71.0
3285,47.466372,6.493358,77.8,246.4,90.8,71.0
3286,47.466093,6.49241,77.8,246.4,90.8,71.0
3287,47.465813,6.491463,77.8,246.4,90.7,71.0
3288,47.465534,6.490515,77.8,246.4,90.7,71.0
3289,47.465254,6.489568,77.8,246.4,90.7,71.0
3290,47.464975,6.48862,77.8,246.4,90.7,71.0
3291,47.464695,6.487672,77.81,246.4,90.7,71.0
3292,47.464416,6.486725,77.81,246.4,90.7,71.0
3293,47.464137,6.485777,77.81,246.4,90.6,71.0
3294,47.463857,6.48483,77.81,246.4,90.6,71.0
3295,47.463578,6.483882,77.81,246.4,90.6,71.0
3296,47.463298,6.482934,77.81,246.4,90.6,71.0
3297,47.463019,6.481987,77.81,246.4,90.6,71.0
3298,47.462739,6.481039,77.81,246.4,90.5,71.0
3299,47.46246,6.480091,77.81,246.4,90.5,71.0
3300,47.46218,6.479144,77.81,246.4,90.5,72.0
3301,47.461901,6.478196,77.81,246.4,90.5,72.0
3302,47.461621,6.477249,77.81,246.4,90.5,72.0
3303,47.461342,6.476301,77.81,246.4,90.4,72.0
3304,47.461062,6.475353,77.81,246.4,90.4,72.0
3305,47.460783,6.474406,77.81,246.4,90.4,72.0
3306,47.460504,6.473458,77.81,246.4,90.4,72.0
3307,47.460224,6.472511,77.81,246.4,90.4,72.0
3308,47.459945,6.471563,77.81,246.4,90.3,72.0
3309,47.459665,6.470615,77.81,246.4,90.3,72.0
3310,47.459386,6.469668,77.81,246.4,90.3,72.0
3311,47.459106,6.46872,77.81,246.4,90.3,72.0
3312,47.458827,6.467772,77.81,246.4,90.3,72.0
3313,47.458547,6.466825,77.81,246.4,90.2,72.0
3314,47.458268,6.465877,77.81,246.4,90.2,72.0
3315,47.457988,6.46493,77.81,246.4,90.2,72.0
3316,47.457709,6.463982,77.81,246.4,90.2,72.0
3317,47.457429,6.463034,77.81,246.4,90.2,72.0
3318,47.45715,6.462087,77.81,246.4,90.2,72.0
3319,47.456871,6.461139,77.81,246.4,90.1,72.0
3320,47.456591,6.460191,77.82,246.4,90.1,73.0
3321,47.456312,6.459244,77.82,246.4,90.1,73.0
3322,47.456032,6.458296,77.82,246.4,90.1,73.0
3323,47.455753,6.457349,77.82,246.4,90.1,73.0
3324,47.455473,6.456401,77.82,246.4,90.0,73.0
3325,47.455194,6.455453,77.82,246.4,90.0,73.0
3326,47.454914,6.454506,77.82,246.4,90.0,73.0
3327,47.454635,6.453558,77.82,246.4,90.0,73.0
3328,47.454355,6.452611,77.82,246.4,90.0,73.0
3329,47.454076,6.451663,77.82,246.4,89.9,73.0
3330,47.453796,6.450715,77.82,246.4,89.9,73.0
3331,47.453517,6.449768,77.82,246.4,89.9,73.0
3332,47.453238,6.44882,77.82,246.4,89.9,73.0
3333,47.452958,6.447872,77.82,246.4,89.9,73.0
3334,47.452679,6.446925,77.82,246.4,89.8,73.0
3335,47.452399,6.445977,77.82,246.4,89.8,73.0
3336,47.45212,6.44503,77.82,246.4,89.8,73.0
3337,47.45184,6.444082,77.82,246.4,89.8,73.0
3338,47.451561,6.443134,77.82,246.4,89.7,73.0
3339,47.451281,6.442187,77.82,246.4,89.7,73.0
3340,47.451002,6.441239,77.82,246.4,89.7,73.0
3341,47.450722,6.440292,77.82,246.4,89.7,74.0
3342,47.450443,6.439344,77.82,246.4,89.7,74.0
3343,47.450163,6.438396,77.82,246.4,89.6,74.0
3344,47.449884,6.437449,77.82,246.4,89.6,74.0
3345,47.449605,6.436501,77.82,246.4,89.6,74.0
3346,47.449325,6.435553,77.82,246.4,89.6,74.0
3347,47.449046,6.434606,77.82,246.4,89.6,74.0
3348,47.448766,6.433658,77.83,246.4,89.5,74.0
3349,47.448487,6.432711,77.83,246.4,89.5,74.0
3350,47.448207,6.431763,77.83,246.4,89.5,74.0
3351,47.447928,6.430815,77.83,246.4,89.5,74.0
3352,47.447648,6.429868,77.83,246.4,89.5,74.0
3353,47.447369,6.42892,77.83,246.4,89.4,74.0
3354,47.447089,6.427973,77.83,246.4,89.4,74.0
3355,47.44681,6.427025,77.83,246.4,89.4,74.0
3356,47.44653,6.426077,77.83,246.4,89.4,74.0
3357,47.446251,6.42513,77.83,246.4,89.4,74.0
3358,47.445971,6.424182,77.83,246.4,89.3,74.0
3359,47.445692,6.423234,77.83,246.4,89.3,74.0
3360,47.445413,6.422287,77.83,246.4,89.3,74.0
3361,47.445133,6.421339,77.83,246.4,89.3,75.0
3362,47.444854,6.420392,77.83,246.4,89.2,75.0
3363,47.444574,6.419444,77.83,246.4,89.2,75.0
3364,47.444295,6.418496,77.83,246.4,89.2,75.0
3365,47.444015,6.417549,77.83,246.4,89.2,75.0
3366,47.443736,6.416601,77.83,246.4,89.2,75.0
3367,47.443456,6.415653,77.83,246.4,89.1,75.0
3368,47.443177,6.414706,77.83,246.4,89.1,75.0
3369,47.442897,6.413758,77.83,246.4,89.1,75.0
3370,47.442618,6.412811,77.83,246.4,89.1,75.0
3371,47.442338,6.411863,77.83,246.4,89.1,75.0
3372,47.442059,6.410915,77.83,246.4,89.0,75.0
3373,47.44178,6.409968,77.83,246.4,89.0,75.0
3374,47.4415,6.40902,77.83,246.4,89.0,75.0
3375,47.441221,6.408073,77.83,246.4,89.0,75.0
3376,47.440941,6.407125,77.83,246.4,88.9,75.0
3377,47.440662,6.406177,77.84,246.4,88.9,75.0
3378,47.440382,6.40523,77.84,246.4,88.9,75.0
3379,47.440103,6.404282,77.84,246.4,88.9,75.0
3380,47.439823,6.403334,77.84,246.4,88.9,75.0
3381,47.439544,6.402387,77.84,246.4,88.8,75.0
3382,47.439264,6.401439,77.84,246.4,88.8,76.0
3383,47.438985,6.400492,77.84,246.4,88.8,76.0
3384,47.438705,6.399544,77.84,246.4,88.8,76.0
3385,47.438426,6.398596,77.84,246.4,88.7,76.0
3386,47.438147,6.397649,77.84,246.4,88.7,76.0
3387,47.437867,6.396701,77.84,246.4,88.7,76.0
3388,47.437588,6.395754,77.84,246.4,88.7,76.0
3389,47.437308,6.394806,77.84,246.4,88.7,76.0
3390,47.437029,6.393858,77.84,246.4,88.6,76.0
3391,47.436749,6.392911,77.84,246.4,88.6,76.0
3392,47.43647,6.391963,77.84,246.4,88.6,76.0
3393,47.43619,6.391015,77.84,246.4,88.6,76.0
3394,47.435911,6.390068,77.84,246.4,88.5,76.0
3395,47.435631,6.38912,77.84,246.4,88.5,76.0
3396,47.435352,6.388173,77.84,246.4,88.5,76.0
3397,47.435072,6.387225,77.84,246.4,88.5,76.0
3398,47.434793,6.386277,77.84,246.4,88.5,76.0
3399,47.434514,6.38533,77.84,246.4,88.4,76.0
3400,47.434234,6.384382,77.84,246.4,88.4,76.0
3401,47.433955,6.383434,77.84,246.4,88.4,76.0
3402,47.433675,6.382487,77.84,246.4,88.4,77.0
3403,47.433396,6.381539,77.84,246.4,88.3,77.0
3404,47.433116,6.380592,77.84,246.4,88.3,77.0
3405,47.432837,6.379644,77.84,246.4,88.3,77.0
3406,47.432557,6.378696,77.85,246.4,88.3,77.0
3407,47.432278,6.377749,77.85,246.4,88.2,77.0
3408,47.431998,6.376801,77.85,246.4,88.2,77.0
3409,47.431719,6.375854,77.85,246.4,88.2,77.0
3410,47.431439,6.374906,77.85,246.4,88.2,77.0
3411,47.43116,6.373958,77.85,246.4,88.2,77.0
3412,47.430881,6.373011,77.85,246.4,88.1,77.0
3413,47.430601,6.372063,77.85,246.4,88.1,77.0
3414,47.430322,6.371115,77.85,246.4,88.1,77.0
3415,47.430042,6.370168,77.85,246.4,88.1,77.0
3416,47.429763,6.36922,77.85,246.4,88.0,77.0
3417,47.429483,6.368273,77.85,246.4,88.0,77.0
3418,47.429204,6.367325,77.85,246.4,88.0,77.0
3419,47.428924,6.366377,77.85,246.4,88.0,77.0
3420,47.428645,6.36543,77.85,246.4,87.9,77.0
3421,47.428365,6.364482,77.85,246.4,87.9,77.0
3422,47.428086,6.363535,77.85,246.4,87.9,77.0
3423,47.427806,6.362587,77.85,246.4,87.9,78.0
3424,47.427527,6.361639,77.85,246.4,87.9,78.0
3425,47.427248,6.360692,77.85,246.4,87.8,78.0
3426,47.426968,6.359744,77.85,246.4,87.8,78.0
3427,47.426689,6.358796,77.85,246.4,87.8,78.0
3428,47.426409,6.357849,77.85,246.4,87.8,78.0
3429,47.42613,6.356901,77.85,246.4,87.7,78.0
3430,47.42585,6.355954,77.85,246.4,87.7,78.0
3431,47.425571,6.355006,77.85,246.4,87.7,78.0
3432,47.425291,6.354058,77.85,246.4,87.7,78.0
3433,47.425012,6.353111,77.85,246.4,87.6,78.0
3434,47.424732,6.352163,77.85,246.4,87.6,78.0
3435,47.424453,6.351215,77.86,246.4,87.6,78.0
3436,47.424173,6.350268,77.86,246.4,87.6,78.0
3437,47.423894,6.34932,77.86,246.4,87.5,78.0
3438,47.423615,6.348373,77.86,246.4,87.5,78.0
3439,47.423335,6.347425,77.86,246.4,87.5,78.0
3440,47.423056,6.346477,77.86,246.4,87.5,78.0
3441,47.422776,6.34553,77.86,246.4,87.4,78.0
3442,47.422497,6.344582,77.86,246.4,87.4,78.0
3443,47.422217,6.343635,77.86,246.4,87.4,78.0
3444,47.421938,6.342687,77.86,246.4,87.4,79.0
3445,47.421658,6.341739,77.86,246.4,87.4,79.0
3446,47.421379,6.340792,77.86,246.4,87.3,79.0
3447,47.421099,6.339844,77.86,246.4,87.3,79.0
3448,47.42082,6.338896,77.86,246.4,87.3,79.0
3449,47.42054,6.337949,77.86,246.4,87.3,79.0
3450,47.420261,6.337001,77.86,246.4,87.2,79.0
3451,47.419982,6.336054,77.86,246.4,87.2,79.0
3452,47.419702,6.335106,77.86,246.4,87.2,79.0
3453,47.419423,6.334158,77.86,246.4,87.2,79.0
3454,47.419143,6.333211,77.86,246.4,87.1,79.0
3455,47.418864,6.332263,77.86,246.5,87.1,79.0
3456,47.418584,6.331316,77.86,246.5,87.1,79.0
3457,47.418305,6.330368,77.86,246.5,87.1,79.0
3458,47.418025,6.32942,77.86,246.5,87.0,79.0
3459,47.417746,6.328473,77.86,246.5,87.0,79.0
3460,47.417466,6.327525,77.86,246.5,87.0,79.0
3461,47.417187,6.326577,77.86,246.5,87.0,79.0
3462,47.416907,6.32563,77.86,246.5,86.9,79.0
3463,47.416628,6.324682,77.86,246.5,86.9,79.0
3464,47.416349,6.323735,77.87,246.5,86.9,79.0
3465,47.416069,6.322787,77.87,246.5,86.9,80.0
3466,47.41579,6.321839,77.87,246.5,86.8,80.0
3467,47.41551,6.320892,77.87,246.5,86.8,80.0
3468,47.415231,6.319944,77.87,246.5,86.8,80.0
3469,47.414951,6.318997,77.87,246.5,86.8,80.0
3470,47.414672,6.318049,77.87,246.5,86.7,80.0
3471,47.414392,6.317101,77.87,246.5,86.7,80.0
3472,47.414113,6.316154,77.87,246.5,86.7,80.0
3473,47.413833,6.315206,77.87,246.5,86.7,80.0
3474,47.413554,6.314258,77.87,246.5,86.6,80.0
3475,47.413274,6.313311,77.87,246.5,86.6,80.0
3476,47.412995,6.312363,77.87,246.5,86.6,80.0
3477,47.412716,6.311416,77.87,246.5,86.6,80.0
3478,47.412436,6.310468,77.87,246.5,86.5,80.0
3479,47.412157,6.30952,77.87,246.5,86.5,80.0
3480,47.411877,6.308573,77.87,246.5,86.5,80.0
3481,47.411598,6.307625,77.87,246.5,86.5,80.0
3482,47.411318,6.306677,77.87,246.5,86.4,80.0
3483,47.411039,6.30573,77.87,246.5,86.4,80.0
3484,47.410759,6.304782,77.87,246.5,86.4,80.0
3485,47.41048,6.303835,77.87,246.5,86.4,80.0
3486,47.4102,6.302887,77.87,246.5,86.3,80.0
3487,47.409921,6.301939,77.87,246.5,86.3,81.0
3488,47.409641,6.300992,77.87,246.5,86.3,81.0
3489,47.409362,6.300044,77.87,246.5,86.3,81.0
3490,47.409083,6.299097,77.87,246.5,86.2,81.0
3491,47.408803,6.298149,77.87,246.5,86.2,81.0
3492,47.408524,6.297201,77.88,246.5,86.2,81.0
3493,47.408244,6.296254,77.88,246.5,86.1,81.0
3494,47.407965,6.295306,77.88,246.5,86.1,81.0
3495,47.407685,6.294358,77.88,246.5,86.1,81.0
3496,47.407406,6.293411,77.88,246.5,86.1,81.0
3497,47.407126,6.292463,77.88,246.5,86.0,81.0
3498,47.406847,6.291516,77.88,246.5,86.0,81.0
3499,47.406567,6.290568,77.88,246.5,86.0,81.0
3500,47.406288,6.28962,77.88,246.5,86.0,81.0
3501,47.406008,6.288673,77.88,246.5,85.9,81.0
3502,47.405729,6.287725,77.88,246.5,85.9,81.0
3503,47.40545,6.286778,77.88,246.5,85.9,81.0
3504,47.40517,6.28583,77.88,246.5,85.9,81.0
3505,47.404891,6.284882,77.88,246.5,85.8,81.0
3506,47.404611,6.283935,77.88,246.5,85.8,81.0
3507,47.404332,6.282987,77.88,246.5,85.8,81.0
3508,47.404052,6.282039,77.88,246.5,85.8,82.0
3509,47.403773,6.281092,77.88,246.5,85.7,82.0
3510,47.403493,6.280144,77.88,246.5,85.7,82.0
3511,47.403214,6.279197,77.88,246.5,85.7,82.0
3512,47.402934,6.278249,77.88,246.5,85.7,82.0
3513,47.402655,6.277301,77.88,246.5,85.6,82.0
3514,47.402375,6.276354,77.88,246.5,85.6,82.0
3515,47.402096,6.275406,77.88,246.5,85.6,82.0
3516,47.401817,6.274458,77.88,246.5,85.5,82.0
3517,47.401537,6.273511,77.88,246.5,85.5,82.0
3518,47.401258,6.272563,77.88,246.5,85.5,82.0
3519,47.400978,6.271616,77.88,246.5,85.5,82.0
3520,47.400699,6.270668,77.88,246.5,85.4,82.0
3521,47.400419,6.26972,77.89,246.5,85.4,82.0
3522,47.40014,6.268773,77.89,246.5,85.4,82.0
3523,47.39986,6.267825,77.89,246.5,85.4,82.0
3524,47.399581,6.266878,77.89,246.5,85.3,82.0
3525,47.399301,6.26593,77.89,246.5,85.3,82.0
3526,47.399022,6.264982,77.89,246.5,85.3,82.0
3527,47.398742,6.264035,77.89,246.5,85.3,82.0
3528,47.398463,6.263087,77.89,246.5,85.2,82.0
3529,47.398184,6.262139,77.89,246.5,85.2,82.0
3530,47.397904,6.261192,77.89,246.5,85.2,83.0
3531,47.397625,6.260244,77.89,246.5,85.1,83.0
3532,47.397345,6.259297,77.89,246.5,85.1,83.0
3533,47.397066,6.258349,77.89,246.5,85.1,83.0
3534,47.396786,6.257401,77.89,246.5,85.1,83.0
3535,47.396507,6.256454,77.89,246.5,85.0,83.0
3536,47.396227,6.255506,77.89,246.5,85.0,83.0
3537,47.395948,6.254559,77.89,246.5,85.0,83.0
3538,47.395668,6.253611,77.89,246.5,85.0,83.0
3539,47.395389,6.252663,77.89,246.5,84.9,83.0
3540,47.395109,6.251716,77.89,246.5,84.9,83.0
3541,47.39483,6.250768,77.89,246.5,84.9,83.0
3542,47.394551,6.24982,77.89,246.5,84.8,83.0
3543,47.394271,6.248873,77.89,246.5,84.8,83.0
3544,47.393992,6.247925,77.89,246.5,84.8,83.0
3545,47.393712,6.246978,77.89,246.5,84.8,83.0
3546,47.393433,6.24603,77.89,246.5,84.7,83.0
3547,47.393153,6.245082,77.89,246.5,84.7,83.0
3548,47.392874,6.244135,77.89,246.5,84.7,83.0
3549,47.392594,6.243187,77.89,246.5,84.7,83.0
3550,47.392315,6.24224,77.9,246.5,84.6,83.0
3551,47.392035,6.241292,77.9,246.5,84.6,83.0
3552,47.391756,6.240344,77.9,246.5,84.6,84.0
3553,47.391476,6.239397,77.9,246.5,84.5,84.0
3554,47.391197,6.238449,77.9,246.5,84.5,84.0
3555,47.390918,6.237501,77.9,246.5,84.5,84.0
3556,47.390638,6.236554,77.9,246.5,84.5,84.0
3557,47.390359,6.235606,77.9,246.5,84.4,84.0
3558,47.390079,6.234659,77.9,246.5,84.4,84.0
3559,47.3898,6.233711,77.9,246.5,84.4,84.0
3560,47.38952,6.232763,77.9,246.5,84.3,84.0
3561,47.389241,6.231816,77.9,246.5,84.3,84.0
3562,47.388961,6.230868,77.9,246.5,84.3,84.0
3563,47.388682,6.22992,77.9,246.5,84.3,84.0
3564,47.388402,6.228973,77.9,246.5,84.2,84.0
3565,47.388123,6.228025,77.9,246.5,84.2,84.0
3566,47.387843,6.227078,77.9,246.5,84.2,84.0
3567,47.387564,6.22613,77.9,246.5,84.1,84.0
3568,47.387285,6.225182,77.9,246.5,84.1,84.0
3569,47.387005,6.224235,77.9,246.5,84.1,84.0
3570,47.386726,6.223287,77.9,246.5,84.1,84.0
3571,47.386446,6.22234,77.9,246.5,84.0,84.0
3572,47.386167,6.221392,77.9,246.5,84.0,84.0
3573,47.385887,6.220444,77.9,246.5,84.0,84.0
3574,47.385608,6.219497,77.9,246.5,84.0,85.0
3575,47.385328,6.218549,77.9,246.5,83.9,85.0
3576,47.385049,6.217601,77.9,246.5,83.9,85.0
3577,47.384769,6.216654,77.9,246.5,83.9,85.0
3578,47.38449,6.215706,77.9,246.5,83.8,85.0
3579,47.38421,6.214759,77.91,246.5,83.8,85.0
3580,47.383931,6.213811,77.91,246.5,83.8,85.0
3581,47.383652,6.212863,77.91,246.5,83.8,85.0
3582,47.383372,6.211916,77.91,246.5,83.7,85.0
3583,47.383093,6.210968,77.91,246.5,83.7,85.0
3584,47.382813,6.210021,77.91,246.5,83.7,85.0
3585,47.382534,6.209073,77.91,246.5,83.6,85.0
3586,47.382254,6.208125,77.91,246.5,83.6,85.0
3587,47.381975,6.207178,77.91,246.5,83.6,85.0
3588,47.381695,6.20623,77.91,246.5,83.6,85.0
3589,47.381416,6.205282,77.91,246.5,83.5,85.0
3590,47.381136,6.204335,77.91,246.5,83.5,85.0
3591,47.380857,6.203387,77.91,246.5,83.5,85.0
3592,47.380577,6.20244,77.91,246.5,83.4,85.0
3593,47.380298,6.201492,77.91,246.5,83.4,85.0
3594,47.380019,6.200544,77.91,246.5,83.4,85.0
3595,47.379739,6.199597,77.91,246.5,83.3,85.0
3596,47.37946,6.198649,77.91,246.5,83.3,85.0
3597,47.37918,6.197701,77.91,246.5,83.3,86.0
3598,47.378901,6.196754,77.91,246.5,83.3,86.0
3599,47.378621,6.195806,77.91,246.5,83.2,86.0
3600,47.378342,6.194859,77.91,246.5,83.2,86.0
3601,47.378062,6.193911,77.91,246.5,83.2,86.0
3602,47.377783,6.192963,77.91,246.5,83.1,86.0
3603,47.377503,6.192016,77.91,246.5,83.1,86.0
3604,47.377224,6.191068,77.91,246.5,83.1,86.0
3605,47.376944,6.190121,77.91,246.5,83.1,86.0
3606,47.376665,6.189173,77.91,246.5,83.0,86.0
3607,47.376386,6.188225,77.91,246.5,83.0,86.0
3608,47.376106,6.187278,77.92,246.5,83.0,86.0
3609,47.375827,6.18633,77.92,246.5,82.9,86.0
3610,47.375547,6.185382,77.92,246.5,82.9,86.0
3611,47.375268,6.184435,77.92,246.5,82.9,86.0
3612,47.374988,6.183487,77.92,246.5,82.9,86.0
3613,47.374709,6.18254,77.92,246.5,82.8,86.0
3614,47.374429,6.181592,77.92,246.5,82.8,86.0
3615,47.37415,6.180644,77.92,246.5,82.8,86.0
3616,47.37387,6.179697,77.92,246.5,82.7,86.0
3617,47.373591,6.178749,77.92,246.5,82.7,86.0
3618,47.373311,6.177802,77.92,246.5,82.7,86.0
3619,47.373032,6.176854,77.92,246.5,82.6,86.0
3620,47.372753,6.175906,77.92,246.5,82.6,87.0
3621,47.372473,6.174959,77.92,246.5,82.6,87.0
3622,47.372194,6.174011,77.92,246.5,82.6,87.0
3623,47.371914,6.173063,77.92,246.5,82.5,87.0
3624,47.371635,6.172116,77.92,246.5,82.5,87.0
3625,47.371355,6.171168,77.92,246.5,82.5,87.0
3626,47.371076,6.170221,77.92,246.5,82.4,87.0
3627,47.370796,6.169273,77.92,246.5,82.4,87.0
3628,47.370517,6.168325,77.92,246.5,82.4,87.0
3629,47.370237,6.167378,77.92,246.5,82.3,87.0
3630,47.369958,6.16643,77.92,246.5,82.3,87.0
3631,47.369678,6.165483,77.92,246.5,82.3,87.0
3632,47.369399,6.164535,77.92,246.5,82.3,87.0
3633,47.36912,6.163587,77.92,246.5,82.2,87.0
3634,47.36884,6.16264,77.92,246.5,82.2,87.0
3635,47.368561,6.161692,77.92,246.5,82.2,87.0
3636,47.368281,6.160744,77.93,246.5,82.1,87.0
3637,47.368002,6.159797,77.93,246.5,82.1,87.0
3638,47.367722,6.158849,77.93,246.5,82.1,87.0
3639,47.367443,6.157902,77.93,246.5,82.0,87.0
3640,47.367163,6.156954,77.93,246.5,82.0,87.0
3641,47.366884,6.156006,77.93,246.5,82.0,87.0
3642,47.366604,6.155059,77.93,246.5,82.0,88.0
3643,47.366325,6.154111,77.93,246.5,81.9,88.0
3644,47.366045,6.153163,77.93,246.5,81.9,88.0
3645,47.365766,6.152216,77.93,246.5,81.9,88.0
3646,47.365487,6.151268,77.93,246.5,81.8,88.0
3647,47.365207,6.150321,77.93,246.5,81.8,88.0
3648,47.364928,6.149373,77.93,246.5,81.8,88.0
3649,47.364648,6.148425,77.93,246.5,81.7,88.0
3650,47.364369,6.147478,77.93,246.5,81.7,88.0
3651,47.364089,6.14653,77.93,246.5,81.7,88.0
3652,47.36381,6.145583,77.93,246.5,81.7,88.0
3653,47.36353,6.144635,77.93,246.5,81.6,88.0
3654,47.363251,6.143687,77.93,246.5,81.6,88.0
3655,47.362971,6.14274,77.93,246.5,81.6,88.0
3656,47.362692,6.141792,77.93,246.5,81.5,88.0
3657,47.362412,6.140844,77.93,246.5,81.5,88.0
3658,47.362133,6.139897,77.93,246.5,81.5,88.0
3659,47.361854,6.138949,77.93,246.5,81.4,88.0
3660,47.361574,6.138002,77.93,246.5,81.4,88.0
3661,47.361295,6.137054,77.93,246.5,81.4,88.0
3662,47.361015,6.136106,77.93,246.5,81.3,88.0
3663,47.360736,6.135159,77.93,246.5,81.3,88.0
3664,47.360456,6.134211,77.93,246.5,81.3,88.0
3665,47.360177,6.133264,77.94,246.5,81.3,88.0
3666,47.359897,6.132316,77.94,246.5,81.2,89.0
3667,47.359618,6.131368,77.94,246.5,81.2,89.0
3668,47.359338,6.130421,77.94,246.5,81.2,89.0
3669,47.359059,6.129473,77.94,246.5,81.1,89.0
3670,47.358779,6.128525,77.94,246.5,81.1,89.0
3671,47.3585,6.127578,77.94,246.5,81.1,89.0
3672,47.358221,6.12663,77.94,246.5,81.0,89.0
3673,47.357941,6.125683,77.94,246.5,81.0,89.0
3674,47.357662,6.124735,77.94,246.5,81.0,89.0
3675,47.357382,6.123787,77.94,246.5,80.9,89.0
3676,47.357103,6.12284,77.94,246.5,80.9,89.0
3677,47.356823,6.121892,77.94,246.5,80.9,89.0
3678,47.356544,6.120944,77.94,246.5,80.8,89.0
3679,47.356264,6.119997,77.94,246.5,80.8,89.0
3680,47.355985,6.119049,77.94,246.5,80.8,89.0
3681,47.355705,6.118102,77.94,246.5,80.8,89.0
3682,47.355426,6.117154,77.94,246.5,80.7,89.0
3683,47.355146,6.116206,77.94,246.5,80.7,89.0
3684,47.354867,6.115259,77.94,246.5,80.7,89.0
3685,47.354588,6.114311,77.94,246.5,80.6,89.0
3686,47.354308,6.113364,77.94,246.5,80.6,89.0
3687,47.354029,6.112416,77.94,246.5,80.6,89.0
3688,47.353749,6.111468,77.94,246.5,80.5,89.0
3689,47.35347,6.110521,77.94,246.5,80.5,90.0
3690,47.35319,6.109573,77.94,246.5,80.5,90.0
3691,47.352911,6.108625,77.94,246.5,80.4,90.0
3692,47.352631,6.107678,77.94,246.5,80.4,90.0
3693,47.352352,6.10673,77.94,246.5,80.4,90.0
3694,47.352072,6.105783,77.95,246.5,80.3,90.0
3695,47.351793,6.104835,77.95,246.5,80.3,90.0
3696,47.351513,6.103887,77.95,246.5,80.3,90.0
3697,47.351234,6.10294,77.95,246.5,80.3,90.0
3698,47.350955,6.101992,77.95,246.5,80.2,90.0
3699,47.350675,6.101045,77.95,246.5,80.2,90.0
3700,47.350396,6.100097,77.95,246.5,80.2,90.0
3701,47.350116,6.099149,77.95,246.5,80.1,90.0
3702,47.349837,6.098202,77.95,246.5,80.1,90.0
3703,47.349557,6.097254,77.95,246.5,80.1,90.0
3704,47.349278,6.096306,77.95,246.5,80.0,90.0
3705,47.348998,6.095359,77.95,246.5,80.0,90.0
3706,47.348719,6.094411,77.95,246.5,80.0,90.0
3707,47.348439,6.093464,77.95,246.5,79.9,90.0
3708,47.34816,6.092516,77.95,246.5,79.9,90.0
3709,47.34788,6.091568,77.95,246.5,79.9,90.0
3710,47.347601,6.090621,77.95,246.5,79.8,90.0
3711,47.347322,6.089673,77.95,246.5,79.8,90.0
3712,47.347042,6.088725,77.95,246.5,79.8,90.0
3713,47.346763,6.087778,77.95,246.5,79.7,91.0
3714,47.346483,6.08683,77.95,246.5,79.7,91.0
3715,47.346204,6.085883,77.95,246.5,79.7,91.0
3716,47.345924,6.084935,77.95,246.5,79.6,91.0
3717,47.345645,6.083987,77.95,246.5,79.6,91.0
3718,47.345365,6.08304,77.95,246.5,79.6,91.0
3719,47.345086,6.082092,77.95,246.5,79.5,91.0
3720,47.344806,6.081145,77.95,246.5,79.5,91.0
3721,47.344527,6.080197,77.95,246.5,79.5,91.0
3722,47.344247,6.079249,77.95,246.5,79.5,91.0
3723,47.343968,6.078302,77.96,246.5,79.4,91.0
3724,47.343689,6.077354,77.96,246.5,79.4,91.0
3725,47.343409,6.076406,77.96,246.5,79.4,91.0
3726,47.34313,6.075459,77.96,246.5,79.3,91.0
3727,47.34285,6.074511,77.96,246.5,79.3,91.0
3728,47.342571,6.073564,77.96,246.5,79.3,91.0
3729,47.342291,6.072616,77.96,246.5,79.2,91.0
3730,47.342012,6.071668,77.96,246.5,79.2,91.0
3731,47.341732,6.070721,77.96,246.5,79.2,91.0
3732,47.341453,6.069773,77.96,246.5,79.1,91.0
3733,47.341173,6.068826,77.96,246.5,79.1,91.0
3734,47.340894,6.067878,77.96,246.5,79.1,91.0
3735,47.340614,6.06693,77.96,246.5,79.0,91.0
3736,47.340335,6.065983,77.96,246.5,79.0,91.0
3737,47.340056,6.065035,77.96,246.5,79.0,92.0
3738,47.339776,6.064087,77.96,246.5,78.9,92.0
3739,47.339497,6.06314,77.96,246.5,78.9,92.0
3740,47.339217,6.062192,77.96,246.5,78.9,92.0
3741,47.338938,6.061245,77.96,246.5,78.8,92.0
3742,47.338658,6.060297,77.96,246.5,78.8,92.0
3743,47.338379,6.059349,77.96,246.5,78.8,92.0
3744,47.338099,6.058402,77.96,246.5,78.7,92.0
3745,47.33782,6.057454,77.96,246.5,78.7,92.0
3746,47.33754,6.056507,77.96,246.5,78.7,92.0
3747,47.337261,6.055559,77.96,246.5,78.6,92.0
3748,47.336981,6.054611,77.96,246.5,78.6,92.0
3749,47.336702,6.053664,77.96,246.5,78.6,92.0
3750,47.336423,6.052716,77.96,246.5,78.5,92.0
3751,47.336143,6.051768,77.96,246.5,78.5,92.0
3752,47.335864,6.050821,77.97,246.5,78.5,92.0
3753,47.335584,6.049873,77.97,246.5,78.4,92.0
3754,47.335305,6.048926,77.97,246.5,78.4,92.0
3755,47.335025,6.047978,77.97,246.5,78.4,92.0
3756,47.334746,6.04703,77.97,246.5,78.3,92.0
3757,47.334466,6.046083,77.97,246.5,78.3,92.0
3758,47.334187,6.045135,77.97,246.5,78.3,92.0
3759,47.333907,6.044187,77.97,246.5,78.2,92.0
3760,47.333628,6.04324,77.97,246.5,78.2,92.0
3761,47.333348,6.042292,77.97,246.5,78.2,92.0
3762,47.333069,6.041345,77.97,246.5,78.1,93.0
3763,47.33279,6.040397,77.97,246.5,78.1,93.0
3764,47.33251,6.039449,77.97,246.5,78.1,93.0
3765,47.332231,6.038502,77.97,246.5,78.0,93.0
3766,47.331951,6.037554,77.97,246.5,78.0,93.0
3767,47.331672,6.036607,77.97,246.5,78.0,93.0
3768,47.331392,6.035659,77.97,246.5,77.9,93.0
3769,47.331113,6.034711,77.97,246.5,77.9,93.0
3770,47.330833,6.033764,77.97,246.5,77.9,93.0
3771,47.330554,6.032816,77.97,246.5,77.8,93.0
3772,47.330274,6.031868,77.97,246.5,77.8,93.0
3773,47.329995,6.030921,77.97,246.5,77.8,93.0
3774,47.329715,6.029973,77.97,246.5,77.7,93.0
3775,47.329436,6.029026,77.97,246.5,77.7,93.0
3776,47.329157,6.028078,77.97,246.5,77.7,93.0
3777,47.328877,6.02713,77.97,246.5,77.6,93.0
3778,47.328598,6.026183,77.97,246.5,77.6,93.0
3779,47.328318,6.025235,77.97,246.5,77.6,93.0
3780,47.328039,6.024288,77.98,246.5,77.5,93.0
3781,47.327759,6.02334,77.98,246.5,77.5,93.0
3782,47.32748,6.022392,77.98,246.5,77.5,93.0
3783,47.3272,6.021445,77.98,246.5,77.4,93.0
3784,47.326921,6.020497,77.98,246.5,77.4,93.0
3785,47.326641,6.019549,77.98,246.5,77.4,93.0
3786,47.326362,6.018602,77.98,246.5,77.3,93.0
3787,47.326082,6.017654,77.98,246.5,77.3,94.0
3788,47.325803,6.016707,77.98,246.5,77.3,94.0
3789,47.325524,6.015759,77.98,246.5,77.2,94.0
3790,47.325244,6.014811,77.98,246.5,77.2,94.0
3791,47.324965,6.013864,77.98,246.5,77.2,94.0
3792,47.324685,6.012916,77.98,246.5,77.1,94.0
3793,47.324406,6.011968,77.98,246.5,77.1,94.0
3794,47.324126,6.011021,77.98,246.5,77.1,94.0
3795,47.323847,6.010073,77.98,246.5,77.0,94.0
3796,47.323567,6.009126,77.98,246.5,77.0,94.0
3797,47.323288,6.008178,77.98,246.5,77.0,94.0
3798,47.323008,6.00723,77.98,246.5,76.9,94.0
3799,47.322729,6.006283,77.98,246.5,76.9,94.0
3800,47.322449,6.005335,77.98,246.5,76.9,94.0
3801,47.32217,6.004388,77.98,246.5,76.8,94.0
3802,47.321891,6.00344,77.98,246.5,76.8,94.0
3803,47.321611,6.002492,77.98,246.5,76.8,94.0
3804,47.321332,6.001545,77.98,246.5,76.7,94.0
3805,47.321052,6.000597,77.98,246.5,76.7,94.0
3806,47.320773,5.999649,77.98,246.5,76.7,94.0
3807,47.320493,5.998702,77.98,246.5,76.6,94.0
3808,47.320214,5.997754,77.98,246.5,76.6,94.0
3809,47.319934,5.996807,77.99,246.5,76.6,94.0
3810,47.319655,5.995859,77.99,246.5,76.5,94.0
3811,47.319375,5.994911,77.99,246.5,76.5,94.0
3812,47.319096,5.993964,77.99,246.5,76.4,95.0
3813,47.318816,5.993016,77.99,246.5,76.4,95.0
3814,47.318537,5.992069,77.99,246.5,76.4,95.0
3815,47.318258,5.991121,77.99,246.5,76.3,95.0
3816,47.317978,5.990173,77.99,246.5,76.3,95.0
3817,47.317699,5.989226,77.99,246.5,76.3,95.0
3818,47.317419,5.988278,77.99,246.5,76.2,95.0
3819,47.31714,5.98733,77.99,246.5,76.2,95.0
3820,47.31686,5.986383,77.99,246.5,76.2,95.0
3821,47.316581,5.985435,77.99,246.5,76.1,95.0
3822,47.316301,5.984488,77.99,246.5,76.1,95.0
3823,47.316022,5.98354,77.99,246.5,76.1,95.0
3824,47.315742,5.982592,77.99,246.5,76.0,95.0
3825,47.315463,5.981645,77.99,246.5,76.0,95.0
3826,47.315183,5.980697,77.99,246.5,76.0,95.0
3827,47.314904,5.97975,77.99,246.5,75.9,95.0
3828,47.314625,5.978802,77.99,246.5,75.9,95.0
3829,47.314345,5.977854,77.99,246.5,75.9,95.0
3830,47.314066,5.976907,77.99,246.5,75.8,95.0
3831,47.313786,5.975959,77.99,246.5,75.8,95.0
3832,47.313507,5.975011,77.99,246.5,75.8,95.0
3833,47.313227,5.974064,77.99,246.5,75.7,95.0
3834,47.312948,5.973116,77.99,246.5,75.7,95.0
3835,47.312668,5.972169,77.99,246.5,75.7,95.0
3836,47.312389,5.971221,77.99,246.5,75.6,95.0
3837,47.312109,5.970273,77.99,246.5,75.6,95.0
3838,47.31183,5.969326,78.0,246.5,75.5,96.0
3839,47.31155,5.968378,78.0,246.5,75.5,96.0
3840,47.311271,5.96743,78.0,246.5,75.5,96.0
3841,47.310991,5.966483,78.0,246.5,75.4,96.0
3842,47.310712,5.965535,78.0,246.5,75.4,96.0
3843,47.310433,5.964588,78.0,246.5,75.4,96.0
3844,47.310153,5.96364,78.0,246.5,75.3,96.0
3845,47.309874,5.962692,78.0,246.5,75.3,96.0
3846,47.309594,5.961745,78.0,246.5,75.3,96.0
3847,47.309315,5.960797,78.0,246.5,75.2,96.0
3848,47.309035,5.95985,78.0,246.5,75.2,96.0
3849,47.308756,5.958902,78.0,246.5,75.2,96.0
3850,47.308476,5.957954,78.0,246.5,75.1,96.0
3851,47.308197,5.957007,78.0,246.5,75.1,96.0
3852,47.307917,5.956059,78.0,246.5,75.1,96.0
3853,47.307916,5.955031,77.6,269.9,75.0,96.0
3854,47.307934,5.953998,78.02,271.4,75.0,96.0
3855,47.307951,5.952964,78.02,271.4,75.0,96.0
3856,47.307968,5.951931,78.02,271.4,74.9,96.0
3857,47.307986,5.950898,78.02,271.4,74.9,96.0
3858,47.308003,5.949864,78.02,271.4,74.8,96.0
3859,47.30802,5.948831,78.02,271.4,74.8,96.0
3860,47.308038,5.947798,78.02,271.4,74.8,96.0
3861,47.308055,5.946764,78.02,271.4,74.7,96.0
3862,47.308072,5.945731,78.02,271.4,74.7,96.0
3863,47.30809,5.944698,78.02,271.4,74.7,96.0
3864,47.308107,5.943664,78.02,271.4,74.6,97.0
3865,47.308125,5.942631,78.02,271.4,74.6,97.0
3866,47.308142,5.941597,78.02,271.4,74.6,97.0
3867,47.308159,5.940564,78.02,271.4,74.5,97.0
3868,47.308177,5.939531,78.02,271.4,74.5,97.0
3869,47.308194,5.938497,78.02,271.4,74.5,97.0
3870,47.308211,5.937464,78.02,271.4,74.4,97.0
3871,47.308229,5.936431,78.02,271.4,74.4,97.0
3872,47.308246,5.935397,78.02,271.4,74.4,97.0
3873,47.308263,5.934364,78.02,271.4,74.3,97.0
3874,47.308281,5.933331,78.02,271.4,74.3,97.0
3875,47.308298,5.932297,78.02,271.4,74.2,97.0
3876,47.308316,5.931264,78.02,271.4,74.2,97.0
3877,47.308333,5.930231,78.02,271.4,74.2,97.0
3878,47.30835,5.929197,78.02,271.4,74.1,97.0
3879,47.308368,5.928164,78.02,271.4,74.1,97.0
3880,47.308385,5.92713,78.02,271.4,74.1,97.0
3881,47.308402,5.926097,78.02,271.4,74.0,97.0
3882,47.30842,5.925064,78.02,271.4,74.0,97.0
3883,47.308437,5.92403,78.02,271.4,74.0,97.0
3884,47.308454,5.922997,78.02,271.4,73.9,97.0
3885,47.308472,5.921964,78.02,271.4,73.9,97.0
3886,47.308489,5.92093,78.02,271.4,73.9,97.0
3887,47.308506,5.919897,78.02,271.4,73.8,97.0
3888,47.308524,5.918864,78.02,271.4,73.8,97.0
3889,47.308541,5.91783,78.02,271.4,73.7,97.0
3890,47.308559,5.916797,78.02,271.4,73.7,98.0
3891,47.308576,5.915764,78.02,271.4,73.7,98.0
3892,47.308593,5.91473,78.02,271.4,73.6,98.0
3893,47.308611,5.913697,78.02,271.4,73.6,98.0
3894,47.308628,5.912664,78.02,271.4,73.6,98.0
3895,47.308645,5.91163,78.02,271.4,73.5,98.0
3896,47.308663,5.910597,78.02,271.4,73.5,98.0
3897,47.30868,5.909563,78.02,271.4,73.5,98.0
3898,47.308697,5.90853,78.02,271.4,73.4,98.0
3899,47.308715,5.907497,78.02,271.4,73.4,98.0
3900,47.308732,5.906463,78.02,271.4,73.4,98.0
3901,47.308749,5.90543,78.02,271.4,73.3,98.0
3902,47.308767,5.904397,78.02,271.4,73.3,98.0
3903,47.308784,5.903363,78.02,271.4,73.2,98.0
3904,47.308802,5.90233,78.02,271.4,73.2,98.0
3905,47.308819,5.901297,78.02,271.4,73.2,98.0
3906,47.308836,5.900263,78.02,271.4,73.1,98.0
3907,47.308854,5.89923,78.02,271.4,73.1,98.0
3908,47.308871,5.898197,78.02,271.4,73.1,98.0
3909,47.308888,5.897163,78.02,271.4,73.0,98.0
3910,47.308906,5.89613,78.02,271.4,73.0,98.0
3911,47.308923,5.895097,78.02,271.4,73.0,98.0
3912,47.30894,5.894063,78.02,271.4,72.9,98.0
3913,47.308958,5.89303,78.02,271.4,72.9,98.0
3914,47.308975,5.891996,78.02,271.4,72.8,98.0
3915,47.308992,5.890963,78.02,271.4,72.8,98.0
3916,47.30901,5.88993,78.02,271.4,72.8,98.0
3917,47.309027,5.888896,78.02,271.4,72.7,98.0
3918,47.309045,5.887863,78.02,271.4,72.7,99.0
3919,47.309062,5.88683,78.02,271.4,72.7,99.0
3920,47.309079,5.885796,78.02,271.4,72.6,99.0
3921,47.309097,5.884763,78.02,271.4,72.6,99.0
3922,47.309114,5.88373,78.02,271.4,72.6,99.0
3923,47.309131,5.882696,78.02,271.4,72.5,99.0
3924,47.309149,5.881663,78.02,271.4,72.5,99.0
3925,47.309166,5.88063,78.02,271.4,72.4,99.0
3926,47.309183,5.879596,78.02,271.4,72.4,99.0
3927,47.309201,5.878563,78.02,271.4,72.4,99.0
3928,47.309218,5.877529,78.02,271.4,72.3,99.0
3929,47.309235,5.876496,78.02,271.4,72.3,99.0
3930,47.309253,5.875463,78.02,271.4,72.3,99.0
3931,47.30927,5.874429,78.02,271.4,72.2,99.0
3932,47.309288,5.873396,78.02,271.4,72.2,99.0
3933,47.309305,5.872363,78.02,271.4,72.2,99.0
3934,47.309322,5.871329,78.02,271.4,72.1,99.0
3935,47.30934,5.870296,78.02,271.4,72.1,99.0
3936,47.309357,5.869263,78.02,271.4,72.0,99.0
3937,47.309374,5.868229,78.02,271.4,72.0,99.0
3938,47.309392,5.867196,78.02,271.4,72.0,99.0
3939,47.309409,5.866163,78.02,271.4,71.9,99.0
3940,47.309426,5.865129,78.02,271.4,71.9,99.0
3941,47.309444,5.864096,78.02,271.4,71.9,99.0
3942,47.309461,5.863063,78.02,271.4,71.8,99.0
3943,47.309478,5.862029,78.02,271.4,71.8,99.0
3944,47.309496,5.860996,78.02,271.4,71.8,99.0
3945,47.309513,5.859962,78.02,271.4,71.7,100.0
3946,47.309531,5.858929,78.02,271.4,71.7,100.0
3947,47.309548,5.857896,78.02,271.4,71.6,100.0
3948,47.309565,5.856862,78.02,271.4,71.6,100.0
3949,47.309583,5.855829,78.02,271.4,71.6,100.0
3950,47.3096,5.854796,78.02,271.4,71.5,100.0
3951,47.309617,5.853762,78.02,271.4,71.5,100.0
3952,47.309635,5.852729,78.02,271.4,71.5,100.0
3953,47.309652,5.851696,78.02,271.4,71.4,100.0
3954,47.309669,5.850662,78.02,271.4,71.4,100.0
3955,47.309687,5.849629,78.02,271.4,71.4,100.0
3956,47.309704,5.848596,78.02,271.4,71.3,100.0
3957,47.309722,5.847562,78.02,271.4,71.3,100.0
3958,47.309739,5.846529,78.02,271.4,71.2,100.0
3959,47.309756,5.845496,78.02,271.4,71.2,100.0
3960,47.309774,5.844462,78.02,271.4,71.2,100.0
3961,47.309791,5.843429,78.02,271.4,71.1,100.0
3962,47.309808,5.842395,78.02,271.4,71.1,100.0
3963,47.309826,5.841362,78.02,271.4,71.1,100.0
3964,47.309843,5.840329,78.02,271.4,71.0,100.0
3965,47.30986,5.839295,78.02,271.4,71.0,100.0
3966,47.309878,5.838262,78.02,271.4,70.9,100.0
3967,47.309895,5.837229,78.02,271.4,70.9,100.0
3968,47.309912,5.836195,78.02,271.4,70.9,100.0
3969,47.30993,5.835162,78.02,271.4,70.8,100.0
3970,47.309947,5.834129,78.02,271.4,70.8,100.0
3971,47.309965,5.833095,78.02,271.4,70.8,100.0
3972,47.309982,5.832062,78.02,271.4,70.7,100.0
3973,47.309999,5.831029,78.02,271.4,70.7,100.0
3974,47.310017,5.829995,78.02,271.4,70.7,101.0
3975,47.310034,5.828962,78.02,271.4,70.6,101.0
3976,47.310051,5.827928,78.02,271.4,70.6,101.0
3977,47.310069,5.826895,78.02,271.4,70.5,101.0
3978,47.310086,5.825862,78.02,271.4,70.5,101.0
3979,47.310103,5.824828,78.02,271.4,70.5,101.0
3980,47.310121,5.823795,78.02,271.4,70.4,101.0
3981,47.310138,5.822762,78.02,271.4,70.4,101.0
3982,47.310155,5.821728,78.02,271.4,70.4,101.0
3983,47.310173,5.820695,78.02,271.4,70.3,101.0
3984,47.31019,5.819662,78.02,271.4,70.3,101.0
3985,47.310208,5.818628,78.02,271.4,70.2,101.0
3986,47.310225,5.817595,78.02,271.4,70.2,101.0
3987,47.310242,5.816562,78.02,271.4,70.2,101.0
3988,47.31026,5.815528,78.02,271.4,70.1,101.0
3989,47.310277,5.814495,78.02,271.4,70.1,101.0
3990,47.310294,5.813462,78.02,271.4,70.1,101.0
3991,47.310312,5.812428,78.02,271.4,70.0,101.0
3992,47.310329,5.811395,78.02,271.4,70.0,101.0
3993,47.310346,5.810361,78.02,271.4,69.9,101.0
3994,47.310364,5.809328,78.02,271.4,69.9,101.0
3995,47.310381,5.808295,78.02,271.4,69.9,101.0
3996,47.310398,5.807261,78.02,271.4,69.8,101.0
3997,47.310416,5.806228,78.02,271.4,69.8,101.0
3998,47.310433,5.805195,78.02,271.4,69.8,101.0
3999,47.310451,5.804161,78.02,271.4,69.7,101.0
4000,47.310468,5.803128,78.02,271.4,69.7,101.0
4001,47.310485,5.802095,78.02,271.4,69.6,101.0
4002,47.310503,5.801061,78.02,271.4,69.6,101.0
4003,47.31052,5.800028,78.02,271.4,69.6,102.0
4004,47.310537,5.798995,78.02,271.4,69.5,102.0
4005,47.310555,5.797961,78.02,271.4,69.5,102.0
4006,47.310572,5.796928,78.02,271.4,69.5,102.0
4007,47.310589,5.795894,78.02,271.4,69.4,102.0
4008,47.310607,5.794861,78.02,271.4,69.4,102.0
4009,47.310624,5.793828,78.02,271.4,69.3,102.0
4010,47.310641,5.792794,78.02,271.4,69.3,102.0
4011,47.310659,5.791761,78.02,271.4,69.3,102.0
4012,47.310676,5.790728,78.02,271.4,69.2,102.0
4013,47.310694,5.789694,78.02,271.4,69.2,102.0
4014,47.310711,5.788661,78.02,271.4,69.2,102.0
4015,47.310728,5.787628,78.02,271.4,69.1,102.0
4016,47.310746,5.786594,78.02,271.4,69.1,102.0
4017,47.310763,5.785561,78.02,271.4,69.0,102.0
4018,47.31078,5.784528,78.02,271.4,69.0,102.0
4019,47.310798,5.783494,78.02,271.4,69.0,102.0
4020,47.310815,5.782461,78.02,271.4,68.9,102.0
4021,47.310832,5.781428,78.02,271.4,68.9,102.0
4022,47.31085,5.780394,78.02,271.4,68.9,102.0
4023,47.310867,5.779361,78.02,271.4,68.8,102.0
4024,47.310884,5.778327,78.02,271.4,68.8,102.0
4025,47.310902,5.777294,78.02,271.4,68.7,102.0
4026,47.310919,5.776261,78.02,271.4,68.7,102.0
4027,47.310937,5.775227,78.02,271.4,68.7,102.0
4028,47.310954,5.774194,78.02,271.4,68.6,102.0
4029,47.310971,5.773161,78.02,271.4,68.6,102.0
4030,47.310989,5.772127,78.02,271.4,68.6,102.0
4031,47.311006,5.771094,78.02,271.4,68.5,102.0
4032,47.311023,5.770061,78.02,271.4,68.5,103.0
4033,47.311041,5.769027,78.02,271.4,68.4,103.0
4034,47.311058,5.767994,78.02,271.4,68.4,103.0
4035,47.311075,5.766961,78.02,271.4,68.4,103.0
4036,47.311093,5.765927,78.02,271.4,68.3,103.0
4037,47.31111,5.764894,78.02,271.4,68.3,103.0
4038,47.311127,5.763861,78.02,271.4,68.3,103.0
4039,47.311145,5.762827,78.02,271.4,68.2,103.0
4040,47.311162,5.761794,78.02,271.4,68.2,103.0
4041,47.31118,5.76076,78.02,271.4,68.1,103.0
4042,47.311197,5.759727,78.02,271.4,68.1,103.0
4043,47.311214,5.758694,78.02,271.4,68.1,103.0
4044,47.311232,5.75766,78.02,271.4,68.0,103.0
4045,47.311249,5.756627,78.02,271.4,68.0,103.0
4046,47.311266,5.755594,78.02,271.4,68.0,103.0
4047,47.311284,5.75456,78.02,271.4,67.9,103.0
4048,47.311301,5.753527,78.02,271.4,67.9,103.0
4049,47.311318,5.752494,78.02,271.4,67.8,103.0
4050,47.311336,5.75146,78.02,271.4,67.8,103.0
4051,47.311353,5.750427,78.02,271.4,67.8,103.0
4052,47.311371,5.749394,78.02,271.4,67.7,103.0
4053,47.311388,5.74836,78.02,271.4,67.7,103.0
4054,47.311405,5.747327,78.02,271.4,67.6,103.0
4055,47.311423,5.746293,78.02,271.4,67.6,103.0
4056,47.31144,5.74526,78.02,271.4,67.6,103.0
4057,47.311457,5.744227,78.02,271.4,67.5,103.0
4058,47.311475,5.743193,78.02,271.4,67.5,103.0
4059,47.311492,5.74216,78.02,271.4,67.5,103.0
4060,47.311509,5.741127,78.02,271.4,67.4,103.0
4061,47.311527,5.740093,78.02,271.4,67.4,103.0
4062,47.311544,5.73906,78.02,271.4,67.3,103.0
4063,47.311561,5.738027,78.02,271.4,67.3,104.0
4064,47.311579,5.736993,78.02,271.4,67.3,104.0
4065,47.311596,5.73596,78.02,271.4,67.2,104.0
4066,47.311614,5.734927,78.02,271.4,67.2,104.0
4067,47.311631,5.733893,78.02,271.4,67.2,104.0
4068,47.311648,5.73286,78.02,271.4,67.1,104.0
4069,47.311666,5.731827,78.02,271.4,67.1,104.0
4070,47.311683,5.730793,78.02,271.4,67.0,104.0
4071,47.3117,5.72976,78.02,271.4,67.0,104.0
4072,47.311718,5.728726,78.02,271.4,67.0,104.0
4073,47.311735,5.727693,78.02,271.4,66.9,104.0
4074,47.311752,5.72666,78.02,271.4,66.9,104.0
4075,47.31177,5.725626,78.02,271.4,66.9,104.0
4076,47.311787,5.724593,78.02,271.4,66.8,104.0
4077,47.311804,5.72356,78.02,271.4,66.8,104.0
4078,47.311822,5.722526,78.02,271.4,66.7,104.0
4079,47.311839,5.721493,78.02,271.4,66.7,104.0
4080,47.311857,5.72046,78.02,271.4,66.7,104.0
4081,47.311874,5.719426,78.02,271.4,66.6,104.0
4082,47.311891,5.718393,78.02,271.4,66.6,104.0
4083,47.311909,5.71736,78.02,271.4,66.5,104.0
4084,47.311926,5.716326,78.02,271.4,66.5,104.0
4085,47.311943,5.715293,78.02,271.4,66.5,104.0
4086,47.311961,5.71426,78.02,271.4,66.4,104.0
4087,47.311978,5.713226,78.02,271.4,66.4,104.0
4088,47.311995,5.712193,78.02,271.4,66.4,104.0
4089,47.312013,5.711159,78.02,271.4,66.3,104.0
4090,47.31203,5.710126,78.02,271.4,66.3,104.0
4091,47.312047,5.709093,78.02,271.4,66.2,104.0
4092,47.312065,5.708059,78.02,271.4,66.2,104.0
4093,47.312082,5.707026,78.02,271.4,66.2,104.0
4094,47.3121,5.705993,78.02,271.4,66.1,105.0
4095,47.312117,5.704959,78.02,271.4,66.1,105.0
4096,47.312134,5.703926,78.02,271.4,66.0,105.0
4097,47.312152,5.702893,78.02,271.4,66.0,105.0
4098,47.312169,5.701859,78.02,271.4,66.0,105.0
4099,47.312186,5.700826,78.02,271.4,65.9,105.0
4100,47.312204,5.699793,78.02,271.4,65.9,105.0
4101,47.312221,5.698759,78.02,271.4,65.9,105.0
4102,47.312238,5.697726,78.02,271.4,65.8,105.0
4103,47.312256,5.696692,78.02,271.4,65.8,105.0
4104,47.312273,5.695659,78.02,271.4,65.7,105.0
4105,47.31229,5.694626,78.02,271.4,65.7,105.0
4106,47.312308,5.693592,78.02,271.4,65.7,105.0
4107,47.312325,5.692559,78.02,271.4,65.6,105.0
4108,47.312343,5.691526,78.02,271.4,65.6,105.0
4109,47.31236,5.690492,78.02,271.4,65.5,105.0
4110,47.312377,5.689459,78.02,271.4,65.5,105.0
4111,47.312395,5.688426,78.02,271.4,65.5,105.0
4112,47.312412,5.687392,78.02,271.4,65.4,105.0
4113,47.312429,5.686359,78.02,271.4,65.4,105.0
4114,47.312447,5.685326,78.02,271.4,65.4,105.0
4115,47.312464,5.684292,78.02,271.4,65.3,105.0
4116,47.312481,5.683259,78.02,271.4,65.3,105.0
4117,47.312499,5.682226,78.02,271.4,65.2,105.0
4118,47.312516,5.681192,78.02,271.4,65.2,105.0
4119,47.312533,5.680159,78.02,271.4,65.2,105.0
4120,47.312551,5.679125,78.02,271.4,65.1,105.0
4121,47.312568,5.678092,78.02,271.4,65.1,105.0
4122,47.312586,5.677059,78.02,271.4,65.0,105.0
4123,47.312603,5.676025,78.02,271.4,65.0,105.0
4124,47.31262,5.674992,78.02,271.4,65.0,105.0
4125,47.312638,5.673959,78.02,271.4,64.9,105.0
4126,47.312655,5.672925,78.02,271.4,64.9,106.0
4127,47.312672,5.671892,78.02,271.4,64.9,106.0
4128,47.31269,5.670859,78.02,271.4,64.8,106.0
4129,47.312707,5.669825,78.02,271.4,64.8,106.0
4130,47.312724,5.668792,78.02,271.4,64.7,106.0
4131,47.312742,5.667759,78.02,271.4,64.7,106.0
4132,47.312759,5.666725,78.02,271.4,64.7,106.0
4133,47.312777,5.665692,78.02,271.4,64.6,106.0
4134,47.312794,5.664658,78.02,271.4,64.6,106.0
4135,47.312811,5.663625,78.02,271.4,64.5,106.0
4136,47.312829,5.662592,78.02,271.4,64.5,106.0
4137,47.312846,5.661558,78.02,271.4,64.5,106.0
4138,47.312863,5.660525,78.02,271.4,64.4,106.0
4139,47.312881,5.659492,78.02,271.4,64.4,106.0
4140,47.312898,5.658458,78.02,271.4,64.4,106.0
4141,47.312915,5.657425,78.02,271.4,64.3,106.0
4142,47.312933,5.656392,78.02,271.4,64.3,106.0
4143,47.31295,5.655358,78.02,271.4,64.2,106.0
4144,47.312967,5.654325,78.02,271.4,64.2,106.0
4145,47.312985,5.653292,78.02,271.4,64.2,106.0
4146,47.313002,5.652258,78.02,271.4,64.1,106.0
4147,47.31302,5.651225,78.02,271.4,64.1,106.0
4148,47.313037,5.650192,78.02,271.4,64.0,106.0
4149,47.313054,5.649158,78.02,271.4,64.0,106.0
4150,47.313072,5.648125,78.02,271.4,64.0,106.0
4151,47.313089,5.647091,78.02,271.4,63.9,106.0
4152,47.313106,5.646058,78.02,271.4,63.9,106.0
4153,47.313124,5.645025,78.02,271.4,63.9,106.0
4154,47.313141,5.643991,78.02,271.4,63.8,106.0
4155,47.313158,5.642958,78.02,271.4,63.8,106.0
4156,47.313176,5.641925,78.02,271.4,63.7,106.0
4157,47.313193,5.640891,78.02,271.4,63.7,106.0
4158,47.31321,5.639858,78.02,271.4,63.7,106.0
4159,47.313228,5.638825,78.02,271.4,63.6,107.0
4160,47.313245,5.637791,78.02,271.4,63.6,107.0
4161,47.313263,5.636758,78.02,271.4,63.5,107.0
4162,47.31328,5.635725,78.02,271.4,63.5,107.0
4163,47.313297,5.634691,78.02,271.4,63.5,107.0
4164,47.313315,5.633658,78.02,271.4,63.4,107.0
4165,47.313332,5.632625,78.02,271.4,63.4,107.0
4166,47.313349,5.631591,78.01,271.4,63.4,107.0
4167,47.313367,5.630558,78.01,271.4,63.3,107.0
4168,47.313384,5.629524,78.01,271.4,63.3,107.0
4169,47.313401,5.628491,78.01,271.4,63.2,107.0
4170,47.313419,5.627458,78.01,271.4,63.2,107.0
4171,47.313436,5.626424,78.01,271.4,63.2,107.0
4172,47.313453,5.625391,78.01,271.4,63.1,107.0
4173,47.313471,5.624358,78.01,271.4,63.1,107.0
4174,47.313488,5.623324,78.01,271.4,63.0,107.0
4175,47.313506,5.622291,78.01,271.4,63.0,107.0
4176,47.313523,5.621258,78.01,271.4,63.0,107.0
4177,47.31354,5.620224,78.01,271.4,62.9,107.0
4178,47.313558,5.619191,78.01,271.4,62.9,107.0
4179,47.313575,5.618158,78.01,271.4,62.8,107.0
4180,47.313592,5.617124,78.01,271.4,62.8,107.0
4181,47.31361,5.616091,78.01,271.4,62.8,107.0
4182,47.313627,5.615057,78.01,271.4,62.7,107.0
4183,47.313644,5.614024,78.01,271.4,62.7,107.0
4184,47.313662,5.612991,78.01,271.4,62.7,107.0
4185,47.313679,5.611957,78.01,271.4,62.6,107.0
4186,47.313696,5.610924,78.01,271.4,62.6,107.0
4187,47.313714,5.609891,78.01,271.4,62.5,107.0
4188,47.313731,5.608857,78.01,271.4,62.5,107.0
4189,47.313749,5.607824,78.01,271.4,62.5,107.0
4190,47.313766,5.606791,78.01,271.4,62.4,107.0
4191,47.313783,5.605757,78.01,271.4,62.4,107.0
4192,47.313801,5.604724,78.01,271.4,62.3,107.0
4193,47.313818,5.603691,78.01,271.4,62.3,107.0
4194,47.313835,5.602657,78.01,271.4,62.3,108.0
4195,47.313853,5.601624,78.01,271.4,62.2,108.0
4196,47.31387,5.600591,78.01,271.4,62.2,108.0
4197,47.313887,5.599557,78.01,271.4,62.1,108.0
4198,47.313905,5.598524,78.01,271.4,62.1,108.0
4199,47.313922,5.59749,78.01,271.4,62.1,108.0
4200,47.313939,5.596457,78.01,271.4,62.0,108.0
4201,47.313957,5.595424,78.01,271.4,62.0,108.0
4202,47.313974,5.59439,78.01,271.4,62.0,108.0
4203,47.313992,5.593357,78.01,271.4,61.9,108.0
4204,47.314009,5.592324,78.01,271.4,61.9,108.0
4205,47.314026,5.59129,78.01,271.4,61.8,108.0
4206,47.314044,5.590257,78.01,271.4,61.8,108.0
4207,47.314061,5.589224,78.01,271.4,61.8,108.0
4208,47.314078,5.58819,78.01,271.4,61.7,108.0
4209,47.314096,5.587157,78.01,271.4,61.7,108.0
4210,47.314113,5.586124,78.01,271.4,61.6,108.0
4211,47.31413,5.58509,78.01,271.4,61.6,108.0
4212,47.314148,5.584057,78.01,271.4,61.6,108.0
4213,47.314165,5.583024,78.01,271.4,61.5,108.0
4214,47.314182,5.58199,78.01,271.4,61.5,108.0
4215,47.3142,5.580957,78.01,271.4,61.5,108.0
4216,47.314217,5.579923,78.01,271.4,61.4,108.0
4217,47.314235,5.57889,78.01,271.4,61.4,108.0
4218,47.314252,5.577857,78.01,271.4,61.3,108.0
4219,47.314269,5.576823,78.01,271.4,61.3,108.0
4220,47.314287,5.57579,78.01,271.4,61.3,108.0
4221,47.314304,5.574757,78.01,271.4,61.2,108.0
4222,47.314321,5.573723,78.01,271.4,61.2,108.0
4223,47.314339,5.57269,78.01,271.4,61.1,108.0
4224,47.314356,5.571657,78.01,271.4,61.1,108.0
4225,47.314373,5.570623,78.01,271.4,61.1,108.0
4226,47.314391,5.56959,78.01,271.4,61.0,108.0
4227,47.314408,5.568557,78.01,271.4,61.0,108.0
4228,47.314426,5.567523,78.01,271.4,60.9,108.0
4229,47.314443,5.56649,78.01,271.4,60.9,109.0
4230,47.31446,5.565456,78.01,271.4,60.9,109.0
4231,47.314478,5.564423,78.01,271.4,60.8,109.0
4232,47.314495,5.56339,78.01,271.4,60.8,109.0
4233,47.314512,5.562356,78.01,271.4,60.8,109.0
4234,47.31453,5.561323,78.01,271.4,60.7,109.0
4235,47.314547,5.56029,78.01,271.4,60.7,109.0
4236,47.314564,5.559256,78.01,271.4,60.6,109.0
4237,47.314582,5.558223,78.01,271.4,60.6,109.0
4238,47.314599,5.55719,78.01,271.4,60.6,109.0
4239,47.314616,5.556156,78.01,271.4,60.5,109.0
4240,47.314634,5.555123,78.01,271.4,60.5,109.0
4241,47.314651,5.55409,78.01,271.4,60.4,109.0
4242,47.314669,5.553056,78.01,271.4,60.4,109.0
4243,47.314686,5.552023,78.01,271.4,60.4,109.0
4244,47.314703,5.55099,78.01,271.4,60.3,109.0
4245,47.314721,5.549956,78.01,271.4,60.3,109.0
4246,47.314738,5.548923,78.01,271.4,60.2,109.0
4247,47.314755,5.547889,78.01,271.4,60.2,109.0
4248,47.314773,5.546856,78.01,271.4,60.2,109.0
4249,47.31479,5.545823,78.01,271.4,60.1,109.0
4250,47.314807,5.544789,78.01,271.4,60.1,109.0
4251,47.314825,5.543756,78.01,271.4,60.1,109.0
4252,47.314842,5.542723,78.01,271.4,60.0,109.0
4253,47.314859,5.541689,78.01,271.4,60.0,109.0
4254,47.314877,5.540656,78.01,271.4,59.9,109.0
4255,47.314894,5.539623,78.01,271.4,59.9,109.0
4256,47.314912,5.538589,78.01,271.4,59.9,109.0
4257,47.314929,5.537556,78.01,271.4,59.8,109.0
4258,47.314946,5.536523,78.01,271.4,59.8,109.0
4259,47.314964,5.535489,78.01,271.4,59.7,109.0
4260,47.314981,5.534456,78.01,271.4,59.7,109.0
4261,47.314998,5.533423,78.01,271.4,59.7,109.0
4262,47.315016,5.532389,78.01,271.4,59.6,109.0
4263,47.315033,5.531356,78.01,271.4,59.6,109.0
4264,47.31505,5.530322,78.01,271.4,59.5,109.0
4265,47.315068,5.529289,78.01,271.4,59.5,109.0
4266,47.315085,5.528256,78.01,271.4,59.5,110.0
4267,47.315102,5.527222,78.01,271.4,59.4,110.0
4268,47.31512,5.526189,78.01,271.4,59.4,110.0
4269,47.315137,5.525156,78.01,271.4,59.4,110.0
4270,47.315155,5.524122,78.01,271.4,59.3,110.0
4271,47.315172,5.523089,78.01,271.4,59.3,110.0
4272,47.315189,5.522056,78.01,271.4,59.2,110.0
4273,47.315207,5.521022,78.01,271.4,59.2,110.0
4274,47.315224,5.519989,78.01,271.4,59.2,110.0
4275,47.315241,5.518956,78.01,271.4,59.1,110.0
4276,47.315259,5.517922,78.01,271.4,59.1,110.0
4277,47.315276,5.516889,78.01,271.4,59.0,110.0
4278,47.315293,5.515855,78.01,271.4,59.0,110.0
4279,47.315311,5.514822,78.01,271.4,59.0,110.0
4280,47.315328,5.513789,78.01,271.4,58.9,110.0
4281,47.315345,5.512755,78.01,271.4,58.9,110.0
4282,47.315363,5.511722,78.01,271.4,58.8,110.0
4283,47.31538,5.510689,78.01,271.4,58.8,110.0
4284,47.315398,5.509655,78.01,271.4,58.8,110.0
4285,47.315415,5.508622,78.01,271.4,58.7,110.0
4286,47.315432,5.507589,78.01,271.4,58.7,110.0
4287,47.31545,5.506555,78.01,271.4,58.7,110.0
4288,47.315467,5.505522,78.01,271.4,58.6,110.0
4289,47.315484,5.504489,78.01,271.4,58.6,110.0
4290,47.315502,5.503455,78.01,271.4,58.5,110.0
4291,47.315519,5.502422,78.01,271.4,58.5,110.0
4292,47.315536,5.501389,78.01,271.4,58.5,110.0
4293,47.315554,5.500355,78.01,271.4,58.4,110.0
4294,47.315571,5.499322,78.01,271.4,58.4,110.0
4295,47.315588,5.498288,78.01,271.4,58.3,110.0
4296,47.315606,5.497255,78.01,271.4,58.3,110.0
4297,47.315623,5.496222,78.01,271.4,58.3,110.0
4298,47.315641,5.495188,78.01,271.4,58.2,110.0
4299,47.315658,5.494155,78.01,271.4,58.2,110.0
4300,47.315675,5.493122,78.01,271.4,58.1,110.0
4301,47.315693,5.492088,78.01,271.4,58.1,110.0
4302,47.31571,5.491055,78.01,271.4,58.1,110.0
4303,47.315727,5.490022,78.01,271.4,58.0,110.0
4304,47.315745,5.488988,78.01,271.4,58.0,110.0
4305,47.315762,5.487955,78.01,271.4,58.0,111.0
4306,47.315779,5.486922,78.01,271.4,57.9,111.0
4307,47.315797,5.485888,78.01,271.4,57.9,111.0
4308,47.315814,5.484855,78.01,271.4,57.8,111.0
4309,47.315832,5.483821,78.01,271.4,57.8,111.0
4310,47.315849,5.482788,78.01,271.4,57.8,111.0
4311,47.315866,5.481755,78.01,271.4,57.7,111.0
4312,47.315884,5.480721,78.01,271.4,57.7,111.0
4313,47.315901,5.479688,78.01,271.4,57.6,111.0
4314,47.315918,5.478655,78.01,271.4,57.6,111.0
4315,47.315936,5.477621,78.01,271.4,57.6,111.0
4316,47.315953,5.476588,78.01,271.4,57.5,111.0
4317,47.31597,5.475555,78.01,271.4,57.5,111.0
4318,47.315988,5.474521,78.01,271.4,57.4,111.0
4319,47.316005,5.473488,78.01,271.4,57.4,111.0
4320,47.316022,5.472455,78.01,271.4,57.4,111.0
4321,47.31604,5.471421,78.01,271.4,57.3,111.0
4322,47.316057,5.470388,78.01,271.4,57.3,111.0
4323,47.316075,5.469355,78.01,271.4,57.3,111.0
4324,47.316092,5.468321,78.01,271.4,57.2,111.0
4325,47.316109,5.467288,78.01,271.4,57.2,111.0
4326,47.316127,5.466254,78.01,271.4,57.1,111.0
4327,47.316144,5.465221,78.01,271.4,57.1,111.0
4328,47.316161,5.464188,78.01,271.4,57.1,111.0
4329,47.316179,5.463154,78.01,271.4,57.0,111.0
4330,47.316196,5.462121,78.01,271.4,57.0,111.0
4331,47.316213,5.461088,78.01,271.4,56.9,111.0
4332,47.316231,5.460054,78.01,271.4,56.9,111.0
4333,47.316248,5.459021,78.01,271.4,56.9,111.0
4334,47.316265,5.457988,78.01,271.4,56.8,111.0
4335,47.316283,5.456954,78.01,271.4,56.8,111.0
4336,47.3163,5.455921,78.01,271.4,56.7,111.0
4337,47.316318,5.454888,78.01,271.4,56.7,111.0
4338,47.316335,5.453854,78.01,271.4,56.7,111.0
4339,47.316352,5.452821,78.01,271.4,56.6,111.0
4340,47.31637,5.451788,78.01,271.4,56.6,111.0
4341,47.316387,5.450754,78.01,271.4,56.6,111.0
4342,47.316404,5.449721,78.01,271.4,56.5,111.0
4343,47.316422,5.448687,78.01,271.4,56.5,111.0
4344,47.316439,5.447654,78.01,271.4,56.4,111.0
4345,47.316456,5.446621,78.01,271.4,56.4,111.0
4346,47.316474,5.445587,78.01,271.4,56.4,112.0
4347,47.316491,5.444554,78.01,271.4,56.3,112.0
4348,47.316508,5.443521,78.01,271.4,56.3,112.0
4349,47.316526,5.442487,78.01,271.4,56.2,112.0
4350,47.316543,5.441454,78.01,271.4,56.2,112.0
4351,47.316561,5.440421,78.01,271.4,56.2,112.0
4352,47.316578,5.439387,78.01,271.4,56.1,112.0
4353,47.316595,5.438354,78.01,271.4,56.1,112.0
4354,47.316613,5.437321,78.01,271.4,56.1,112.0
4355,47.31663,5.436287,78.01,271.4,56.0,112.0
4356,47.316647,5.435254,78.01,271.4,56.0,112.0
4357,47.316665,5.43422,78.01,271.4,55.9,112.0
4358,47.316682,5.433187,78.01,271.4,55.9,112.0
4359,47.316699,5.432154,78.01,271.4,55.9,112.0
4360,47.316717,5.43112,78.01,271.4,55.8,112.0
4361,47.316734,5.430087,78.01,271.4,55.8,112.0
4362,47.316751,5.429054,78.01,271.4,55.7,112.0
4363,47.316769,5.42802,78.01,271.4,55.7,112.0
4364,47.316786,5.426987,78.01,271.4,55.7,112.0
4365,47.316804,5.425954,78.01,271.4,55.6,112.0
4366,47.316821,5.42492,78.01,271.4,55.6,112.0
4367,47.316838,5.423887,78.01,271.4,55.6,112.0
4368,47.316856,5.422854,78.01,271.4,55.5,112.0
4369,47.316873,5.42182,78.01,271.4,55.5,112.0
4370,47.31689,5.420787,78.01,271.4,55.4,112.0
4371,47.316908,5.419754,78.01,271.4,55.4,112.0
4372,47.316925,5.41872,78.01,271.4,55.4,112.0
4373,47.316942,5.417687,78.01,271.4,55.3,112.0
4374,47.31696,5.416653,78.01,271.4,55.3,112.0
4375,47.316977,5.41562,78.01,271.4,55.2,112.0
4376,47.316994,5.414587,78.01,271.4,55.2,112.0
4377,47.317012,5.413553,78.01,271.4,55.2,112.0
4378,47.317029,5.41252,78.01,271.4,55.1,112.0
4379,47.317047,5.411487,78.01,271.4,55.1,112.0
4380,47.317064,5.410453,78.01,271.4,55.1,112.0
4381,47.317081,5.40942,78.01,271.4,55.0,112.0
4382,47.317099,5.408387,78.01,271.4,55.0,112.0
4383,47.317116,5.407353,78.01,271.4,54.9,112.0
4384,47.317133,5.40632,78.01,271.4,54.9,112.0
4385,47.317151,5.405287,78.01,271.4,54.9,112.0
4386,47.317168,5.404253,78.01,271.4,54.8,112.0
4387,47.317185,5.40322,78.01,271.4,54.8,112.0
4388,47.317203,5.402187,78.01,271.4,54.7,112.0
4389,47.31722,5.401153,78.01,271.4,54.7,113.0
4390,47.317237,5.40012,78.01,271.4,54.7,113.0
4391,47.317255,5.399086,78.01,271.4,54.6,113.0
4392,47.317272,5.398053,78.01,271.4,54.6,113.0
4393,47.31729,5.39702,78.01,271.4,54.6,113.0
4394,47.317307,5.395986,78.01,271.4,54.5,113.0
4395,47.317324,5.394953,78.01,271.4,54.5,113.0
4396,47.317342,5.39392,78.01,271.4,54.4,113.0
4397,47.317359,5.392886,78.01,271.4,54.4,113.0
4398,47.317376,5.391853,78.01,271.4,54.4,113.0
4399,47.317394,5.39082,78.01,271.4,54.3,113.0
4400,47.317411,5.389786,78.01,271.4,54.3,113.0
4401,47.317428,5.388753,78.01,271.4,54.2,113.0
4402,47.317446,5.38772,78.01,271.4,54.2,113.0
4403,47.317463,5.386686,78.01,271.4,54.2,113.0
4404,47.317481,5.385653,78.01,271.4,54.1,113.0
4405,47.317498,5.384619,78.01,271.4,54.1,113.0
4406,47.317515,5.383586,78.01,271.4,54.1,113.0
4407,47.317533,5.382553,78.01,271.4,54.0,113.0
4408,47.31755,5.381519,78.01,271.4,54.0,113.0
4409,47.317567,5.380486,78.01,271.4,53.9,113.0
4410,47.317585,5.379453,78.01,271.4,53.9,113.0
4411,47.317602,5.378419,78.01,271.4,53.9,113.0
4412,47.317619,5.377386,78.01,271.4,53.8,113.0
4413,47.317637,5.376353,78.01,271.4,53.8,113.0
4414,47.317654,5.375319,78.01,271.4,53.7,113.0
4415,47.317671,5.374286,78.01,271.4,53.7,113.0
4416,47.317689,5.373253,78.01,271.4,53.7,113.0
4417,47.317706,5.372219,78.01,271.4,53.6,113.0
4418,47.317724,5.371186,78.01,271.4,53.6,113.0
4419,47.317741,5.370153,78.01,271.4,53.6,113.0
4420,47.317758,5.369119,78.01,271.4,53.5,113.0
4421,47.317776,5.368086,78.01,271.4,53.5,113.0
4422,47.317793,5.367052,78.01,271.4,53.4,113.0
4423,47.31781,5.366019,78.01,271.4,53.4,113.0
4424,47.317828,5.364986,78.01,271.4,53.4,113.0
4425,47.317845,5.363952,78.01,271.4,53.3,113.0
4426,47.317862,5.362919,78.01,271.4,53.3,113.0
4427,47.31788,5.361886,78.01,271.4,53.2,113.0
4428,47.317897,5.360852,78.01,271.4,53.2,113.0
4429,47.317914,5.359819,78.01,271.4,53.2,113.0
4430,47.317932,5.358786,78.01,271.4,53.1,113.0
4431,47.317949,5.357752,78.01,271.4,53.1,113.0
4432,47.317967,5.356719,78.01,271.4,53.1,113.0
4433,47.317984,5.355686,78.01,271.4,53.0,113.0
4434,47.318001,5.354652,78.01,271.4,53.0,113.0
4435,47.318019,5.353619,78.01,271.4,52.9,114.0
4436,47.318036,5.352585,78.01,271.4,52.9,114.0
4437,47.318053,5.351552,78.01,271.4,52.9,114.0
4438,47.318071,5.350519,78.01,271.4,52.8,114.0
4439,47.318088,5.349485,78.01,271.4,52.8,114.0
4440,47.318105,5.348452,78.01,271.4,52.8,114.0
4441,47.318123,5.347419,78.01,271.4,52.7,114.0
4442,47.31814,5.346385,78.01,271.4,52.7,114.0
4443,47.318157,5.345352,78.01,271.4,52.6,114.0
4444,47.318175,5.344319,78.01,271.4,52.6,114.0
4445,47.318192,5.343285,78.01,271.4,52.6,114.0
4446,47.31821,5.342252,78.01,271.4,52.5,114.0
4447,47.318227,5.341219,78.01,271.4,52.5,114.0
4448,47.318244,5.340185,78.01,271.4,52.4,114.0
4449,47.318262,5.339152,78.01,271.4,52.4,114.0
4450,47.318279,5.338119,78.01,271.4,52.4,114.0
4451,47.318296,5.337085,78.01,271.4,52.3,114.0
4452,47.318314,5.336052,78.01,271.4,52.3,114.0
4453,47.318331,5.335018,78.01,271.4,52.3,114.0
4454,47.318348,5.333985,78.01,271.4,52.2,114.0
4455,47.318366,5.332952,78.01,271.4,52.2,114.0
4456,47.318383,5.331918,78.01,271.4,52.1,114.0
4457,47.3184,5.330885,78.01,271.4,52.1,114.0
4458,47.318418,5.329852,78.01,271.4,52.1,114.0
4459,47.318435,5.328818,78.01,271.4,52.0,114.0
4460,47.318453,5.327785,78.01,271.4,52.0,114.0
4461,47.31847,5.326752,78.01,271.4,52.0,114.0
4462,47.318487,5.325718,78.01,271.4,51.9,114.0
4463,47.318505,5.324685,78.01,271.4,51.9,114.0
4464,47.318522,5.323652,78.01,271.4,51.8,114.0
4465,47.318539,5.322618,78.01,271.4,51.8,114.0
4466,47.318557,5.321585,78.01,271.4,51.8,114.0
4467,47.318574,5.320552,78.01,271.4,51.7,114.0
4468,47.318591,5.319518,78.01,271.4,51.7,114.0
4469,47.318609,5.318485,78.01,271.4,51.7,114.0
4470,47.318626,5.317451,78.01,271.4,51.6,114.0
4471,47.318643,5.316418,78.01,271.4,51.6,114.0
4472,47.318661,5.315385,78.01,271.4,51.5,114.0
4473,47.318678,5.314351,78.01,271.4,51.5,114.0
4474,47.318696,5.313318,78.01,271.4,51.5,114.0
4475,47.318713,5.312285,78.01,271.4,51.4,114.0
4476,47.31873,5.311251,78.01,271.4,51.4,114.0
4477,47.318748,5.310218,78.01,271.4,51.4,114.0
4478,47.318765,5.309185,78.01,271.4,51.3,114.0
4479,47.318782,5.308151,78.01,271.4,51.3,114.0
4480,47.3188,5.307118,78.01,271.4,51.2,114.0
4481,47.318817,5.306085,78.01,271.4,51.2,114.0
4482,47.318834,5.305051,78.01,271.4,51.2,114.0
4483,47.318852,5.304018,78.01,271.4,51.1,114.0
4484,47.318869,5.302984,78.01,271.4,51.1,114.0
4485,47.318886,5.301951,78.01,271.4,51.1,115.0
4486,47.318904,5.300918,78.01,271.4,51.0,115.0
4487,47.318921,5.299884,78.01,271.4,51.0,115.0
4488,47.318939,5.298851,78.01,271.4,50.9,115.0
4489,47.318956,5.297818,78.01,271.4,50.9,115.0
4490,47.318973,5.296784,78.01,271.4,50.9,115.0
4491,47.318991,5.295751,78.01,271.4,50.8,115.0
4492,47.319008,5.294718,78.01,271.4,50.8,115.0
4493,47.319025,5.293684,78.01,271.4,50.8,115.0
4494,47.319043,5.292651,78.01,271.4,50.7,115.0
4495,47.31906,5.291618,78.01,271.4,50.7,115.0
4496,47.319077,5.290584,78.01,271.4,50.6,115.0
4497,47.319095,5.289551,78.01,271.4,50.6,115.0
4498,47.319112,5.288518,78.01,271.4,50.6,115.0
4499,47.31913,5.287484,78.01,271.4,50.5,115.0
4500,47.319147,5.286451,78.01,271.4,50.5,115.0
4501,47.319164,5.285417,78.01,271.4,50.5,115.0
4502,47.319182,5.284384,78.01,271.4,50.4,115.0
4503,47.319199,5.283351,78.01,271.4,50.4,115.0
4504,47.319216,5.282317,78.01,271.4,50.3,115.0
4505,47.319234,5.281284,78.01,271.4,50.3,115.0
4506,47.319251,5.280251,78.01,271.4,50.3,115.0
4507,47.319268,5.279217,78.01,271.4,50.2,115.0
4508,47.319286,5.278184,78.01,271.4,50.2,115.0
4509,47.319303,5.277151,78.01,271.4,50.2,115.0
4510,47.31932,5.276117,78.01,271.4,50.1,115.0
4511,47.319338,5.275084,78.01,271.4,50.1,115.0
4512,47.319355,5.274051,78.01,271.4,50.0,115.0
4513,47.319373,5.273017,78.01,271.4,50.0,115.0
4514,47.31939,5.271984,78.01,271.4,50.0,115.0
4515,47.319407,5.270951,78.01,271.4,49.9,115.0
4516,47.319425,5.269917,78.01,271.4,49.9,115.0
4517,47.319442,5.268884,78.01,271.4,49.9,115.0
4518,47.319459,5.26785,78.01,271.4,49.8,115.0
4519,47.319477,5.266817,78.01,271.4,49.8,115.0
4520,47.319494,5.265784,78.01,271.4,49.7,115.0
4521,47.319511,5.26475,78.01,271.4,49.7,115.0
4522,47.319529,5.263717,78.01,271.4,49.7,115.0
4523,47.319546,5.262684,78.01,271.4,49.6,115.0
4524,47.319563,5.26165,78.01,271.4,49.6,115.0
4525,47.319581,5.260617,78.01,271.4,49.6,115.0
4526,47.319598,5.259584,78.01,271.4,49.5,115.0
4527,47.319616,5.25855,78.01,271.4,49.5,115.0
4528,47.319633,5.257517,78.01,271.4,49.4,115.0
4529,47.31965,5.256484,78.01,271.4,49.4,115.0
4530,47.319668,5.25545,78.01,271.4,49.4,115.0
4531,47.319685,5.254417,78.01,271.4,49.3,115.0
4532,47.319702,5.253383,78.01,271.4,49.3,115.0
4533,47.31972,5.25235,78.01,271.4,49.3,115.0
4534,47.319737,5.251317,78.01,271.4,49.2,115.0
4535,47.319754,5.250283,78.01,271.4,49.2,115.0
4536,47.319772,5.24925,78.01,271.4,49.1,115.0
4537,47.319789,5.248217,78.01,271.4,49.1,115.0
4538,47.319806,5.247183,78.01,271.4,49.1,115.0
4539,47.319824,5.24615,78.01,271.4,49.0,116.0
4540,47.319841,5.245117,78.01,271.4,49.0,116.0
4541,47.319859,5.244083,78.01,271.4,49.0,116.0
4542,47.319876,5.24305,78.01,271.4,48.9,116.0
4543,47.319893,5.242017,78.01,271.4,48.9,116.0
4544,47.319911,5.240983,78.01,271.4,48.9,116.0
4545,47.319928,5.23995,78.01,271.4,48.8,116.0
4546,47.319945,5.238917,78.01,271.4,48.8,116.0
4547,47.319963,5.237883,78.01,271.4,48.7,116.0
4548,47.31998,5.23685,78.01,271.4,48.7,116.0
4549,47.319997,5.235816,78.01,271.4,48.7,116.0
4550,47.320015,5.234783,78.01,271.4,48.6,116.0
4551,47.320032,5.23375,78.01,271.4,48.6,116.0
4552,47.320049,5.232716,78.01,271.4,48.6,116.0
4553,47.320067,5.231683,78.01,271.4,48.5,116.0
4554,47.320084,5.23065,78.01,271.4,48.5,116.0
4555,47.320102,5.229616,78.01,271.4,48.4,116.0
4556,47.320119,5.228583,78.0,271.4,48.4,116.0
4557,47.320136,5.22755,78.0,271.4,48.4,116.0
4558,47.320154,5.226516,78.0,271.4,48.3,116.0
4559,47.320171,5.225483,78.0,271.4,48.3,116.0
4560,47.320188,5.22445,78.0,271.4,48.3,116.0
4561,47.320206,5.223416,78.0,271.4,48.2,116.0
4562,47.320223,5.222383,78.0,271.4,48.2,116.0
4563,47.32024,5.221349,78.0,271.4,48.2,116.0
4564,47.320258,5.220316,78.0,271.4,48.1,116.0
4565,47.320275,5.219283,78.0,271.4,48.1,116.0
4566,47.320292,5.218249,78.0,271.4,48.0,116.0
4567,47.32031,5.217216,78.0,271.4,48.0,116.0
4568,47.320327,5.216183,78.0,271.4,48.0,116.0
4569,47.320345,5.215149,78.0,271.4,47.9,116.0
4570,47.320362,5.214116,78.0,271.4,47.9,116.0
4571,47.320379,5.213083,78.0,271.4,47.9,116.0
4572,47.320397,5.212049,78.0,271.4,47.8,116.0
4573,47.320414,5.211016,78.0,271.4,47.8,116.0
4574,47.320431,5.209983,78.0,271.4,47.8,116.0
4575,47.320449,5.208949,78.0,271.4,47.7,116.0
4576,47.320466,5.207916,78.0,271.4,47.7,116.0
4577,47.320483,5.206883,78.0,271.4,47.6,116.0
4578,47.320501,5.205849,78.0,271.4,47.6,116.0
4579,47.320518,5.204816,78.0,271.4,47.6,116.0
4580,47.320536,5.203782,78.0,271.4,47.5,116.0
4581,47.320553,5.202749,78.0,271.4,47.5,116.0
4582,47.32057,5.201716,78.0,271.4,47.5,116.0
4583,47.320588,5.200682,78.0,271.4,47.4,116.0
4584,47.320605,5.199649,78.0,271.4,47.4,116.0
4585,47.320622,5.198616,78.0,271.4,47.4,116.0
4586,47.32064,5.197582,78.0,271.4,47.3,116.0
4587,47.320657,5.196549,78.0,271.4,47.3,116.0
4588,47.320674,5.195516,78.0,271.4,47.2,116.0
4589,47.320692,5.194482,78.0,271.4,47.2,116.0
4590,47.320709,5.193449,78.0,271.4,47.2,116.0
4591,47.320726,5.192416,78.0,271.4,47.1,116.0
4592,47.320744,5.191382,78.0,271.4,47.1,116.0
4593,47.320761,5.190349,78.0,271.4,47.1,116.0
4594,47.320779,5.189316,78.0,271.4,47.0,116.0
4595,47.320796,5.188282,78.0,271.4,47.0,116.0
4596,47.320813,5.187249,78.0,271.4,47.0,116.0
4597,47.320831,5.186215,78.0,271.4,46.9,116.0
4598,47.320848,5.185182,78.0,271.4,46.9,116.0
4599,47.320865,5.184149,78.0,271.4,46.8,117.0
4600,47.320883,5.183115,78.0,271.4,46.8,117.0
4601,47.3209,5.182082,78.0,271.4,46.8,117.0
4602,47.320917,5.181049,78.0,271.4,46.7,117.0
4603,47.320935,5.180015,78.0,271.4,46.7,117.0
4604,47.320952,5.178982,78.0,271.4,46.7,117.0
4605,47.320969,5.177949,78.0,271.4,46.6,117.0
4606,47.320987,5.176915,78.0,271.4,46.6,117.0
4607,47.321004,5.175882,78.0,271.4,46.6,117.0
4608,47.321022,5.174849,78.0,271.4,46.5,117.0
4609,47.321039,5.173815,78.0,271.4,46.5,117.0
4610,47.321056,5.172782,78.0,271.4,46.5,117.0
4611,47.321074,5.171748,78.0,271.4,46.4,117.0
4612,47.321091,5.170715,78.0,271.4,46.4,117.0
4613,47.321108,5.169682,78.0,271.4,46.3,117.0
4614,47.321126,5.168648,78.0,271.4,46.3,117.0
4615,47.321143,5.167615,78.0,271.4,46.3,117.0
4616,47.32116,5.166582,78.0,271.4,46.2,117.0
4617,47.321178,5.165548,78.0,271.4,46.2,117.0
4618,47.321195,5.164515,78.0,271.4,46.2,117.0
4619,47.321212,5.163482,78.0,271.4,46.1,117.0
4620,47.32123,5.162448,78.0,271.4,46.1,117.0
4621,47.321247,5.161415,78.0,271.4,46.1,117.0
4622,47.321265,5.160382,78.0,271.4,46.0,117.0
4623,47.321282,5.159348,78.0,271.4,46.0,117.0
4624,47.321299,5.158315,78.0,271.4,46.0,117.0
4625,47.321317,5.157282,78.0,271.4,45.9,117.0
4626,47.321334,5.156248,78.0,271.4,45.9,117.0
4627,47.321351,5.155215,78.0,271.4,45.8,117.0
4628,47.321369,5.154181,78.0,271.4,45.8,117.0
4629,47.321386,5.153148,78.0,271.4,45.8,117.0
4630,47.321403,5.152115,78.0,271.4,45.7,117.0
4631,47.321421,5.151081,78.0,271.4,45.7,117.0
4632,47.321438,5.150048,78.0,271.4,45.7,117.0
4633,47.321455,5.149015,78.0,271.4,45.6,117.0
4634,47.321473,5.147981,78.0,271.4,45.6,117.0
4635,47.32149,5.146948,78.0,271.4,45.6,117.0
4636,47.321508,5.145915,78.0,271.4,45.5,117.0
4637,47.321525,5.144881,78.0,271.4,45.5,117.0
4638,47.321542,5.143848,78.0,271.4,45.5,117.0
4639,47.32156,5.142815,78.0,271.4,45.4,117.0
4640,47.321577,5.141781,78.0,271.4,45.4,117.0
4641,47.321594,5.140748,78.0,271.4,45.3,117.0
4642,47.321612,5.139715,78.0,271.4,45.3,117.0
4643,47.321629,5.138681,78.0,271.4,45.3,117.0
4644,47.321646,5.137648,78.0,271.4,45.2,117.0
4645,47.321664,5.136614,78.0,271.4,45.2,117.0
4646,47.321681,5.135581,78.0,271.4,45.2,117.0
4647,47.321698,5.134548,78.0,271.4,45.1,117.0
4648,47.321716,5.133514,78.0,271.4,45.1,117.0
4649,47.321733,5.132481,78.0,271.4,45.1,117.0
4650,47.321751,5.131448,78.0,271.4,45.0,117.0
4651,47.321768,5.130414,78.0,271.4,45.0,117.0
4652,47.321785,5.129381,78.0,271.4,45.0,117.0
4653,47.321803,5.128348,78.0,271.4,44.9,117.0
4654,47.32182,5.127314,78.0,271.4,44.9,117.0
4655,47.321837,5.126281,78.0,271.4,44.9,117.0
4656,47.321855,5.125248,78.0,271.4,44.8,117.0
4657,47.321872,5.124214,78.0,271.4,44.8,117.0
4658,47.321889,5.123181,78.0,271.4,44.8,117.0
4659,47.321907,5.122147,78.0,271.4,44.7,117.0
4660,47.321924,5.121114,78.0,271.4,44.7,117.0
4661,47.321941,5.120081,78.0,271.4,44.6,117.0
4662,47.321959,5.119047,78.0,271.4,44.6,117.0
4663,47.321976,5.118014,78.0,271.4,44.6,117.0
4664,47.321994,5.116981,78.0,271.4,44.5,117.0
4665,47.322011,5.115947,78.0,271.4,44.5,117.0
4666,47.322028,5.114914,78.0,271.4,44.5,117.0
4667,47.322046,5.113881,78.0,271.4,44.4,117.0
4668,47.322063,5.112847,78.0,271.4,44.4,117.0
4669,47.32208,5.111814,78.0,271.4,44.4,118.0
4670,47.322098,5.110781,78.0,271.4,44.3,118.0
4671,47.322115,5.109747,78.0,271.4,44.3,118.0
4672,47.322132,5.108714,78.0,271.4,44.3,118.0
4673,47.32215,5.107681,78.0,271.4,44.2,118.0
4674,47.322167,5.106647,78.0,271.4,44.2,118.0
4675,47.322185,5.105614,78.0,271.4,44.2,118.0
4676,47.322202,5.10458,78.0,271.4,44.1,118.0
4677,47.322219,5.103547,78.0,271.4,44.1,118.0
4678,47.322237,5.102514,78.0,271.4,44.1,118.0
4679,47.322254,5.10148,78.0,271.4,44.0,118.0
4680,47.322271,5.100447,78.0,271.4,44.0,118.0
4681,47.322289,5.099414,78.0,271.4,44.0,118.0
4682,47.322306,5.09838,78.0,271.4,43.9,118.0
4683,47.322323,5.097347,78.0,271.4,43.9,118.0
4684,47.322341,5.096314,78.0,271.4,43.8,118.0
4685,47.322358,5.09528,78.0,271.4,43.8,118.0
4686,47.322375,5.094247,78.0,271.4,43.8,118.0
4687,47.322393,5.093214,78.0,271.4,43.7,118.0
4688,47.32241,5.09218,78.0,271.4,43.7,118.0
4689,47.322428,5.091147,78.0,271.4,43.7,118.0
4690,47.322445,5.090114,78.0,271.4,43.6,118.0
4691,47.322462,5.08908,78.0,271.4,43.6,118.0
4692,47.32248,5.088047,78.0,271.4,43.6,118.0
4693,47.322497,5.087013,78.0,271.4,43.5,118.0
4694,47.322514,5.08598,78.0,271.4,43.5,118.0
4695,47.322532,5.084947,78.0,271.4,43.5,118.0
4696,47.322549,5.083913,78.0,271.4,43.4,118.0
4697,47.322566,5.08288,78.0,271.4,43.4,118.0
4698,47.322584,5.081847,78.0,271.4,43.4,118.0
4699,47.322601,5.080813,78.0,271.4,43.3,118.0
4700,47.322618,5.07978,78.0,271.4,43.3,118.0
4701,47.322636,5.078747,78.0,271.4,43.3,118.0
4702,47.322653,5.077713,78.0,271.4,43.2,118.0
4703,47.322671,5.07668,78.0,271.4,43.2,118.0
4704,47.322688,5.075647,78.0,271.4,43.2,118.0
4705,47.322705,5.074613,78.0,271.4,43.1,118.0
4706,47.322723,5.07358,78.0,271.4,43.1,118.0
4707,47.32274,5.072546,78.0,271.4,43.1,118.0
4708,47.322757,5.071513,78.0,271.4,43.0,118.0
4709,47.322775,5.07048,78.0,271.4,43.0,118.0
4710,47.322792,5.069446,78.0,271.4,43.0,118.0
4711,47.322809,5.068413,78.0,271.4,42.9,118.0
4712,47.322827,5.06738,78.0,271.4,42.9,118.0
4713,47.322844,5.066346,78.0,271.4,42.9,118.0
4714,47.322861,5.065313,78.0,271.4,42.8,118.0
4715,47.322879,5.06428,78.0,271.4,42.8,118.0
4716,47.322896,5.063246,78.0,271.4,42.8,118.0
4717,47.322914,5.062213,78.0,271.4,42.7,118.0
4718,47.322931,5.06118,78.0,271.4,42.7,118.0
4719,47.322948,5.060146,78.0,271.4,42.7,118.0
4720,47.322966,5.059113,78.0,271.4,42.6,118.0
4721,47.322983,5.05808,78.0,271.4,42.6,118.0
4722,47.323,5.057046,78.0,271.4,42.6,118.0
4723,47.323018,5.056013,78.0,271.4,42.5,118.0
4724,47.323035,5.054979,78.0,271.4,42.5,118.0
4725,47.323052,5.053946,78.0,271.4,42.5,118.0
4726,47.32307,5.052913,78.0,271.4,42.4,118.0
4727,47.323087,5.051879,78.0,271.4,42.4,118.0
4728,47.323104,5.050846,78.0,271.4,42.3,118.0
4729,47.323122,5.049813,78.0,271.4,42.3,118.0
4730,47.323139,5.048779,78.0,271.4,42.3,118.0
4731,47.323157,5.047746,78.0,271.4,42.2,118.0
4732,47.323174,5.046713,78.0,271.4,42.2,118.0
4733,47.323191,5.045679,78.0,271.4,42.2,118.0
4734,47.323209,5.044646,78.0,271.4,42.1,118.0
4735,47.323226,5.043613,78.0,271.4,42.1,118.0
4736,47.323243,5.042579,78.0,271.4,42.1,118.0
4737,47.323261,5.041546,78.0,271.4,42.0,118.0
4738,47.323278,5.040512,78.0,271.4,42.0,118.0
4739,47.323295,5.039479,78.0,271.4,42.0,118.0
4740,47.323313,5.038446,78.0,271.4,41.9,118.0
4741,47.32333,5.037412,78.0,271.4,41.9,118.0
4742,47.323347,5.036379,78.0,271.4,41.9,118.0
4743,47.323365,5.035346,78.0,271.4,41.8,118.0
4744,47.323382,5.034312,78.0,271.4,41.8,118.0
4745,47.3234,5.033279,78.0,271.4,41.8,118.0
4746,47.323417,5.032246,78.0,271.4,41.7,118.0
4747,47.323434,5.031212,78.0,271.4,41.7,118.0
4748,47.323452,5.030179,78.0,271.4,41.7,118.0
4749,47.323469,5.029146,78.0,271.4,41.6,118.0
4750,47.323486,5.028112,78.0,271.4,41.6,118.0
4751,47.323496,5.027521,44.62,271.4,41.6,118.0
4752,47.323479,5.028554,78.0,91.4,41.6,118.0
4753,47.323462,5.029588,78.0,91.4,41.5,118.0
4754,47.323444,5.030621,78.0,91.4,41.5,119.0
4755,47.323427,5.031655,78.0,91.4,41.5,119.0
4756,47.323409,5.032688,78.0,91.4,41.4,119.0
4757,47.323392,5.033721,78.0,91.4,41.4,119.0
4758,47.323375,5.034755,78.0,91.4,41.4,119.0
4759,47.323357,5.035788,78.0,91.4,41.3,119.0
4760,47.32334,5.036821,78.0,91.4,41.3,119.0
4761,47.323323,5.037855,78.0,91.4,41.3,119.0
4762,47.323305,5.038888,78.0,91.4,41.2,119.0
4763,47.323288,5.039921,78.0,91.4,41.2,119.0
4764,47.323271,5.040955,78.0,91.4,41.2,119.0
4765,47.323253,5.041988,78.0,91.4,41.1,119.0
4766,47.323236,5.043021,78.0,91.4,41.1,119.0
4767,47.323219,5.044055,78.0,91.4,41.1,119.0
4768,47.323201,5.045088,78.0,91.4,41.0,119.0
4769,47.323184,5.046121,78.0,91.4,41.0,119.0
4770,47.323166,5.047155,78.0,91.4,41.0,119.0
4771,47.323149,5.048188,78.0,91.4,40.9,119.0
4772,47.323132,5.049222,78.0,91.4,40.9,119.0
4773,47.323114,5.050255,78.0,91.4,40.9,119.0
4774,47.323097,5.051288,78.0,91.4,40.8,119.0
4775,47.32308,5.052322,78.0,91.4,40.8,119.0
4776,47.323062,5.053355,78.0,91.4,40.8,119.0
4777,47.323045,5.054388,78.0,91.4,40.7,119.0
4778,47.323028,5.055422,78.0,91.4,40.7,119.0
4779,47.32301,5.056455,78.0,91.4,40.7,119.0
4780,47.322993,5.057488,78.0,91.4,40.6,119.0
4781,47.322976,5.058522,78.0,91.4,40.6,119.0
4782,47.322958,5.059555,78.0,91.4,40.6,119.0
4783,47.322941,5.060588,78.0,91.4,40.5,119.0
4784,47.322923,5.061622,78.0,91.4,40.5,119.0
4785,47.322906,5.062655,78.0,91.4,40.5,119.0
4786,47.322889,5.063689,78.0,91.4,40.4,119.0
4787,47.322871,5.064722,78.0,91.4,40.4,119.0
4788,47.322854,5.065755,78.0,91.4,40.4,119.0
4789,47.322837,5.066789,78.0,91.4,40.3,119.0
4790,47.322819,5.067822,78.0,91.4,40.3,119.0
4791,47.322802,5.068855,78.0,91.4,40.3,119.0
4792,47.322785,5.069889,78.0,91.4,40.2,119.0
4793,47.322767,5.070922,78.0,91.4,40.2,119.0
4794,47.32275,5.071955,78.0,91.4,40.2,119.0
4795,47.322733,5.072989,78.0,91.4,40.2,119.0
4796,47.322715,5.074022,78.0,91.4,40.1,119.0
4797,47.322698,5.075055,78.0,91.4,40.1,119.0
4798,47.32268,5.076089,78.0,91.4,40.1,119.0
4799,47.322663,5.077122,78.0,91.4,40.0,119.0
4800,47.322646,5.078155,78.0,91.4,40.0,119.0
4801,47.322628,5.079189,78.0,91.4,40.0,119.0
4802,47.322611,5.080222,78.0,91.4,39.9,119.0
4803,47.322594,5.081256,78.0,91.4,39.9,119.0
4804,47.322576,5.082289,78.0,91.4,39.9,119.0
4805,47.322559,5.083322,78.0,91.4,39.8,119.0
4806,47.322542,5.084356,78.0,91.4,39.8,119.0
4807,47.322524,5.085389,78.0,91.4,39.8,119.0
4808,47.322507,5.086422,78.0,91.4,39.7,119.0
4809,47.32249,5.087456,78.0,91.4,39.7,119.0
4810,47.322472,5.088489,78.0,91.4,39.7,119.0
4811,47.322455,5.089522,78.0,91.4,39.6,119.0
4812,47.322437,5.090556,78.0,91.4,39.6,119.0
4813,47.32242,5.091589,78.0,91.4,39.6,119.0
4814,47.322403,5.092622,78.0,91.4,39.5,119.0
4815,47.322385,5.093656,78.0,91.4,39.5,119.0
4816,47.322368,5.094689,78.0,91.4,39.5,119.0
4817,47.322351,5.095722,78.0,91.4,39.5,119.0
4818,47.322333,5.096756,78.0,91.4,39.4,119.0
4819,47.322316,5.097789,78.0,91.4,39.4,119.0
4820,47.322299,5.098823,78.0,91.4,39.4,119.0
4821,47.322281,5.099856,78.0,91.4,39.3,119.0
4822,47.322264,5.100889,78.0,91.4,39.3,119.0
4823,47.322247,5.101923,78.0,91.4,39.3,119.0
4824,47.322229,5.102956,78.0,91.4,39.2,119.0
4825,47.322212,5.103989,78.0,91.4,39.2,119.0
4826,47.322194,5.105023,78.0,91.4,39.2,119.0
4827,47.322177,5.106056,78.0,91.4,39.1,119.0
4828,47.32216,5.107089,78.0,91.4,39.1,119.0
4829,47.322142,5.108123,78.0,91.4,39.1,119.0
4830,47.322125,5.109156,78.0,91.4,39.0,119.0
4831,47.322108,5.110189,78.0,91.4,39.0,119.0
4832,47.32209,5.111223,78.0,91.4,39.0,119.0
4833,47.322073,5.112256,78.0,91.4,39.0,119.0
4834,47.322056,5.11329,78.0,91.4,38.9,119.0
4835,47.322038,5.114323,78.0,91.4,38.9,119.0
4836,47.322021,5.115356,78.0,91.4,38.9,119.0
4837,47.322004,5.11639,78.0,91.4,38.8,119.0
4838,47.321986,5.117423,78.0,91.4,38.8,119.0
4839,47.321969,5.118456,78.0,91.4,38.8,119.0
4840,47.321951,5.11949,78.0,91.4,38.7,119.0
4841,47.321934,5.120523,78.0,91.4,38.7,119.0
4842,47.321917,5.121556,78.0,91.4,38.7,119.0
4843,47.321899,5.12259,78.0,91.4,38.6,119.0
4844,47.321882,5.123623,78.0,91.4,38.6,119.0
4845,47.321865,5.124656,78.0,91.4,38.6,119.0
4846,47.321847,5.12569,78.0,91.4,38.6,119.0
4847,47.32183,5.126723,78.0,91.4,38.5,119.0
4848,47.321813,5.127756,78.0,91.4,38.5,119.0
4849,47.321795,5.12879,78.0,91.4,38.5,119.0
4850,47.321778,5.129823,78.0,91.4,38.4,119.0
4851,47.32176,5.130857,78.0,91.4,38.4,119.0
4852,47.321743,5.13189,78.0,91.4,38.4,119.0
4853,47.321726,5.132923,78.0,91.4,38.3,119.0
4854,47.321708,5.133957,78.0,91.4,38.3,119.0
4855,47.321691,5.13499,78.0,91.4,38.3,119.0
4856,47.321674,5.136023,78.0,91.4,38.2,119.0
4857,47.321656,5.137057,78.0,91.4,38.2,119.0
4858,47.321639,5.13809,78.0,91.4,38.2,119.0
4859,47.321622,5.139123,78.0,91.4,38.2,119.0
4860,47.321604,5.140157,78.0,91.4,38.1,119.0
4861,47.321587,5.14119,78.0,91.4,38.1,119.0
4862,47.32157,5.142223,78.0,91.4,38.1,119.0
4863,47.321552,5.143257,78.0,91.4,38.0,119.0
4864,47.321535,5.14429,78.0,91.4,38.0,119.0
4865,47.321517,5.145324,78.0,91.4,38.0,119.0
4866,47.3215,5.146357,78.0,91.4,37.9,119.0
4867,47.321483,5.14739,78.0,91.4,37.9,119.0
4868,47.321465,5.148424,78.0,91.4,37.9,119.0
4869,47.321448,5.149457,78.0,91.4,37.9,119.0
4870,47.321431,5.15049,78.0,91.4,37.8,119.0
4871,47.321413,5.151524,78.0,91.4,37.8,119.0
4872,47.321396,5.152557,78.0,91.4,37.8,119.0
4873,47.321379,5.15359,78.0,91.4,37.7,119.0
4874,47.321361,5.154624,78.0,91.4,37.7,119.0
4875,47.321344,5.155657,78.0,91.4,37.7,119.0
4876,47.321327,5.15669,78.0,91.4,37.6,119.0
4877,47.321309,5.157724,78.0,91.4,37.6,119.0
4878,47.321292,5.158757,78.0,91.4,37.6,120.0
4879,47.321274,5.15979,78.0,91.4,37.6,120.0
4880,47.321257,5.160824,78.0,91.4,37.5,120.0
4881,47.32124,5.161857,78.0,91.4,37.5,120.0
4882,47.321222,5.162891,78.0,91.4,37.5,120.0
4883,47.321205,5.163924,78.0,91.4,37.4,120.0
4884,47.321188,5.164957,78.0,91.4,37.4,120.0
4885,47.32117,5.165991,78.0,91.4,37.4,120.0
4886,47.321153,5.167024,78.0,91.4,37.3,120.0
4887,47.321136,5.168057,78.0,91.4,37.3,120.0
4888,47.321118,5.169091,78.0,91.4,37.3,120.0
4889,47.321101,5.170124,78.0,91.4,37.3,120.0
4890,47.321084,5.171157,78.0,91.4,37.2,120.0
4891,47.321066,5.172191,78.0,91.4,37.2,120.0
4892,47.321049,5.173224,78.0,91.4,37.2,120.0
4893,47.321031,5.174257,78.0,91.4,37.1,120.0
4894,47.321014,5.175291,78.0,91.4,37.1,120.0
4895,47.320997,5.176324,78.0,91.4,37.1,120.0
4896,47.320979,5.177357,78.0,91.4,37.0,120.0
4897,47.320962,5.178391,78.0,91.4,37.0,120.0
4898,47.320945,5.179424,78.0,91.4,37.0,120.0
4899,47.320927,5.180458,78.0,91.4,37.0,120.0
4900,47.32091,5.181491,78.0,91.4,36.9,120.0
4901,47.320893,5.182524,78.0,91.4,36.9,120.0
4902,47.320875,5.183558,78.0,91.4,36.9,120.0
4903,47.320858,5.184591,78.0,91.4,36.8,120.0
4904,47.320841,5.185624,78.0,91.4,36.8,120.0
4905,47.320823,5.186658,78.0,91.4,36.8,120.0
4906,47.320806,5.187691,78.0,91.4,36.8,120.0
4907,47.320788,5.188724,78.0,91.4,36.7,120.0
4908,47.320771,5.189758,78.0,91.4,36.7,120.0
4909,47.320754,5.190791,78.0,91.4,36.7,120.0
4910,47.320736,5.191824,78.0,91.4,36.6,120.0
4911,47.320719,5.192858,78.0,91.4,36.6,120.0
4912,47.320702,5.193891,78.0,91.4,36.6,120.0
4913,47.320684,5.194925,78.0,91.4,36.6,120.0
4914,47.320667,5.195958,78.0,91.4,36.5,120.0
4915,47.32065,5.196991,78.0,91.4,36.5,120.0
4916,47.320632,5.198025,78.0,91.4,36.5,120.0
4917,47.320615,5.199058,78.0,91.4,36.4,120.0
4918,47.320598,5.200091,78.0,91.4,36.4,120.0
4919,47.32058,5.201125,78.0,91.4,36.4,120.0
4920,47.320563,5.202158,78.0,91.4,36.4,120.0
4921,47.320545,5.203191,78.0,91.4,36.3,120.0
4922,47.320528,5.204225,78.0,91.4,36.3,120.0
4923,47.320511,5.205258,78.0,91.4,36.3,120.0
4924,47.320493,5.206291,78.0,91.4,36.2,120.0
4925,47.320476,5.207325,78.0,91.4,36.2,120.0
4926,47.320459,5.208358,78.0,91.4,36.2,120.0
4927,47.320441,5.209391,78.0,91.4,36.2,120.0
4928,47.320424,5.210425,78.0,91.4,36.1,120.0
4929,47.320407,5.211458,78.0,91.4,36.1,120.0
4930,47.320389,5.212492,78.0,91.4,36.1,120.0
4931,47.320372,5.213525,78.0,91.4,36.0,120.0
4932,47.320354,5.214558,78.0,91.4,36.0,120.0
4933,47.320337,5.215592,78.0,91.4,36.0,120.0
4934,47.32032,5.216625,78.0,91.4,36.0,120.0
4935,47.320302,5.217658,78.0,91.4,35.9,120.0
4936,47.320285,5.218692,78.0,91.4,35.9,120.0
4937,47.320268,5.219725,78.0,91.4,35.9,120.0
4938,47.32025,5.220758,78.0,91.4,35.8,120.0
4939,47.320233,5.221792,78.0,91.4,35.8,120.0
4940,47.320216,5.222825,78.0,91.4,35.8,120.0
4941,47.320198,5.223858,78.0,91.4,35.8,120.0
4942,47.320181,5.224892,78.0,91.4,35.7,120.0
4943,47.320164,5.225925,78.0,91.4,35.7,120.0
4944,47.320146,5.226958,78.0,91.4,35.7,120.0
4945,47.320129,5.227992,78.0,91.4,35.6,120.0
4946,47.320111,5.229025,78.0,91.4,35.6,120.0
4947,47.320094,5.230059,78.01,91.4,35.6,120.0
4948,47.320077,5.231092,78.01,91.4,35.6,120.0
4949,47.320059,5.232125,78.01,91.4,35.5,120.0
4950,47.320042,5.233159,78.01,91.4,35.5,120.0
4951,47.320025,5.234192,78.01,91.4,35.5,120.0
4952,47.320007,5.235225,78.01,91.4,35.4,120.0
4953,47.31999,5.236259,78.01,91.4,35.4,120.0
4954,47.319973,5.237292,78.01,91.4,35.4,120.0
4955,47.319955,5.238325,78.01,91.4,35.4,120.0
4956,47.319938,5.239359,78.01,91.4,35.3,120.0
4957,47.319921,5.240392,78.01,91.4,35.3,120.0
4958,47.319903,5.241425,78.01,91.4,35.3,120.0
4959,47.319886,5.242459,78.01,91.4,35.3,120.0
4960,47.319868,5.243492,78.01,91.4,35.2,120.0
4961,47.319851,5.244526,78.01,91.4,35.2,120.0
4962,47.319834,5.245559,78.01,91.4,35.2,120.0
4963,47.319816,5.246592,78.01,91.4,35.1,120.0
4964,47.319799,5.247626,78.01,91.4,35.1,120.0
4965,47.319782,5.248659,78.01,91.4,35.1,120.0
4966,47.319764,5.249692,78.01,91.4,35.1,120.0
4967,47.319747,5.250726,78.01,91.4,35.0,120.0
4968,47.31973,5.251759,78.01,91.4,35.0,120.0
4969,47.319712,5.252792,78.01,91.4,35.0,120.0
4970,47.319695,5.253826,78.01,91.4,35.0,120.0
4971,47.319678,5.254859,78.01,91.4,34.9,120.0
4972,47.31966,5.255892,78.01,91.4,34.9,120.0
4973,47.319643,5.256926,78.01,91.4,34.9,120.0
4974,47.319625,5.257959,78.01,91.4,34.8,120.0
4975,47.319608,5.258992,78.01,91.4,34.8,120.0
4976,47.319591,5.260026,78.01,91.4,34.8,120.0
4977,47.319573,5.261059,78.01,91.4,34.8,120.0
4978,47.319556,5.262093,78.01,91.4,34.7,120.0
4979,47.319539,5.263126,78.01,91.4,34.7,120.0
4980,47.319521,5.264159,78.01,91.4,34.7,120.0
4981,47.319504,5.265193,78.01,91.4,34.7,120.0
4982,47.319487,5.266226,78.01,91.4,34.6,120.0
4983,47.319469,5.267259,78.01,91.4,34.6,120.0
4984,47.319452,5.268293,78.01,91.4,34.6,120.0
4985,47.319435,5.269326,78.01,91.4,34.6,120.0
4986,47.319417,5.270359,78.01,91.4,34.5,120.0
4987,47.3194,5.271393,78.01,91.4,34.5,120.0
4988,47.319382,5.272426,78.01,91.4,34.5,120.0
4989,47.319365,5.273459,78.01,91.4,34.4,120.0
4990,47.319348,5.274493,78.01,91.4,34.4,120.0
4991,47.31933,5.275526,78.01,91.4,34.4,120.0
4992,47.319313,5.27656,78.01,91.4,34.4,120.0
4993,47.319296,5.277593,78.01,91.4,34.3,120.0
4994,47.319278,5.278626,78.01,91.4,34.3,120.0
4995,47.319261,5.27966,78.01,91.4,34.3,120.0
4996,47.319244,5.280693,78.01,91.4,34.3,120.0
4997,47.319226,5.281726,78.01,91.4,34.2,120.0
4998,47.319209,5.28276,78.01,91.4,34.2,120.0
4999,47.319192,5.283793,78.01,91.4,34.2,120.0
5000,47.319174,5.284826,78.01,91.4,34.2,120.0
5001,47.319157,5.28586,78.01,91.4,34.1,120.0
5002,47.319139,5.286893,78.01,91.4,34.1,120.0
5003,47.319122,5.287926,78.01,91.4,34.1,120.0
5004,47.319105,5.28896,78.01,91.4,34.0,120.0
5005,47.319087,5.289993,78.01,91.4,34.0,120.0
5006,47.31907,5.291026,78.01,91.4,34.0,120.0
5007,47.319053,5.29206,78.01,91.4,34.0,120.0
5008,47.319035,5.293093,78.01,91.4,33.9,120.0
5009,47.319018,5.294127,78.01,91.4,33.9,120.0
5010,47.319001,5.29516,78.01,91.4,33.9,120.0
5011,47.318983,5.296193,78.01,91.4,33.9,120.0
5012,47.318966,5.297227,78.01,91.4,33.8,120.0
5013,47.318949,5.29826,78.01,91.4,33.8,120.0
5014,47.318931,5.299293,78.01,91.4,33.8,120.0
5015,47.318914,5.300327,78.01,91.4,33.8,120.0
5016,47.318896,5.30136,78.01,91.4,33.7,120.0
5017,47.318879,5.302393,78.01,91.4,33.7,120.0
5018,47.318862,5.303427,78.01,91.4,33.7,120.0
5019,47.318844,5.30446,78.01,91.4,33.7,120.0
5020,47.318827,5.305493,78.01,91.4,33.6,120.0
5021,47.31881,5.306527,78.01,91.4,33.6,120.0
5022,47.318792,5.30756,78.01,91.4,33.6,120.0
5023,47.318775,5.308593,78.01,91.4,33.6,120.0
5024,47.318758,5.309627,78.01,91.4,33.5,120.0
5025,47.31874,5.31066,78.01,91.4,33.5,120.0
5026,47.318723,5.311694,78.01,91.4,33.5,120.0
5027,47.318705,5.312727,78.01,91.4,33.5,120.0
5028,47.318688,5.31376,78.01,91.4,33.4,120.0
5029,47.318671,5.314794,78.01,91.4,33.4,120.0
5030,47.318653,5.315827,78.01,91.4,33.4,120.0
5031,47.318636,5.31686,78.01,91.4,33.4,120.0
5032,47.318619,5.317894,78.01,91.4,33.3,120.0
5033,47.318601,5.318927,78.01,91.4,33.3,120.0
5034,47.318584,5.31996,78.01,91.4,33.3,120.0
5035,47.318567,5.320994,78.01,91.4,33.3,120.0
5036,47.318549,5.322027,78.01,91.4,33.2,120.0
5037,47.318532,5.32306,78.01,91.4,33.2,120.0
5038,47.318515,5.324094,78.01,91.4,33.2,120.0
5039,47.318497,5.325127,78.01,91.4,33.2,120.0
5040,47.31848,5.326161,78.01,91.4,33.1,120.0
5041,47.318462,5.327194,78.01,91.4,33.1,120.0
5042,47.318445,5.328227,78.01,91.4,33.1,120.0
5043,47.318428,5.329261,78.01,91.4,33.1,120.0
5044,47.31841,5.330294,78.01,91.4,33.0,120.0
5045,47.318393,5.331327,78.01,91.4,33.0,120.0
5046,47.318376,5.332361,78.01,91.4,33.0,120.0
5047,47.318358,5.333394,78.01,91.4,33.0,120.0
5048,47.318341,5.334427,78.01,91.4,32.9,120.0
5049,47.318324,5.335461,78.01,91.4,32.9,120.0
5050,47.318306,5.336494,78.01,91.4,32.9,120.0
5051,47.318289,5.337527,78.01,91.4,32.9,120.0
5052,47.318272,5.338561,78.01,91.4,32.8,120.0
5053,47.318254,5.339594,78.01,91.4,32.8,120.0
5054,47.318237,5.340627,78.01,91.4,32.8,120.0
5055,47.318219,5.341661,78.01,91.4,32.8,120.0
5056,47.318202,5.342694,78.01,91.4,32.7,120.0
5057,47.318185,5.343728,78.01,91.4,32.7,120.0
5058,47.318167,5.344761,78.01,91.4,32.7,120.0
5059,47.31815,5.345794,78.01,91.4,32.7,120.0
5060,47.318133,5.346828,78.01,91.4,32.6,120.0
5061,47.318115,5.347861,78.01,91.4,32.6,120.0
5062,47.318098,5.348894,78.01,91.4,32.6,120.0
5063,47.318081,5.349928,78.01,91.4,32.6,120.0
5064,47.318063,5.350961,78.01,91.4,32.5,120.0
5065,47.318046,5.351994,78.01,91.4,32.5,120.0
5066,47.318029,5.353028,78.01,91.4,32.5,120.0
5067,47.318011,5.354061,78.01,91.4,32.5,120.0
5068,47.317994,5.355094,78.01,91.4,32.4,120.0
5069,47.317976,5.356128,78.01,91.4,32.4,120.0
5070,47.317959,5.357161,78.01,91.4,32.4,120.0
5071,47.317942,5.358194,78.01,91.4,32.4,120.0
5072,47.317924,5.359228,78.01,91.4,32.4,120.0
5073,47.317907,5.360261,78.01,91.4,32.3,120.0
5074,47.31789,5.361295,78.01,91.4,32.3,120.0
5075,47.317872,5.362328,78.01,91.4,32.3,120.0
5076,47.317855,5.363361,78.01,91.4,32.3,120.0
5077,47.317838,5.364395,78.01,91.4,32.2,120.0
5078,47.31782,5.365428,78.01,91.4,32.2,120.0
5079,47.317803,5.366461,78.01,91.4,32.2,120.0
5080,47.317786,5.367495,78.01,91.4,32.2,120.0
5081,47.317768,5.368528,78.01,91.4,32.1,120.0
5082,47.317751,5.369561,78.01,91.4,32.1,120.0
5083,47.317733,5.370595,78.01,91.4,32.1,120.0
5084,47.317716,5.371628,78.01,91.4,32.1,120.0
5085,47.317699,5.372661,78.01,91.4,32.0,120.0
5086,47.317681,5.373695,78.01,91.4,32.0,120.0
5087,47.317664,5.374728,78.01,91.4,32.0,120.0
5088,47.317647,5.375762,78.01,91.4,32.0,120.0
5089,47.317629,5.376795,78.01,91.4,32.0,120.0
5090,47.317612,5.377828,78.01,91.4,31.9,120.0
5091,47.317595,5.378862,78.01,91.4,31.9,120.0
5092,47.317577,5.379895,78.01,91.4,31.9,120.0
5093,47.31756,5.380928,78.01,91.4,31.9,120.0
5094,47.317543,5.381962,78.01,91.4,31.8,120.0
5095,47.317525,5.382995,78.01,91.4,31.8,120.0
5096,47.317508,5.384028,78.01,91.4,31.8,120.0
5097,47.31749,5.385062,78.01,91.4,31.8,120.0
5098,47.317473,5.386095,78.01,91.4,31.7,120.0
5099,47.317456,5.387128,78.01,91.4,31.7,120.0
5100,47.317438,5.388162,78.01,91.4,31.7,120.0
5101,47.317421,5.389195,78.01,91.4,31.7,120.0
5102,47.317404,5.390228,78.01,91.4,31.7,120.0
5103,47.317386,5.391262,78.01,91.4,31.6,120.0
5104,47.317369,5.392295,78.01,91.4,31.6,120.0
5105,47.317352,5.393329,78.01,91.4,31.6,120.0
5106,47.317334,5.394362,78.01,91.4,31.6,120.0
5107,47.317317,5.395395,78.01,91.4,31.5,120.0
5108,47.317299,5.396429,78.01,91.4,31.5,120.0
5109,47.317282,5.397462,78.01,91.4,31.5,120.0
5110,47.317265,5.398495,78.01,91.4,31.5,120.0
5111,47.317247,5.399529,78.01,91.4,31.4,120.0
5112,47.31723,5.400562,78.01,91.4,31.4,120.0
5113,47.317213,5.401595,78.01,91.4,31.4,120.0
5114,47.317195,5.402629,78.01,91.4,31.4,120.0
5115,47.317178,5.403662,78.01,91.4,31.4,120.0
5116,47.317161,5.404695,78.01,91.4,31.3,120.0
5117,47.317143,5.405729,78.01,91.4,31.3,120.0
5118,47.317126,5.406762,78.01,91.4,31.3,120.0
5119,47.317109,5.407795,78.01,91.4,31.3,120.0
5120,47.317091,5.408829,78.01,91.4,31.2,120.0
5121,47.317074,5.409862,78.01,91.4,31.2,120.0
5122,47.317056,5.410896,78.01,91.4,31.2,120.0
5123,47.317039,5.411929,78.01,91.4,31.2,120.0
5124,47.317022,5.412962,78.01,91.4,31.2,120.0
5125,47.317004,5.413996,78.01,91.4,31.1,120.0
5126,47.316987,5.415029,78.01,91.4,31.1,120.0
5127,47.31697,5.416062,78.01,91.4,31.1,120.0
5128,47.316952,5.417096,78.01,91.4,31.1,120.0
5129,47.316935,5.418129,78.01,91.4,31.0,120.0
5130,47.316918,5.419162,78.01,91.4,31.0,120.0
5131,47.3169,5.420196,78.01,91.4,31.0,120.0
5132,47.316883,5.421229,78.01,91.4,31.0,120.0
5133,47.316866,5.422262,78.01,91.4,31.0,120.0
5134,47.316848,5.423296,78.01,91.4,30.9,120.0
5135,47.316831,5.424329,78.01,91.4,30.9,120.0
5136,47.316813,5.425363,78.01,91.4,30.9,120.0
5137,47.316796,5.426396,78.01,91.4,30.9,120.0
5138,47.316779,5.427429,78.01,91.4,30.9,120.0
5139,47.316761,5.428463,78.01,91.4,30.8,120.0
5140,47.316744,5.429496,78.01,91.4,30.8,120.0
5141,47.316727,5.430529,78.01,91.4,30.8,120.0
5142,47.316709,5.431563,78.01,91.4,30.8,120.0
5143,47.316692,5.432596,78.01,91.4,30.7,120.0
5144,47.316675,5.433629,78.01,91.4,30.7,120.0
5145,47.316657,5.434663,78.01,91.4,30.7,120.0
5146,47.31664,5.435696,78.01,91.4,30.7,120.0
5147,47.316623,5.436729,78.01,91.4,30.7,120.0
5148,47.316605,5.437763,78.01,91.4,30.6,120.0
5149,47.316588,5.438796,78.01,91.4,30.6,120.0
5150,47.31657,5.439829,78.01,91.4,30.6,120.0
5151,47.316553,5.440863,78.01,91.4,30.6,120.0
5152,47.316536,5.441896,78.01,91.4,30.6,120.0
5153,47.316518,5.44293,78.01,91.4,30.5,120.0
5154,47.316501,5.443963,78.01,91.4,30.5,120.0
5155,47.316484,5.444996,78.01,91.4,30.5,120.0
5156,47.316466,5.44603,78.01,91.4,30.5,120.0
5157,47.316449,5.447063,78.01,91.4,30.5,120.0
5158,47.316432,5.448096,78.01,91.4,30.4,120.0
5159,47.316414,5.44913,78.01,91.4,30.4,120.0
5160,47.316397,5.450163,78.01,91.4,30.4,120.0
5161,47.31638,5.451196,78.01,91.4,30.4,120.0
5162,47.316362,5.45223,78.01,91.4,30.3,120.0
5163,47.316345,5.453263,78.01,91.4,30.3,120.0
5164,47.316327,5.454296,78.01,91.4,30.3,120.0
5165,47.31631,5.45533,78.01,91.4,30.3,120.0
5166,47.316293,5.456363,78.01,91.4,30.3,120.0
5167,47.316275,5.457397,78.01,91.4,30.2,120.0
5168,47.316258,5.45843,78.01,91.4,30.2,120.0
5169,47.316241,5.459463,78.01,91.4,30.2,120.0
5170,47.316223,5.460497,78.01,91.4,30.2,120.0
5171,47.316206,5.46153,78.01,91.4,30.2,120.0
5172,47.316189,5.462563,78.01,91.4,30.1,120.0
5173,47.316171,5.463597,78.01,91.4,30.1,120.0
5174,47.316154,5.46463,78.01,91.4,30.1,120.0
5175,47.316137,5.465663,78.01,91.4,30.1,120.0
5176,47.316119,5.466697,78.01,91.4,30.1,120.0
5177,47.316102,5.46773,78.01,91.4,30.0,120.0
5178,47.316084,5.468763,78.01,91.4,30.0,120.0
5179,47.316067,5.469797,78.01,91.4,30.0,120.0
5180,47.31605,5.47083,78.01,91.4,30.0,120.0
5181,47.316032,5.471863,78.01,91.4,30.0,120.0
5182,47.316015,5.472897,78.01,91.4,29.9,120.0
5183,47.315998,5.47393,78.01,91.4,29.9,120.0
5184,47.31598,5.474964,78.01,91.4,29.9,120.0
5185,47.315963,5.475997,78.01,91.4,29.9,120.0
5186,47.315946,5.47703,78.01,91.4,29.9,120.0
5187,47.315928,5.478064,78.01,91.4,29.8,120.0
5188,47.315911,5.479097,78.01,91.4,29.8,120.0
5189,47.315894,5.48013,78.01,91.4,29.8,120.0
5190,47.315876,5.481164,78.01,91.4,29.8,120.0
5191,47.315859,5.482197,78.01,91.4,29.8,120.0
5192,47.315841,5.48323,78.01,91.4,29.7,120.0
5193,47.315824,5.484264,78.01,91.4,29.7,120.0
5194,47.315807,5.485297,78.01,91.4,29.7,120.0
5195,47.315789,5.48633,78.01,91.4,29.7,120.0
5196,47.315772,5.487364,78.01,91.4,29.7,120.0
5197,47.315755,5.488397,78.01,91.4,29.6,120.0
5198,47.315737,5.48943,78.01,91.4,29.6,120.0
5199,47.31572,5.490464,78.01,91.4,29.6,120.0
5200,47.315703,5.491497,78.01,91.4,29.6,120.0
5201,47.315685,5.492531,78.01,91.4,29.6,120.0
5202,47.315668,5.493564,78.01,91.4,29.5,120.0
5203,47.31565,5.494597,78.01,91.4,29.5,120.0
5204,47.315633,5.495631,78.01,91.4,29.5,120.0
5205,47.315616,5.496664,78.01,91.4,29.5,120.0
5206,47.315598,5.497697,78.01,91.4,29.5,120.0
5207,47.315581,5.498731,78.01,91.4,29.5,120.0
5208,47.315564,5.499764,78.01,91.4,29.4,120.0
5209,47.315546,5.500797,78.01,91.4,29.4,120.0
5210,47.315529,5.501831,78.01,91.4,29.4,120.0
5211,47.315512,5.502864,78.01,91.4,29.4,120.0
5212,47.315494,5.503897,78.01,91.4,29.4,120.0
5213,47.315477,5.504931,78.01,91.4,29.3,120.0
5214,47.31546,5.505964,78.01,91.4,29.3,120.0
5215,47.315442,5.506998,78.01,91.4,29.3,120.0
5216,47.315425,5.508031,78.01,91.4,29.3,119.0
5217,47.315407,5.509064,78.01,91.4,29.3,119.0
5218,47.31539,5.510098,78.01,91.4,29.2,119.0
5219,47.315373,5.511131,78.01,91.4,29.2,119.0
5220,47.315355,5.512164,78.01,91.4,29.2,119.0
5221,47.315338,5.513198,78.01,91.4,29.2,119.0
5222,47.315321,5.514231,78.01,91.4,29.2,119.0
5223,47.315303,5.515264,78.01,91.4,29.2,119.0
5224,47.315286,5.516298,78.01,91.4,29.1,119.0
5225,47.315269,5.517331,78.01,91.4,29.1,119.0
5226,47.315251,5.518364,78.01,91.4,29.1,119.0
5227,47.315234,5.519398,78.01,91.4,29.1,119.0
5228,47.315217,5.520431,78.01,91.4,29.1,119.0
5229,47.315199,5.521464,78.01,91.4,29.0,119.0
5230,47.315182,5.522498,78.01,91.4,29.0,119.0
5231,47.315164,5.523531,78.01,91.4,29.0,119.0
5232,47.315147,5.524565,78.01,91.4,29.0,119.0
5233,47.31513,5.525598,78.01,91.4,29.0,119.0
5234,47.315112,5.526631,78.01,91.4,29.0,119.0
5235,47.315095,5.527665,78.01,91.4,28.9,119.0
5236,47.315078,5.528698,78.01,91.4,28.9,119.0
5237,47.31506,5.529731,78.01,91.4,28.9,119.0
5238,47.315043,5.530765,78.01,91.4,28.9,119.0
5239,47.315026,5.531798,78.01,91.4,28.9,119.0
5240,47.315008,5.532831,78.01,91.4,28.8,119.0
5241,47.314991,5.533865,78.01,91.4,28.8,119.0
5242,47.314974,5.534898,78.01,91.4,28.8,119.0
5243,47.314956,5.535931,78.01,91.4,28.8,119.0
5244,47.314939,5.536965,78.01,91.4,28.8,119.0
5245,47.314921,5.537998,78.01,91.4,28.8,119.0
5246,47.314904,5.539031,78.01,91.4,28.7,119.0
5247,47.314887,5.540065,78.01,91.4,28.7,119.0
5248,47.314869,5.541098,78.01,91.4,28.7,119.0
5249,47.314852,5.542132,78.01,91.4,28.7,119.0
5250,47.314835,5.543165,78.01,91.4,28.7,119.0
5251,47.314817,5.544198,78.01,91.4,28.7,119.0
5252,47.3148,5.545232,78.01,91.4,28.6,119.0
5253,47.314783,5.546265,78.01,91.4,28.6,119.0
5254,47.314765,5.547298,78.01,91.4,28.6,119.0
5255,47.314748,5.548332,78.01,91.4,28.6,119.0
5256,47.314731,5.549365,78.01,91.4,28.6,119.0
5257,47.314713,5.550398,78.01,91.4,28.6,119.0
5258,47.314696,5.551432,78.01,91.4,28.5,119.0
5259,47.314678,5.552465,78.01,91.4,28.5,119.0
5260,47.314661,5.553498,78.01,91.4,28.5,119.0
5261,47.314644,5.554532,78.01,91.4,28.5,119.0
5262,47.314626,5.555565,78.01,91.4,28.5,119.0
5263,47.314609,5.556599,78.01,91.4,28.5,119.0
5264,47.314592,5.557632,78.01,91.4,28.4,119.0
5265,47.314574,5.558665,78.01,91.4,28.4,119.0
5266,47.314557,5.559699,78.01,91.4,28.4,119.0
5267,47.31454,5.560732,78.01,91.4,28.4,119.0
5268,47.314522,5.561765,78.01,91.4,28.4,119.0
5269,47.314505,5.562799,78.01,91.4,28.4,119.0
5270,47.314488,5.563832,78.01,91.4,28.3,119.0
5271,47.31447,5.564865,78.01,91.4,28.3,119.0
5272,47.314453,5.565899,78.01,91.4,28.3,119.0
5273,47.314435,5.566932,78.01,91.4,28.3,119.0
5274,47.314418,5.567965,78.01,91.4,28.3,119.0
5275,47.314401,5.568999,78.01,91.4,28.3,119.0
5276,47.314383,5.570032,78.01,91.4,28.2,119.0
5277,47.314366,5.571065,78.01,91.4,28.2,119.0
5278,47.314349,5.572099,78.01,91.4,28.2,119.0
5279,47.314331,5.573132,78.01,91.4,28.2,119.0
5280,47.314314,5.574166,78.01,91.4,28.2,119.0
5281,47.314297,5.575199,78.01,91.4,28.2,119.0
5282,47.314279,5.576232,78.01,91.4,28.1,119.0
5283,47.314262,5.577266,78.01,91.4,28.1,119.0
5284,47.314244,5.578299,78.01,91.4,28.1,119.0
5285,47.314227,5.579332,78.01,91.4,28.1,119.0
5286,47.31421,5.580366,78.01,91.4,28.1,119.0
5287,47.314192,5.581399,78.01,91.4,28.1,119.0
5288,47.314175,5.582432,78.01,91.4,28.0,119.0
5289,47.314158,5.583466,78.01,91.4,28.0,119.0
5290,47.31414,5.584499,78.01,91.4,28.0,119.0
5291,47.314123,5.585532,78.01,91.4,28.0,119.0
5292,47.314106,5.586566,78.01,91.4,28.0,119.0
5293,47.314088,5.587599,78.01,91.4,28.0,119.0
5294,47.314071,5.588633,78.01,91.4,27.9,119.0
5295,47.314054,5.589666,78.01,91.4,27.9,119.0
5296,47.314036,5.590699,78.01,91.4,27.9,119.0
5297,47.314019,5.591733,78.01,91.4,27.9,119.0
5298,47.314001,5.592766,78.01,91.4,27.9,119.0
5299,47.313984,5.593799,78.01,91.4,27.9,119.0
5300,47.313967,5.594833,78.01,91.4,27.9,119.0
5301,47.313949,5.595866,78.01,91.4,27.8,119.0
5302,47.313932,5.596899,78.01,91.4,27.8,119.0
5303,47.313915,5.597933,78.01,91.4,27.8,119.0
5304,47.313897,5.598966,78.01,91.4,27.8,119.0
5305,47.31388,5.599999,78.01,91.4,27.8,119.0
5306,47.313863,5.601033,78.01,91.4,27.8,119.0
5307,47.313845,5.602066,78.01,91.4,27.7,119.0
5308,47.313828,5.603099,78.01,91.4,27.7,119.0
5309,47.313811,5.604133,78.01,91.4,27.7,119.0
5310,47.313793,5.605166,78.01,91.4,27.7,119.0
5311,47.313776,5.6062,78.01,91.4,27.7,119.0
5312,47.313758,5.607233,78.01,91.4,27.7,119.0
5313,47.313741,5.608266,78.01,91.4,27.7,119.0
5314,47.313724,5.6093,78.01,91.4,27.6,119.0
5315,47.313706,5.610333,78.01,91.4,27.6,119.0
5316,47.313689,5.611366,78.01,91.4,27.6,119.0
5317,47.313672,5.6124,78.01,91.4,27.6,119.0
5318,47.313654,5.613433,78.01,91.4,27.6,119.0
5319,47.313637,5.614466,78.01,91.4,27.6,119.0
5320,47.31362,5.6155,78.01,91.4,27.6,119.0
5321,47.313602,5.616533,78.01,91.4,27.5,119.0
5322,47.313585,5.617566,78.01,91.4,27.5,119.0
5323,47.313568,5.6186,78.01,91.4,27.5,119.0
5324,47.31355,5.619633,78.01,91.4,27.5,119.0
5325,47.313533,5.620666,78.01,91.4,27.5,119.0
5326,47.313515,5.6217,78.01,91.4,27.5,119.0
5327,47.313498,5.622733,78.01,91.4,27.5,119.0
5328,47.313481,5.623767,78.01,91.4,27.4,119.0
5329,47.313463,5.6248,78.01,91.4,27.4,119.0
5330,47.313446,5.625833,78.01,91.4,27.4,119.0
5331,47.313429,5.626867,78.01,91.4,27.4,119.0
5332,47.313411,5.6279,78.01,91.4,27.4,119.0
5333,47.313394,5.628933,78.01,91.4,27.4,119.0
5334,47.313377,5.629967,78.01,91.4,27.4,119.0
5335,47.313359,5.631,78.01,91.4,27.3,119.0
5336,47.313342,5.632033,78.01,91.4,27.3,119.0
5337,47.313325,5.633067,78.02,91.4,27.3,119.0
5338,47.313307,5.6341,78.02,91.4,27.3,119.0
5339,47.31329,5.635133,78.02,91.4,27.3,118.0
5340,47.313272,5.636167,78.02,91.4,27.3,118.0
5341,47.313255,5.6372,78.02,91.4,27.3,118.0
5342,47.313238,5.638234,78.02,91.4,27.2,118.0
5343,47.31322,5.639267,78.02,91.4,27.2,118.0
5344,47.313203,5.6403,78.02,91.4,27.2,118.0
5345,47.313186,5.641334,78.02,91.4,27.2,118.0
5346,47.313168,5.642367,78.02,91.4,27.2,118.0
5347,47.313151,5.6434,78.02,91.4,27.2,118.0
5348,47.313134,5.644434,78.02,91.4,27.2,118.0
5349,47.313116,5.645467,78.02,91.4,27.1,118.0
5350,47.313099,5.6465,78.02,91.4,27.1,118.0
5351,47.313082,5.647534,78.02,91.4,27.1,118.0
5352,47.313064,5.648567,78.02,91.4,27.1,118.0
5353,47.313047,5.6496,78.02,91.4,27.1,118.0
5354,47.313029,5.650634,78.02,91.4,27.1,118.0
5355,47.313012,5.651667,78.02,91.4,27.1,118.0
5356,47.312995,5.6527,78.02,91.4,27.1,118.0
5357,47.312977,5.653734,78.02,91.4,27.0,118.0
5358,47.31296,5.654767,78.02,91.4,27.0,118.0
5359,47.312943,5.655801,78.02,91.4,27.0,118.0
5360,47.312925,5.656834,78.02,91.4,27.0,118.0
5361,47.312908,5.657867,78.02,91.4,27.0,118.0
5362,47.312891,5.658901,78.02,91.4,27.0,118.0
5363,47.312873,5.659934,78.02,91.4,27.0,118.0
5364,47.312856,5.660967,78.02,91.4,27.0,118.0
5365,47.312839,5.662001,78.02,91.4,26.9,118.0
5366,47.312821,5.663034,78.02,91.4,26.9,118.0
5367,47.312804,5.664067,78.02,91.4,26.9,118.0
5368,47.312786,5.665101,78.02,91.4,26.9,118.0
5369,47.312769,5.666134,78.02,91.4,26.9,118.0
5370,47.312752,5.667167,78.02,91.4,26.9,118.0
5371,47.312734,5.668201,78.02,91.4,26.9,118.0
5372,47.312717,5.669234,78.02,91.4,26.9,118.0
5373,47.3127,5.670267,78.02,91.4,26.8,118.0
5374,47.312682,5.671301,78.02,91.4,26.8,118.0
5375,47.312665,5.672334,78.02,91.4,26.8,118.0
5376,47.312648,5.673368,78.02,91.4,26.8,118.0
5377,47.31263,5.674401,78.02,91.4,26.8,118.0
5378,47.312613,5.675434,78.02,91.4,26.8,118.0
5379,47.312595,5.676468,78.02,91.4,26.8,118.0
5380,47.312578,5.677501,78.02,91.4,26.8,118.0
5381,47.312561,5.678534,78.02,91.4,26.7,118.0
5382,47.312543,5.679568,78.02,91.4,26.7,118.0
5383,47.312526,5.680601,78.02,91.4,26.7,118.0
5384,47.312509,5.681634,78.02,91.4,26.7,118.0
5385,47.312491,5.682668,78.02,91.4,26.7,118.0
5386,47.312474,5.683701,78.02,91.4,26.7,118.0
5387,47.312457,5.684734,78.02,91.4,26.7,118.0
5388,47.312439,5.685768,78.02,91.4,26.7,118.0
5389,47.312422,5.686801,78.02,91.4,26.6,118.0
5390,47.312405,5.687835,78.02,91.4,26.6,118.0
5391,47.312387,5.688868,78.02,91.4,26.6,118.0
5392,47.31237,5.689901,78.02,91.4,26.6,118.0
5393,47.312352,5.690935,78.02,91.4,26.6,118.0
5394,47.312335,5.691968,78.02,91.4,26.6,118.0
5395,47.312318,5.693001,78.02,91.4,26.6,118.0
5396,47.3123,5.694035,78.02,91.4,26.6,118.0
5397,47.312283,5.695068,78.02,91.4,26.6,118.0
5398,47.312266,5.696101,78.02,91.4,26.5,118.0
5399,47.312248,5.697135,78.02,91.4,26.5,118.0
5400,47.312231,5.698168,78.02,91.4,26.5,118.0
5401,47.312214,5.699201,78.02,91.4,26.5,118.0
5402,47.312196,5.700235,78.02,91.4,26.5,118.0
5403,47.312179,5.701268,78.02,91.4,26.5,118.0
5404,47.312162,5.702301,78.02,91.4,26.5,118.0
5405,47.312144,5.703335,78.02,91.4,26.5,118.0
5406,47.312127,5.704368,78.02,91.4,26.5,118.0
5407,47.312109,5.705402,78.02,91.4,26.4,118.0
5408,47.312092,5.706435,78.02,91.4,26.4,118.0
5409,47.312075,5.707468,78.02,91.4,26.4,118.0
5410,47.312057,5.708502,78.02,91.4,26.4,118.0
5411,47.31204,5.709535,78.02,91.4,26.4,118.0
5412,47.312023,5.710568,78.02,91.4,26.4,118.0
5413,47.312005,5.711602,78.02,91.4,26.4,118.0
5414,47.311988,5.712635,78.02,91.4,26.4,118.0
5415,47.311971,5.713668,78.02,91.4,26.4,118.0
5416,47.311953,5.714702,78.02,91.4,26.3,118.0
5417,47.311936,5.715735,78.02,91.4,26.3,118.0
5418,47.311919,5.716768,78.02,91.4,26.3,118.0
5419,47.311901,5.717802,78.02,91.4,26.3,118.0
5420,47.311884,5.718835,78.02,91.4,26.3,118.0
5421,47.311866,5.719869,78.02,91.4,26.3,118.0
5422,47.311849,5.720902,78.02,91.4,26.3,118.0
5423,47.311832,5.721935,78.02,91.4,26.3,118.0
5424,47.311814,5.722969,78.02,91.4,26.3,118.0
5425,47.311797,5.724002,78.02,91.4,26.2,117.0
5426,47.31178,5.725035,78.02,91.4,26.2,117.0
5427,47.311762,5.726069,78.02,91.4,26.2,117.0
5428,47.311745,5.727102,78.02,91.4,26.2,117.0
5429,47.311728,5.728135,78.02,91.4,26.2,117.0
5430,47.31171,5.729169,78.02,91.4,26.2,117.0
5431,47.311693,5.730202,78.02,91.4,26.2,117.0
5432,47.311676,5.731235,78.02,91.4,26.2,117.0
5433,47.311658,5.732269,78.02,91.4,26.2,117.0
5434,47.311641,5.733302,78.02,91.4,26.2,117.0
5435,47.311623,5.734335,78.02,91.4,26.1,117.0
5436,47.311606,5.735369,78.02,91.4,26.1,117.0
5437,47.311589,5.736402,78.02,91.4,26.1,117.0
5438,47.311571,5.737436,78.02,91.4,26.1,117.0
5439,47.311554,5.738469,78.02,91.4,26.1,117.0
5440,47.311537,5.739502,78.02,91.4,26.1,117.0
5441,47.311519,5.740536,78.02,91.4,26.1,117.0
5442,47.311502,5.741569,78.02,91.4,26.1,117.0
5443,47.311485,5.742602,78.02,91.4,26.1,117.0
5444,47.311467,5.743636,78.02,91.4,26.1,117.0
5445,47.31145,5.744669,78.02,91.4,26.1,117.0
5446,47.311433,5.745702,78.02,91.4,26.0,117.0
5447,47.311415,5.746736,78.02,91.4,26.0,117.0
5448,47.311398,5.747769,78.02,91.4,26.0,117.0
5449,47.31138,5.748802,78.02,91.4,26.0,117.0
5450,47.311363,5.749836,78.02,91.4,26.0,117.0
5451,47.311346,5.750869,78.02,91.4,26.0,117.0
5452,47.311328,5.751902,78.02,91.4,26.0,117.0
5453,47.311311,5.752936,78.02,91.4,26.0,117.0
5454,47.311294,5.753969,78.02,91.4,26.0,117.0
5455,47.311276,5.755003,78.02,91.4,26.0,117.0
5456,47.311259,5.756036,78.02,91.4,25.9,117.0
5457,47.311242,5.757069,78.02,91.4,25.9,117.0
5458,47.311224,5.758103,78.02,91.4,25.9,117.0
5459,47.311207,5.759136,78.02,91.4,25.9,117.0
5460,47.311189,5.760169,78.02,91.4,25.9,117.0
5461,47.311172,5.761203,78.02,91.4,25.9,117.0
5462,47.311155,5.762236,78.02,91.4,25.9,117.0
5463,47.311137,5.763269,78.02,91.4,25.9,117.0
5464,47.31112,5.764303,78.02,91.4,25.9,117.0
5465,47.311103,5.765336,78.02,91.4,25.9,117.0
5466,47.311085,5.766369,78.02,91.4,25.9,117.0
5467,47.311068,5.767403,78.02,91.4,25.9,117.0
5468,47.311051,5.768436,78.02,91.4,25.8,117.0
5469,47.311033,5.76947,78.02,91.4,25.8,117.0
5470,47.311016,5.770503,78.02,91.4,25.8,117.0
5471,47.310999,5.771536,78.02,91.4,25.8,117.0
5472,47.310981,5.77257,78.02,91.4,25.8,117.0
5473,47.310964,5.773603,78.02,91.4,25.8,117.0
5474,47.310946,5.774636,78.02,91.4,25.8,117.0
5475,47.310929,5.77567,78.02,91.4,25.8,117.0
5476,47.310912,5.776703,78.02,91.4,25.8,117.0
5477,47.310894,5.777736,78.02,91.4,25.8,117.0
5478,47.310877,5.77877,78.02,91.4,25.8,117.0
5479,47.31086,5.779803,78.02,91.4,25.8,117.0
5480,47.310842,5.780836,78.02,91.4,25.7,117.0
5481,47.310825,5.78187,78.02,91.4,25.7,117.0
5482,47.310808,5.782903,78.02,91.4,25.7,117.0
5483,47.31079,5.783936,78.02,91.4,25.7,117.0
5484,47.310773,5.78497,78.02,91.4,25.7,117.0
5485,47.310756,5.786003,78.02,91.4,25.7,117.0
5486,47.310738,5.787037,78.02,91.4,25.7,117.0
5487,47.310721,5.78807,78.02,91.4,25.7,117.0
5488,47.310703,5.789103,78.02,91.4,25.7,117.0
5489,47.310686,5.790137,78.02,91.4,25.7,117.0
5490,47.310669,5.79117,78.02,91.4,25.7,117.0
5491,47.310651,5.792203,78.02,91.4,25.7,117.0
5492,47.310634,5.793237,78.02,91.4,25.7,117.0
5493,47.310617,5.79427,78.02,91.4,25.6,117.0
5494,47.310599,5.795303,78.02,91.4,25.6,117.0
5495,47.310582,5.796337,78.02,91.4,25.6,116.0
5496,47.310565,5.79737,78.02,91.4,25.6,116.0
5497,47.310547,5.798403,78.02,91.4,25.6,116.0
5498,47.31053,5.799437,78.02,91.4,25.6,116.0
5499,47.310513,5.80047,78.02,91.4,25.6,116.0
5500,47.310495,5.801503,78.02,91.4,25.6,116.0
5501,47.310478,5.802537,78.02,91.4,25.6,116.0
5502,47.31046,5.80357,78.02,91.4,25.6,116.0
5503,47.310443,5.804604,78.02,91.4,25.6,116.0
5504,47.310426,5.805637,78.02,91.4,25.6,116.0
5505,47.310408,5.80667,78.02,91.4,25.6,116.0
5506,47.310391,5.807704,78.02,91.4,25.6,116.0
5507,47.310374,5.808737,78.02,91.4,25.5,116.0
5508,47.310356,5.80977,78.02,91.4,25.5,116.0
5509,47.310339,5.810804,78.02,91.4,25.5,116.0
5510,47.310322,5.811837,78.02,91.4,25.5,116.0
5511,47.310304,5.81287,78.02,91.4,25.5,116.0
5512,47.310287,5.813904,78.02,91.4,25.5,116.0
5513,47.31027,5.814937,78.02,91.4,25.5,116.0
5514,47.310252,5.81597,78.02,91.4,25.5,116.0
5515,47.310235,5.817004,78.02,91.4,25.5,116.0
5516,47.310217,5.818037,78.02,91.4,25.5,116.0
5517,47.3102,5.819071,78.02,91.4,25.5,116.0
5518,47.310183,5.820104,78.02,91.4,25.5,116.0
5519,47.310165,5.821137,78.02,91.4,25.5,116.0
5520,47.310148,5.822171,78.02,91.4,25.5,116.0
5521,47.310131,5.823204,78.02,91.4,25.5,116.0
5522,47.310113,5.824237,78.02,91.4,25.4,116.0
5523,47.310096,5.825271,78.02,91.4,25.4,116.0
5524,47.310079,5.826304,78.02,91.4,25.4,116.0
5525,47.310061,5.827337,78.02,91.4,25.4,116.0
5526,47.310044,5.828371,78.02,91.4,25.4,116.0
5527,47.310027,5.829404,78.02,91.4,25.4,116.0
5528,47.310009,5.830437,78.02,91.4,25.4,116.0
5529,47.309992,5.831471,78.02,91.4,25.4,116.0
5530,47.309974,5.832504,78.02,91.4,25.4,116.0
5531,47.309957,5.833537,78.02,91.4,25.4,116.0
5532,47.30994,5.834571,78.02,91.4,25.4,116.0
5533,47.309922,5.835604,78.02,91.4,25.4,116.0
5534,47.309905,5.836638,78.02,91.4,25.4,116.0
5535,47.309888,5.837671,78.02,91.4,25.4,116.0
5536,47.30987,5.838704,78.02,91.4,25.4,116.0
5537,47.309853,5.839738,78.02,91.4,25.4,116.0
5538,47.309836,5.840771,78.02,91.4,25.4,116.0
5539,47.309818,5.841804,78.02,91.4,25.3,116.0
5540,47.309801,5.842838,78.02,91.4,25.3,116.0
5541,47.309784,5.843871,78.02,91.4,25.3,116.0
5542,47.309766,5.844904,78.02,91.4,25.3,116.0
5543,47.309749,5.845938,78.02,91.4,25.3,116.0
5544,47.309731,5.846971,78.02,91.4,25.3,116.0
5545,47.309714,5.848004,78.02,91.4,25.3,116.0
5546,47.309697,5.849038,78.02,91.4,25.3,116.0
5547,47.309679,5.850071,78.02,91.4,25.3,116.0
5548,47.309662,5.851105,78.02,91.4,25.3,116.0
5549,47.309645,5.852138,78.02,91.4,25.3,116.0
5550,47.309627,5.853171,78.02,91.4,25.3,116.0
5551,47.30961,5.854205,78.02,91.4,25.3,116.0
5552,47.309593,5.855238,78.02,91.4,25.3,116.0
5553,47.309575,5.856271,78.02,91.4,25.3,116.0
5554,47.309558,5.857305,78.02,91.4,25.3,116.0
5555,47.30954,5.858338,78.02,91.4,25.3,115.0
5556,47.309523,5.859371,78.02,91.4,25.3,115.0
5557,47.309506,5.860405,78.02,91.4,25.3,115.0
5558,47.309488,5.861438,78.02,91.4,25.3,115.0
5559,47.309471,5.862471,78.02,91.4,25.2,115.0
5560,47.309454,5.863505,78.02,91.4,25.2,115.0
5561,47.309436,5.864538,78.02,91.4,25.2,115.0
5562,47.309419,5.865571,78.02,91.4,25.2,115.0
5563,47.309402,5.866605,78.02,91.4,25.2,115.0
5564,47.309384,5.867638,78.02,91.4,25.2,115.0
5565,47.309367,5.868672,78.02,91.4,25.2,115.0
5566,47.30935,5.869705,78.02,91.4,25.2,115.0
5567,47.309332,5.870738,78.02,91.4,25.2,115.0
5568,47.309315,5.871772,78.02,91.4,25.2,115.0
5569,47.309297,5.872805,78.02,91.4,25.2,115.0
5570,47.30928,5.873838,78.02,91.4,25.2,115.0
5571,47.309263,5.874872,78.02,91.4,25.2,115.0
5572,47.309245,5.875905,78.02,91.4,25.2,115.0
5573,47.309228,5.876938,78.02,91.4,25.2,115.0
5574,47.309211,5.877972,78.02,91.4,25.2,115.0
5575,47.309193,5.879005,78.02,91.4,25.2,115.0
5576,47.309176,5.880038,78.02,91.4,25.2,115.0
5577,47.309159,5.881072,78.02,91.4,25.2,115.0
5578,47.309141,5.882105,78.02,91.4,25.2,115.0
5579,47.309124,5.883138,78.02,91.4,25.2,115.0
5580,47.309107,5.884172,78.02,91.4,25.2,115.0
5581,47.309089,5.885205,78.02,91.4,25.2,115.0
5582,47.309072,5.886239,78.02,91.4,25.2,115.0
5583,47.309054,5.887272,78.02,91.4,25.1,115.0
5584,47.309037,5.888305,78.02,91.4,25.1,115.0
5585,47.30902,5.889339,78.02,91.4,25.1,115.0
5586,47.309002,5.890372,78.02,91.4,25.1,115.0
5587,47.308985,5.891405,78.02,91.4,25.1,115.0
5588,47.308968,5.892439,78.02,91.4,25.1,115.0
5589,47.30895,5.893472,78.02,91.4,25.1,115.0
5590,47.308933,5.894505,78.02,91.4,25.1,115.0
5591,47.308916,5.895539,78.02,91.4,25.1,115.0
5592,47.308898,5.896572,78.02,91.4,25.1,115.0
5593,47.308881,5.897605,78.02,91.4,25.1,115.0
5594,47.308864,5.898639,78.02,91.4,25.1,115.0
5595,47.308846,5.899672,78.02,91.4,25.1,115.0
5596,47.308829,5.900706,78.02,91.4,25.1,115.0
5597,47.308811,5.901739,78.02,91.4,25.1,115.0
5598,47.308794,5.902772,78.02,91.4,25.1,115.0
5599,47.308777,5.903806,78.02,91.4,25.1,115.0
5600,47.308759,5.904839,78.02,91.4,25.1,115.0
5601,47.308742,5.905872,78.02,91.4,25.1,115.0
5602,47.308725,5.906906,78.02,91.4,25.1,115.0
5603,47.308707,5.907939,78.02,91.4,25.1,115.0
5604,47.30869,5.908972,78.02,91.4,25.1,115.0
5605,47.308673,5.910006,78.02,91.4,25.1,115.0
5606,47.308655,5.911039,78.02,91.4,25.1,115.0
5607,47.308638,5.912072,78.02,91.4,25.1,115.0
5608,47.308621,5.913106,78.02,91.4,25.1,115.0
5609,47.308603,5.914139,78.02,91.4,25.1,114.0
5610,47.308586,5.915172,78.02,91.4,25.1,114.0
5611,47.308568,5.916206,78.02,91.4,25.1,114.0
5612,47.308551,5.917239,78.02,91.4,25.1,114.0
5613,47.308534,5.918273,78.02,91.4,25.1,114.0
5614,47.308516,5.919306,78.02,91.4,25.1,114.0
5615,47.308499,5.920339,78.02,91.4,25.1,114.0
5616,47.308482,5.921373,78.02,91.4,25.1,114.0
5617,47.308464,5.922406,78.02,91.4,25.1,114.0
5618,47.308447,5.923439,78.02,91.4,25.0,114.0
5619,47.30843,5.924473,78.02,91.4,25.0,114.0
5620,47.308412,5.925506,78.02,91.4,25.0,114.0
5621,47.308395,5.926539,78.02,91.4,25.0,114.0
5622,47.308378,5.927573,78.02,91.4,25.0,114.0
5623,47.30836,5.928606,78.02,91.4,25.0,114.0
5624,47.308343,5.929639,78.02,91.4,25.0,114.0
5625,47.308325,5.930673,78.02,91.4,25.0,114.0
5626,47.308308,5.931706,78.02,91.4,25.0,114.0
5627,47.308291,5.932739,78.02,91.4,25.0,114.0
5628,47.308273,5.933773,78.02,91.4,25.0,114.0
5629,47.308256,5.934806,78.02,91.4,25.0,114.0
5630,47.308239,5.93584,78.02,91.4,25.0,114.0
5631,47.308221,5.936873,78.02,91.4,25.0,114.0
5632,47.308204,5.937906,78.02,91.4,25.0,114.0
5633,47.308187,5.93894,78.02,91.4,25.0,114.0
5634,47.308169,5.939973,78.02,91.4,25.0,114.0
5635,47.308152,5.941006,78.02,91.4,25.0,114.0
5636,47.308135,5.94204,78.02,91.4,25.0,114.0
5637,47.308117,5.943073,78.02,91.4,25.0,114.0
5638,47.3081,5.944106,78.02,91.4,25.0,114.0
5639,47.308082,5.94514,78.02,91.4,25.0,114.0
5640,47.308065,5.946173,78.02,91.4,25.0,114.0
5641,47.308048,5.947206,78.02,91.4,25.0,114.0
5642,47.30803,5.94824,78.02,91.4,25.0,114.0
5643,47.308013,5.949273,78.02,91.4,25.0,114.0
5644,47.307996,5.950307,78.02,91.4,25.0,114.0
5645,47.307978,5.95134,78.02,91.4,25.0,114.0
5646,47.307961,5.952373,78.02,91.4,25.0,114.0
5647,47.307944,5.953407,78.02,91.4,25.0,114.0
5648,47.307926,5.95444,78.02,91.4,25.0,114.0
5649,47.307909,5.955473,78.02,91.4,25.0,114.0
5650,47.308037,5.956465,76.17,79.2,25.0,114.0
5651,47.308316,5.957412,78.0,66.5,25.0,114.0
5652,47.308596,5.95836,78.0,66.5,25.0,114.0
5653,47.308875,5.959307,78.0,66.5,25.0,114.0
5654,47.309155,5.960255,78.0,66.5,25.0,114.0
5655,47.309434,5.961203,78.0,66.5,25.0,114.0
5656,47.309714,5.96215,78.0,66.5,25.0,114.0
5657,47.309993,5.963098,78.0,66.5,25.0,114.0
5658,47.310273,5.964046,78.0,66.5,25.0,114.0
5659,47.310552,5.964993,78.0,66.5,25.0,113.0
5660,47.310832,5.965941,78.0,66.5,25.0,113.0
5661,47.311111,5.966888,78.0,66.5,25.0,113.0
5662,47.311391,5.967836,78.0,66.5,25.0,113.0
5663,47.31167,5.968784,78.0,66.5,25.0,113.0
5664,47.311949,5.969731,77.99,66.5,25.0,113.0
5665,47.312229,5.970679,77.99,66.5,25.0,113.0
5666,47.312508,5.971626,77.99,66.5,25.0,113.0
5667,47.312788,5.972574,77.99,66.5,25.0,113.0
5668,47.313067,5.973522,77.99,66.5,25.0,113.0
5669,47.313347,5.974469,77.99,66.5,25.0,113.0
5670,47.313626,5.975417,77.99,66.5,25.0,113.0
5671,47.313906,5.976365,77.99,66.5,25.0,113.0
5672,47.314185,5.977312,77.99,66.5,25.0,113.0
5673,47.314465,5.97826,77.99,66.5,25.0,113.0
5674,47.314744,5.979207,77.99,66.5,25.0,113.0
5675,47.315024,5.980155,77.99,66.5,25.0,113.0
5676,47.315303,5.981103,77.99,66.5,25.0,113.0
5677,47.315582,5.98205,77.99,66.5,25.0,113.0
5678,47.315862,5.982998,77.99,66.5,25.0,113.0
5679,47.316141,5.983946,77.99,66.5,25.0,113.0
5680,47.316421,5.984893,77.99,66.5,25.0,113.0
5681,47.3167,5.985841,77.99,66.5,25.0,113.0
5682,47.31698,5.986788,77.99,66.5,25.0,113.0
5683,47.317259,5.987736,77.99,66.5,25.0,113.0
5684,47.317539,5.988684,77.99,66.5,25.0,113.0
5685,47.317818,5.989631,77.99,66.5,25.0,113.0
5686,47.318098,5.990579,77.99,66.5,25.0,113.0
5687,47.318377,5.991526,77.99,66.5,25.0,113.0
5688,47.318657,5.992474,77.99,66.5,25.0,113.0
5689,47.318936,5.993422,77.99,66.5,25.0,113.0
5690,47.319215,5.994369,77.99,66.5,25.0,113.0
5691,47.319495,5.995317,77.99,66.5,25.0,113.0
5692,47.319774,5.996265,77.99,66.5,25.0,113.0
5693,47.320054,5.997212,77.98,66.5,25.0,113.0
5694,47.320333,5.99816,77.98,66.5,25.0,113.0
5695,47.320613,5.999107,77.98,66.5,25.0,113.0
5696,47.320892,6.000055,77.98,66.5,25.0,113.0
5697,47.321172,6.001003,77.98,66.5,25.0,113.0
5698,47.321451,6.00195,77.98,66.5,25.0,113.0
5699,47.321731,6.002898,77.98,66.5,25.0,113.0
5700,47.32201,6.003845,77.98,66.5,25.0,113.0
5701,47.32229,6.004793,77.98,66.5,25.0,113.0
5702,47.322569,6.005741,77.98,66.5,25.0,113.0
5703,47.322848,6.006688,77.98,66.5,25.0,113.0
5704,47.323128,6.007636,77.98,66.5,25.0,113.0
5705,47.323407,6.008584,77.98,66.5,25.0,112.0
5706,47.323687,6.009531,77.98,66.5,25.0,112.0
5707,47.323966,6.010479,77.98,66.5,25.0,112.0
5708,47.324246,6.011426,77.98,66.5,25.0,112.0
5709,47.324525,6.012374,77.98,66.5,25.0,112.0
5710,47.324805,6.013322,77.98,66.5,25.0,112.0
5711,47.325084,6.014269,77.98,66.5,25.0,112.0
5712,47.325364,6.015217,77.98,66.5,25.0,112.0
5713,47.325643,6.016164,77.98,66.5,25.0,112.0
5714,47.325923,6.017112,77.98,66.5,25.0,112.0
5715,47.326202,6.01806,77.98,66.5,25.1,112.0
5716,47.326481,6.019007,77.98,66.5,25.1,112.0
5717,47.326761,6.019955,77.98,66.5,25.1,112.0
5718,47.32704,6.020903,77.98,66.5,25.1,112.0
5719,47.32732,6.02185,77.98,66.5,25.1,112.0
5720,47.327599,6.022798,77.98,66.5,25.1,112.0
5721,47.327879,6.023745,77.98,66.5,25.1,112.0
5722,47.328158,6.024693,77.97,66.5,25.1,112.0
5723,47.328438,6.025641,77.97,66.5,25.1,112.0
5724,47.328717,6.026588,77.97,66.5,25.1,112.0
5725,47.328997,6.027536,77.97,66.5,25.1,112.0
5726,47.329276,6.028484,77.97,66.5,25.1,112.0
5727,47.329556,6.029431,77.97,66.5,25.1,112.0
5728,47.329835,6.030379,77.97,66.5,25.1,112.0
5729,47.330114,6.031326,77.97,66.5,25.1,112.0
5730,47.330394,6.032274,77.97,66.5,25.1,112.0
5731,47.330673,6.033222,77.97,66.5,25.1,112.0
5732,47.330953,6.034169,77.97,66.5,25.1,112.0
5733,47.331232,6.035117,77.97,66.5,25.1,112.0
5734,47.331512,6.036064,77.97,66.5,25.1,112.0
5735,47.331791,6.037012,77.97,66.5,25.1,112.0
5736,47.332071,6.03796,77.97,66.5,25.1,112.0
5737,47.33235,6.038907,77.97,66.5,25.1,112.0
5738,47.33263,6.039855,77.97,66.5,25.1,112.0
5739,47.332909,6.040803,77.97,66.5,25.1,112.0
5740,47.333189,6.04175,77.97,66.5,25.1,112.0
5741,47.333468,6.042698,77.97,66.5,25.1,112.0
5742,47.333747,6.043645,77.97,66.5,25.1,112.0
5743,47.334027,6.044593,77.97,66.5,25.1,112.0
5744,47.334306,6.045541,77.97,66.5,25.1,112.0
5745,47.334586,6.046488,77.97,66.5,25.1,112.0
5746,47.334865,6.047436,77.97,66.5,25.1,112.0
5747,47.335145,6.048383,77.97,66.5,25.1,112.0
5748,47.335424,6.049331,77.97,66.5,25.1,111.0
5749,47.335704,6.050279,77.97,66.5,25.1,111.0
5750,47.335983,6.051226,77.97,66.5,25.2,111.0
5751,47.336263,6.052174,77.96,66.5,25.2,111.0
5752,47.336542,6.053122,77.96,66.5,25.2,111.0
5753,47.336822,6.054069,77.96,66.5,25.2,111.0
5754,47.337101,6.055017,77.96,66.5,25.2,111.0
5755,47.33738,6.055964,77.96,66.5,25.2,111.0
5756,47.33766,6.056912,77.96,66.5,25.2,111.0
5757,47.337939,6.05786,77.96,66.5,25.2,111.0
5758,47.338219,6.058807,77.96,66.5,25.2,111.0
5759,47.338498,6.059755,77.96,66.5,25.2,111.0
5760,47.338778,6.060703,77.96,66.5,25.2,111.0
5761,47.339057,6.06165,77.96,66.5,25.2,111.0
5762,47.339337,6.062598,77.96,66.5,25.2,111.0
5763,47.339616,6.063545,77.96,66.5,25.2,111.0
5764,47.339896,6.064493,77.96,66.5,25.2,111.0
5765,47.340175,6.065441,77.96,66.5,25.2,111.0
5766,47.340455,6.066388,77.96,66.5,25.2,111.0
5767,47.340734,6.067336,77.96,66.5,25.2,111.0
5768,47.341013,6.068283,77.96,66.5,25.2,111.0
5769,47.341293,6.069231,77.96,66.5,25.2,111.0
5770,47.341572,6.070179,77.96,66.5,25.2,111.0
5771,47.341852,6.071126,77.96,66.5,25.2,111.0
5772,47.342131,6.072074,77.96,66.5,25.2,111.0
5773,47.342411,6.073022,77.96,66.5,25.2,111.0
5774,47.34269,6.073969,77.96,66.5,25.3,111.0
5775,47.34297,6.074917,77.96,66.5,25.3,111.0
5776,47.343249,6.075864,77.96,66.5,25.3,111.0
5777,47.343529,6.076812,77.96,66.5,25.3,111.0
5778,47.343808,6.07776,77.96,66.5,25.3,111.0
5779,47.344088,6.078707,77.96,66.5,25.3,111.0
5780,47.344367,6.079655,77.95,66.5,25.3,111.0
5781,47.344646,6.080602,77.95,66.5,25.3,111.0
5782,47.344926,6.08155,77.95,66.5,25.3,111.0
5783,47.345205,6.082498,77.95,66.5,25.3,111.0
5784,47.345485,6.083445,77.95,66.5,25.3,111.0
5785,47.345764,6.084393,77.95,66.5,25.3,111.0
5786,47.346044,6.085341,77.95,66.5,25.3,111.0
5787,47.346323,6.086288,77.95,66.5,25.3,111.0
5788,47.346603,6.087236,77.95,66.5,25.3,111.0
5789,47.346882,6.088183,77.95,66.5,25.3,110.0
5790,47.347162,6.089131,77.95,66.5,25.3,110.0
5791,47.347441,6.090079,77.95,66.5,25.3,110.0
5792,47.347721,6.091026,77.95,66.5,25.3,110.0
5793,47.348,6.091974,77.95,66.5,25.3,110.0
5794,47.34828,6.092922,77.95,66.5,25.4,110.0
5795,47.348559,6.093869,77.95,66.5,25.4,110.0
5796,47.348838,6.094817,77.95,66.5,25.4,110.0
5797,47.349118,6.095764,77.95,66.5,25.4,110.0
5798,47.349397,6.096712,77.95,66.5,25.4,110.0
5799,47.349677,6.09766,77.95,66.5,25.4,110.0
5800,47.349956,6.098607,77.95,66.5,25.4,110.0
5801,47.350236,6.099555,77.95,66.5,25.4,110.0
5802,47.350515,6.100502,77.95,66.5,25.4,110.0
5803,47.350795,6.10145,77.95,66.5,25.4,110.0
5804,47.351074,6.102398,77.95,66.5,25.4,110.0
5805,47.351354,6.103345,77.95,66.5,25.4,110.0
5806,47.351633,6.104293,77.95,66.5,25.4,110.0
5807,47.351913,6.105241,77.95,66.5,25.4,110.0
5808,47.352192,6.106188,77.95,66.5,25.4,110.0
5809,47.352471,6.107136,77.94,66.5,25.4,110.0
5810,47.352751,6.108083,77.94,66.5,25.4,110.0
5811,47.35303,6.109031,77.94,66.5,25.5,110.0
5812,47.35331,6.109979,77.94,66.5,25.5,110.0
5813,47.353589,6.110926,77.94,66.5,25.5,110.0
5814,47.353869,6.111874,77.94,66.5,25.5,110.0
5815,47.354148,6.112821,77.94,66.5,25.5,110.0
5816,47.354428,6.113769,77.94,66.5,25.5,110.0
5817,47.354707,6.114717,77.94,66.5,25.5,110.0
5818,47.354987,6.115664,77.94,66.5,25.5,110.0
5819,47.355266,6.116612,77.94,66.5,25.5,110.0
5820,47.355546,6.11756,77.94,66.5,25.5,110.0
5821,47.355825,6.118507,77.94,66.5,25.5,110.0
5822,47.356104,6.119455,77.94,66.5,25.5,110.0
5823,47.356384,6.120402,77.94,66.5,25.5,110.0
5824,47.356663,6.12135,77.94,66.5,25.5,110.0
5825,47.356943,6.122298,77.94,66.5,25.5,110.0
5826,47.357222,6.123245,77.94,66.5,25.6,110.0
5827,47.357502,6.124193,77.94,66.5,25.6,109.0
5828,47.357781,6.12514,77.94,66.5,25.6,109.0
5829,47.358061,6.126088,77.94,66.5,25.6,109.0
5830,47.35834,6.127036,77.94,66.5,25.6,109.0
5831,47.35862,6.127983,77.94,66.5,25.6,109.0
5832,47.358899,6.128931,77.94,66.5,25.6,109.0
5833,47.359179,6.129879,77.94,66.5,25.6,109.0
5834,47.359458,6.130826,77.94,66.5,25.6,109.0
5835,47.359737,6.131774,77.94,66.5,25.6,109.0
5836,47.360017,6.132721,77.94,66.5,25.6,109.0
5837,47.360296,6.133669,77.93,66.5,25.6,109.0
5838,47.360576,6.134617,77.93,66.5,25.6,109.0
5839,47.360855,6.135564,77.93,66.5,25.6,109.0
5840,47.361135,6.136512,77.93,66.5,25.7,109.0
5841,47.361414,6.13746,77.93,66.5,25.7,109.0
5842,47.361694,6.138407,77.93,66.5,25.7,109.0
5843,47.361973,6.139355,77.93,66.5,25.7,109.0
5844,47.362253,6.140302,77.93,66.5,25.7,109.0
5845,47.362532,6.14125,77.93,66.5,25.7,109.0
5846,47.362812,6.142198,77.93,66.5,25.7,109.0
5847,47.363091,6.143145,77.93,66.5,25.7,109.0
5848,47.36337,6.144093,77.93,66.5,25.7,109.0
5849,47.36365,6.14504,77.93,66.5,25.7,109.0
5850,47.363929,6.145988,77.93,66.5,25.7,109.0
5851,47.364209,6.146936,77.93,66.5,25.7,109.0
5852,47.364488,6.147883,77.93,66.5,25.7,109.0
5853,47.364768,6.148831,77.93,66.5,25.8,109.0
5854,47.365047,6.149779,77.93,66.5,25.8,109.0
5855,47.365327,6.150726,77.93,66.5,25.8,109.0
5856,47.365606,6.151674,77.93,66.5,25.8,109.0
5857,47.365886,6.152621,77.93,66.5,25.8,109.0
5858,47.366165,6.153569,77.93,66.5,25.8,109.0
5859,47.366445,6.154517,77.93,66.5,25.8,109.0
5860,47.366724,6.155464,77.93,66.5,25.8,109.0
5861,47.367003,6.156412,77.93,66.5,25.8,109.0
5862,47.367283,6.157359,77.93,66.5,25.8,109.0
5863,47.367562,6.158307,77.93,66.5,25.8,109.0
5864,47.367842,6.159255,77.93,66.5,25.8,109.0
5865,47.368121,6.160202,77.93,66.5,25.9,108.0
5866,47.368401,6.16115,77.92,66.5,25.9,108.0
5867,47.36868,6.162098,77.92,66.5,25.9,108.0
5868,47.36896,6.163045,77.92,66.5,25.9,108.0
5869,47.369239,6.163993,77.92,66.5,25.9,108.0
5870,47.369519,6.16494,77.92,66.5,25.9,108.0
5871,47.369798,6.165888,77.92,66.5,25.9,108.0
5872,47.370078,6.166836,77.92,66.5,25.9,108.0
5873,47.370357,6.167783,77.92,66.5,25.9,108.0
5874,47.370636,6.168731,77.92,66.5,25.9,108.0
5875,47.370916,6.169679,77.92,66.5,25.9,108.0
5876,47.371195,6.170626,77.92,66.5,25.9,108.0
5877,47.371475,6.171574,77.92,66.5,26.0,108.0
5878,47.371754,6.172521,77.92,66.5,26.0,108.0
5879,47.372034,6.173469,77.92,66.5,26.0,108.0
5880,47.372313,6.174417,77.92,66.5,26.0,108.0
5881,47.372593,6.175364,77.92,66.5,26.0,108.0
5882,47.372872,6.176312,77.92,66.5,26.0,108.0
5883,47.373152,6.177259,77.92,66.5,26.0,108.0
5884,47.373431,6.178207,77.92,66.5,26.0,108.0
5885,47.373711,6.179155,77.92,66.5,26.0,108.0
5886,47.37399,6.180102,77.92,66.5,26.0,108.0
5887,47.374269,6.18105,77.92,66.5,26.0,108.0
5888,47.374549,6.181998,77.92,66.5,26.1,108.0
5889,47.374828,6.182945,77.92,66.5,26.1,108.0
5890,47.375108,6.183893,77.92,66.5,26.1,108.0
5891,47.375387,6.18484,77.92,66.5,26.1,108.0
5892,47.375667,6.185788,77.92,66.5,26.1,108.0
5893,47.375946,6.186736,77.92,66.5,26.1,108.0
5894,47.376226,6.187683,77.92,66.5,26.1,108.0
5895,47.376505,6.188631,77.91,66.5,26.1,108.0
5896,47.376785,6.189578,77.91,66.5,26.1,108.0
5897,47.377064,6.190526,77.91,66.5,26.1,108.0
5898,47.377344,6.191474,77.91,66.5,26.2,108.0
5899,47.377623,6.192421,77.91,66.5,26.2,108.0
5900,47.377902,6.193369,77.91,66.5,26.2,107.0
5901,47.378182,6.194317,77.91,66.5,26.2,107.0
5902,47.378461,6.195264,77.91,66.5,26.2,107.0
5903,47.378741,6.196212,77.91,66.5,26.2,107.0
5904,47.37902,6.197159,77.91,66.5,26.2,107.0
5905,47.3793,6.198107,77.91,66.5,26.2,107.0
5906,47.379579,6.199055,77.91,66.5,26.2,107.0
5907,47.379859,6.200002,77.91,66.5,26.2,107.0
5908,47.380138,6.20095,77.91,66.5,26.3,107.0
5909,47.380418,6.201897,77.91,66.5,26.3,107.0
5910,47.380697,6.202845,77.91,66.5,26.3,107.0
5911,47.380977,6.203793,77.91,66.5,26.3,107.0
5912,47.381256,6.20474,77.91,66.5,26.3,107.0
5913,47.381535,6.205688,77.91,66.5,26.3,107.0
5914,47.381815,6.206636,77.91,66.5,26.3,107.0
5915,47.382094,6.207583,77.91,66.5,26.3,107.0
5916,47.382374,6.208531,77.91,66.5,26.3,107.0
5917,47.382653,6.209478,77.91,66.5,26.4,107.0
5918,47.382933,6.210426,77.91,66.5,26.4,107.0
5919,47.383212,6.211374,77.91,66.5,26.4,107.0
5920,47.383492,6.212321,77.91,66.5,26.4,107.0
5921,47.383771,6.213269,77.91,66.5,26.4,107.0
5922,47.384051,6.214217,77.91,66.5,26.4,107.0
5923,47.38433,6.215164,77.91,66.5,26.4,107.0
5924,47.38461,6.216112,77.9,66.5,26.4,107.0
5925,47.384889,6.217059,77.9,66.5,26.4,107.0
5926,47.385168,6.218007,77.9,66.5,26.5,107.0
5927,47.385448,6.218955,77.9,66.5,26.5,107.0
5928,47.385727,6.219902,77.9,66.5,26.5,107.0
5929,47.386007,6.22085,77.9,66.5,26.5,107.0
5930,47.386286,6.221797,77.9,66.5,26.5,107.0
5931,47.386566,6.222745,77.9,66.5,26.5,107.0
5932,47.386845,6.223693,77.9,66.5,26.5,107.0
5933,47.387125,6.22464,77.9,66.5,26.5,107.0
5934,47.387404,6.225588,77.9,66.5,26.5,107.0
5935,47.387684,6.226536,77.9,66.5,26.6,106.0
5936,47.387963,6.227483,77.9,66.5,26.6,106.0
5937,47.388243,6.228431,77.9,66.5,26.6,106.0
5938,47.388522,6.229378,77.9,66.5,26.6,106.0
5939,47.388801,6.230326,77.9,66.5,26.6,106.0
5940,47.389081,6.231274,77.9,66.5,26.6,106.0
5941,47.38936,6.232221,77.9,66.5,26.6,106.0
5942,47.38964,6.233169,77.9,66.5,26.6,106.0
5943,47.389919,6.234116,77.9,66.5,26.6,106.0
5944,47.390199,6.235064,77.9,66.5,26.7,106.0
5945,47.390478,6.236012,77.9,66.5,26.7,106.0
5946,47.390758,6.236959,77.9,66.5,26.7,106.0
5947,47.391037,6.237907,77.9,66.5,26.7,106.0
5948,47.391317,6.238855,77.9,66.5,26.7,106.0
5949,47.391596,6.239802,77.9,66.5,26.7,106.0
5950,47.391876,6.24075,77.9,66.5,26.7,106.0
5951,47.392155,6.241697,77.9,66.5,26.7,106.0
5952,47.392434,6.242645,77.9,66.5,26.8,106.0
5953,47.392714,6.243593,77.89,66.5,26.8,106.0
5954,47.392993,6.24454,77.89,66.5,26.8,106.0
5955,47.393273,6.245488,77.89,66.5,26.8,106.0
5956,47.393552,6.246436,77.89,66.5,26.8,106.0
5957,47.393832,6.247383,77.89,66.5,26.8,106.0
5958,47.394111,6.248331,77.89,66.5,26.8,106.0
5959,47.394391,6.249278,77.89,66.5,26.8,106.0
5960,47.39467,6.250226,77.89,66.5,26.9,106.0
5961,47.39495,6.251174,77.89,66.5,26.9,106.0
5962,47.395229,6.252121,77.89,66.5,26.9,106.0
5963,47.395509,6.253069,77.89,66.5,26.9,106.0
5964,47.395788,6.254016,77.89,66.5,26.9,106.0
5965,47.396067,6.254964,77.89,66.5,26.9,106.0
5966,47.396347,6.255912,77.89,66.5,26.9,106.0
5967,47.396626,6.256859,77.89,66.5,26.9,106.0
5968,47.396906,6.257807,77.89,66.5,27.0,105.0
5969,47.397185,6.258755,77.89,66.5,27.0,105.0
5970,47.397465,6.259702,77.89,66.5,27.0,105.0
5971,47.397744,6.26065,77.89,66.5,27.0,105.0
5972,47.398024,6.261597,77.89,66.5,27.0,105.0
5973,47.398303,6.262545,77.89,66.5,27.0,105.0
5974,47.398583,6.263493,77.89,66.5,27.0,105.0
5975,47.398862,6.26444,77.89,66.5,27.0,105.0
5976,47.399142,6.265388,77.89,66.5,27.1,105.0
5977,47.399421,6.266335,77.89,66.5,27.1,105.0
5978,47.3997,6.267283,77.89,66.5,27.1,105.0
5979,47.39998,6.268231,77.89,66.5,27.1,105.0
5980,47.400259,6.269178,77.89,66.5,27.1,105.0
5981,47.400539,6.270126,77.88,66.5,27.1,105.0
5982,47.400818,6.271074,77.88,66.5,27.1,105.0
5983,47.401098,6.272021,77.88,66.5,27.1,105.0
5984,47.401377,6.272969,77.88,66.5,27.2,105.0
5985,47.401657,6.273916,77.88,66.5,27.2,105.0
5986,47.401936,6.274864,77.88,66.5,27.2,105.0
5987,47.402216,6.275812,77.88,66.5,27.2,105.0
5988,47.402495,6.276759,77.88,66.5,27.2,105.0
5989,47.402775,6.277707,77.88,66.5,27.2,105.0
5990,47.403054,6.278654,77.88,66.5,27.2,105.0
5991,47.403333,6.279602,77.88,66.5,27.3,105.0
5992,47.403613,6.28055,77.88,66.5,27.3,105.0
5993,47.403892,6.281497,77.88,66.5,27.3,105.0
5994,47.404172,6.282445,77.88,66.5,27.3,105.0
5995,47.404451,6.283393,77.88,66.5,27.3,105.0
5996,47.404731,6.28434,77.88,66.5,27.3,105.0
5997,47.40501,6.285288,77.88,66.5,27.3,105.0
5998,47.40529,6.286235,77.88,66.5,27.4,105.0
5999,47.405569,6.287183,77.88,66.5,27.4,105.0
6000,47.405849,6.288131,77.88,66.5,27.4,104.0
6001,47.406128,6.289078,77.88,66.5,27.4,104.0
6002,47.406408,6.290026,77.88,66.5,27.4,104.0
6003,47.406687,6.290974,77.88,66.5,27.4,104.0
6004,47.406966,6.291921,77.88,66.5,27.4,104.0
6005,47.407246,6.292869,77.88,66.5,27.5,104.0
6006,47.407525,6.293816,77.88,66.5,27.5,104.0
6007,47.407805,6.294764,77.88,66.5,27.5,104.0
6008,47.408084,6.295712,77.88,66.5,27.5,104.0
6009,47.408364,6.296659,77.88,66.5,27.5,104.0
6010,47.408643,6.297607,77.87,66.5,27.5,104.0
6011,47.408923,6.298554,77.87,66.5,27.5,104.0
6012,47.409202,6.299502,77.87,66.5,27.6,104.0
6013,47.409482,6.30045,77.87,66.5,27.6,104.0
6014,47.409761,6.301397,77.87,66.5,27.6,104.0
6015,47.410041,6.302345,77.87,66.5,27.6,104.0
6016,47.41032,6.303293,77.87,66.5,27.6,104.0
6017,47.410599,6.30424,77.87,66.5,27.6,104.0
6018,47.410879,6.305188,77.87,66.5,27.6,104.0
6019,47.411158,6.306135,77.87,66.5,27.7,104.0
6020,47.411438,6.307083,77.87,66.5,27.7,104.0
6021,47.411717,6.308031,77.87,66.5,27.7,104.0
6022,47.411997,6.308978,77.87,66.5,27.7,104.0
6023,47.412276,6.309926,77.87,66.5,27.7,104.0
6024,47.412556,6.310873,77.87,66.5,27.7,104.0
6025,47.412835,6.311821,77.87,66.5,27.7,104.0
6026,47.413115,6.312769,77.87,66.5,27.8,104.0
6027,47.413394,6.313716,77.87,66.5,27.8,104.0
6028,47.413674,6.314664,77.87,66.5,27.8,104.0
6029,47.413953,6.315612,77.87,66.5,27.8,104.0
6030,47.414232,6.316559,77.87,66.5,27.8,104.0
6031,47.414512,6.317507,77.87,66.5,27.8,103.0
6032,47.414791,6.318454,77.87,66.5,27.9,103.0
6033,47.415071,6.319402,77.87,66.5,27.9,103.0
6034,47.41535,6.32035,77.87,66.5,27.9,103.0
6035,47.41563,6.321297,77.87,66.5,27.9,103.0
6036,47.415909,6.322245,77.87,66.5,27.9,103.0
6037,47.416189,6.323193,77.87,66.5,27.9,103.0
6038,47.416468,6.32414,77.87,66.5,27.9,103.0
6039,47.416748,6.325088,77.86,66.5,28.0,103.0
6040,47.417027,6.326035,77.86,66.5,28.0,103.0
6041,47.417307,6.326983,77.86,66.5,28.0,103.0
6042,47.417586,6.327931,77.86,66.5,28.0,103.0
6043,47.417865,6.328878,77.86,66.5,28.0,103.0
6044,47.418145,6.329826,77.86,66.5,28.0,103.0
6045,47.418424,6.330773,77.86,66.5,28.1,103.0
6046,47.418704,6.331721,77.86,66.5,28.1,103.0
6047,47.418983,6.332669,77.86,66.5,28.1,103.0
6048,47.419263,6.333616,77.86,66.4,28.1,103.0
6049,47.419542,6.334564,77.86,66.4,28.1,103.0
6050,47.419822,6.335512,77.86,66.4,28.1,103.0
6051,47.420101,6.336459,77.86,66.4,28.2,103.0
6052,47.420381,6.337407,77.86,66.4,28.2,103.0
6053,47.42066,6.338354,77.86,66.4,28.2,103.0
6054,47.42094,6.339302,77.86,66.4,28.2,103.0
6055,47.421219,6.34025,77.86,66.4,28.2,103.0
6056,47.421498,6.341197,77.86,66.4,28.2,103.0
6057,47.421778,6.342145,77.86,66.4,28.3,103.0
6058,47.422057,6.343092,77.86,66.4,28.3,103.0
6059,47.422337,6.34404,77.86,66.4,28.3,103.0
6060,47.422616,6.344988,77.86,66.4,28.3,103.0
6061,47.422896,6.345935,77.86,66.4,28.3,103.0
6062,47.423175,6.346883,77.86,66.4,28.3,102.0
6063,47.423455,6.347831,77.86,66.4,28.3,102.0
6064,47.423734,6.348778,77.86,66.4,28.4,102.0
6065,47.424014,6.349726,77.86,66.4,28.4,102.0
6066,47.424293,6.350673,77.86,66.4,28.4,102.0
6067,47.424573,6.351621,77.86,66.4,28.4,102.0
6068,47.424852,6.352569,77.85,66.4,28.4,102.0
6069,47.425131,6.353516,77.85,66.4,28.5,102.0
6070,47.425411,6.354464,77.85,66.4,28.5,102.0
6071,47.42569,6.355412,77.85,66.4,28.5,102.0
6072,47.42597,6.356359,77.85,66.4,28.5,102.0
6073,47.426249,6.357307,77.85,66.4,28.5,102.0
6074,47.426529,6.358254,77.85,66.4,28.5,102.0
6075,47.426808,6.359202,77.85,66.4,28.6,102.0
6076,47.427088,6.36015,77.85,66.4,28.6,102.0
6077,47.427367,6.361097,77.85,66.4,28.6,102.0
6078,47.427647,6.362045,77.85,66.4,28.6,102.0
6079,47.427926,6.362992,77.85,66.4,28.6,102.0
6080,47.428206,6.36394,77.85,66.4,28.6,102.0
6081,47.428485,6.364888,77.85,66.4,28.7,102.0
6082,47.428764,6.365835,77.85,66.4,28.7,102.0
6083,47.429044,6.366783,77.85,66.4,28.7,102.0
6084,47.429323,6.367731,77.85,66.4,28.7,102.0
6085,47.429603,6.368678,77.85,66.4,28.7,102.0
6086,47.429882,6.369626,77.85,66.4,28.7,102.0
6087,47.430162,6.370573,77.85,66.4,28.8,102.0
6088,47.430441,6.371521,77.85,66.4,28.8,102.0
6089,47.430721,6.372469,77.85,66.4,28.8,102.0
6090,47.431,6.373416,77.85,66.4,28.8,102.0
6091,47.43128,6.374364,77.85,66.4,28.8,101.0
6092,47.431559,6.375311,77.85,66.4,28.8,101.0
6093,47.431839,6.376259,77.85,66.4,28.9,101.0
6094,47.432118,6.377207,77.85,66.4,28.9,101.0
6095,47.432397,6.378154,77.85,66.4,28.9,101.0
6096,47.432677,6.379102,77.85,66.4,28.9,101.0
6097,47.432956,6.38005,77.84,66.4,28.9,101.0
6098,47.433236,6.380997,77.84,66.4,29.0,101.0
6099,47.433515,6.381945,77.84,66.4,29.0,101.0
6100,47.433795,6.382892,77.84,66.4,29.0,101.0
6101,47.434074,6.38384,77.84,66.4,29.0,101.0
6102,47.434354,6.384788,77.84,66.4,29.0,101.0
6103,47.434633,6.385735,77.84,66.4,29.0,101.0
6104,47.434913,6.386683,77.84,66.4,29.1,101.0
6105,47.435192,6.38763,77.84,66.4,29.1,101.0
6106,47.435472,6.388578,77.84,66.4,29.1,101.0
6107,47.435751,6.389526,77.84,66.4,29.1,101.0
6108,47.43603,6.390473,77.84,66.4,29.1,101.0
6109,47.43631,6.391421,77.84,66.4,29.2,101.0
6110,47.436589,6.392369,77.84,66.4,29.2,101.0
6111,47.436869,6.393316,77.84,66.4,29.2,101.0
6112,47.437148,6.394264,77.84,66.4,29.2,101.0
6113,47.437428,6.395211,77.84,66.4,29.2,101.0
6114,47.437707,6.396159,77.84,66.4,29.2,101.0
6115,47.437987,6.397107,77.84,66.4,29.3,101.0
6116,47.438266,6.398054,77.84,66.4,29.3,101.0
6117,47.438546,6.399002,77.84,66.4,29.3,101.0
6118,47.438825,6.39995,77.84,66.4,29.3,101.0
6119,47.439105,6.400897,77.84,66.4,29.3,101.0
6120,47.439384,6.401845,77.84,66.4,29.4,100.0
6121,47.439663,6.402792,77.84,66.4,29.4,100.0
6122,47.439943,6.40374,77.84,66.4,29.4,100.0
6123,47.440222,6.404688,77.84,66.4,29.4,100.0
6124,47.440502,6.405635,77.84,66.4,29.4,100.0
6125,47.440781,6.406583,77.83,66.4,29.5,100.0
6126,47.441061,6.40753,77.83,66.4,29.5,100.0
6127,47.44134,6.408478,77.83,66.4,29.5,100.0
6128,47.44162,6.409426,77.83,66.4,29.5,100.0
6129,47.441899,6.410373,77.83,66.4,29.5,100.0
6130,47.442179,6.411321,77.83,66.4,29.5,100.0
6131,47.442458,6.412269,77.83,66.4,29.6,100.0
6132,47.442738,6.413216,77.83,66.4,29.6,100.0
6133,47.443017,6.414164,77.83,66.4,29.6,100.0
6134,47.443296,6.415111,77.83,66.4,29.6,100.0
6135,47.443576,6.416059,77.83,66.4,29.6,100.0
6136,47.443855,6.417007,77.83,66.4,29.7,100.0
6137,47.444135,6.417954,77.83,66.4,29.7,100.0
6138,47.444414,6.418902,77.83,66.4,29.7,100.0
6139,47.444694,6.419849,77.83,66.4,29.7,100.0
6140,47.444973,6.420797,77.83,66.4,29.7,100.0
6141,47.445253,6.421745,77.83,66.4,29.8,100.0
6142,47.445532,6.422692,77.83,66.4,29.8,100.0
6143,47.445812,6.42364,77.83,66.4,29.8,100.0
6144,47.446091,6.424588,77.83,66.4,29.8,100.0
6145,47.446371,6.425535,77.83,66.4,29.8,100.0
6146,47.44665,6.426483,77.83,66.4,29.9,100.0
6147,47.446929,6.42743,77.83,66.4,29.9,100.0
6148,47.447209,6.428378,77.83,66.4,29.9,99.0
6149,47.447488,6.429326,77.83,66.4,29.9,99.0
6150,47.447768,6.430273,77.83,66.4,29.9,99.0
6151,47.448047,6.431221,77.83,66.4,30.0,99.0
6152,47.448327,6.432169,77.83,66.4,30.0,99.0
6153,47.448606,6.433116,77.83,66.4,30.0,99.0
6154,47.448886,6.434064,77.82,66.4,30.0,99.0
6155,47.449165,6.435011,77.82,66.4,30.0,99.0
6156,47.449445,6.435959,77.82,66.4,30.1,99.0
6157,47.449724,6.436907,77.82,66.4,30.1,99.0
6158,47.450004,6.437854,77.82,66.4,30.1,99.0
6159,47.450283,6.438802,77.82,66.4,30.1,99.0
6160,47.450562,6.439749,77.82,66.4,30.1,99.0
6161,47.450842,6.440697,77.82,66.4,30.2,99.0
6162,47.451121,6.441645,77.82,66.4,30.2,99.0
6163,47.451401,6.442592,77.82,66.4,30.2,99.0
6164,47.45168,6.44354,77.82,66.4,30.2,99.0
6165,47.45196,6.444488,77.82,66.4,30.2,99.0
6166,47.452239,6.445435,77.82,66.4,30.3,99.0
6167,47.452519,6.446383,77.82,66.4,30.3,99.0
6168,47.452798,6.44733,77.82,66.4,30.3,99.0
6169,47.453078,6.448278,77.82,66.4,30.3,99.0
6170,47.453357,6.449226,77.82,66.4,30.3,99.0
6171,47.453637,6.450173,77.82,66.4,30.4,99.0
6172,47.453916,6.451121,77.82,66.4,30.4,99.0
6173,47.454195,6.452068,77.82,66.4,30.4,99.0
6174,47.454475,6.453016,77.82,66.4,30.4,99.0
6175,47.454754,6.453964,77.82,66.4,30.4,99.0
6176,47.455034,6.454911,77.82,66.4,30.5,98.0
6177,47.455313,6.455859,77.82,66.4,30.5,98.0
6178,47.455593,6.456807,77.82,66.4,30.5,98.0
6179,47.455872,6.457754,77.82,66.4,30.5,98.0
6180,47.456152,6.458702,77.82,66.4,30.6,98.0
6181,47.456431,6.459649,77.82,66.4,30.6,98.0
6182,47.456711,6.460597,77.82,66.4,30.6,98.0
6183,47.45699,6.461545,77.81,66.4,30.6,98.0
6184,47.45727,6.462492,77.81,66.4,30.6,98.0
6185,47.457549,6.46344,77.81,66.4,30.7,98.0
6186,47.457828,6.464387,77.81,66.4,30.7,98.0
6187,47.458108,6.465335,77.81,66.4,30.7,98.0
6188,47.458387,6.466283,77.81,66.4,30.7,98.0
6189,47.458667,6.46723,77.81,66.4,30.7,98.0
6190,47.458946,6.468178,77.81,66.4,30.8,98.0
6191,47.459226,6.469126,77.81,66.4,30.8,98.0
6192,47.459505,6.470073,77.81,66.4,30.8,98.0
6193,47.459785,6.471021,77.81,66.4,30.8,98.0
6194,47.460064,6.471968,77.81,66.4,30.9,98.0
6195,47.460344,6.472916,77.81,66.4,30.9,98.0
6196,47.460623,6.473864,77.81,66.4,30.9,98.0
6197,47.460903,6.474811,77.81,66.4,30.9,98.0
6198,47.461182,6.475759,77.81,66.4,30.9,98.0
6199,47.461461,6.476707,77.81,66.4,31.0,98.0
6200,47.461741,6.477654,77.81,66.4,31.0,98.0
6201,47.46202,6.478602,77.81,66.4,31.0,98.0
6202,47.4623,6.479549,77.81,66.4,31.0,98.0
6203,47.462579,6.480497,77.81,66.4,31.0,97.0
6204,47.462859,6.481445,77.81,66.4,31.1,97.0
6205,47.463138,6.482392,77.81,66.4,31.1,97.0
6206,47.463418,6.48334,77.81,66.4,31.1,97.0
6207,47.463697,6.484287,77.81,66.4,31.1,97.0
6208,47.463977,6.485235,77.81,66.4,31.2,97.0
6209,47.464256,6.486183,77.81,66.4,31.2,97.0
6210,47.464536,6.48713,77.81,66.4,31.2,97.0
6211,47.464815,6.488078,77.81,66.4,31.2,97.0
6212,47.465094,6.489026,77.8,66.4,31.2,97.0
6213,47.465374,6.489973,77.8,66.4,31.3,97.0
6214,47.465653,6.490921,77.8,66.4,31.3,97.0
6215,47.465933,6.491868,77.8,66.4,31.3,97.0
6216,47.466212,6.492816,77.8,66.4,31.3,97.0
6217,47.466492,6.493764,77.8,66.4,31.4,97.0
6218,47.466771,6.494711,77.8,66.4,31.4,97.0
6219,47.467051,6.495659,77.8,66.4,31.4,97.0
6220,47.46733,6.496606,77.8,66.4,31.4,97.0
6221,47.46761,6.497554,77.8,66.4,31.4,97.0
6222,47.467889,6.498502,77.8,66.4,31.5,97.0
6223,47.468169,6.499449,77.8,66.4,31.5,97.0
6224,47.468448,6.500397,77.8,66.4,31.5,97.0
6225,47.468727,6.501345,77.8,66.4,31.5,97.0
6226,47.469007,6.502292,77.8,66.4,31.6,97.0
6227,47.469286,6.50324,77.8,66.4,31.6,97.0
6228,47.469566,6.504187,77.8,66.4,31.6,97.0
6229,47.469845,6.505135,77.8,66.4,31.6,97.0
6230,47.470125,6.506083,77.8,66.4,31.7,96.0
6231,47.470404,6.50703,77.8,66.4,31.7,96.0
6232,47.470684,6.507978,77.8,66.4,31.7,96.0
6233,47.470963,6.508926,77.8,66.4,31.7,96.0
6234,47.471243,6.509873,77.8,66.4,31.7,96.0
6235,47.471522,6.510821,77.8,66.4,31.8,96.0
6236,47.471802,6.511768,77.8,66.4,31.8,96.0
6237,47.472081,6.512716,77.8,66.4,31.8,96.0
6238,47.47236,6.513664,77.8,66.4,31.8,96.0
6239,47.47264,6.514611,77.8,66.4,31.9,96.0
6240,47.472919,6.515559,77.79,66.4,31.9,96.0
6241,47.473199,6.516506,77.79,66.4,31.9,96.0
6242,47.473478,6.517454,77.79,66.4,31.9,96.0
6243,47.473758,6.518402,77.79,66.4,31.9,96.0
6244,47.474037,6.519349,77.79,66.4,32.0,96.0
6245,47.474317,6.520297,77.79,66.4,32.0,96.0
6246,47.474596,6.521245,77.79,66.4,32.0,96.0
6247,47.474876,6.522192,77.79,66.4,32.0,96.0
6248,47.475155,6.52314,77.79,66.4,32.1,96.0
6249,47.475435,6.524087,77.79,66.4,32.1,96.0
6250,47.475714,6.525035,77.79,66.4,32.1,96.0
6251,47.475993,6.525983,77.79,66.4,32.1,96.0
6252,47.476273,6.52693,77.79,66.4,32.2,96.0
6253,47.476552,6.527878,77.79,66.4,32.2,96.0
6254,47.476832,6.528825,77.79,66.4,32.2,96.0
6255,47.477111,6.529773,77.79,66.4,32.2,96.0
6256,47.477391,6.530721,77.79,66.4,32.3,95.0
6257,47.47767,6.531668,77.79,66.4,32.3,95.0
6258,47.47795,6.532616,77.79,66.4,32.3,95.0
6259,47.478229,6.533564,77.79,66.4,32.3,95.0
6260,47.478509,6.534511,77.79,66.4,32.3,95.0
6261,47.478788,6.535459,77.79,66.4,32.4,95.0
6262,47.479068,6.536406,77.79,66.4,32.4,95.0
6263,47.479347,6.537354,77.79,66.4,32.4,95.0
6264,47.479626,6.538302,77.79,66.4,32.4,95.0
6265,47.479906,6.539249,77.79,66.4,32.5,95.0
6266,47.480185,6.540197,77.79,66.4,32.5,95.0
6267,47.480465,6.541144,77.79,66.4,32.5,95.0
6268,47.480744,6.542092,77.79,66.4,32.5,95.0
6269,47.481024,6.54304,77.78,66.4,32.6,95.0
6270,47.481303,6.543987,77.78,66.4,32.6,95.0
6271,47.481583,6.544935,77.78,66.4,32.6,95.0
6272,47.481862,6.545883,77.78,66.4,32.6,95.0
6273,47.482142,6.54683,77.78,66.4,32.7,95.0
6274,47.482421,6.547778,77.78,66.4,32.7,95.0
6275,47.482701,6.548725,77.78,66.4,32.7,95.0
6276,47.48298,6.549673,77.78,66.4,32.7,95.0
6277,47.48326,6.550621,77.78,66.4,32.8,95.0
6278,47.483539,6.551568,77.78,66.4,32.8,95.0
6279,47.483818,6.552516,77.78,66.4,32.8,95.0
6280,47.484098,6.553464,77.78,66.4,32.8,95.0
6281,47.484377,6.554411,77.78,66.4,32.9,95.0
6282,47.484657,6.555359,77.78,66.4,32.9,94.0
6283,47.484936,6.556306,77.78,66.4,32.9,94.0
6284,47.485216,6.557254,77.78,66.4,32.9,94.0
6285,47.485495,6.558202,77.78,66.4,33.0,94.0
6286,47.485775,6.559149,77.78,66.4,33.0,94.0
6287,47.486054,6.560097,77.78,66.4,33.0,94.0
6288,47.486334,6.561044,77.78,66.4,33.0,94.0
6289,47.486613,6.561992,77.78,66.4,33.1,94.0
6290,47.486893,6.56294,77.78,66.4,33.1,94.0
6291,47.487172,6.563887,77.78,66.4,33.1,94.0
6292,47.487451,6.564835,77.78,66.4,33.1,94.0
6293,47.487731,6.565783,77.78,66.4,33.2,94.0
6294,47.48801,6.56673,77.78,66.4,33.2,94.0
6295,47.48829,6.567678,77.78,66.4,33.2,94.0
6296,47.488569,6.568625,77.78,66.4,33.2,94.0
6297,47.488849,6.569573,77.78,66.4,33.3,94.0
6298,47.489128,6.570521,77.77,66.4,33.3,94.0
6299,47.489408,6.571468,77.77,66.4,33.3,94.0
6300,47.489687,6.572416,77.77,66.4,33.3,94.0
6301,47.489967,6.573363,77.77,66.4,33.4,94.0
6302,47.490246,6.574311,77.77,66.4,33.4,94.0
6303,47.490526,6.575259,77.77,66.4,33.4,94.0
6304,47.490805,6.576206,77.77,66.4,33.4,94.0
6305,47.491084,6.577154,77.77,66.4,33.5,94.0
6306,47.491364,6.578102,77.77,66.4,33.5,94.0
6307,47.491643,6.579049,77.77,66.4,33.5,93.0
6308,47.491923,6.579997,77.77,66.4,33.5,93.0
6309,47.492202,6.580944,77.77,66.4,33.6,93.0
6310,47.492482,6.581892,77.77,66.4,33.6,93.0
6311,47.492761,6.58284,77.77,66.4,33.6,93.0
6312,47.493041,6.583787,77.77,66.4,33.6,93.0
6313,47.49332,6.584735,77.77,66.4,33.7,93.0
6314,47.4936,6.585683,77.77,66.4,33.7,93.0
6315,47.493879,6.58663,77.77,66.4,33.7,93.0
6316,47.494159,6.587578,77.77,66.4,33.7,93.0
6317,47.494438,6.588525,77.77,66.4,33.8,93.0
6318,47.494717,6.589473,77.77,66.4,33.8,93.0
6319,47.494997,6.590421,77.77,66.4,33.8,93.0
6320,47.495276,6.591368,77.77,66.4,33.8,93.0
6321,47.495556,6.592316,77.77,66.4,33.9,93.0
6322,47.495835,6.593263,77.77,66.4,33.9,93.0
6323,47.496115,6.594211,77.77,66.4,33.9,93.0
6324,47.496394,6.595159,77.77,66.4,33.9,93.0
6325,47.496674,6.596106,77.77,66.4,34.0,93.0
6326,47.496953,6.597054,77.77,66.4,34.0,93.0
6327,47.497233,6.598002,77.76,66.4,34.0,93.0
6328,47.497512,6.598949,77.76,66.4,34.0,93.0
6329,47.497792,6.599897,77.76,66.4,34.1,93.0
6330,47.498071,6.600844,77.76,66.4,34.1,93.0
6331,47.49835,6.601792,77.76,66.4,34.1,93.0
6332,47.49863,6.60274,77.76,66.4,34.2,92.0
6333,47.498909,6.603687,77.76,66.4,34.2,92.0
6334,47.499189,6.604635,77.76,66.4,34.2,92.0
6335,47.499468,6.605582,77.76,66.4,34.2,92.0
6336,47.499748,6.60653,77.76,66.4,34.3,92.0
6337,47.500027,6.607478,77.76,66.4,34.3,92.0
6338,47.500307,6.608425,77.76,66.4,34.3,92.0
6339,47.500586,6.609373,77.76,66.4,34.3,92.0
6340,47.500866,6.610321,77.76,66.4,34.4,92.0
6341,47.501145,6.611268,77.76,66.4,34.4,92.0
6342,47.501425,6.612216,77.76,66.4,34.4,92.0
6343,47.501704,6.613163,77.76,66.4,34.4,92.0
6344,47.501983,6.614111,77.76,66.4,34.5,92.0
6345,47.502263,6.615059,77.76,66.4,34.5,92.0
6346,47.502542,6.616006,77.76,66.4,34.5,92.0
6347,47.502822,6.616954,77.76,66.4,34.6,92.0
6348,47.503101,6.617902,77.76,66.4,34.6,92.0
6349,47.503381,6.618849,77.76,66.4,34.6,92.0
6350,47.50366,6.619797,77.76,66.4,34.6,92.0
6351,47.50394,6.620744,77.76,66.4,34.7,92.0
6352,47.504219,6.621692,77.76,66.4,34.7,92.0
6353,47.504499,6.62264,77.76,66.4,34.7,92.0
6354,47.504778,6.623587,77.76,66.4,34.7,92.0
6355,47.505058,6.624535,77.76,66.4,34.8,92.0
6356,47.505337,6.625482,77.75,66.4,34.8,91.0
6357,47.505616,6.62643,77.75,66.4,34.8,91.0
6358,47.505896,6.627378,77.75,66.4,34.8,91.0
6359,47.506175,6.628325,77.75,66.4,34.9,91.0
6360,47.506455,6.629273,77.75,66.4,34.9,91.0
6361,47.506734,6.630221,77.75,66.4,34.9,91.0
6362,47.507014,6.631168,77.75,66.4,35.0,91.0
6363,47.507293,6.632116,77.75,66.4,35.0,91.0
6364,47.507573,6.633063,77.75,66.4,35.0,91.0
6365,47.507852,6.634011,77.75,66.4,35.0,91.0
6366,47.508132,6.634959,77.75,66.4,35.1,91.0
6367,47.508411,6.635906,77.75,66.4,35.1,91.0
6368,47.508691,6.636854,77.75,66.4,35.1,91.0
6369,47.50897,6.637801,77.75,66.4,35.1,91.0
6370,47.509249,6.638749,77.75,66.4,35.2,91.0
6371,47.509529,6.639697,77.75,66.4,35.2,91.0
6372,47.509808,6.640644,77.75,66.4,35.2,91.0
6373,47.510088,6.641592,77.75,66.4,35.3,91.0
6374,47.510367,6.64254,77.75,66.4,35.3,91.0
6375,47.510647,6.643487,77.75,66.4,35.3,91.0
6376,47.510926,6.644435,77.75,66.4,35.3,91.0
6377,47.511206,6.645382,77.75,66.4,35.4,91.0
6378,47.511485,6.64633,77.75,66.4,35.4,91.0
6379,47.511765,6.647278,77.75,66.4,35.4,91.0
6380,47.512044,6.648225,77.75,66.4,35.4,91.0
6381,47.512324,6.649173,77.75,66.4,35.5,90.0
6382,47.512603,6.65012,77.75,66.4,35.5,90.0
6383,47.512882,6.651068,77.75,66.4,35.5,90.0
6384,47.513162,6.652016,77.74,66.4,35.6,90.0
6385,47.513441,6.652963,77.74,66.4,35.6,90.0
6386,47.513721,6.653911,77.74,66.4,35.6,90.0
6387,47.514,6.654859,77.74,66.4,35.6,90.0
6388,47.51428,6.655806,77.74,66.4,35.7,90.0
6389,47.514559,6.656754,77.74,66.4,35.7,90.0
6390,47.514839,6.657701,77.74,66.4,35.7,90.0
6391,47.515118,6.658649,77.74,66.4,35.8,90.0
6392,47.515398,6.659597,77.74,66.4,35.8,90.0
6393,47.515677,6.660544,77.74,66.4,35.8,90.0
6394,47.515957,6.661492,77.74,66.4,35.8,90.0
6395,47.516236,6.66244,77.74,66.4,35.9,90.0
6396,47.516515,6.663387,77.74,66.4,35.9,90.0
6397,47.516795,6.664335,77.74,66.4,35.9,90.0
6398,47.517074,6.665282,77.74,66.4,36.0,90.0
6399,47.517354,6.66623,77.74,66.4,36.0,90.0
6400,47.517633,6.667178,77.74,66.4,36.0,90.0
6401,47.517913,6.668125,77.74,66.4,36.0,90.0
6402,47.518192,6.669073,77.74,66.4,36.1,90.0
6403,47.518472,6.67002,77.74,66.4,36.1,90.0
6404,47.518751,6.670968,77.74,66.4,36.1,89.0
6405,47.519031,6.671916,77.74,66.4,36.2,89.0
6406,47.51931,6.672863,77.74,66.4,36.2,89.0
6407,47.51959,6.673811,77.74,66.4,36.2,89.0
6408,47.519869,6.674759,77.74,66.4,36.2,89.0
6409,47.520148,6.675706,77.74,66.4,36.3,89.0
6410,47.520428,6.676654,77.74,66.4,36.3,89.0
6411,47.520707,6.677601,77.74,66.4,36.3,89.0
6412,47.520987,6.678549,77.74,66.4,36.4,89.0
6413,47.521266,6.679497,77.73,66.4,36.4,89.0
6414,47.521546,6.680444,77.73,66.4,36.4,89.0
6415,47.521825,6.681392,77.73,66.4,36.4,89.0
6416,47.522105,6.682339,77.73,66.4,36.5,89.0
6417,47.522384,6.683287,77.73,66.4,36.5,89.0
6418,47.522664,6.684235,77.73,66.4,36.5,89.0
6419,47.522943,6.685182,77.73,66.4,36.6,89.0
6420,47.523223,6.68613,77.73,66.4,36.6,89.0
6421,47.523502,6.687078,77.73,66.4,36.6,89.0
6422,47.523781,6.688025,77.73,66.4,36.6,89.0
6423,47.524061,6.688973,77.73,66.4,36.7,89.0
6424,47.52434,6.68992,77.73,66.4,36.7,89.0
6425,47.52462,6.690868,77.73,66.4,36.7,89.0
6426,47.524899,6.691816,77.73,66.4,36.8,89.0
6427,47.525179,6.692763,77.73,66.4,36.8,89.0
6428,47.525458,6.693711,77.73,66.4,36.8,88.0
6429,47.525738,6.694659,77.73,66.4,36.8,88.0
6430,47.526017,6.695606,77.73,66.4,36.9,88.0
6431,47.526297,6.696554,77.73,66.4,36.9,88.0
6432,47.526576,6.697501,77.73,66.4,36.9,88.0
6433,47.526856,6.698449,77.73,66.4,37.0,88.0
6434,47.527135,6.699397,77.73,66.4,37.0,88.0
6435,47.527414,6.700344,77.73,66.4,37.0,88.0
6436,47.527694,6.701292,77.73,66.4,37.0,88.0
6437,47.527973,6.702239,77.73,66.4,37.1,88.0
6438,47.528253,6.703187,77.73,66.4,37.1,88.0
6439,47.528532,6.704135,77.73,66.4,37.1,88.0
6440,47.528812,6.705082,77.73,66.4,37.2,88.0
6441,47.529091,6.70603,77.73,66.4,37.2,88.0
6442,47.529371,6.706978,77.72,66.4,37.2,88.0
6443,47.52965,6.707925,77.72,66.4,37.3,88.0
6444,47.52993,6.708873,77.72,66.4,37.3,88.0
6445,47.530209,6.70982,77.72,66.4,37.3,88.0
6446,47.530489,6.710768,77.72,66.4,37.3,88.0
6447,47.530768,6.711716,77.72,66.4,37.4,88.0
6448,47.531047,6.712663,77.72,66.4,37.4,88.0
6449,47.531327,6.713611,77.72,66.4,37.4,88.0
6450,47.531606,6.714558,77.72,66.4,37.5,88.0
6451,47.531886,6.715506,77.72,66.4,37.5,87.0
6452,47.532165,6.716454,77.72,66.4,37.5,87.0
6453,47.532445,6.717401,77.72,66.4,37.5,87.0
6454,47.532724,6.718349,77.72,66.4,37.6,87.0
6455,47.533004,6.719297,77.72,66.4,37.6,87.0
6456,47.533283,6.720244,77.72,66.4,37.6,87.0
6457,47.533563,6.721192,77.72,66.4,37.7,87.0
6458,47.533842,6.722139,77.72,66.4,37.7,87.0
6459,47.534122,6.723087,77.72,66.4,37.7,87.0
6460,47.534401,6.724035,77.72,66.4,37.8,87.0
6461,47.53468,6.724982,77.72,66.4,37.8,87.0
6462,47.53496,6.72593,77.72,66.4,37.8,87.0
6463,47.535239,6.726877,77.72,66.4,37.8,87.0
6464,47.535519,6.727825,77.72,66.4,37.9,87.0
6465,47.535798,6.728773,77.72,66.4,37.9,87.0
6466,47.536078,6.72972,77.72,66.4,37.9,87.0
6467,47.536357,6.730668,77.72,66.4,38.0,87.0
6468,47.536637,6.731616,77.72,66.4,38.0,87.0
6469,47.536916,6.732563,77.72,66.4,38.0,87.0
6470,47.537196,6.733511,77.72,66.4,38.1,87.0
6471,47.537475,6.734458,77.71,66.4,38.1,87.0
6472,47.537755,6.735406,77.71,66.4,38.1,87.0
6473,47.538034,6.736354,77.71,66.4,38.2,87.0
6474,47.538313,6.737301,77.71,66.4,38.2,86.0
6475,47.538593,6.738249,77.71,66.4,38.2,86.0
6476,47.538872,6.739197,77.71,66.4,38.2,86.0
6477,47.539152,6.740144,77.71,66.4,38.3,86.0
6478,47.539431,6.741092,77.71,66.4,38.3,86.0
6479,47.539711,6.742039,77.71,66.4,38.3,86.0
6480,47.53999,6.742987,77.71,66.4,38.4,86.0
6481,47.54027,6.743935,77.71,66.4,38.4,86.0
6482,47.540549,6.744882,77.71,66.4,38.4,86.0
6483,47.540829,6.74583,77.71,66.4,38.5,86.0
6484,47.541108,6.746777,77.71,66.4,38.5,86.0
6485,47.541388,6.747725,77.71,66.4,38.5,86.0
6486,47.541667,6.748673,77.71,66.4,38.5,86.0
6487,47.541946,6.74962,77.71,66.4,38.6,86.0
6488,47.542226,6.750568,77.71,66.4,38.6,86.0
6489,47.542505,6.751516,77.71,66.4,38.6,86.0
6490,47.542785,6.752463,77.71,66.4,38.7,86.0
6491,47.543064,6.753411,77.71,66.4,38.7,86.0
6492,47.543344,6.754358,77.71,66.4,38.7,86.0
6493,47.543623,6.755306,77.71,66.4,38.8,86.0
6494,47.543903,6.756254,77.71,66.4,38.8,86.0
6495,47.544182,6.757201,77.71,66.4,38.8,86.0
6496,47.544462,6.758149,77.71,66.4,38.9,86.0
6497,47.544741,6.759096,77.71,66.4,38.9,85.0
6498,47.545021,6.760044,77.71,66.4,38.9,85.0
6499,47.5453,6.760992,77.7,66.4,39.0,85.0
6500,47.545579,6.761939,77.7,66.4,39.0,85.0
6501,47.545859,6.762887,77.7,66.4,39.0,85.0
6502,47.546138,6.763835,77.7,66.4,39.0,85.0
6503,47.546418,6.764782,77.7,66.4,39.1,85.0
6504,47.546697,6.76573,77.7,66.4,39.1,85.0
6505,47.546977,6.766677,77.7,66.4,39.1,85.0
6506,47.547256,6.767625,77.7,66.4,39.2,85.0
6507,47.547536,6.768573,77.7,66.4,39.2,85.0
6508,47.547815,6.76952,77.7,66.4,39.2,85.0
6509,47.548095,6.770468,77.7,66.4,39.3,85.0
6510,47.548374,6.771416,77.7,66.4,39.3,85.0
6511,47.548654,6.772363,77.7,66.4,39.3,85.0
6512,47.548933,6.773311,77.7,66.4,39.4,85.0
6513,47.549212,6.774258,77.7,66.4,39.4,85.0
6514,47.549492,6.775206,77.7,66.4,39.4,85.0
6515,47.549771,6.776154,77.7,66.4,39.5,85.0
6516,47.550051,6.777101,77.7,66.4,39.5,85.0
6517,47.55033,6.778049,77.7,66.4,39.5,85.0
6518,47.55061,6.778996,77.7,66.4,39.5,85.0
6519,47.550889,6.779944,77.7,66.4,39.6,84.0
6520,47.551169,6.780892,77.7,66.4,39.6,84.0
6521,47.551448,6.781839,77.7,66.4,39.6,84.0
6522,47.551728,6.782787,77.7,66.4,39.7,84.0
6523,47.552007,6.783735,77.7,66.4,39.7,84.0
6524,47.552287,6.784682,77.7,66.4,39.7,84.0
6525,47.552566,6.78563,77.7,66.4,39.8,84.0
6526,47.552845,6.786577,77.7,66.4,39.8,84.0
6527,47.553125,6.787525,77.7,66.4,39.8,84.0
6528,47.553404,6.788473,77.69,66.4,39.9,84.0
6529,47.553684,6.78942,77.69,66.4,39.9,84.0
6530,47.553963,6.790368,77.69,66.4,39.9,84.0
6531,47.554243,6.791315,77.69,66.4,40.0,84.0
6532,47.554522,6.792263,77.69,66.4,40.0,84.0
6533,47.554802,6.793211,77.69,66.4,40.0,84.0
6534,47.555081,6.794158,77.69,66.4,40.1,84.0
6535,47.555361,6.795106,77.69,66.4,40.1,84.0
6536,47.55564,6.796054,77.69,66.4,40.1,84.0
6537,47.55592,6.797001,77.69,66.4,40.1,84.0
6538,47.556199,6.797949,77.69,66.4,40.2,84.0
6539,47.556478,6.798896,77.69,66.4,40.2,84.0
6540,47.556758,6.799844,77.69,66.4,40.2,84.0
6541,47.557037,6.800792,77.69,66.4,40.3,84.0
6542,47.557317,6.801739,77.69,66.4,40.3,83.0
6543,47.557596,6.802687,77.69,66.4,40.3,83.0
6544,47.557876,6.803634,77.69,66.4,40.4,83.0
6545,47.558155,6.804582,77.69,66.4,40.4,83.0
6546,47.558435,6.80553,77.69,66.4,40.4,83.0
6547,47.558714,6.806477,77.69,66.4,40.5,83.0
6548,47.558994,6.807425,77.69,66.4,40.5,83.0
6549,47.559273,6.808373,77.69,66.4,40.5,83.0
6550,47.559553,6.80932,77.69,66.4,40.6,83.0
6551,47.559832,6.810268,77.69,66.4,40.6,83.0
6552,47.560111,6.811215,77.69,66.4,40.6,83.0
6553,47.560391,6.812163,77.69,66.4,40.7,83.0
6554,47.56067,6.813111,77.69,66.4,40.7,83.0
6555,47.56095,6.814058,77.69,66.4,40.7,83.0
6556,47.561229,6.815006,77.69,66.4,40.8,83.0
6557,47.561509,6.815954,77.68,66.4,40.8,83.0
6558,47.561788,6.816901,77.68,66.4,40.8,83.0
6559,47.562068,6.817849,77.68,66.4,40.9,83.0
6560,47.562347,6.818796,77.68,66.4,40.9,83.0
6561,47.562627,6.819744,77.68,66.4,40.9,83.0
6562,47.562906,6.820692,77.68,66.4,41.0,83.0
6563,47.563186,6.821639,77.68,66.4,41.0,83.0
6564,47.563465,6.822587,77.68,66.4,41.0,82.0
6565,47.563744,6.823534,77.68,66.4,41.1,82.0
6566,47.564024,6.824482,77.68,66.4,41.1,82.0
6567,47.564303,6.82543,77.68,66.4,41.1,82.0
6568,47.564583,6.826377,77.68,66.4,41.2,82.0
6569,47.564862,6.827325,77.68,66.4,41.2,82.0
6570,47.565142,6.828273,77.68,66.4,41.2,82.0
6571,47.565421,6.82922,77.68,66.4,41.3,82.0
6572,47.565701,6.830168,77.68,66.4,41.3,82.0
6573,47.56598,6.831115,77.68,66.4,41.3,82.0
6574,47.56626,6.832063,77.68,66.4,41.4,82.0
6575,47.566539,6.833011,77.68,66.4,41.4,82.0
6576,47.566819,6.833958,77.68,66.4,41.4,82.0
6577,47.567098,6.834906,77.68,66.4,41.5,82.0
6578,47.567377,6.835853,77.68,66.4,41.5,82.0
6579,47.567657,6.836801,77.68,66.4,41.5,82.0
6580,47.567936,6.837749,77.68,66.4,41.5,82.0
6581,47.568216,6.838696,77.68,66.4,41.6,82.0
6582,47.568495,6.839644,77.68,66.4,41.6,82.0
6583,47.568775,6.840592,77.68,66.4,41.6,82.0
6584,47.569054,6.841539,77.68,66.4,41.7,82.0
6585,47.569334,6.842487,77.68,66.4,41.7,81.0
6586,47.569613,6.843434,77.67,66.4,41.7,81.0
6587,47.569893,6.844382,77.67,66.4,41.8,81.0
6588,47.570172,6.84533,77.67,66.4,41.8,81.0
6589,47.570452,6.846277,77.67,66.4,41.8,81.0
6590,47.570731,6.847225,77.67,66.4,41.9,81.0
6591,47.57101,6.848173,77.67,66.4,41.9,81.0
6592,47.57129,6.84912,77.67,66.4,41.9,81.0
6593,47.571569,6.850068,77.67,66.4,42.0,81.0
6594,47.571849,6.851015,77.67,66.4,42.0,81.0
6595,47.572128,6.851963,77.67,66.4,42.0,81.0
6596,47.572408,6.852911,77.67,66.4,42.1,81.0
6597,47.572687,6.853858,77.67,66.4,42.1,81.0
6598,47.572967,6.854806,77.67,66.4,42.1,81.0
6599,47.573246,6.855753,77.67,66.4,42.2,81.0
6600,47.573526,6.856701,77.67,66.4,42.2,81.0
6601,47.573805,6.857649,77.67,66.4,42.2,81.0
6602,47.574085,6.858596,77.67,66.4,42.3,81.0
6603,47.574364,6.859544,77.67,66.4,42.3,81.0
6604,47.574643,6.860492,77.67,66.4,42.3,81.0
6605,47.574923,6.861439,77.67,66.4,42.4,81.0
6606,47.575202,6.862387,77.67,66.4,42.4,81.0
6607,47.575482,6.863334,77.67,66.4,42.4,80.0
6608,47.575761,6.864282,77.67,66.4,42.5,80.0
6609,47.576041,6.86523,77.67,66.4,42.5,80.0
6610,47.57632,6.866177,77.67,66.4,42.6,80.0
6611,47.5766,6.867125,77.67,66.4,42.6,80.0
6612,47.576879,6.868072,77.67,66.4,42.6,80.0
6613,47.577159,6.86902,77.67,66.4,42.7,80.0
6614,47.577438,6.869968,77.66,66.4,42.7,80.0
6615,47.577718,6.870915,77.66,66.4,42.7,80.0
6616,47.577997,6.871863,77.66,66.4,42.8,80.0
6617,47.578276,6.872811,77.66,66.4,42.8,80.0
6618,47.578556,6.873758,77.66,66.4,42.8,80.0
6619,47.578835,6.874706,77.66,66.4,42.9,80.0
6620,47.579115,6.875653,77.66,66.4,42.9,80.0
6621,47.579394,6.876601,77.66,66.4,42.9,80.0
6622,47.579674,6.877549,77.66,66.4,43.0,80.0
6623,47.579953,6.878496,77.66,66.4,43.0,80.0
6624,47.580233,6.879444,77.66,66.4,43.0,80.0
6625,47.580512,6.880392,77.66,66.4,43.1,80.0
6626,47.580792,6.881339,77.66,66.4,43.1,80.0
6627,47.581071,6.882287,77.66,66.4,43.1,80.0
6628,47.581351,6.883234,77.66,66.4,43.2,79.0
6629,47.58163,6.884182,77.66,66.4,43.2,79.0
6630,47.581909,6.88513,77.66,66.4,43.2,79.0
6631,47.582189,6.886077,77.66,66.4,43.3,79.0
6632,47.582468,6.887025,77.66,66.4,43.3,79.0
6633,47.582748,6.887972,77.66,66.4,43.3,79.0
6634,47.583027,6.88892,77.66,66.4,43.4,79.0
6635,47.583307,6.889868,77.66,66.4,43.4,79.0
6636,47.583586,6.890815,77.66,66.4,43.4,79.0
6637,47.583866,6.891763,77.66,66.4,43.5,79.0
6638,47.584145,6.892711,77.66,66.4,43.5,79.0
6639,47.584425,6.893658,77.66,66.4,43.5,79.0
6640,47.584704,6.894606,77.66,66.4,43.6,79.0
6641,47.584984,6.895553,77.66,66.4,43.6,79.0
6642,47.585263,6.896501,77.66,66.4,43.6,79.0
6643,47.585542,6.897449,77.65,66.4,43.7,79.0
6644,47.585822,6.898396,77.65,66.4,43.7,79.0
6645,47.586117,6.899334,77.74,65.0,43.7,79.0
6646,47.586441,6.900256,78.0,62.5,43.8,79.0
6647,47.586764,6.901178,78.0,62.5,43.8,79.0
6648,47.587087,6.902099,78.0,62.5,43.8,79.0
6649,47.587411,6.903021,78.0,62.5,43.9,79.0
6650,47.587734,6.903943,78.0,62.5,43.9,78.0
6651,47.588057,6.904864,78.0,62.5,44.0,78.0
6652,47.588381,6.905786,78.0,62.5,44.0,78.0
6653,47.588704,6.906707,78.0,62.5,44.0,78.0
6654,47.589027,6.907629,78.0,62.5,44.1,78.0
6655,47.589351,6.908551,78.0,62.5,44.1,78.0
6656,47.589674,6.909472,78.0,62.5,44.1,78.0
6657,47.589997,6.910394,78.0,62.5,44.2,78.0
6658,47.590321,6.911316,77.99,62.5,44.2,78.0
6659,47.590644,6.912237,77.99,62.5,44.2,78.0
6660,47.590967,6.913159,77.99,62.5,44.3,78.0
6661,47.591291,6.91408,77.99,62.5,44.3,78.0
6662,47.591614,6.915002,77.99,62.5,44.3,78.0
6663,47.591937,6.915924,77.99,62.5,44.4,78.0
6664,47.592261,6.916845,77.99,62.5,44.4,78.0
6665,47.592584,6.917767,77.99,62.5,44.4,78.0
6666,47.592907,6.918688,77.99,62.5,44.5,78.0
6667,47.593231,6.91961,77.99,62.5,44.5,78.0
6668,47.593554,6.920532,77.99,62.5,44.5,78.0
6669,47.593877,6.921453,77.99,62.5,44.6,78.0
6670,47.594201,6.922375,77.99,62.5,44.6,78.0
6671,47.594524,6.923297,77.99,62.5,44.6,77.0
6672,47.594847,6.924218,77.99,62.5,44.7,77.0
6673,47.595171,6.92514,77.99,62.5,44.7,77.0
6674,47.595494,6.926061,77.99,62.5,44.8,77.0
6675,47.595817,6.926983,77.99,62.5,44.8,77.0
6676,47.596141,6.927905,77.99,62.5,44.8,77.0
6677,47.596464,6.928826,77.99,62.5,44.9,77.0
6678,47.596787,6.929748,77.99,62.5,44.9,77.0
6679,47.597111,6.93067,77.99,62.5,44.9,77.0
6680,47.597434,6.931591,77.99,62.5,45.0,77.0
6681,47.597757,6.932513,77.99,62.5,45.0,77.0
6682,47.598081,6.933434,77.99,62.5,45.0,77.0
6683,47.598404,6.934356,77.99,62.5,45.1,77.0
6684,47.598727,6.935278,77.99,62.5,45.1,77.0
6685,47.599051,6.936199,77.98,62.5,45.1,77.0
6686,47.599374,6.937121,77.98,62.5,45.2,77.0
6687,47.599697,6.938043,77.98,62.5,45.2,77.0
6688,47.600021,6.938964,77.98,62.5,45.2,77.0
6689,47.600344,6.939886,77.98,62.5,45.3,77.0
6690,47.600667,6.940807,77.98,62.5,45.3,77.0
6691,47.600991,6.941729,77.98,62.5,45.3,76.0
6692,47.601314,6.942651,77.98,62.5,45.4,76.0
6693,47.601637,6.943572,77.98,62.5,45.4,76.0
6694,47.601961,6.944494,77.98,62.5,45.5,76.0
6695,47.602284,6.945416,77.98,62.5,45.5,76.0
6696,47.602607,6.946337,77.98,62.5,45.5,76.0
6697,47.602931,6.947259,77.98,62.5,45.6,76.0
6698,47.603254,6.94818,77.98,62.5,45.6,76.0
6699,47.603577,6.949102,77.98,62.5,45.6,76.0
6700,47.603901,6.950024,77.98,62.5,45.7,76.0
6701,47.604224,6.950945,77.98,62.5,45.7,76.0
6702,47.604547,6.951867,77.98,62.5,45.7,76.0
6703,47.604871,6.952789,77.98,62.5,45.8,76.0
6704,47.605194,6.95371,77.98,62.5,45.8,76.0
6705,47.605518,6.954632,77.98,62.5,45.8,76.0
6706,47.605841,6.955553,77.98,62.5,45.9,76.0
6707,47.606164,6.956475,77.98,62.5,45.9,76.0
6708,47.606488,6.957397,77.98,62.5,46.0,76.0
6709,47.606811,6.958318,77.98,62.5,46.0,76.0
6710,47.607134,6.95924,77.98,62.5,46.0,76.0
6711,47.607458,6.960162,77.97,62.5,46.1,76.0
6712,47.607781,6.961083,77.97,62.5,46.1,75.0
6713,47.608104,6.962005,77.97,62.5,46.1,75.0
6714,47.608428,6.962926,77.97,62.5,46.2,75.0
6715,47.608751,6.963848,77.97,62.5,46.2,75.0
6716,47.609074,6.96477,77.97,62.5,46.2,75.0
6717,47.609398,6.965691,77.97,62.5,46.3,75.0
6718,47.609721,6.966613,77.97,62.5,46.3,75.0
6719,47.610044,6.967535,77.97,62.5,46.3,75.0
6720,47.610368,6.968456,77.97,62.5,46.4,75.0
6721,47.610691,6.969378,77.97,62.5,46.4,75.0
6722,47.611014,6.970299,77.97,62.5,46.5,75.0
6723,47.611338,6.971221,77.97,62.5,46.5,75.0
6724,47.611661,6.972143,77.97,62.5,46.5,75.0
6725,47.611984,6.973064,77.97,62.5,46.6,75.0
6726,47.612308,6.973986,77.97,62.5,46.6,75.0
6727,47.612631,6.974907,77.97,62.5,46.6,75.0
6728,47.612954,6.975829,77.97,62.5,46.7,75.0
6729,47.613278,6.976751,77.97,62.5,46.7,75.0
6730,47.613601,6.977672,77.97,62.5,46.7,75.0
6731,47.613924,6.978594,77.97,62.5,46.8,75.0
6732,47.614248,6.979516,77.97,62.5,46.8,75.0
6733,47.614571,6.980437,77.97,62.5,46.8,74.0
6734,47.614894,6.981359,77.97,62.5,46.9,74.0
6735,47.615218,6.98228,77.97,62.5,46.9,74.0
6736,47.615541,6.983202,77.97,62.5,47.0,74.0
6737,47.615864,6.984124,77.96,62.5,47.0,74.0
6738,47.616188,6.985045,77.96,62.5,47.0,74.0
6739,47.616511,6.985967,77.96,62.5,47.1,74.0
6740,47.616834,6.986889,77.96,62.5,47.1,74.0
6741,47.617158,6.98781,77.96,62.5,47.1,74.0
6742,47.617481,6.988732,77.96,62.5,47.2,74.0
6743,47.617804,6.989653,77.96,62.5,47.2,74.0
6744,47.618128,6.990575,77.96,62.5,47.2,74.0
6745,47.618451,6.991497,77.96,62.5,47.3,74.0
6746,47.618774,6.992418,77.96,62.5,47.3,74.0
6747,47.619098,6.99334,77.96,62.5,47.4,74.0
6748,47.619421,6.994262,77.96,62.5,47.4,74.0
6749,47.619744,6.995183,77.96,62.5,47.4,74.0
6750,47.620068,6.996105,77.96,62.5,47.5,74.0
6751,47.620391,6.997026,77.96,62.5,47.5,74.0
6752,47.620714,6.997948,77.96,62.5,47.5,74.0
6753,47.621038,6.99887,77.96,62.5,47.6,73.0
6754,47.621361,6.999791,77.96,62.5,47.6,73.0
6755,47.621684,7.000713,77.96,62.5,47.6,73.0
6756,47.622008,7.001635,77.96,62.5,47.7,73.0
6757,47.622331,7.002556,77.96,62.5,47.7,73.0
6758,47.622654,7.003478,77.96,62.5,47.8,73.0
6759,47.622978,7.004399,77.96,62.5,47.8,73.0
6760,47.623301,7.005321,77.96,62.5,47.8,73.0
6761,47.623624,7.006243,77.96,62.5,47.9,73.0
6762,47.623948,7.007164,77.96,62.5,47.9,73.0
6763,47.624271,7.008086,77.96,62.5,47.9,73.0
6764,47.624594,7.009008,77.95,62.5,48.0,73.0
6765,47.624918,7.009929,77.95,62.5,48.0,73.0
6766,47.625241,7.010851,77.95,62.5,48.0,73.0
6767,47.625564,7.011772,77.95,62.5,48.1,73.0
6768,47.625888,7.012694,77.95,62.5,48.1,73.0
6769,47.626211,7.013616,77.95,62.5,48.2,73.0
6770,47.626534,7.014537,77.95,62.5,48.2,73.0
6771,47.626858,7.015459,77.95,62.5,48.2,73.0
6772,47.627181,7.016381,77.95,62.5,48.3,73.0
6773,47.627504,7.017302,77.95,62.5,48.3,72.0
6774,47.627828,7.018224,77.95,62.5,48.3,72.0
6775,47.628151,7.019145,77.95,62.5,48.4,72.0
6776,47.628474,7.020067,77.95,62.5,48.4,72.0
6777,47.628798,7.020989,77.95,62.5,48.4,72.0
6778,47.629121,7.02191,77.95,62.5,48.5,72.0
6779,47.629444,7.022832,77.95,62.5,48.5,72.0
6780,47.629768,7.023753,77.95,62.5,48.6,72.0
6781,47.630091,7.024675,77.95,62.5,48.6,72.0
6782,47.630414,7.025597,77.95,62.5,48.6,72.0
6783,47.630738,7.026518,77.95,62.5,48.7,72.0
6784,47.631061,7.02744,77.95,62.5,48.7,72.0
6785,47.631384,7.028362,77.95,62.5,48.7,72.0
6786,47.631708,7.029283,77.95,62.5,48.8,72.0
6787,47.632031,7.030205,77.95,62.5,48.8,72.0
6788,47.632354,7.031126,77.95,62.5,48.9,72.0
6789,47.632678,7.032048,77.95,62.5,48.9,72.0
6790,47.633001,7.03297,77.94,62.5,48.9,72.0
6791,47.633324,7.033891,77.94,62.5,49.0,72.0
6792,47.633648,7.034813,77.94,62.5,49.0,72.0
6793,47.633971,7.035735,77.94,62.5,49.0,71.0
6794,47.634294,7.036656,77.94,62.5,49.1,71.0
6795,47.634618,7.037578,77.94,62.5,49.1,71.0
6796,47.634941,7.038499,77.94,62.5,49.1,71.0
6797,47.635264,7.039421,77.94,62.5,49.2,71.0
6798,47.635588,7.040343,77.94,62.5,49.2,71.0
6799,47.635911,7.041264,77.94,62.5,49.3,71.0
6800,47.636234,7.042186,77.94,62.5,49.3,71.0
6801,47.636558,7.043108,77.94,62.5,49.3,71.0
6802,47.636881,7.044029,77.94,62.5,49.4,71.0
6803,47.637204,7.044951,77.94,62.5,49.4,71.0
6804,47.637528,7.045872,77.94,62.5,49.4,71.0
6805,47.637851,7.046794,77.94,62.5,49.5,71.0
6806,47.638174,7.047716,77.94,62.5,49.5,71.0
6807,47.638498,7.048637,77.94,62.5,49.6,71.0
6808,47.638821,7.049559,77.94,62.5,49.6,71.0
6809,47.639144,7.050481,77.94,62.5,49.6,71.0
6810,47.639468,7.051402,77.94,62.5,49.7,71.0
6811,47.639791,7.052324,77.94,62.5,49.7,71.0
6812,47.640114,7.053245,77.94,62.5,49.7,71.0
6813,47.640438,7.054167,77.94,62.5,49.8,70.0
6814,47.640761,7.055089,77.94,62.5,49.8,70.0
6815,47.641085,7.05601,77.94,62.5,49.9,70.0
6816,47.641408,7.056932,77.93,62.5,49.9,70.0
6817,47.641731,7.057854,77.93,62.5,49.9,70.0
6818,47.642055,7.058775,77.93,62.5,50.0,70.0
6819,47.642378,7.059697,77.93,62.5,50.0,70.0
6820,47.642701,7.060618,77.93,62.5,50.0,70.0
6821,47.643025,7.06154,77.93,62.5,50.1,70.0
6822,47.643348,7.062462,77.93,62.5,50.1,70.0
6823,47.643671,7.063383,77.93,62.5,50.2,70.0
6824,47.643995,7.064305,77.93,62.5,50.2,70.0
6825,47.644318,7.065227,77.93,62.5,50.2,70.0
6826,47.644641,7.066148,77.93,62.5,50.3,70.0
6827,47.644965,7.06707,77.93,62.5,50.3,70.0
6828,47.645288,7.067991,77.93,62.5,50.3,70.0
6829,47.645611,7.068913,77.93,62.5,50.4,70.0
6830,47.645935,7.069835,77.93,62.5,50.4,70.0
6831,47.646258,7.070756,77.93,62.5,50.4,70.0
6832,47.646581,7.071678,77.93,62.5,50.5,70.0
6833,47.646905,7.0726,77.93,62.5,50.5,69.0
6834,47.647228,7.073521,77.93,62.5,50.6,69.0
6835,47.647551,7.074443,77.93,62.5,50.6,69.0
6836,47.647875,7.075364,77.93,62.5,50.6,69.0
6837,47.648198,7.076286,77.93,62.5,50.7,69.0
6838,47.648521,7.077208,77.93,62.5,50.7,69.0
6839,47.648845,7.078129,77.93,62.5,50.7,69.0
6840,47.649168,7.079051,77.93,62.5,50.8,69.0
6841,47.649491,7.079972,77.93,62.5,50.8,69.0
6842,47.649815,7.080894,77.93,62.5,50.9,69.0
6843,47.650138,7.081816,77.92,62.5,50.9,69.0
6844,47.650461,7.082737,77.92,62.5,50.9,69.0
6845,47.650785,7.083659,77.92,62.5,51.0,69.0
6846,47.651108,7.084581,77.92,62.5,51.0,69.0
6847,47.651431,7.085502,77.92,62.5,51.0,69.0
6848,47.651755,7.086424,77.92,62.5,51.1,69.0
6849,47.652078,7.087345,77.92,62.5,51.1,69.0
6850,47.652401,7.088267,77.92,62.5,51.2,69.0
6851,47.652725,7.089189,77.92,62.5,51.2,69.0
6852,47.653048,7.09011,77.92,62.5,51.2,69.0
6853,47.653371,7.091032,77.92,62.5,51.3,68.0
6854,47.653695,7.091954,77.92,62.5,51.3,68.0
6855,47.654018,7.092875,77.92,62.5,51.4,68.0
6856,47.654341,7.093797,77.92,62.5,51.4,68.0
6857,47.654665,7.094718,77.92,62.5,51.4,68.0
6858,47.654988,7.09564,77.92,62.5,51.5,68.0
6859,47.655311,7.096562,77.92,62.5,51.5,68.0
6860,47.655635,7.097483,77.92,62.5,51.5,68.0
6861,47.655958,7.098405,77.92,62.5,51.6,68.0
6862,47.656281,7.099327,77.92,62.5,51.6,68.0
6863,47.656605,7.100248,77.92,62.5,51.7,68.0
6864,47.656928,7.10117,77.92,62.5,51.7,68.0
6865,47.657251,7.102091,77.92,62.5,51.7,68.0
6866,47.657575,7.103013,77.92,62.5,51.8,68.0
6867,47.657898,7.103935,77.92,62.5,51.8,68.0
6868,47.658221,7.104856,77.92,62.5,51.8,68.0
6869,47.658545,7.105778,77.91,62.5,51.9,68.0
6870,47.658868,7.1067,77.91,62.5,51.9,68.0
6871,47.659191,7.107621,77.91,62.5,52.0,68.0
6872,47.659515,7.108543,77.91,62.5,52.0,68.0
6873,47.659838,7.109464,77.91,62.5,52.0,67.0
6874,47.660161,7.110386,77.91,62.5,52.1,67.0
6875,47.660485,7.111308,77.91,62.5,52.1,67.0
6876,47.660808,7.112229,77.91,62.5,52.1,67.0
6877,47.661131,7.113151,77.91,62.5,52.2,67.0
6878,47.661455,7.114073,77.91,62.5,52.2,67.0
6879,47.661778,7.114994,77.91,62.5,52.3,67.0
6880,47.662101,7.115916,77.91,62.5,52.3,67.0
6881,47.662425,7.116837,77.91,62.5,52.3,67.0
6882,47.662748,7.117759,77.91,62.5,52.4,67.0
6883,47.663071,7.118681,77.91,62.5,52.4,67.0
6884,47.663395,7.119602,77.91,62.5,52.4,67.0
6885,47.663718,7.120524,77.91,62.5,52.5,67.0
6886,47.664041,7.121446,77.91,62.5,52.5,67.0
6887,47.664365,7.122367,77.91,62.5,52.6,67.0
6888,47.664688,7.123289,77.91,62.5,52.6,67.0
6889,47.665011,7.12421,77.91,62.5,52.6,67.0
6890,47.665335,7.125132,77.91,62.5,52.7,67.0
6891,47.665658,7.126054,77.91,62.5,52.7,67.0
6892,47.665981,7.126975,77.91,62.5,52.8,66.0
6893,47.666305,7.127897,77.91,62.5,52.8,66.0
6894,47.666628,7.128819,77.91,62.5,52.8,66.0
6895,47.666951,7.12974,77.91,62.5,52.9,66.0
6896,47.667275,7.130662,77.9,62.5,52.9,66.0
6897,47.667598,7.131583,77.9,62.5,52.9,66.0
6898,47.667921,7.132505,77.9,62.5,53.0,66.0
6899,47.668245,7.133427,77.9,62.5,53.0,66.0
6900,47.668568,7.134348,77.9,62.5,53.1,66.0
6901,47.668891,7.13527,77.9,62.5,53.1,66.0
6902,47.669215,7.136191,77.9,62.5,53.1,66.0
6903,47.669538,7.137113,77.9,62.5,53.2,66.0
6904,47.669861,7.138035,77.9,62.5,53.2,66.0
6905,47.670185,7.138956,77.9,62.5,53.2,66.0
6906,47.670508,7.139878,77.9,62.5,53.3,66.0
6907,47.670831,7.1408,77.9,62.5,53.3,66.0
6908,47.671155,7.141721,77.9,62.5,53.4,66.0
6909,47.671478,7.142643,77.9,62.5,53.4,66.0
6910,47.671801,7.143564,77.9,62.5,53.4,66.0
6911,47.672125,7.144486,77.9,62.5,53.5,65.0
6912,47.672448,7.145408,77.9,62.5,53.5,65.0
6913,47.672771,7.146329,77.9,62.5,53.6,65.0
6914,47.673095,7.147251,77.9,62.5,53.6,65.0
6915,47.673418,7.148173,77.9,62.5,53.6,65.0
6916,47.673741,7.149094,77.9,62.5,53.7,65.0
6917,47.674065,7.150016,77.9,62.5,53.7,65.0
6918,47.674388,7.150937,77.9,62.5,53.7,65.0
6919,47.674711,7.151859,77.9,62.5,53.8,65.0
6920,47.675035,7.152781,77.9,62.5,53.8,65.0
6921,47.675358,7.153702,77.9,62.5,53.9,65.0
6922,47.675681,7.154624,77.89,62.5,53.9,65.0
6923,47.676005,7.155546,77.89,62.5,53.9,65.0
6924,47.676328,7.156467,77.89,62.5,54.0,65.0
6925,47.676652,7.157389,77.89,62.5,54.0,65.0
6926,47.676975,7.15831,77.89,62.5,54.1,65.0
6927,47.677298,7.159232,77.89,62.5,54.1,65.0
6928,47.677622,7.160154,77.89,62.5,54.1,65.0
6929,47.677945,7.161075,77.89,62.5,54.2,65.0
6930,47.678268,7.161997,77.89,62.5,54.2,65.0
6931,47.678592,7.162919,77.89,62.5,54.2,64.0
6932,47.678915,7.16384,77.89,62.5,54.3,64.0
6933,47.679238,7.164762,77.89,62.5,54.3,64.0
6934,47.679562,7.165683,77.89,62.5,54.4,64.0
6935,47.679885,7.166605,77.89,62.5,54.4,64.0
6936,47.680208,7.167527,77.89,62.5,54.4,64.0
6937,47.680532,7.168448,77.89,62.5,54.5,64.0
6938,47.680855,7.16937,77.89,62.5,54.5,64.0
6939,47.681178,7.170292,77.89,62.5,54.5,64.0
6940,47.681502,7.171213,77.89,62.5,54.6,64.0
6941,47.681825,7.172135,77.89,62.5,54.6,64.0
6942,47.682148,7.173056,77.89,62.5,54.7,64.0
6943,47.682472,7.173978,77.89,62.5,54.7,64.0
6944,47.682795,7.1749,77.89,62.5,54.7,64.0
6945,47.683118,7.175821,77.89,62.5,54.8,64.0
6946,47.683442,7.176743,77.89,62.5,54.8,64.0
6947,47.683765,7.177665,77.89,62.5,54.9,64.0
6948,47.684088,7.178586,77.88,62.5,54.9,64.0
6949,47.684412,7.179508,77.88,62.5,54.9,64.0
6950,47.684735,7.180429,77.88,62.5,55.0,63.0
6951,47.685058,7.181351,77.88,62.5,55.0,63.0
6952,47.685382,7.182273,77.88,62.5,55.0,63.0
6953,47.685705,7.183194,77.88,62.5,55.1,63.0
6954,47.686028,7.184116,77.88,62.5,55.1,63.0
6955,47.686352,7.185037,77.88,62.5,55.2,63.0
6956,47.686675,7.185959,77.88,62.5,55.2,63.0
6957,47.686998,7.186881,77.88,62.5,55.2,63.0
6958,47.687322,7.187802,77.88,62.5,55.3,63.0
6959,47.687645,7.188724,77.88,62.5,55.3,63.0
6960,47.687968,7.189646,77.88,62.5,55.4,63.0
6961,47.688292,7.190567,77.88,62.5,55.4,63.0
6962,47.688615,7.191489,77.88,62.5,55.4,63.0
6963,47.688938,7.19241,77.88,62.5,55.5,63.0
6964,47.689262,7.193332,77.88,62.5,55.5,63.0
6965,47.689585,7.194254,77.88,62.5,55.6,63.0
6966,47.689908,7.195175,77.88,62.5,55.6,63.0
6967,47.690232,7.196097,77.88,62.5,55.6,63.0
6968,47.690555,7.197019,77.88,62.5,55.7,63.0
6969,47.690878,7.19794,77.88,62.5,55.7,62.0
6970,47.691202,7.198862,77.88,62.5,55.7,62.0
6971,47.691525,7.199783,77.88,62.5,55.8,62.0
6972,47.691848,7.200705,77.88,62.5,55.8,62.0
6973,47.692172,7.201627,77.88,62.5,55.9,62.0
6974,47.692495,7.202548,77.88,62.5,55.9,62.0
6975,47.692818,7.20347,77.87,62.5,55.9,62.0
6976,47.693142,7.204392,77.87,62.5,56.0,62.0
6977,47.693465,7.205313,77.87,62.5,56.0,62.0
6978,47.693788,7.206235,77.87,62.5,56.1,62.0
6979,47.694112,7.207156,77.87,62.5,56.1,62.0
6980,47.694435,7.208078,77.87,62.5,56.1,62.0
6981,47.694758,7.209,77.87,62.5,56.2,62.0
6982,47.695082,7.209921,77.87,62.5,56.2,62.0
6983,47.695405,7.210843,77.87,62.5,56.2,62.0
6984,47.695728,7.211765,77.87,62.5,56.3,62.0
6985,47.696052,7.212686,77.87,62.5,56.3,62.0
6986,47.696375,7.213608,77.87,62.5,56.4,62.0
6987,47.696698,7.214529,77.87,62.5,56.4,62.0
6988,47.697022,7.215451,77.87,62.5,56.4,61.0
6989,47.697345,7.216373,77.87,62.5,56.5,61.0
6990,47.697668,7.217294,77.87,62.5,56.5,61.0
6991,47.697992,7.218216,77.87,62.5,56.6,61.0
6992,47.698315,7.219138,77.87,62.5,56.6,61.0
6993,47.698638,7.220059,77.87,62.5,56.6,61.0
6994,47.698962,7.220981,77.87,62.5,56.7,61.0
6995,47.699285,7.221902,77.87,62.5,56.7,61.0
6996,47.699608,7.222824,77.87,62.5,56.7,61.0
6997,47.699932,7.223746,77.87,62.5,56.8,61.0
6998,47.700255,7.224667,77.87,62.5,56.8,61.0
6999,47.700578,7.225589,77.87,62.5,56.9,61.0
7000,47.700902,7.226511,77.87,62.5,56.9,61.0
7001,47.701225,7.227432,77.86,62.5,56.9,61.0
7002,47.701548,7.228354,77.86,62.5,57.0,61.0
7003,47.701872,7.229275,77.86,62.5,57.0,61.0
7004,47.702195,7.230197,77.86,62.5,57.1,61.0
7005,47.702518,7.231119,77.86,62.5,57.1,61.0
7006,47.702842,7.23204,77.86,62.5,57.1,61.0
7007,47.703165,7.232962,77.86,62.5,57.2,60.0
7008,47.703488,7.233884,77.86,62.5,57.2,60.0
7009,47.703812,7.234805,77.86,62.5,57.3,60.0
7010,47.704135,7.235727,77.86,62.5,57.3,60.0
7011,47.704458,7.236648,77.86,62.5,57.3,60.0
7012,47.704782,7.23757,77.86,62.5,57.4,60.0
7013,47.705105,7.238492,77.86,62.5,57.4,60.0
7014,47.705428,7.239413,77.86,62.5,57.4,60.0
7015,47.705752,7.240335,77.86,62.5,57.5,60.0
7016,47.706075,7.241256,77.86,62.5,57.5,60.0
7017,47.706398,7.242178,77.86,62.5,57.6,60.0
7018,47.706722,7.2431,77.86,62.5,57.6,60.0
7019,47.707045,7.244021,77.86,62.5,57.6,60.0
7020,47.707368,7.244943,77.86,62.5,57.7,60.0
7021,47.707692,7.245865,77.86,62.5,57.7,60.0
7022,47.708015,7.246786,77.86,62.5,57.8,60.0
7023,47.708338,7.247708,77.86,62.5,57.8,60.0
7024,47.708662,7.248629,77.86,62.5,57.8,60.0
7025,47.708985,7.249551,77.86,62.5,57.9,60.0
7026,47.709308,7.250473,77.86,62.5,57.9,59.0
7027,47.709632,7.251394,77.85,62.5,58.0,59.0
7028,47.709955,7.252316,77.85,62.5,58.0,59.0
7029,47.710278,7.253238,77.85,62.5,58.0,59.0
7030,47.710602,7.254159,77.85,62.5,58.1,59.0
7031,47.710925,7.255081,77.85,62.5,58.1,59.0
7032,47.711248,7.256002,77.85,62.5,58.1,59.0
7033,47.711572,7.256924,77.85,62.5,58.2,59.0
7034,47.711895,7.257846,77.85,62.5,58.2,59.0
7035,47.712219,7.258767,77.85,62.5,58.3,59.0
7036,47.712542,7.259689,77.85,62.5,58.3,59.0
7037,47.712865,7.260611,77.85,62.5,58.3,59.0
7038,47.713189,7.261532,77.85,62.5,58.4,59.0
7039,47.713512,7.262454,77.85,62.5,58.4,59.0
7040,47.713835,7.263375,77.85,62.5,58.5,59.0
7041,47.714159,7.264297,77.85,62.5,58.5,59.0
7042,47.714482,7.265219,77.85,62.5,58.5,59.0
7043,47.714805,7.26614,77.85,62.5,58.6,59.0
7044,47.715129,7.267062,77.85,62.5,58.6,59.0
7045,47.715452,7.267984,77.85,62.5,58.6,58.0
7046,47.715775,7.268905,77.85,62.5,58.7,58.0
7047,47.716099,7.269827,77.85,62.5,58.7,58.0
7048,47.716422,7.270748,77.85,62.5,58.8,58.0
7049,47.716745,7.27167,77.85,62.5,58.8,58.0
7050,47.717069,7.272592,77.85,62.5,58.8,58.0
7051,47.717392,7.273513,77.85,62.5,58.9,58.0
7052,47.717715,7.274435,77.85,62.5,58.9,58.0
7053,47.718039,7.275357,77.85,62.5,59.0,58.0
7054,47.718362,7.276278,77.84,62.5,59.0,58.0
7055,47.718685,7.2772,77.84,62.5,59.0,58.0
7056,47.719009,7.278121,77.84,62.5,59.1,58.0
7057,47.719332,7.279043,77.84,62.5,59.1,58.0
7058,47.719655,7.279965,77.84,62.5,59.2,58.0
7059,47.719979,7.280886,77.84,62.5,59.2,58.0
7060,47.720302,7.281808,77.84,62.5,59.2,58.0
7061,47.720625,7.28273,77.84,62.5,59.3,58.0
7062,47.720949,7.283651,77.84,62.5,59.3,58.0
7063,47.721272,7.284573,77.84,62.5,59.3,57.0
7064,47.721595,7.285494,77.84,62.5,59.4,57.0
7065,47.721919,7.286416,77.84,62.5,59.4,57.0
7066,47.722242,7.287338,77.84,62.5,59.5,57.0
7067,47.722565,7.288259,77.84,62.5,59.5,57.0
7068,47.722889,7.289181,77.84,62.5,59.5,57.0
7069,47.723212,7.290102,77.84,62.5,59.6,57.0
7070,47.723535,7.291024,77.84,62.5,59.6,57.0
7071,47.723859,7.291946,77.84,62.5,59.7,57.0
7072,47.724182,7.292867,77.84,62.5,59.7,57.0
7073,47.724505,7.293789,77.84,62.5,59.7,57.0
7074,47.724829,7.294711,77.84,62.5,59.8,57.0
7075,47.725152,7.295632,77.84,62.5,59.8,57.0
7076,47.725475,7.296554,77.84,62.5,59.9,57.0
7077,47.725799,7.297475,77.84,62.5,59.9,57.0
7078,47.726122,7.298397,77.84,62.5,59.9,57.0
7079,47.726445,7.299319,77.84,62.5,60.0,57.0
7080,47.726769,7.30024,77.83,62.5,60.0,57.0
7081,47.727092,7.301162,77.83,62.5,60.0,57.0
7082,47.727415,7.302084,77.83,62.5,60.1,56.0
7083,47.727739,7.303005,77.83,62.5,60.1,56.0
7084,47.728062,7.303927,77.83,62.5,60.2,56.0
7085,47.728385,7.304848,77.83,62.5,60.2,56.0
7086,47.728709,7.30577,77.83,62.5,60.2,56.0
7087,47.729032,7.306692,77.83,62.5,60.3,56.0
7088,47.729355,7.307613,77.83,62.5,60.3,56.0
7089,47.729679,7.308535,77.83,62.5,60.4,56.0
7090,47.730002,7.309457,77.83,62.5,60.4,56.0
7091,47.730325,7.310378,77.83,62.5,60.4,56.0
7092,47.730649,7.3113,77.83,62.5,60.5,56.0
7093,47.730972,7.312221,77.83,62.5,60.5,56.0
7094,47.731295,7.313143,77.83,62.5,60.6,56.0
7095,47.731619,7.314065,77.83,62.5,60.6,56.0
7096,47.731942,7.314986,77.83,62.5,60.6,56.0
7097,47.732265,7.315908,77.83,62.5,60.7,56.0
7098,47.732589,7.31683,77.83,62.5,60.7,56.0
7099,47.732912,7.317751,77.83,62.5,60.7,56.0
7100,47.733235,7.318673,77.83,62.5,60.8,56.0
7101,47.733559,7.319594,77.83,62.5,60.8,55.0
7102,47.733882,7.320516,77.83,62.5,60.9,55.0
7103,47.734205,7.321438,77.83,62.5,60.9,55.0
7104,47.734529,7.322359,77.83,62.5,60.9,55.0
7105,47.734852,7.323281,77.83,62.5,61.0,55.0
7106,47.735175,7.324203,77.82,62.5,61.0,55.0
7107,47.735499,7.325124,77.82,62.5,61.1,55.0
7108,47.735822,7.326046,77.82,62.5,61.1,55.0
7109,47.736145,7.326967,77.82,62.5,61.1,55.0
7110,47.736469,7.327889,77.82,62.5,61.2,55.0
7111,47.736792,7.328811,77.82,62.5,61.2,55.0
7112,47.737115,7.329732,77.82,62.5,61.3,55.0
7113,47.737439,7.330654,77.82,62.5,61.3,55.0
7114,47.737762,7.331576,77.82,62.5,61.3,55.0
7115,47.738085,7.332497,77.82,62.5,61.4,55.0
7116,47.738409,7.333419,77.82,62.5,61.4,55.0
7117,47.738732,7.33434,77.82,62.5,61.4,55.0
7118,47.739055,7.335262,77.82,62.4,61.5,55.0
7119,47.739379,7.336184,77.82,62.4,61.5,54.0
7120,47.739702,7.337105,77.82,62.4,61.6,54.0
7121,47.740025,7.338027,77.82,62.4,61.6,54.0
7122,47.740349,7.338949,77.82,62.4,61.6,54.0
7123,47.740672,7.33987,77.82,62.4,61.7,54.0
7124,47.740995,7.340792,77.82,62.4,61.7,54.0
7125,47.741319,7.341713,77.82,62.4,61.8,54.0
7126,47.741642,7.342635,77.82,62.4,61.8,54.0
7127,47.741435,7.342043,49.95,242.4,61.8,54.0
7128,47.741111,7.341122,77.82,242.4,61.9,54.0
7129,47.740788,7.3402,77.82,242.4,61.9,54.0
7130,47.740465,7.339279,77.82,242.4,62.0,54.0
7131,47.740141,7.338357,77.82,242.4,62.0,54.0
7132,47.739818,7.337435,77.82,242.4,62.0,54.0
7133,47.739495,7.336514,77.82,242.4,62.1,54.0
7134,47.739171,7.335592,77.82,242.4,62.1,54.0
7135,47.738848,7.33467,77.82,242.4,62.1,54.0
7136,47.738525,7.333749,77.82,242.5,62.2,54.0
7137,47.738201,7.332827,77.82,242.5,62.2,53.0
7138,47.737878,7.331906,77.82,242.5,62.3,53.0
7139,47.737555,7.330984,77.82,242.5,62.3,53.0
7140,47.737231,7.330062,77.82,242.5,62.3,53.0
7141,47.736908,7.329141,77.82,242.5,62.4,53.0
7142,47.736585,7.328219,77.82,242.5,62.4,53.0
7143,47.736261,7.327297,77.82,242.5,62.5,53.0
7144,47.735938,7.326376,77.82,242.5,62.5,53.0
7145,47.735614,7.325454,77.82,242.5,62.5,53.0
7146,47.735291,7.324533,77.82,242.5,62.6,53.0
7147,47.734968,7.323611,77.83,242.5,62.6,53.0
7148,47.734644,7.322689,77.83,242.5,62.7,53.0
7149,47.734321,7.321768,77.83,242.5,62.7,53.0
7150,47.733998,7.320846,77.83,242.5,62.7,53.0
7151,47.733674,7.319924,77.83,242.5,62.8,53.0
7152,47.733351,7.319003,77.83,242.5,62.8,53.0
7153,47.733028,7.318081,77.83,242.5,62.8,53.0
7154,47.732704,7.31716,77.83,242.5,62.9,53.0
7155,47.732381,7.316238,77.83,242.5,62.9,53.0
7156,47.732058,7.315316,77.83,242.5,63.0,52.0
7157,47.731734,7.314395,77.83,242.5,63.0,52.0
7158,47.731411,7.313473,77.83,242.5,63.0,52.0
7159,47.731088,7.312551,77.83,242.5,63.1,52.0
7160,47.730764,7.31163,77.83,242.5,63.1,52.0
7161,47.730441,7.310708,77.83,242.5,63.2,52.0
7162,47.730118,7.309787,77.83,242.5,63.2,52.0
7163,47.729794,7.308865,77.83,242.5,63.2,52.0
7164,47.729471,7.307943,77.83,242.5,63.3,52.0
7165,47.729148,7.307022,77.83,242.5,63.3,52.0
7166,47.728824,7.3061,77.83,242.5,63.3,52.0
7167,47.728501,7.305178,77.83,242.5,63.4,52.0
7168,47.728178,7.304257,77.83,242.5,63.4,52.0
7169,47.727854,7.303335,77.83,242.5,63.5,52.0
7170,47.727531,7.302414,77.83,242.5,63.5,52.0
7171,47.727208,7.301492,77.83,242.5,63.5,52.0
7172,47.726884,7.30057,77.83,242.5,63.6,52.0
7173,47.726561,7.299649,77.84,242.5,63.6,52.0
7174,47.726238,7.298727,77.84,242.5,63.7,51.0
7175,47.725914,7.297805,77.84,242.5,63.7,51.0
7176,47.725591,7.296884,77.84,242.5,63.7,51.0
7177,47.725268,7.295962,77.84,242.5,63.8,51.0
7178,47.724944,7.295041,77.84,242.5,63.8,51.0
7179,47.724621,7.294119,77.84,242.5,63.9,51.0
7180,47.724298,7.293197,77.84,242.5,63.9,51.0
7181,47.723974,7.292276,77.84,242.5,63.9,51.0
7182,47.723651,7.291354,77.84,242.5,64.0,51.0
7183,47.723328,7.290433,77.84,242.5,64.0,51.0
7184,47.723004,7.289511,77.84,242.5,64.0,51.0
7185,47.722681,7.288589,77.84,242.5,64.1,51.0
7186,47.722358,7.287668,77.84,242.5,64.1,51.0
7187,47.722034,7.286746,77.84,242.5,64.2,51.0
7188,47.721711,7.285824,77.84,242.5,64.2,51.0
7189,47.721388,7.284903,77.84,242.5,64.2,51.0
7190,47.721064,7.283981,77.84,242.5,64.3,51.0
7191,47.720741,7.28306,77.84,242.5,64.3,51.0
7192,47.720418,7.282138,77.84,242.5,64.4,50.0
7193,47.720094,7.281216,77.84,242.5,64.4,50.0
7194,47.719771,7.280295,77.84,242.5,64.4,50.0
7195,47.719448,7.279373,77.84,242.5,64.5,50.0
7196,47.719124,7.278451,77.84,242.5,64.5,50.0
7197,47.718801,7.27753,77.84,242.5,64.5,50.0
7198,47.718478,7.276608,77.84,242.5,64.6,50.0
7199,47.718154,7.275687,77.84,242.5,64.6,50.0
7200,47.717831,7.274765,77.85,242.5,64.7,50.0
