timestamp,latitude,longitude,speed,heading,pax_load,delay_s
0,48.8766,2.3591,87.0,0.0,51.1,7.0
1,48.876834,2.360234,87.0,72.6,51.0,7.0
2,48.877068,2.361368,87.0,72.6,51.0,7.0
3,48.877302,2.362501,87.0,72.6,50.9,7.0
4,48.877536,2.363635,87.0,72.6,50.9,7.0
5,48.87777,2.364769,87.0,72.6,50.9,7.0
6,48.878004,2.365903,87.0,72.6,50.8,7.0
7,48.878238,2.367036,87.0,72.6,50.8,7.0
8,48.878473,2.36817,87.0,72.6,50.8,7.0
9,48.878707,2.369304,87.0,72.6,50.7,7.0
10,48.878941,2.370438,87.0,72.6,50.7,6.0
11,48.879175,2.371571,87.0,72.6,50.6,6.0
12,48.879409,2.372705,87.0,72.6,50.6,6.0
13,48.879643,2.373839,87.0,72.6,50.6,6.0
14,48.879877,2.374973,86.99,72.6,50.5,6.0
15,48.880111,2.376106,86.99,72.6,50.5,6.0
16,48.880345,2.37724,86.99,72.6,50.5,6.0
17,48.880579,2.378374,86.99,72.6,50.4,6.0
18,48.880813,2.379508,86.99,72.6,50.4,6.0
19,48.881047,2.380641,86.99,72.6,50.3,6.0
20,48.881281,2.381775,86.99,72.6,50.3,6.0
21,48.881515,2.382909,86.99,72.6,50.3,6.0
22,48.88175,2.384043,86.99,72.6,50.2,6.0
23,48.881984,2.385177,86.99,72.6,50.2,6.0
24,48.882218,2.38631,86.99,72.6,50.2,6.0
25,48.882452,2.387444,86.99,72.6,50.1,6.0
26,48.882686,2.388578,86.99,72.6,50.1,6.0
27,48.88292,2.389712,86.99,72.6,50.0,6.0
28,48.883154,2.390845,86.99,72.6,50.0,5.0
29,48.883388,2.391979,86.99,72.6,50.0,5.0
30,48.883622,2.393113,86.99,72.6,49.9,5.0
31,48.883856,2.394247,86.99,72.6,49.9,5.0
32,48.88409,2.39538,86.99,72.6,49.9,5.0
33,48.884324,2.396514,86.99,72.6,49.8,5.0
34,48.884558,2.397648,86.99,72.6,49.8,5.0
35,48.884792,2.398782,86.99,72.6,49.7,5.0
36,48.885026,2.399915,86.99,72.6,49.7,5.0
37,48.885261,2.401049,86.99,72.6,49.7,5.0
38,48.885495,2.402183,86.99,72.6,49.6,5.0
39,48.885729,2.403317,86.99,72.6,49.6,5.0
40,48.885963,2.40445,86.99,72.6,49.6,5.0
41,48.886197,2.405584,86.98,72.6,49.5,5.0
42,48.886431,2.406718,86.98,72.6,49.5,5.0
43,48.886665,2.407852,86.98,72.6,49.5,5.0
44,48.886899,2.408985,86.98,72.6,49.4,5.0
45,48.887133,2.410119,86.98,72.6,49.4,5.0
46,48.887367,2.411253,86.98,72.6,49.3,5.0
47,48.887601,2.412387,86.98,72.6,49.3,4.0
48,48.887835,2.413521,86.98,72.6,49.3,4.0
49,48.888069,2.414654,86.98,72.6,49.2,4.0
50,48.888303,2.415788,86.98,72.6,49.2,4.0
51,48.888538,2.416922,86.98,72.6,49.2,4.0
52,48.888772,2.418056,86.98,72.6,49.1,4.0
53,48.889006,2.419189,86.98,72.6,49.1,4.0
54,48.88924,2.420323,86.98,72.6,49.0,4.0
55,48.889474,2.421457,86.98,72.6,49.0,4.0
56,48.889708,2.422591,86.98,72.6,49.0,4.0
57,48.889942,2.423724,86.98,72.6,48.9,4.0
58,48.890176,2.424858,86.98,72.6,48.9,4.0
59,48.89041,2.425992,86.98,72.6,48.9,4.0
60,48.890644,2.427126,86.98,72.6,48.8,4.0
61,48.890878,2.428259,86.98,72.6,48.8,4.0
62,48.891112,2.429393,86.98,72.6,48.7,4.0
63,48.891346,2.430527,86.98,72.6,48.7,4.0
64,48.89158,2.431661,86.98,72.6,48.7,4.0
65,48.891814,2.432794,86.98,72.6,48.6,3.0
66,48.892049,2.433928,86.98,72.6,48.6,3.0
67,48.892283,2.435062,86.98,72.6,48.6,3.0
68,48.892517,2.436196,86.97,72.6,48.5,3.0
69,48.892751,2.43733,86.97,72.6,48.5,3.0
70,48.892985,2.438463,86.97,72.6,48.5,3.0
71,48.893219,2.439597,86.97,72.6,48.4,3.0
72,48.893453,2.440731,86.97,72.6,48.4,3.0
73,48.893687,2.441865,86.97,72.6,48.3,3.0
74,48.893921,2.442998,86.97,72.6,48.3,3.0
75,48.894155,2.444132,86.97,72.6,48.3,3.0
76,48.894389,2.445266,86.97,72.6,48.2,3.0
77,48.894623,2.4464,86.97,72.6,48.2,3.0
78,48.894857,2.447533,86.97,72.6,48.2,3.0
79,48.895091,2.448667,86.97,72.6,48.1,3.0
80,48.895326,2.449801,86.97,72.6,48.1,3.0
81,48.89556,2.450935,86.97,72.6,48.1,3.0
82,48.895794,2.452068,86.97,72.6,48.0,3.0
83,48.896028,2.453202,86.97,72.6,48.0,3.0
84,48.896262,2.454336,86.97,72.6,47.9,2.0
85,48.896496,2.45547,86.97,72.6,47.9,2.0
86,48.89673,2.456603,86.97,72.6,47.9,2.0
87,48.896964,2.457737,86.97,72.6,47.8,2.0
88,48.897198,2.458871,86.97,72.6,47.8,2.0
89,48.897432,2.460005,86.97,72.6,47.8,2.0
90,48.897666,2.461139,86.97,72.6,47.7,2.0
91,48.8979,2.462272,86.97,72.6,47.7,2.0
92,48.898134,2.463406,86.97,72.6,47.6,2.0
93,48.898368,2.46454,86.97,72.6,47.6,2.0
94,48.898602,2.465674,86.97,72.6,47.6,2.0
95,48.898837,2.466807,86.96,72.6,47.5,2.0
96,48.899071,2.467941,86.96,72.6,47.5,2.0
97,48.899305,2.469075,86.96,72.6,47.5,2.0
98,48.899539,2.470209,86.96,72.6,47.4,2.0
99,48.899773,2.471342,86.96,72.6,47.4,2.0
100,48.900007,2.472476,86.96,72.6,47.4,2.0
101,48.900241,2.47361,86.96,72.6,47.3,2.0
102,48.900475,2.474744,86.96,72.6,47.3,2.0
103,48.900709,2.475877,86.96,72.6,47.3,1.0
104,48.900943,2.477011,86.96,72.6,47.2,1.0
105,48.901177,2.478145,86.96,72.6,47.2,1.0
106,48.901411,2.479279,86.96,72.6,47.1,1.0
107,48.901645,2.480412,86.96,72.6,47.1,1.0
108,48.901879,2.481546,86.96,72.6,47.1,1.0
109,48.902114,2.48268,86.96,72.6,47.0,1.0
110,48.902348,2.483814,86.96,72.6,47.0,1.0
111,48.902582,2.484947,86.96,72.6,47.0,1.0
112,48.902816,2.486081,86.96,72.6,46.9,1.0
113,48.90305,2.487215,86.96,72.6,46.9,1.0
114,48.903284,2.488349,86.96,72.6,46.9,1.0
115,48.903518,2.489483,86.96,72.6,46.8,1.0
116,48.903752,2.490616,86.96,72.6,46.8,1.0
117,48.903986,2.49175,86.96,72.6,46.7,1.0
118,48.90422,2.492884,86.96,72.6,46.7,1.0
119,48.904454,2.494018,86.96,72.6,46.7,1.0
120,48.904688,2.495151,86.96,72.6,46.6,1.0
121,48.904922,2.496285,86.96,72.6,46.6,0.0
122,48.905156,2.497419,86.95,72.6,46.6,0.0
123,48.90539,2.498553,86.95,72.6,46.5,0.0
124,48.905625,2.499686,86.95,72.6,46.5,0.0
125,48.905859,2.50082,86.95,72.6,46.5,0.0
126,48.906093,2.501954,86.95,72.6,46.4,0.0
127,48.906327,2.503088,86.95,72.6,46.4,0.0
128,48.906561,2.504221,86.95,72.6,46.4,0.0
129,48.906795,2.505355,86.95,72.6,46.3,0.0
130,48.907029,2.506489,86.95,72.6,46.3,0.0
131,48.907263,2.507623,86.95,72.6,46.2,0.0
132,48.907497,2.508756,86.95,72.6,46.2,0.0
133,48.907731,2.50989,86.95,72.6,46.2,0.0
134,48.907965,2.511024,86.95,72.6,46.1,0.0
135,48.908199,2.512158,86.95,72.6,46.1,0.0
136,48.908433,2.513292,86.95,72.6,46.1,0.0
137,48.908667,2.514425,86.95,72.6,46.0,0.0
138,48.908902,2.515559,86.95,72.6,46.0,0.0
139,48.909136,2.516693,86.95,72.6,46.0,0.0
140,48.90937,2.517827,86.95,72.6,45.9,0.0
141,48.909604,2.51896,86.95,72.6,45.9,0.0
142,48.909838,2.520094,86.95,72.6,45.9,0.0
143,48.910072,2.521228,86.95,72.6,45.8,0.0
144,48.910306,2.522362,86.95,72.6,45.8,0.0
145,48.91054,2.523495,86.95,72.6,45.7,0.0
146,48.910774,2.524629,86.95,72.6,45.7,0.0
147,48.911008,2.525763,86.95,72.6,45.7,0.0
148,48.911242,2.526897,86.95,72.6,45.6,0.0
149,48.911476,2.52803,86.94,72.6,45.6,0.0
150,48.91171,2.529164,86.94,72.6,45.6,0.0
151,48.911944,2.530298,86.94,72.6,45.5,0.0
152,48.912178,2.531432,86.94,72.6,45.5,0.0
153,48.912413,2.532565,86.94,72.6,45.5,0.0
154,48.912647,2.533699,86.94,72.6,45.4,0.0
155,48.912881,2.534833,86.94,72.6,45.4,0.0
156,48.913115,2.535967,86.94,72.6,45.4,0.0
157,48.913349,2.537101,86.94,72.6,45.3,0.0
158,48.913583,2.538234,86.94,72.6,45.3,0.0
159,48.913817,2.539368,86.94,72.6,45.2,0.0
160,48.914051,2.540502,86.94,72.6,45.2,0.0
161,48.914285,2.541636,86.94,72.6,45.2,0.0
162,48.914519,2.542769,86.94,72.6,45.1,0.0
163,48.914753,2.543903,86.94,72.6,45.1,0.0
164,48.914987,2.545037,86.94,72.6,45.1,0.0
165,48.915221,2.546171,86.94,72.6,45.0,0.0
166,48.915455,2.547304,86.94,72.6,45.0,0.0
167,48.91569,2.548438,86.94,72.6,45.0,0.0
168,48.915924,2.549572,86.94,72.6,44.9,0.0
169,48.916158,2.550706,86.94,72.6,44.9,0.0
170,48.916392,2.551839,86.94,72.6,44.9,0.0
171,48.916626,2.552973,86.94,72.6,44.8,0.0
172,48.91686,2.554107,86.94,72.6,44.8,0.0
173,48.917094,2.555241,86.94,72.6,44.8,0.0
174,48.917328,2.556374,86.94,72.6,44.7,0.0
175,48.917562,2.557508,86.94,72.6,44.7,0.0
176,48.917796,2.558642,86.93,72.6,44.7,0.0
177,48.91803,2.559776,86.93,72.6,44.6,0.0
178,48.918264,2.560909,86.93,72.6,44.6,0.0
179,48.918498,2.562043,86.93,72.6,44.5,0.0
180,48.918732,2.563177,86.93,72.6,44.5,0.0
181,48.918966,2.564311,86.93,72.6,44.5,0.0
182,48.919201,2.565445,86.93,72.6,44.4,0.0
183,48.919435,2.566578,86.93,72.6,44.4,0.0
184,48.919669,2.567712,86.93,72.6,44.4,0.0
185,48.919903,2.568846,86.93,72.6,44.3,0.0
186,48.920137,2.56998,86.93,72.6,44.3,0.0
187,48.920371,2.571113,86.93,72.6,44.3,0.0
188,48.920605,2.572247,86.93,72.6,44.2,0.0
189,48.920839,2.573381,86.93,72.6,44.2,0.0
190,48.921073,2.574515,86.93,72.6,44.2,0.0
191,48.921307,2.575648,86.93,72.6,44.1,0.0
192,48.921541,2.576782,86.93,72.6,44.1,0.0
193,48.921775,2.577916,86.93,72.6,44.1,0.0
194,48.922009,2.57905,86.93,72.6,44.0,0.0
195,48.922243,2.580183,86.93,72.6,44.0,0.0
196,48.922478,2.581317,86.93,72.6,44.0,0.0
197,48.922712,2.582451,86.93,72.6,43.9,0.0
198,48.922946,2.583585,86.93,72.6,43.9,0.0
199,48.92318,2.584718,86.93,72.6,43.9,0.0
200,48.923414,2.585852,86.93,72.6,43.8,0.0
201,48.923648,2.586986,86.93,72.6,43.8,0.0
202,48.923882,2.58812,86.93,72.6,43.7,0.0
203,48.924116,2.589254,86.92,72.6,43.7,0.0
204,48.92435,2.590387,86.92,72.6,43.7,0.0
205,48.924584,2.591521,86.92,72.6,43.6,0.0
206,48.924818,2.592655,86.92,72.6,43.6,0.0
207,48.925052,2.593789,86.92,72.6,43.6,0.0
208,48.925286,2.594922,86.92,72.6,43.5,0.0
209,48.92552,2.596056,86.92,72.6,43.5,0.0
210,48.925754,2.59719,86.92,72.6,43.5,0.0
211,48.925989,2.598324,86.92,72.6,43.4,0.0
212,48.926223,2.599457,86.92,72.6,43.4,0.0
213,48.926457,2.600591,86.92,72.6,43.4,0.0
214,48.926691,2.601725,86.92,72.6,43.3,0.0
215,48.926925,2.602859,86.92,72.6,43.3,0.0
216,48.927159,2.603992,86.92,72.6,43.3,0.0
217,48.927393,2.605126,86.92,72.6,43.2,0.0
218,48.927627,2.60626,86.92,72.6,43.2,0.0
219,48.927861,2.607394,86.92,72.6,43.2,0.0
220,48.928095,2.608527,86.92,72.6,43.1,0.0
221,48.928329,2.609661,86.92,72.6,43.1,0.0
222,48.928563,2.610795,86.92,72.6,43.1,0.0
223,48.928797,2.611929,86.92,72.6,43.0,0.0
224,48.929031,2.613062,86.92,72.6,43.0,0.0
225,48.929266,2.614196,86.92,72.6,43.0,0.0
226,48.9295,2.61533,86.92,72.6,42.9,0.0
227,48.929734,2.616464,86.92,72.6,42.9,0.0
228,48.929968,2.617598,86.92,72.6,42.9,0.0
229,48.930202,2.618731,86.92,72.6,42.8,0.0
230,48.930436,2.619865,86.91,72.6,42.8,0.0
231,48.93067,2.620999,86.91,72.6,42.8,0.0
232,48.930904,2.622133,86.91,72.6,42.7,0.0
233,48.931138,2.623266,86.91,72.6,42.7,0.0
234,48.931372,2.6244,86.91,72.6,42.7,0.0
235,48.931606,2.625534,86.91,72.6,42.6,0.0
236,48.93184,2.626668,86.91,72.6,42.6,0.0
237,48.932074,2.627801,86.91,72.6,42.6,0.0
238,48.932308,2.628935,86.91,72.6,42.5,0.0
239,48.932543,2.630069,86.91,72.6,42.5,0.0
240,48.932777,2.631203,86.91,72.6,42.5,0.0
241,48.933011,2.632336,86.91,72.6,42.4,0.0
242,48.933245,2.63347,86.91,72.6,42.4,0.0
243,48.933479,2.634604,86.91,72.6,42.4,0.0
244,48.933713,2.635738,86.91,72.6,42.3,0.0
245,48.933947,2.636871,86.91,72.6,42.3,0.0
246,48.934181,2.638005,86.91,72.6,42.3,0.0
247,48.934415,2.639139,86.91,72.6,42.2,0.0
248,48.934649,2.640273,86.91,72.6,42.2,0.0
249,48.934883,2.641407,86.91,72.6,42.2,0.0
250,48.935117,2.64254,86.91,72.6,42.1,0.0
251,48.935351,2.643674,86.91,72.6,42.1,0.0
252,48.935585,2.644808,86.91,72.6,42.1,0.0
253,48.935819,2.645942,86.91,72.6,42.0,0.0
254,48.936054,2.647075,86.91,72.6,42.0,0.0
255,48.936288,2.648209,86.91,72.6,42.0,0.0
256,48.936522,2.649343,86.91,72.6,41.9,0.0
257,48.936756,2.650477,86.9,72.6,41.9,0.0
258,48.93699,2.65161,86.9,72.6,41.9,0.0
259,48.937224,2.652744,86.9,72.6,41.8,0.0
260,48.937458,2.653878,86.9,72.6,41.8,0.0
261,48.937692,2.655012,86.9,72.6,41.8,0.0
262,48.937926,2.656145,86.9,72.6,41.7,0.0
263,48.93816,2.657279,86.9,72.6,41.7,0.0
264,48.938394,2.658413,86.9,72.6,41.7,0.0
265,48.938628,2.659547,86.9,72.6,41.6,0.0
266,48.938862,2.66068,86.9,72.6,41.6,0.0
267,48.939096,2.661814,86.9,72.6,41.6,0.0
268,48.939331,2.662948,86.9,72.6,41.5,0.0
269,48.939565,2.664082,86.9,72.6,41.5,0.0
270,48.939799,2.665216,86.9,72.6,41.5,0.0
271,48.940033,2.666349,86.9,72.6,41.4,0.0
272,48.940267,2.667483,86.9,72.6,41.4,0.0
273,48.940501,2.668617,86.9,72.6,41.4,0.0
274,48.940735,2.669751,86.9,72.6,41.3,0.0
275,48.940969,2.670884,86.9,72.6,41.3,0.0
276,48.941203,2.672018,86.9,72.6,41.3,0.0
277,48.941437,2.673152,86.9,72.6,41.2,0.0
278,48.941671,2.674286,86.9,72.6,41.2,0.0
279,48.941905,2.675419,86.9,72.6,41.2,0.0
280,48.942139,2.676553,86.9,72.6,41.1,0.0
281,48.942373,2.677687,86.9,72.6,41.1,0.0
282,48.942607,2.678821,86.9,72.6,41.1,0.0
283,48.942842,2.679954,86.9,72.6,41.0,0.0
284,48.943076,2.681088,86.89,72.6,41.0,0.0
285,48.94331,2.682222,86.89,72.6,41.0,0.0
286,48.943544,2.683356,86.89,72.6,40.9,0.0
287,48.943778,2.684489,86.89,72.6,40.9,0.0
288,48.944012,2.685623,86.89,72.6,40.9,0.0
289,48.944246,2.686757,86.89,72.6,40.8,0.0
290,48.94448,2.687891,86.89,72.6,40.8,0.0
291,48.944714,2.689024,86.89,72.6,40.8,0.0
292,48.944948,2.690158,86.89,72.5,40.7,0.0
293,48.945182,2.691292,86.89,72.5,40.7,0.0
294,48.945416,2.692426,86.89,72.5,40.7,0.0
295,48.94565,2.69356,86.89,72.5,40.6,0.0
296,48.945884,2.694693,86.89,72.5,40.6,0.0
297,48.946119,2.695827,86.89,72.5,40.6,0.0
298,48.946353,2.696961,86.89,72.5,40.5,0.0
299,48.946587,2.698095,86.89,72.5,40.5,0.0
300,48.946821,2.699228,86.89,72.5,40.5,0.0
301,48.947055,2.700362,86.89,72.5,40.4,0.0
302,48.947289,2.701496,86.89,72.5,40.4,0.0
303,48.947523,2.70263,86.89,72.5,40.4,0.0
304,48.947757,2.703763,86.89,72.5,40.3,0.0
305,48.947991,2.704897,86.89,72.5,40.3,0.0
306,48.948225,2.706031,86.89,72.5,40.3,0.0
307,48.948459,2.707165,86.89,72.5,40.3,0.0
308,48.948693,2.708298,86.89,72.5,40.2,0.0
309,48.948927,2.709432,86.89,72.5,40.2,0.0
310,48.949161,2.710566,86.89,72.5,40.2,0.0
311,48.949395,2.7117,86.88,72.5,40.1,0.0
312,48.94963,2.712833,86.88,72.5,40.1,0.0
313,48.949864,2.713967,86.88,72.5,40.1,0.0
314,48.950098,2.715101,86.88,72.5,40.0,0.0
315,48.950332,2.716235,86.88,72.5,40.0,0.0
316,48.950566,2.717369,86.88,72.5,40.0,0.0
317,48.9508,2.718502,86.88,72.5,39.9,0.0
318,48.951034,2.719636,86.88,72.5,39.9,0.0
319,48.951268,2.72077,86.88,72.5,39.9,0.0
320,48.951502,2.721904,86.88,72.5,39.8,0.0
321,48.951736,2.723037,86.88,72.5,39.8,0.0
322,48.95197,2.724171,86.88,72.5,39.8,0.0
323,48.952204,2.725305,86.88,72.5,39.7,0.0
324,48.952438,2.726439,86.88,72.5,39.7,0.0
325,48.952672,2.727572,86.88,72.5,39.7,0.0
326,48.952907,2.728706,86.88,72.5,39.6,0.0
327,48.953141,2.72984,86.88,72.5,39.6,0.0
328,48.953375,2.730974,86.88,72.5,39.6,0.0
329,48.953609,2.732107,86.88,72.5,39.6,0.0
330,48.953843,2.733241,86.88,72.5,39.5,0.0
331,48.954077,2.734375,86.88,72.5,39.5,0.0
332,48.954311,2.735509,86.88,72.5,39.5,0.0
333,48.954545,2.736642,86.88,72.5,39.4,0.0
334,48.954779,2.737776,86.88,72.5,39.4,0.0
335,48.955013,2.73891,86.88,72.5,39.4,0.0
336,48.955247,2.740044,86.88,72.5,39.3,0.0
337,48.955481,2.741178,86.88,72.5,39.3,0.0
338,48.955715,2.742311,86.87,72.5,39.3,0.0
339,48.955949,2.743445,86.87,72.5,39.2,0.0
340,48.956183,2.744579,86.87,72.5,39.2,0.0
341,48.956418,2.745713,86.87,72.5,39.2,0.0
342,48.956652,2.746846,86.87,72.5,39.1,0.0
343,48.956886,2.74798,86.87,72.5,39.1,0.0
344,48.95712,2.749114,86.87,72.5,39.1,0.0
345,48.957354,2.750248,86.87,72.5,39.0,0.0
346,48.957588,2.751381,86.87,72.5,39.0,0.0
347,48.957822,2.752515,86.87,72.5,39.0,0.0
348,48.958056,2.753649,86.87,72.5,39.0,0.0
349,48.95829,2.754783,86.87,72.5,38.9,0.0
350,48.958524,2.755916,86.87,72.5,38.9,0.0
351,48.958758,2.75705,86.87,72.5,38.9,0.0
352,48.958992,2.758184,86.87,72.5,38.8,0.0
353,48.959226,2.759318,86.87,72.5,38.8,0.0
354,48.95946,2.760451,86.87,72.5,38.8,0.0
355,48.959695,2.761585,86.87,72.5,38.7,0.0
356,48.959929,2.762719,86.87,72.5,38.7,0.0
357,48.960163,2.763853,86.87,72.5,38.7,0.0
358,48.960397,2.764986,86.87,72.5,38.6,0.0
359,48.960631,2.76612,86.87,72.5,38.6,0.0
360,48.960865,2.767254,86.87,72.5,38.6,0.0
361,48.961099,2.768388,86.87,72.5,38.6,0.0
362,48.961333,2.769522,86.87,72.5,38.5,0.0
363,48.961567,2.770655,86.87,72.5,38.5,0.0
364,48.961801,2.771789,86.87,72.5,38.5,0.0
365,48.962035,2.772923,86.86,72.5,38.4,0.0
366,48.962269,2.774057,86.86,72.5,38.4,0.0
367,48.962503,2.77519,86.86,72.5,38.4,0.0
368,48.962737,2.776324,86.86,72.5,38.3,0.0
369,48.962971,2.777458,86.86,72.5,38.3,0.0
370,48.963206,2.778592,86.86,72.5,38.3,0.0
371,48.96344,2.779725,86.86,72.5,38.2,0.0
372,48.963674,2.780859,86.86,72.5,38.2,0.0
373,48.963908,2.781993,86.86,72.5,38.2,0.0
374,48.964142,2.783127,86.86,72.5,38.2,0.0
375,48.964376,2.78426,86.86,72.5,38.1,0.0
376,48.96461,2.785394,86.86,72.5,38.1,0.0
377,48.964844,2.786528,86.86,72.5,38.1,0.0
378,48.965078,2.787662,86.86,72.5,38.0,0.0
379,48.965312,2.788795,86.86,72.5,38.0,0.0
380,48.965546,2.789929,86.86,72.5,38.0,0.0
381,48.96578,2.791063,86.86,72.5,37.9,0.0
382,48.966014,2.792197,86.86,72.5,37.9,0.0
383,48.966248,2.793331,86.86,72.5,37.9,0.0
384,48.966483,2.794464,86.86,72.5,37.9,0.0
385,48.966717,2.795598,86.86,72.5,37.8,0.0
386,48.966951,2.796732,86.86,72.5,37.8,0.0
387,48.967185,2.797866,86.86,72.5,37.8,0.0
388,48.967419,2.798999,86.86,72.5,37.7,0.0
389,48.967653,2.800133,86.86,72.5,37.7,0.0
390,48.967887,2.801267,86.86,72.5,37.7,0.0
391,48.968121,2.802401,86.86,72.5,37.6,0.0
392,48.968355,2.803534,86.85,72.5,37.6,0.0
393,48.968589,2.804668,86.85,72.5,37.6,0.0
394,48.968823,2.805802,86.85,72.5,37.6,0.0
395,48.969057,2.806936,86.85,72.5,37.5,0.0
396,48.969291,2.808069,86.85,72.5,37.5,0.0
397,48.969525,2.809203,86.85,72.5,37.5,0.0
398,48.969759,2.810337,86.85,72.5,37.4,0.0
399,48.969994,2.811471,86.85,72.5,37.4,0.0
400,48.970228,2.812604,86.85,72.5,37.4,0.0
401,48.970462,2.813738,86.85,72.5,37.3,0.0
402,48.970696,2.814872,86.85,72.5,37.3,0.0
403,48.97093,2.816006,86.85,72.5,37.3,0.0
404,48.971164,2.81714,86.85,72.5,37.3,0.0
405,48.971398,2.818273,86.85,72.5,37.2,0.0
406,48.971632,2.819407,86.85,72.5,37.2,0.0
407,48.971866,2.820541,86.85,72.5,37.2,0.0
408,48.9721,2.821675,86.85,72.5,37.1,0.0
409,48.972334,2.822808,86.85,72.5,37.1,0.0
410,48.972568,2.823942,86.85,72.5,37.1,0.0
411,48.972802,2.825076,86.85,72.5,37.1,0.0
412,48.973036,2.82621,86.85,72.5,37.0,0.0
413,48.973271,2.827343,86.85,72.5,37.0,0.0
414,48.973505,2.828477,86.85,72.5,37.0,0.0
415,48.973739,2.829611,86.85,72.5,36.9,0.0
416,48.973973,2.830745,86.85,72.5,36.9,0.0
417,48.974207,2.831878,86.85,72.5,36.9,0.0
418,48.974441,2.833012,86.84,72.5,36.8,0.0
419,48.974675,2.834146,86.84,72.5,36.8,0.0
420,48.974909,2.83528,86.84,72.5,36.8,0.0
421,48.975143,2.836413,86.84,72.5,36.8,0.0
422,48.975377,2.837547,86.84,72.5,36.7,0.0
423,48.975611,2.838681,86.84,72.5,36.7,0.0
424,48.975845,2.839815,86.84,72.5,36.7,0.0
425,48.976079,2.840948,86.84,72.5,36.6,0.0
426,48.976313,2.842082,86.84,72.5,36.6,0.0
427,48.976547,2.843216,86.84,72.5,36.6,0.0
428,48.976782,2.84435,86.84,72.5,36.6,0.0
429,48.977016,2.845484,86.84,72.5,36.5,0.0
430,48.97725,2.846617,86.84,72.5,36.5,0.0
431,48.977484,2.847751,86.84,72.5,36.5,0.0
432,48.977718,2.848885,86.84,72.5,36.4,0.0
433,48.977952,2.850019,86.84,72.5,36.4,0.0
434,48.978186,2.851152,86.84,72.5,36.4,0.0
435,48.97842,2.852286,86.84,72.5,36.4,0.0
436,48.978654,2.85342,86.84,72.5,36.3,0.0
437,48.978888,2.854554,86.84,72.5,36.3,0.0
438,48.979122,2.855687,86.84,72.5,36.3,0.0
439,48.979356,2.856821,86.84,72.5,36.2,0.0
440,48.97959,2.857955,86.84,72.5,36.2,0.0
441,48.979824,2.859089,86.84,72.5,36.2,0.0
442,48.980059,2.860222,86.84,72.5,36.2,0.0
443,48.980293,2.861356,86.84,72.5,36.1,0.0
444,48.980527,2.86249,86.84,72.5,36.1,0.0
445,48.980761,2.863624,86.83,72.5,36.1,0.0
446,48.980995,2.864757,86.83,72.5,36.0,0.0
447,48.981229,2.865891,86.83,72.5,36.0,0.0
448,48.981463,2.867025,86.83,72.5,36.0,0.0
449,48.981697,2.868159,86.83,72.5,36.0,0.0
450,48.981931,2.869293,86.83,72.5,35.9,0.0
451,48.982165,2.870426,86.83,72.5,35.9,0.0
452,48.982399,2.87156,86.83,72.5,35.9,0.0
453,48.982633,2.872694,86.83,72.5,35.8,0.0
454,48.982867,2.873828,86.83,72.5,35.8,0.0
455,48.983101,2.874961,86.83,72.5,35.8,0.0
456,48.983335,2.876095,86.83,72.5,35.8,0.0
457,48.98357,2.877229,86.83,72.5,35.7,0.0
458,48.983804,2.878363,86.83,72.5,35.7,0.0
459,48.984038,2.879496,86.83,72.5,35.7,0.0
460,48.984272,2.88063,86.83,72.5,35.6,0.0
461,48.984506,2.881764,86.83,72.5,35.6,0.0
462,48.98474,2.882898,86.83,72.5,35.6,0.0
463,48.984974,2.884031,86.83,72.5,35.6,0.0
464,48.985208,2.885165,86.83,72.5,35.5,0.0
465,48.985442,2.886299,86.83,72.5,35.5,0.0
466,48.985676,2.887433,86.83,72.5,35.5,0.0
467,48.98591,2.888566,86.83,72.5,35.5,0.0
468,48.986144,2.8897,86.83,72.5,35.4,0.0
469,48.986378,2.890834,86.83,72.5,35.4,0.0
470,48.986612,2.891968,86.83,72.5,35.4,0.0
471,48.986847,2.893102,86.83,72.5,35.3,0.0
472,48.987081,2.894235,86.82,72.5,35.3,0.0
473,48.987315,2.895369,86.82,72.5,35.3,0.0
474,48.987549,2.896503,86.82,72.5,35.3,0.0
475,48.987783,2.897637,86.82,72.5,35.2,0.0
476,48.988017,2.89877,86.82,72.5,35.2,0.0
477,48.988251,2.899904,86.82,72.5,35.2,0.0
478,48.988485,2.901038,86.82,72.5,35.1,0.0
479,48.988719,2.902172,86.82,72.5,35.1,0.0
480,48.988953,2.903305,86.82,72.5,35.1,0.0
481,48.989187,2.904439,86.82,72.5,35.1,0.0
482,48.989421,2.905573,86.82,72.5,35.0,0.0
483,48.989655,2.906707,86.82,72.5,35.0,0.0
484,48.989889,2.90784,86.82,72.5,35.0,0.0
485,48.990123,2.908974,86.82,72.5,35.0,0.0
486,48.990358,2.910108,86.82,72.5,34.9,0.0
487,48.990592,2.911242,86.82,72.5,34.9,0.0
488,48.990826,2.912375,86.82,72.5,34.9,0.0
489,48.99106,2.913509,86.82,72.5,34.9,0.0
490,48.991294,2.914643,86.82,72.5,34.8,0.0
491,48.991528,2.915777,86.82,72.5,34.8,0.0
492,48.991762,2.91691,86.82,72.5,34.8,0.0
493,48.991996,2.918044,86.82,72.5,34.7,0.0
494,48.99223,2.919178,86.82,72.5,34.7,0.0
495,48.992464,2.920312,86.82,72.5,34.7,0.0
496,48.992698,2.921446,86.82,72.5,34.7,0.0
497,48.992932,2.922579,86.82,72.5,34.6,0.0
498,48.993166,2.923713,86.82,72.5,34.6,0.0
499,48.9934,2.924847,86.81,72.5,34.6,0.0
500,48.993635,2.925981,86.81,72.5,34.6,0.0
501,48.993869,2.927114,86.81,72.5,34.5,0.0
502,48.994103,2.928248,86.81,72.5,34.5,0.0
503,48.994337,2.929382,86.81,72.5,34.5,0.0
504,48.994571,2.930516,86.81,72.5,34.4,0.0
505,48.994805,2.931649,86.81,72.5,34.4,0.0
506,48.995039,2.932783,86.81,72.5,34.4,0.0
507,48.995273,2.933917,86.81,72.5,34.4,0.0
508,48.995507,2.935051,86.81,72.5,34.3,0.0
509,48.995741,2.936184,86.81,72.5,34.3,0.0
510,48.995975,2.937318,86.81,72.5,34.3,0.0
511,48.996209,2.938452,86.81,72.5,34.3,0.0
512,48.996443,2.939586,86.81,72.5,34.2,0.0
513,48.996677,2.940719,86.81,72.5,34.2,0.0
514,48.996911,2.941853,86.81,72.5,34.2,0.0
515,48.997146,2.942987,86.81,72.5,34.2,0.0
516,48.99738,2.944121,86.81,72.5,34.1,0.0
517,48.997614,2.945255,86.81,72.5,34.1,0.0
518,48.997848,2.946388,86.81,72.5,34.1,0.0
519,48.998082,2.947522,86.81,72.5,34.1,0.0
520,48.998316,2.948656,86.81,72.5,34.0,0.0
521,48.99855,2.94979,86.81,72.5,34.0,0.0
522,48.998784,2.950923,86.81,72.5,34.0,0.0
523,48.999018,2.952057,86.81,72.5,33.9,0.0
524,48.999252,2.953191,86.81,72.5,33.9,0.0
525,48.999486,2.954325,86.81,72.5,33.9,0.0
526,48.99972,2.955458,86.8,72.5,33.9,0.0
527,48.999954,2.956592,86.8,72.5,33.8,0.0
528,49.000188,2.957726,86.8,72.5,33.8,0.0
529,49.000423,2.95886,86.8,72.5,33.8,0.0
530,49.000657,2.959993,86.8,72.5,33.8,0.0
531,49.000891,2.961127,86.8,72.5,33.7,0.0
532,49.001125,2.962261,86.8,72.5,33.7,0.0
533,49.001359,2.963395,86.8,72.5,33.7,0.0
534,49.001593,2.964528,86.8,72.5,33.7,0.0
535,49.001827,2.965662,86.8,72.5,33.6,0.0
536,49.002061,2.966796,86.8,72.5,33.6,0.0
537,49.002295,2.96793,86.8,72.5,33.6,0.0
538,49.002529,2.969064,86.8,72.5,33.6,0.0
539,49.002763,2.970197,86.8,72.5,33.5,0.0
540,49.002997,2.971331,86.8,72.5,33.5,0.0
541,49.003231,2.972465,86.8,72.5,33.5,0.0
542,49.003465,2.973599,86.8,72.5,33.5,0.0
543,49.003699,2.974732,86.8,72.5,33.4,0.0
544,49.003934,2.975866,86.8,72.5,33.4,0.0
545,49.004168,2.977,86.8,72.5,33.4,0.0
546,49.004402,2.978134,86.8,72.5,33.4,0.0
547,49.004636,2.979267,86.8,72.5,33.3,0.0
548,49.00487,2.980401,86.8,72.5,33.3,0.0
549,49.005104,2.981535,86.8,72.5,33.3,0.0
550,49.005338,2.982669,86.8,72.5,33.3,0.0
551,49.005572,2.983802,86.8,72.5,33.2,0.0
552,49.005806,2.984936,86.8,72.5,33.2,0.0
553,49.00604,2.98607,86.79,72.5,33.2,0.0
554,49.006274,2.987204,86.79,72.5,33.2,0.0
555,49.006508,2.988337,86.79,72.5,33.1,0.0
556,49.006742,2.989471,86.79,72.5,33.1,0.0
557,49.006976,2.990605,86.79,72.5,33.1,0.0
558,49.007211,2.991739,86.79,72.5,33.1,0.0
559,49.007445,2.992872,86.79,72.5,33.0,0.0
560,49.007679,2.994006,86.79,72.5,33.0,0.0
561,49.007913,2.99514,86.79,72.5,33.0,0.0
562,49.008147,2.996274,86.79,72.5,33.0,0.0
563,49.008381,2.997408,86.79,72.5,32.9,0.0
564,49.008615,2.998541,86.79,72.5,32.9,0.0
565,49.008849,2.999675,86.79,72.5,32.9,0.0
566,49.009083,3.000809,86.79,72.5,32.9,0.0
567,49.009317,3.001943,86.79,72.5,32.8,0.0
568,49.009551,3.003076,86.79,72.5,32.8,0.0
569,49.009785,3.00421,86.79,72.5,32.8,0.0
570,49.010019,3.005344,86.79,72.5,32.8,0.0
571,49.010253,3.006478,86.79,72.5,32.7,0.0
572,49.010487,3.007611,86.79,72.5,32.7,0.0
573,49.010722,3.008745,86.79,72.5,32.7,0.0
574,49.010956,3.009879,86.79,72.5,32.7,0.0
575,49.01119,3.011013,86.79,72.5,32.6,0.0
576,49.011424,3.012146,86.79,72.5,32.6,0.0
577,49.011658,3.01328,86.79,72.5,32.6,0.0
578,49.011892,3.014414,86.79,72.5,32.6,0.0
579,49.012126,3.015548,86.79,72.5,32.5,0.0
580,49.01236,3.016681,86.78,72.5,32.5,0.0
581,49.012594,3.017815,86.78,72.5,32.5,0.0
582,49.012828,3.018949,86.78,72.5,32.5,0.0
583,49.013062,3.020083,86.78,72.5,32.4,0.0
584,49.013296,3.021217,86.78,72.5,32.4,0.0
585,49.01353,3.02235,86.78,72.5,32.4,0.0
586,49.013764,3.023484,86.78,72.5,32.4,0.0
587,49.013999,3.024618,86.78,72.5,32.4,0.0
588,49.014233,3.025752,86.78,72.5,32.3,0.0
589,49.014467,3.026885,86.78,72.5,32.3,0.0
590,49.014701,3.028019,86.78,72.5,32.3,0.0
591,49.014935,3.029153,86.78,72.5,32.3,0.0
592,49.015169,3.030287,86.78,72.5,32.2,0.0
593,49.015403,3.03142,86.78,72.5,32.2,0.0
594,49.015637,3.032554,86.78,72.5,32.2,0.0
595,49.015871,3.033688,86.78,72.5,32.2,0.0
596,49.016105,3.034822,86.78,72.5,32.1,0.0
597,49.016339,3.035955,86.78,72.5,32.1,0.0
598,49.016573,3.037089,86.78,72.5,32.1,0.0
599,49.016807,3.038223,86.78,72.5,32.1,0.0
600,49.017041,3.039357,86.78,72.5,32.0,0.0
601,49.017275,3.04049,86.78,72.5,32.0,0.0
602,49.01751,3.041624,86.78,72.5,32.0,0.0
603,49.017744,3.042758,86.78,72.5,32.0,0.0
604,49.017978,3.043892,86.78,72.5,32.0,0.0
605,49.018212,3.045025,86.78,72.5,31.9,0.0
606,49.018446,3.046159,86.78,72.5,31.9,0.0
607,49.01868,3.047293,86.77,72.5,31.9,0.0
608,49.018914,3.048427,86.77,72.5,31.9,0.0
609,49.019148,3.049561,86.77,72.5,31.8,0.0
610,49.019382,3.050694,86.77,72.5,31.8,0.0
611,49.019616,3.051828,86.77,72.5,31.8,0.0
612,49.01985,3.052962,86.77,72.5,31.8,0.0
613,49.020084,3.054096,86.77,72.5,31.7,0.0
614,49.020318,3.055229,86.77,72.5,31.7,0.0
615,49.020552,3.056363,86.77,72.5,31.7,0.0
616,49.020787,3.057497,86.77,72.5,31.7,0.0
617,49.021021,3.058631,86.77,72.5,31.7,0.0
618,49.021255,3.059764,86.77,72.5,31.6,0.0
619,49.021489,3.060898,86.77,72.5,31.6,0.0
620,49.021723,3.062032,86.77,72.5,31.6,0.0
621,49.021957,3.063166,86.77,72.5,31.6,0.0
622,49.022191,3.064299,86.77,72.5,31.5,0.0
623,49.022425,3.065433,86.77,72.5,31.5,0.0
624,49.022659,3.066567,86.77,72.5,31.5,0.0
625,49.022893,3.067701,86.77,72.5,31.5,0.0
626,49.023127,3.068834,86.77,72.5,31.5,0.0
627,49.023361,3.069968,86.77,72.5,31.4,0.0
628,49.023595,3.071102,86.77,72.5,31.4,0.0
629,49.023829,3.072236,86.77,72.5,31.4,0.0
630,49.024063,3.07337,86.77,72.5,31.4,0.0
631,49.024298,3.074503,86.77,72.5,31.3,0.0
632,49.024532,3.075637,86.77,72.5,31.3,0.0
633,49.024766,3.076771,86.77,72.5,31.3,0.0
634,49.025,3.077905,86.76,72.5,31.3,0.0
635,49.025234,3.079038,86.76,72.5,31.2,0.0
636,49.025468,3.080172,86.76,72.5,31.2,0.0
637,49.025702,3.081306,86.76,72.5,31.2,0.0
638,49.025936,3.08244,86.76,72.5,31.2,0.0
639,49.02617,3.083573,86.76,72.5,31.2,0.0
640,49.026404,3.084707,86.76,72.5,31.1,0.0
641,49.026638,3.085841,86.76,72.5,31.1,0.0
642,49.026872,3.086975,86.76,72.5,31.1,0.0
643,49.027106,3.088108,86.76,72.5,31.1,0.0
644,49.02734,3.089242,86.76,72.5,31.1,0.0
645,49.027575,3.090376,86.76,72.5,31.0,0.0
646,49.027809,3.09151,86.76,72.5,31.0,0.0
647,49.028043,3.092643,86.76,72.5,31.0,0.0
648,49.028277,3.093777,86.76,72.5,31.0,0.0
649,49.028511,3.094911,86.76,72.5,30.9,0.0
650,49.028745,3.096045,86.76,72.5,30.9,0.0
651,49.028979,3.097179,86.76,72.5,30.9,0.0
652,49.029213,3.098312,86.76,72.5,30.9,0.0
653,49.029447,3.099446,86.76,72.5,30.9,0.0
654,49.029681,3.10058,86.76,72.5,30.8,0.0
655,49.029915,3.101714,86.76,72.5,30.8,0.0
656,49.030149,3.102847,86.76,72.5,30.8,0.0
657,49.030383,3.103981,86.76,72.5,30.8,0.0
658,49.030617,3.105115,86.76,72.5,30.7,0.0
659,49.030852,3.106249,86.76,72.5,30.7,0.0
660,49.031086,3.107382,86.76,72.5,30.7,0.0
661,49.03132,3.108516,86.75,72.5,30.7,0.0
662,49.031554,3.10965,86.75,72.5,30.7,0.0
663,49.031788,3.110784,86.75,72.5,30.6,0.0
664,49.032022,3.111917,86.75,72.5,30.6,0.0
665,49.032256,3.113051,86.75,72.5,30.6,0.0
666,49.03249,3.114185,86.75,72.5,30.6,0.0
667,49.032724,3.115319,86.75,72.5,30.6,0.0
668,49.032958,3.116452,86.75,72.5,30.5,0.0
669,49.033192,3.117586,86.75,72.5,30.5,0.0
670,49.033426,3.11872,86.75,72.5,30.5,0.0
671,49.03366,3.119854,86.75,72.5,30.5,0.0
672,49.033894,3.120987,86.75,72.5,30.5,0.0
673,49.034128,3.122121,86.75,72.5,30.4,0.0
674,49.034363,3.123255,86.75,72.5,30.4,0.0
675,49.034597,3.124389,86.75,72.5,30.4,0.0
676,49.034831,3.125523,86.75,72.5,30.4,0.0
677,49.035065,3.126656,86.75,72.5,30.3,0.0
678,49.035299,3.12779,86.75,72.5,30.3,0.0
679,49.035533,3.128924,86.75,72.5,30.3,0.0
680,49.035767,3.130058,86.75,72.5,30.3,0.0
681,49.036001,3.131191,86.75,72.5,30.3,0.0
682,49.036235,3.132325,86.75,72.5,30.2,0.0
683,49.036469,3.133459,86.75,72.5,30.2,0.0
684,49.036703,3.134593,86.75,72.5,30.2,0.0
685,49.036937,3.135726,86.75,72.5,30.2,0.0
686,49.037171,3.13686,86.75,72.5,30.2,0.0
687,49.037405,3.137994,86.75,72.5,30.1,0.0
688,49.03764,3.139128,86.74,72.5,30.1,0.0
689,49.037874,3.140261,86.74,72.5,30.1,0.0
690,49.038108,3.141395,86.74,72.5,30.1,0.0
691,49.038342,3.142529,86.74,72.5,30.1,0.0
692,49.038576,3.143663,86.74,72.5,30.0,0.0
693,49.03881,3.144796,86.74,72.5,30.0,0.0
694,49.039044,3.14593,86.74,72.5,30.0,0.0
695,49.039278,3.147064,86.74,72.5,30.0,0.0
696,49.039512,3.148198,86.74,72.5,30.0,0.0
697,49.039746,3.149332,86.74,72.5,29.9,0.0
698,49.03998,3.150465,86.74,72.5,29.9,0.0
699,49.040214,3.151599,86.74,72.5,29.9,0.0
700,49.040448,3.152733,86.74,72.5,29.9,0.0
701,49.040682,3.153867,86.74,72.5,29.9,0.0
702,49.040916,3.155,86.74,72.5,29.8,0.0
703,49.041151,3.156134,86.74,72.5,29.8,0.0
704,49.041385,3.157268,86.74,72.5,29.8,0.0
705,49.041619,3.158402,86.74,72.5,29.8,0.0
706,49.041853,3.159535,86.74,72.5,29.8,0.0
707,49.042087,3.160669,86.74,72.5,29.7,0.0
708,49.042321,3.161803,86.74,72.5,29.7,0.0
709,49.042555,3.162937,86.74,72.5,29.7,0.0
710,49.042789,3.16407,86.74,72.5,29.7,0.0
711,49.043023,3.165204,86.74,72.5,29.7,0.0
712,49.043257,3.166338,86.74,72.5,29.6,0.0
713,49.043491,3.167472,86.74,72.5,29.6,0.0
714,49.043725,3.168605,86.74,72.5,29.6,0.0
715,49.043959,3.169739,86.73,72.5,29.6,0.0
716,49.044193,3.170873,86.73,72.5,29.6,0.0
717,49.044428,3.172007,86.73,72.5,29.6,0.0
718,49.044662,3.173141,86.73,72.5,29.5,0.0
719,49.044896,3.174274,86.73,72.5,29.5,0.0
720,49.04513,3.175408,86.73,72.5,29.5,0.0
721,49.045364,3.176542,86.73,72.5,29.5,0.0
722,49.045598,3.177676,86.73,72.5,29.5,0.0
723,49.045832,3.178809,86.73,72.5,29.4,0.0
724,49.046066,3.179943,86.73,72.5,29.4,0.0
725,49.0463,3.181077,86.73,72.5,29.4,0.0
726,49.046534,3.182211,86.73,72.5,29.4,0.0
727,49.046768,3.183344,86.73,72.5,29.4,0.0
728,49.047002,3.184478,86.73,72.5,29.3,0.0
729,49.047236,3.185612,86.73,72.5,29.3,0.0
730,49.04747,3.186746,86.73,72.5,29.3,0.0
731,49.047704,3.187879,86.73,72.5,29.3,0.0
732,49.047939,3.189013,86.73,72.5,29.3,0.0
733,49.048173,3.190147,86.73,72.5,29.3,0.0
734,49.048407,3.191281,86.73,72.5,29.2,0.0
735,49.048641,3.192414,86.73,72.5,29.2,0.0
736,49.048875,3.193548,86.73,72.5,29.2,0.0
737,49.049109,3.194682,86.73,72.5,29.2,0.0
738,49.049343,3.195816,86.73,72.5,29.2,0.0
739,49.049577,3.196949,86.73,72.5,29.1,0.0
740,49.049811,3.198083,86.73,72.5,29.1,0.0
741,49.050045,3.199217,86.73,72.5,29.1,0.0
742,49.050279,3.200351,86.72,72.5,29.1,0.0
743,49.050513,3.201485,86.72,72.5,29.1,0.0
744,49.050747,3.202618,86.72,72.5,29.0,0.0
745,49.050981,3.203752,86.72,72.5,29.0,0.0
746,49.051216,3.204886,86.72,72.5,29.0,0.0
747,49.05145,3.20602,86.72,72.5,29.0,0.0
748,49.051684,3.207153,86.72,72.5,29.0,0.0
749,49.051918,3.208287,86.72,72.5,29.0,0.0
750,49.052152,3.209421,86.72,72.5,28.9,0.0
751,49.052386,3.210555,86.72,72.5,28.9,0.0
752,49.05262,3.211688,86.72,72.5,28.9,0.0
753,49.052854,3.212822,86.72,72.5,28.9,0.0
754,49.053088,3.213956,86.72,72.5,28.9,0.0
755,49.053322,3.21509,86.72,72.5,28.9,0.0
756,49.053556,3.216223,86.72,72.5,28.8,0.0
757,49.05379,3.217357,86.72,72.5,28.8,0.0
758,49.054024,3.218491,86.72,72.5,28.8,0.0
759,49.054258,3.219625,86.72,72.5,28.8,0.0
760,49.054492,3.220758,86.72,72.5,28.8,0.0
761,49.054727,3.221892,86.72,72.5,28.7,0.0
762,49.054961,3.223026,86.72,72.5,28.7,0.0
763,49.055195,3.22416,86.72,72.5,28.7,0.0
764,49.055429,3.225294,86.72,72.5,28.7,0.0
765,49.055663,3.226427,86.72,72.5,28.7,0.0
766,49.055897,3.227561,86.72,72.5,28.7,0.0
767,49.056131,3.228695,86.72,72.5,28.6,0.0
768,49.056365,3.229829,86.72,72.5,28.6,0.0
769,49.056599,3.230962,86.71,72.5,28.6,0.0
770,49.056833,3.232096,86.71,72.5,28.6,0.0
771,49.057067,3.23323,86.71,72.5,28.6,0.0
772,49.057301,3.234364,86.71,72.5,28.6,0.0
773,49.057535,3.235497,86.71,72.5,28.5,0.0
774,49.057769,3.236631,86.71,72.5,28.5,0.0
775,49.058004,3.237765,86.71,72.5,28.5,0.0
776,49.058238,3.238899,86.71,72.5,28.5,0.0
777,49.058472,3.240032,86.71,72.5,28.5,0.0
778,49.058706,3.241166,86.71,72.5,28.5,0.0
779,49.05894,3.2423,86.71,72.5,28.4,0.0
780,49.059174,3.243434,86.71,72.5,28.4,0.0
781,49.059408,3.244567,86.71,72.5,28.4,0.0
782,49.059642,3.245701,86.71,72.5,28.4,0.0
783,49.059876,3.246835,86.71,72.5,28.4,0.0
784,49.06011,3.247969,86.71,72.5,28.4,0.0
785,49.060344,3.249103,86.71,72.5,28.3,0.0
786,49.060578,3.250236,86.71,72.5,28.3,0.0
787,49.060812,3.25137,86.71,72.5,28.3,0.0
788,49.061046,3.252504,86.71,72.5,28.3,0.0
789,49.06128,3.253638,86.71,72.5,28.3,0.0
790,49.061515,3.254771,86.71,72.5,28.3,0.0
791,49.061749,3.255905,86.71,72.5,28.2,0.0
792,49.061983,3.257039,86.71,72.5,28.2,0.0
793,49.062217,3.258173,86.71,72.5,28.2,0.0
794,49.062451,3.259306,86.71,72.5,28.2,0.0
795,49.062685,3.26044,86.71,72.5,28.2,0.0
796,49.062919,3.261574,86.7,72.5,28.2,0.0
797,49.063153,3.262708,86.7,72.5,28.1,0.0
798,49.063387,3.263841,86.7,72.5,28.1,0.0
799,49.063621,3.264975,86.7,72.5,28.1,0.0
800,49.063855,3.266109,86.7,72.5,28.1,0.0
801,49.064089,3.267243,86.7,72.5,28.1,0.0
802,49.064323,3.268376,86.7,72.5,28.1,0.0
803,49.064557,3.26951,86.7,72.5,28.0,0.0
804,49.064792,3.270644,86.7,72.5,28.0,0.0
805,49.065026,3.271778,86.7,72.5,28.0,0.0
806,49.06526,3.272911,86.7,72.5,28.0,0.0
807,49.065494,3.274045,86.7,72.5,28.0,0.0
808,49.065728,3.275179,86.7,72.5,28.0,0.0
809,49.065962,3.276313,86.7,72.5,27.9,0.0
810,49.066196,3.277447,86.7,72.5,27.9,0.0
811,49.06643,3.27858,86.7,72.5,27.9,0.0
812,49.066664,3.279714,86.7,72.5,27.9,0.0
813,49.066898,3.280848,86.7,72.5,27.9,0.0
814,49.067132,3.281982,86.7,72.5,27.9,0.0
815,49.067366,3.283115,86.7,72.5,27.9,0.0
816,49.0676,3.284249,86.7,72.5,27.8,0.0
817,49.067834,3.285383,86.7,72.5,27.8,0.0
818,49.068068,3.286517,86.7,72.5,27.8,0.0
819,49.068303,3.28765,86.7,72.5,27.8,0.0
820,49.068537,3.288784,86.7,72.5,27.8,0.0
821,49.068771,3.289918,86.7,72.5,27.8,0.0
822,49.069005,3.291052,86.69,72.5,27.8,0.0
823,49.069239,3.292185,86.69,72.5,27.7,0.0
824,49.069473,3.293319,86.69,72.5,27.7,0.0
825,49.069707,3.294453,86.69,72.5,27.7,0.0
826,49.069941,3.295587,86.69,72.5,27.7,0.0
827,49.070175,3.29672,86.69,72.5,27.7,0.0
828,49.070409,3.297854,86.69,72.5,27.7,0.0
829,49.070643,3.298988,86.69,72.5,27.6,0.0
830,49.070877,3.300122,86.69,72.5,27.6,0.0
831,49.071111,3.301256,86.69,72.5,27.6,0.0
832,49.071345,3.302389,86.69,72.5,27.6,0.0
833,49.07158,3.303523,86.69,72.5,27.6,0.0
834,49.071814,3.304657,86.69,72.5,27.6,0.0
835,49.072048,3.305791,86.69,72.5,27.6,0.0
836,49.072282,3.306924,86.69,72.5,27.5,0.0
837,49.072516,3.308058,86.69,72.5,27.5,0.0
838,49.07275,3.309192,86.69,72.5,27.5,0.0
839,49.072984,3.310326,86.69,72.5,27.5,0.0
840,49.073218,3.311459,86.69,72.5,27.5,0.0
841,49.073452,3.312593,86.69,72.5,27.5,0.0
842,49.073686,3.313727,86.69,72.5,27.5,0.0
843,49.07392,3.314861,86.69,72.5,27.4,0.0
844,49.074154,3.315994,86.69,72.5,27.4,0.0
845,49.074388,3.317128,86.69,72.5,27.4,0.0
846,49.074622,3.318262,86.69,72.5,27.4,0.0
847,49.074856,3.319396,86.69,72.5,27.4,0.0
848,49.075091,3.320529,86.69,72.5,27.4,0.0
849,49.075325,3.321663,86.68,72.5,27.4,0.0
850,49.075559,3.322797,86.68,72.5,27.3,0.0
851,49.075793,3.323931,86.68,72.5,27.3,0.0
852,49.076027,3.325065,86.68,72.5,27.3,0.0
853,49.076261,3.326198,86.68,72.5,27.3,0.0
854,49.076495,3.327332,86.68,72.5,27.3,0.0
855,49.076729,3.328466,86.68,72.5,27.3,0.0
856,49.076963,3.3296,86.68,72.5,27.3,0.0
857,49.077197,3.330733,86.68,72.5,27.2,0.0
858,49.077431,3.331867,86.68,72.5,27.2,0.0
859,49.077665,3.333001,86.68,72.5,27.2,0.0
860,49.077899,3.334135,86.68,72.5,27.2,0.0
861,49.078133,3.335268,86.68,72.5,27.2,0.0
862,49.078368,3.336402,86.68,72.5,27.2,0.0
863,49.078602,3.337536,86.68,72.5,27.2,0.0
864,49.078836,3.33867,86.68,72.5,27.2,0.0
865,49.07907,3.339803,86.68,72.5,27.1,0.0
866,49.079304,3.340937,86.68,72.5,27.1,0.0
867,49.079538,3.342071,86.68,72.5,27.1,0.0
868,49.079772,3.343205,86.68,72.5,27.1,0.0
869,49.080006,3.344338,86.68,72.5,27.1,0.0
870,49.08024,3.345472,86.68,72.5,27.1,0.0
871,49.080474,3.346606,86.68,72.5,27.1,0.0
872,49.080708,3.34774,86.68,72.5,27.0,0.0
873,49.080942,3.348873,86.68,72.5,27.0,0.0
874,49.081176,3.350007,86.68,72.5,27.0,0.0
875,49.08141,3.351141,86.68,72.5,27.0,0.0
876,49.081644,3.352275,86.67,72.5,27.0,0.0
877,49.081879,3.353409,86.67,72.5,27.0,0.0
878,49.082113,3.354542,86.67,72.5,27.0,0.0
879,49.082347,3.355676,86.67,72.5,27.0,0.0
880,49.082581,3.35681,86.67,72.5,26.9,0.0
881,49.082815,3.357944,86.67,72.5,26.9,0.0
882,49.083049,3.359077,86.67,72.5,26.9,0.0
883,49.083283,3.360211,86.67,72.5,26.9,0.0
884,49.083517,3.361345,86.67,72.5,26.9,0.0
885,49.083751,3.362479,86.67,72.5,26.9,0.0
886,49.083985,3.363612,86.67,72.5,26.9,0.0
887,49.084219,3.364746,86.67,72.5,26.9,0.0
888,49.084453,3.36588,86.67,72.5,26.8,0.0
889,49.084687,3.367014,86.67,72.5,26.8,0.0
890,49.084921,3.368147,86.67,72.5,26.8,0.0
891,49.085156,3.369281,86.67,72.5,26.8,0.0
892,49.08539,3.370415,86.67,72.5,26.8,0.0
893,49.085624,3.371549,86.67,72.5,26.8,0.0
894,49.085858,3.372682,86.67,72.5,26.8,0.0
895,49.086092,3.373816,86.67,72.5,26.8,0.0
896,49.086326,3.37495,86.67,72.5,26.7,0.0
897,49.08656,3.376084,86.67,72.5,26.7,0.0
898,49.086794,3.377218,86.67,72.5,26.7,0.0
899,49.087028,3.378351,86.67,72.5,26.7,0.0
900,49.087262,3.379485,86.67,72.5,26.7,0.0
901,49.087496,3.380619,86.67,72.5,26.7,0.0
902,49.08773,3.381753,86.67,72.5,26.7,0.0
903,49.087964,3.382886,86.66,72.5,26.7,0.0
904,49.088198,3.38402,86.66,72.5,26.6,0.0
905,49.088432,3.385154,86.66,72.5,26.6,0.0
906,49.088667,3.386288,86.66,72.5,26.6,0.0
907,49.088901,3.387421,86.66,72.5,26.6,0.0
908,49.089135,3.388555,86.66,72.5,26.6,0.0
909,49.089369,3.389689,86.66,72.5,26.6,0.0
910,49.089603,3.390823,86.66,72.5,26.6,0.0
911,49.089837,3.391956,86.66,72.5,26.6,0.0
912,49.090071,3.39309,86.66,72.5,26.6,0.0
913,49.090305,3.394224,86.66,72.5,26.5,0.0
914,49.090539,3.395358,86.66,72.5,26.5,0.0
915,49.090773,3.396491,86.66,72.5,26.5,0.0
916,49.091007,3.397625,86.66,72.5,26.5,0.0
917,49.091241,3.398759,86.66,72.5,26.5,0.0
918,49.091475,3.399893,86.66,72.5,26.5,0.0
919,49.091709,3.401027,86.66,72.5,26.5,0.0
920,49.091944,3.40216,86.66,72.5,26.5,0.0
921,49.092178,3.403294,86.66,72.5,26.5,0.0
922,49.092412,3.404428,86.66,72.5,26.4,0.0
923,49.092646,3.405562,86.66,72.5,26.4,0.0
924,49.09288,3.406695,86.66,72.5,26.4,0.0
925,49.093114,3.407829,86.66,72.5,26.4,0.0
926,49.093348,3.408963,86.66,72.5,26.4,0.0
927,49.093582,3.410097,86.66,72.5,26.4,0.0
928,49.093816,3.41123,86.66,72.5,26.4,0.0
929,49.09405,3.412364,86.66,72.5,26.4,0.0
930,49.094284,3.413498,86.65,72.5,26.4,0.0
931,49.094518,3.414632,86.65,72.5,26.3,0.0
932,49.094752,3.415765,86.65,72.5,26.3,0.0
933,49.094986,3.416899,86.65,72.5,26.3,0.0
934,49.09522,3.418033,86.65,72.5,26.3,0.0
935,49.095455,3.419167,86.65,72.5,26.3,0.0
936,49.095689,3.4203,86.65,72.5,26.3,0.0
937,49.095923,3.421434,86.65,72.5,26.3,0.0
938,49.096157,3.422568,86.65,72.5,26.3,0.0
939,49.096391,3.423702,86.65,72.5,26.3,0.0
940,49.096625,3.424835,86.65,72.5,26.2,0.0
941,49.096859,3.425969,86.65,72.5,26.2,0.0
942,49.097093,3.427103,86.65,72.5,26.2,0.0
943,49.097327,3.428237,86.65,72.5,26.2,0.0
944,49.097561,3.429371,86.65,72.5,26.2,0.0
945,49.097795,3.430504,86.65,72.5,26.2,0.0
946,49.098029,3.431638,86.65,72.5,26.2,0.0
947,49.098263,3.432772,86.65,72.5,26.2,0.0
948,49.098497,3.433906,86.65,72.5,26.2,0.0
949,49.098732,3.435039,86.65,72.5,26.2,0.0
950,49.098966,3.436173,86.65,72.5,26.1,0.0
951,49.0992,3.437307,86.65,72.5,26.1,0.0
952,49.099434,3.438441,86.65,72.5,26.1,0.0
953,49.099668,3.439574,86.65,72.5,26.1,0.0
954,49.099902,3.440708,86.65,72.5,26.1,0.0
955,49.100136,3.441842,86.65,72.5,26.1,0.0
956,49.10037,3.442976,86.65,72.5,26.1,0.0
957,49.100604,3.444109,86.64,72.5,26.1,0.0
958,49.100838,3.445243,86.64,72.5,26.1,0.0
959,49.101072,3.446377,86.64,72.5,26.1,0.0
960,49.101306,3.447511,86.64,72.5,26.1,0.0
961,49.10154,3.448644,86.64,72.5,26.0,0.0
962,49.101774,3.449778,86.64,72.5,26.0,0.0
963,49.102008,3.450912,86.64,72.5,26.0,0.0
964,49.102243,3.452046,86.64,72.5,26.0,0.0
965,49.102477,3.45318,86.64,72.5,26.0,0.0
966,49.102711,3.454313,86.64,72.5,26.0,0.0
967,49.102945,3.455447,86.64,72.5,26.0,0.0
968,49.103179,3.456581,86.64,72.5,26.0,0.0
969,49.103413,3.457715,86.64,72.5,26.0,0.0
970,49.103647,3.458848,86.64,72.5,26.0,0.0
971,49.103881,3.459982,86.64,72.5,25.9,0.0
972,49.104115,3.461116,86.64,72.5,25.9,0.0
973,49.104349,3.46225,86.64,72.5,25.9,0.0
974,49.104583,3.463383,86.64,72.5,25.9,0.0
975,49.104817,3.464517,86.64,72.5,25.9,0.0
976,49.105051,3.465651,86.64,72.5,25.9,0.0
977,49.105285,3.466785,86.64,72.5,25.9,0.0
978,49.10552,3.467918,86.64,72.5,25.9,0.0
979,49.105754,3.469052,86.64,72.5,25.9,0.0
980,49.105988,3.470186,86.64,72.5,25.9,0.0
981,49.106222,3.47132,86.64,72.5,25.9,0.0
982,49.106456,3.472453,86.64,72.5,25.9,0.0
983,49.10669,3.473587,86.64,72.5,25.8,0.0
984,49.106924,3.474721,86.63,72.5,25.8,0.0
985,49.107158,3.475855,86.63,72.5,25.8,0.0
986,49.107392,3.476989,86.63,72.5,25.8,0.0
987,49.107626,3.478122,86.63,72.5,25.8,0.0
988,49.10786,3.479256,86.63,72.5,25.8,0.0
989,49.108094,3.48039,86.63,72.5,25.8,0.0
990,49.108328,3.481524,86.63,72.5,25.8,0.0
991,49.108562,3.482657,86.63,72.5,25.8,0.0
992,49.108796,3.483791,86.63,72.5,25.8,0.0
993,49.109031,3.484925,86.63,72.5,25.8,0.0
994,49.109265,3.486059,86.63,72.5,25.8,0.0
995,49.109499,3.487192,86.63,72.5,25.7,0.0
996,49.109733,3.488326,86.63,72.5,25.7,0.0
997,49.109967,3.48946,86.63,72.5,25.7,0.0
998,49.110201,3.490594,86.63,72.5,25.7,0.0
999,49.110435,3.491727,86.63,72.5,25.7,0.0
1000,49.110669,3.492861,86.63,72.5,25.7,0.0
1001,49.110903,3.493995,86.63,72.5,25.7,0.0
1002,49.111137,3.495129,86.63,72.5,25.7,0.0
1003,49.111371,3.496262,86.63,72.5,25.7,0.0
1004,49.111605,3.497396,86.63,72.5,25.7,0.0
1005,49.111839,3.49853,86.63,72.5,25.7,0.0
1006,49.112073,3.499664,86.63,72.5,25.7,0.0
1007,49.112308,3.500797,86.63,72.5,25.7,0.0
1008,49.112542,3.501931,86.63,72.5,25.6,0.0
1009,49.112776,3.503065,86.63,72.5,25.6,0.0
1010,49.11301,3.504199,86.63,72.5,25.6,0.0
1011,49.113244,3.505333,86.62,72.5,25.6,0.0
1012,49.113478,3.506466,86.62,72.5,25.6,0.0
1013,49.113712,3.5076,86.62,72.5,25.6,0.0
1014,49.113946,3.508734,86.62,72.5,25.6,0.0
1015,49.11418,3.509868,86.62,72.5,25.6,0.0
1016,49.114414,3.511001,86.62,72.5,25.6,0.0
1017,49.114648,3.512135,86.62,72.5,25.6,0.0
1018,49.114882,3.513269,86.62,72.5,25.6,0.0
1019,49.115116,3.514403,86.62,72.5,25.6,0.0
1020,49.11535,3.515536,86.62,72.5,25.6,0.0
1021,49.115584,3.51667,86.62,72.5,25.6,0.0
1022,49.115819,3.517804,86.62,72.5,25.5,0.0
1023,49.116053,3.518938,86.62,72.5,25.5,0.0
1024,49.116287,3.520071,86.62,72.5,25.5,0.0
1025,49.116521,3.521205,86.62,72.5,25.5,0.0
1026,49.116755,3.522339,86.62,72.5,25.5,0.0
1027,49.116989,3.523473,86.62,72.5,25.5,0.0
1028,49.117223,3.524606,86.62,72.5,25.5,0.0
1029,49.117457,3.52574,86.62,72.5,25.5,0.0
1030,49.117691,3.526874,86.62,72.5,25.5,0.0
1031,49.117925,3.528008,86.62,72.5,25.5,0.0
1032,49.118159,3.529142,86.62,72.5,25.5,0.0
1033,49.118393,3.530275,86.62,72.5,25.5,0.0
1034,49.118627,3.531409,86.62,72.5,25.5,0.0
1035,49.118861,3.532543,86.62,72.5,25.5,0.0
1036,49.119096,3.533677,86.62,72.5,25.5,0.0
1037,49.11933,3.53481,86.62,72.5,25.4,0.0
1038,49.119564,3.535944,86.61,72.5,25.4,0.0
1039,49.119798,3.537078,86.61,72.5,25.4,0.0
1040,49.120032,3.538212,86.61,72.5,25.4,0.0
1041,49.120266,3.539345,86.61,72.5,25.4,0.0
1042,49.1205,3.540479,86.61,72.5,25.4,0.0
1043,49.120734,3.541613,86.61,72.5,25.4,0.0
1044,49.120968,3.542747,86.61,72.5,25.4,0.0
1045,49.121202,3.54388,86.61,72.5,25.4,0.0
1046,49.121436,3.545014,86.61,72.5,25.4,0.0
1047,49.12167,3.546148,86.61,72.5,25.4,0.0
1048,49.121904,3.547282,86.61,72.5,25.4,0.0
1049,49.122138,3.548415,86.61,72.5,25.4,0.0
1050,49.122372,3.549549,86.61,72.5,25.4,0.0
1051,49.122607,3.550683,86.61,72.5,25.4,0.0
1052,49.122841,3.551817,86.61,72.5,25.4,0.0
1053,49.123075,3.55295,86.61,72.5,25.4,0.0
1054,49.123309,3.554084,86.61,72.5,25.3,0.0
1055,49.123543,3.555218,86.61,72.5,25.3,0.0
1056,49.123777,3.556352,86.61,72.5,25.3,0.0
1057,49.124011,3.557486,86.61,72.5,25.3,0.0
1058,49.124245,3.558619,86.61,72.5,25.3,0.0
1059,49.124479,3.559753,86.61,72.5,25.3,0.0
1060,49.124713,3.560887,86.61,72.5,25.3,0.0
1061,49.124947,3.562021,86.61,72.5,25.3,0.0
1062,49.125181,3.563154,86.61,72.5,25.3,0.0
1063,49.125415,3.564288,86.61,72.5,25.3,0.0
1064,49.125649,3.565422,86.61,72.5,25.3,0.0
1065,49.125884,3.566556,86.6,72.5,25.3,0.0
1066,49.126118,3.567689,86.6,72.5,25.3,0.0
1067,49.126352,3.568823,86.6,72.5,25.3,0.0
1068,49.126586,3.569957,86.6,72.5,25.3,0.0
1069,49.12682,3.571091,86.6,72.5,25.3,0.0
1070,49.127054,3.572224,86.6,72.5,25.3,0.0
1071,49.127288,3.573358,86.6,72.5,25.3,0.0
1072,49.127522,3.574492,86.6,72.5,25.3,0.0
1073,49.127756,3.575626,86.6,72.5,25.3,0.0
1074,49.12799,3.576759,86.6,72.5,25.2,0.0
1075,49.128224,3.577893,86.6,72.5,25.2,0.0
1076,49.128458,3.579027,86.6,72.5,25.2,0.0
1077,49.128692,3.580161,86.6,72.5,25.2,0.0
1078,49.128926,3.581295,86.6,72.5,25.2,0.0
1079,49.129161,3.582428,86.6,72.5,25.2,0.0
1080,49.129395,3.583562,86.6,72.5,25.2,0.0
1081,49.129629,3.584696,86.6,72.5,25.2,0.0
1082,49.129863,3.58583,86.6,72.5,25.2,0.0
1083,49.130097,3.586963,86.6,72.5,25.2,0.0
1084,49.130331,3.588097,86.6,72.5,25.2,0.0
1085,49.130565,3.589231,86.6,72.5,25.2,0.0
1086,49.130799,3.590365,86.6,72.5,25.2,0.0
1087,49.131033,3.591498,86.6,72.5,25.2,0.0
1088,49.131267,3.592632,86.6,72.5,25.2,0.0
1089,49.131501,3.593766,86.6,72.5,25.2,0.0
1090,49.131735,3.5949,86.6,72.5,25.2,0.0
1091,49.131969,3.596033,86.6,72.5,25.2,0.0
1092,49.132203,3.597167,86.59,72.5,25.2,0.0
1093,49.132437,3.598301,86.59,72.5,25.2,0.0
1094,49.132672,3.599435,86.59,72.5,25.2,0.0
1095,49.132906,3.600568,86.59,72.5,25.2,0.0
1096,49.13314,3.601702,86.59,72.5,25.2,0.0
1097,49.133374,3.602836,86.59,72.5,25.2,0.0
1098,49.133608,3.60397,86.59,72.5,25.1,0.0
1099,49.133842,3.605104,86.59,72.5,25.1,0.0
1100,49.134076,3.606237,86.59,72.5,25.1,0.0
1101,49.13431,3.607371,86.59,72.5,25.1,0.0
1102,49.134544,3.608505,86.59,72.5,25.1,0.0
1103,49.134778,3.609639,86.59,72.5,25.1,0.0
1104,49.135012,3.610772,86.59,72.5,25.1,0.0
1105,49.135246,3.611906,86.59,72.5,25.1,0.0
1106,49.13548,3.61304,86.59,72.5,25.1,0.0
1107,49.135714,3.614174,86.59,72.5,25.1,0.0
1108,49.135949,3.615307,86.59,72.5,25.1,0.0
1109,49.136183,3.616441,86.59,72.5,25.1,0.0
1110,49.136417,3.617575,86.59,72.5,25.1,0.0
1111,49.136651,3.618709,86.59,72.5,25.1,0.0
1112,49.136885,3.619842,86.59,72.5,25.1,0.0
1113,49.137119,3.620976,86.59,72.5,25.1,0.0
1114,49.137353,3.62211,86.59,72.5,25.1,0.0
1115,49.137587,3.623244,86.59,72.5,25.1,0.0
1116,49.137821,3.624377,86.59,72.5,25.1,0.0
1117,49.138055,3.625511,86.59,72.5,25.1,0.0
1118,49.138289,3.626645,86.58,72.5,25.1,0.0
1119,49.138523,3.627779,86.58,72.5,25.1,0.0
1120,49.138757,3.628912,86.58,72.5,25.1,0.0
1121,49.138991,3.630046,86.58,72.5,25.1,0.0
1122,49.139225,3.63118,86.58,72.5,25.1,0.0
1123,49.13946,3.632314,86.58,72.5,25.1,0.0
1124,49.139694,3.633448,86.58,72.5,25.1,0.0
1125,49.139928,3.634581,86.58,72.5,25.1,0.0
1126,49.140162,3.635715,86.58,72.5,25.1,0.0
1127,49.140396,3.636849,86.58,72.5,25.1,0.0
1128,49.14063,3.637983,86.58,72.5,25.1,0.0
1129,49.140864,3.639116,86.58,72.5,25.1,0.0
1130,49.141098,3.64025,86.58,72.5,25.1,0.0
1131,49.141332,3.641384,86.58,72.5,25.1,0.0
1132,49.141566,3.642518,86.58,72.5,25.1,0.0
1133,49.1418,3.643651,86.58,72.5,25.1,0.0
1134,49.142034,3.644785,86.58,72.5,25.0,0.0
1135,49.142268,3.645919,86.58,72.5,25.0,0.0
1136,49.142502,3.647053,86.58,72.5,25.0,0.0
1137,49.142737,3.648186,86.58,72.5,25.0,0.0
1138,49.142971,3.64932,86.58,72.5,25.0,0.0
1139,49.143205,3.650454,86.58,72.5,25.0,0.0
1140,49.143439,3.651588,86.58,72.5,25.0,0.0
1141,49.143673,3.652721,86.58,72.5,25.0,0.0
1142,49.143907,3.653855,86.58,72.5,25.0,0.0
1143,49.144141,3.654989,86.58,72.5,25.0,0.0
1144,49.144375,3.656123,86.58,72.5,25.0,0.0
1145,49.144609,3.657257,86.57,72.5,25.0,0.0
1146,49.144843,3.65839,86.57,72.5,25.0,0.0
1147,49.145077,3.659524,86.57,72.5,25.0,0.0
1148,49.145311,3.660658,86.57,72.5,25.0,0.0
1149,49.145545,3.661792,86.57,72.5,25.0,0.0
1150,49.145779,3.662925,86.57,72.5,25.0,0.0
1151,49.146013,3.664059,86.57,72.5,25.0,0.0
1152,49.146248,3.665193,86.57,72.5,25.0,0.0
1153,49.146482,3.666327,86.57,72.5,25.0,0.0
1154,49.146716,3.66746,86.57,72.5,25.0,0.0
1155,49.14695,3.668594,86.57,72.5,25.0,0.0
1156,49.147184,3.669728,86.57,72.5,25.0,0.0
1157,49.147418,3.670862,86.57,72.5,25.0,0.0
1158,49.147652,3.671995,86.57,72.5,25.0,0.0
1159,49.147886,3.673129,86.57,72.5,25.0,0.0
1160,49.14812,3.674263,86.57,72.5,25.0,0.0
1161,49.148354,3.675397,86.57,72.5,25.0,0.0
1162,49.148588,3.67653,86.57,72.5,25.0,0.0
1163,49.148822,3.677664,86.57,72.5,25.0,0.0
1164,49.149056,3.678798,86.57,72.5,25.0,0.0
1165,49.14929,3.679932,86.57,72.5,25.0,0.0
1166,49.149525,3.681066,86.57,72.5,25.0,0.0
1167,49.149759,3.682199,86.57,72.5,25.0,0.0
1168,49.149993,3.683333,86.57,72.5,25.0,0.0
1169,49.150227,3.684467,86.57,72.5,25.0,0.0
1170,49.150461,3.685601,86.57,72.5,25.0,0.0
1171,49.150695,3.686734,86.57,72.5,25.0,0.0
1172,49.150929,3.687868,86.56,72.5,25.0,0.0
1173,49.151163,3.689002,86.56,72.5,25.0,0.0
1174,49.151397,3.690136,86.56,72.5,25.0,0.0
1175,49.151631,3.691269,86.56,72.5,25.0,0.0
1176,49.151865,3.692403,86.56,72.5,25.0,0.0
1177,49.152099,3.693537,86.56,72.5,25.0,0.0
1178,49.152333,3.694671,86.56,72.5,25.0,0.0
1179,49.152567,3.695804,86.56,72.5,25.0,0.0
1180,49.152801,3.696938,86.56,72.5,25.0,0.0
1181,49.153036,3.698072,86.56,72.5,25.0,0.0
1182,49.15327,3.699206,86.56,72.5,25.0,0.0
1183,49.153504,3.700339,86.56,72.5,25.0,0.0
1184,49.153738,3.701473,86.56,72.5,25.0,0.0
1185,49.153972,3.702607,86.56,72.5,25.0,0.0
1186,49.154206,3.703741,86.56,72.5,25.0,0.0
1187,49.15444,3.704874,86.56,72.5,25.0,0.0
1188,49.154674,3.706008,86.56,72.5,25.0,0.0
1189,49.154908,3.707142,86.56,72.5,25.0,0.0
1190,49.155142,3.708276,86.56,72.5,25.0,0.0
1191,49.155376,3.70941,86.56,72.5,25.0,0.0
1192,49.15561,3.710543,86.56,72.5,25.0,0.0
1193,49.155844,3.711677,86.56,72.5,25.0,0.0
1194,49.156078,3.712811,86.56,72.5,25.0,0.0
1195,49.156313,3.713945,86.56,72.5,25.0,0.0
1196,49.156547,3.715078,86.56,72.5,25.0,0.0
1197,49.156781,3.716212,86.56,72.5,25.0,0.0
1198,49.157015,3.717346,86.56,72.5,25.0,0.0
1199,49.157249,3.71848,86.55,72.5,25.0,0.0
1200,49.157483,3.719613,86.55,72.5,25.0,0.0
1201,49.157717,3.720747,86.55,72.5,25.0,0.0
1202,49.157951,3.721881,86.55,72.5,25.0,0.0
1203,49.158185,3.723015,86.55,72.5,25.0,0.0
1204,49.158419,3.724148,86.55,72.5,25.0,0.0
1205,49.158653,3.725282,86.55,72.5,25.0,0.0
1206,49.158887,3.726416,86.55,72.5,25.0,0.0
1207,49.159121,3.72755,86.55,72.5,25.0,0.0
1208,49.159355,3.728683,86.55,72.5,25.0,0.0
1209,49.159589,3.729817,86.55,72.5,25.0,0.0
1210,49.159824,3.730951,86.55,72.5,25.0,0.0
1211,49.160058,3.732085,86.55,72.5,25.0,0.0
1212,49.160292,3.733219,86.55,72.5,25.0,0.0
1213,49.160526,3.734352,86.55,72.5,25.0,0.0
1214,49.16076,3.735486,86.55,72.5,25.0,0.0
1215,49.160994,3.73662,86.55,72.5,25.0,0.0
1216,49.161228,3.737754,86.55,72.5,25.0,0.0
1217,49.161462,3.738887,86.55,72.5,25.0,0.0
1218,49.161696,3.740021,86.55,72.5,25.0,0.0
1219,49.16193,3.741155,86.55,72.5,25.0,0.0
1220,49.162164,3.742289,86.55,72.5,25.0,0.0
1221,49.162398,3.743422,86.55,72.5,25.0,0.0
1222,49.162632,3.744556,86.55,72.5,25.0,0.0
1223,49.162866,3.74569,86.55,72.5,25.0,0.0
1224,49.163101,3.746824,86.55,72.5,25.0,0.0
1225,49.163335,3.747957,86.55,72.5,25.0,0.0
1226,49.163569,3.749091,86.54,72.5,25.0,0.0
1227,49.163803,3.750225,86.54,72.5,25.0,0.0
1228,49.164037,3.751359,86.54,72.5,25.0,0.0
1229,49.164271,3.752492,86.54,72.5,25.0,0.0
1230,49.164505,3.753626,86.54,72.5,25.1,0.0
1231,49.164739,3.75476,86.54,72.5,25.1,0.0
1232,49.164973,3.755894,86.54,72.5,25.1,0.0
1233,49.165207,3.757028,86.54,72.5,25.1,0.0
1234,49.165441,3.758161,86.54,72.5,25.1,0.0
1235,49.165675,3.759295,86.54,72.5,25.1,0.0
1236,49.165909,3.760429,86.54,72.5,25.1,0.0
1237,49.166143,3.761563,86.54,72.5,25.1,0.0
1238,49.166377,3.762696,86.54,72.5,25.1,0.0
1239,49.166612,3.76383,86.54,72.5,25.1,0.0
1240,49.166846,3.764964,86.54,72.5,25.1,0.0
1241,49.16708,3.766098,86.54,72.5,25.1,0.0
1242,49.167314,3.767231,86.54,72.5,25.1,0.0
1243,49.167548,3.768365,86.54,72.5,25.1,0.0
1244,49.167782,3.769499,86.54,72.5,25.1,0.0
1245,49.168016,3.770633,86.54,72.5,25.1,0.0
1246,49.16825,3.771766,86.54,72.5,25.1,0.0
1247,49.168484,3.7729,86.54,72.5,25.1,0.0
1248,49.168718,3.774034,86.54,72.5,25.1,0.0
1249,49.168952,3.775168,86.54,72.5,25.1,0.0
1250,49.169186,3.776301,86.54,72.5,25.1,0.0
1251,49.16942,3.777435,86.54,72.5,25.1,0.0
1252,49.169654,3.778569,86.54,72.5,25.1,0.0
1253,49.169889,3.779703,86.53,72.5,25.1,0.0
1254,49.170123,3.780836,86.53,72.5,25.1,0.0
1255,49.170357,3.78197,86.53,72.5,25.1,0.0
1256,49.170591,3.783104,86.53,72.5,25.1,0.0
1257,49.170825,3.784238,86.53,72.5,25.1,0.0
1258,49.171059,3.785372,86.53,72.5,25.1,0.0
1259,49.171293,3.786505,86.53,72.5,25.1,0.0
1260,49.171527,3.787639,86.53,72.5,25.1,0.0
1261,49.171761,3.788773,86.53,72.5,25.1,0.0
1262,49.171995,3.789907,86.53,72.5,25.1,0.0
1263,49.172229,3.79104,86.53,72.5,25.1,0.0
1264,49.172463,3.792174,86.53,72.5,25.1,0.0
1265,49.172697,3.793308,86.53,72.5,25.2,0.0
1266,49.172931,3.794442,86.53,72.5,25.2,0.0
1267,49.173165,3.795575,86.53,72.5,25.2,0.0
1268,49.1734,3.796709,86.53,72.5,25.2,0.0
1269,49.173634,3.797843,86.53,72.5,25.2,0.0
1270,49.173868,3.798977,86.53,72.5,25.2,0.0
1271,49.174102,3.80011,86.53,72.5,25.2,0.0
1272,49.174336,3.801244,86.53,72.5,25.2,0.0
1273,49.17457,3.802378,86.53,72.5,25.2,0.0
1274,49.174804,3.803512,86.53,72.5,25.2,0.0
1275,49.175038,3.804645,86.53,72.5,25.2,0.0
1276,49.175272,3.805779,86.53,72.5,25.2,0.0
1277,49.175506,3.806913,86.53,72.5,25.2,0.0
1278,49.17574,3.808047,86.53,72.5,25.2,0.0
1279,49.175974,3.809181,86.53,72.5,25.2,0.0
1280,49.176208,3.810314,86.52,72.5,25.2,0.0
1281,49.176442,3.811448,86.52,72.5,25.2,0.0
1282,49.176677,3.812582,86.52,72.5,25.2,0.0
1283,49.176911,3.813716,86.52,72.5,25.2,0.0
1284,49.177145,3.814849,86.52,72.5,25.2,0.0
1285,49.177379,3.815983,86.52,72.5,25.2,0.0
1286,49.177613,3.817117,86.52,72.5,25.2,0.0
1287,49.177847,3.818251,86.52,72.5,25.2,0.0
1288,49.178081,3.819384,86.52,72.5,25.2,0.0
1289,49.178315,3.820518,86.52,72.5,25.3,0.0
1290,49.178549,3.821652,86.52,72.5,25.3,0.0
1291,49.178783,3.822786,86.52,72.5,25.3,0.0
1292,49.179017,3.823919,86.52,72.5,25.3,0.0
1293,49.179251,3.825053,86.52,72.5,25.3,0.0
1294,49.179485,3.826187,86.52,72.5,25.3,0.0
1295,49.179719,3.827321,86.52,72.5,25.3,0.0
1296,49.179953,3.828454,86.52,72.5,25.3,0.0
1297,49.180188,3.829588,86.52,72.5,25.3,0.0
1298,49.180422,3.830722,86.52,72.5,25.3,0.0
1299,49.180656,3.831856,86.52,72.5,25.3,0.0
1300,49.18089,3.83299,86.52,72.5,25.3,0.0
1301,49.181124,3.834123,86.52,72.5,25.3,0.0
1302,49.181358,3.835257,86.52,72.5,25.3,0.0
1303,49.181592,3.836391,86.52,72.5,25.3,0.0
1304,49.181826,3.837525,86.52,72.5,25.3,0.0
1305,49.18206,3.838658,86.52,72.5,25.3,0.0
1306,49.182294,3.839792,86.52,72.5,25.3,0.0
1307,49.182528,3.840926,86.51,72.5,25.3,0.0
1308,49.182762,3.84206,86.51,72.5,25.3,0.0
1309,49.182996,3.843193,86.51,72.5,25.4,0.0
1310,49.18323,3.844327,86.51,72.5,25.4,0.0
1311,49.183465,3.845461,86.51,72.5,25.4,0.0
1312,49.183699,3.846595,86.51,72.5,25.4,0.0
1313,49.183933,3.847728,86.51,72.5,25.4,0.0
1314,49.184167,3.848862,86.51,72.5,25.4,0.0
1315,49.184401,3.849996,86.51,72.5,25.4,0.0
1316,49.184635,3.85113,86.51,72.5,25.4,0.0
1317,49.184869,3.852263,86.51,72.5,25.4,0.0
1318,49.185103,3.853397,86.51,72.5,25.4,0.0
1319,49.185337,3.854531,86.51,72.5,25.4,0.0
1320,49.185571,3.855665,86.51,72.5,25.4,0.0
1321,49.185805,3.856798,86.51,72.5,25.4,0.0
1322,49.186039,3.857932,86.51,72.5,25.4,0.0
1323,49.186273,3.859066,86.51,72.5,25.4,0.0
1324,49.186507,3.8602,86.51,72.5,25.4,0.0
1325,49.186741,3.861334,86.51,72.5,25.4,0.0
1326,49.186976,3.862467,86.51,72.5,25.5,0.0
1327,49.18721,3.863601,86.51,72.5,25.5,0.0
1328,49.187444,3.864735,86.51,72.5,25.5,0.0
1329,49.187678,3.865869,86.51,72.5,25.5,0.0
1330,49.187912,3.867002,86.51,72.5,25.5,0.0
1331,49.188146,3.868136,86.51,72.5,25.5,0.0
1332,49.18838,3.86927,86.51,72.5,25.5,0.0
1333,49.188614,3.870404,86.5,72.5,25.5,0.0
1334,49.188848,3.871537,86.5,72.5,25.5,0.0
1335,49.189082,3.872671,86.5,72.5,25.5,0.0
1336,49.189316,3.873805,86.5,72.5,25.5,0.0
1337,49.18955,3.874939,86.5,72.5,25.5,0.0
1338,49.189784,3.876072,86.5,72.5,25.5,0.0
1339,49.190018,3.877206,86.5,72.5,25.5,0.0
1340,49.190253,3.87834,86.5,72.5,25.5,0.0
1341,49.190487,3.879474,86.5,72.5,25.6,0.0
1342,49.190721,3.880607,86.5,72.5,25.6,0.0
1343,49.190955,3.881741,86.5,72.5,25.6,0.0
1344,49.191189,3.882875,86.5,72.5,25.6,0.0
1345,49.191423,3.884009,86.5,72.5,25.6,0.0
1346,49.191657,3.885143,86.5,72.5,25.6,0.0
1347,49.191891,3.886276,86.5,72.5,25.6,0.0
1348,49.192125,3.88741,86.5,72.5,25.6,0.0
1349,49.192359,3.888544,86.5,72.5,25.6,0.0
1350,49.192593,3.889678,86.5,72.5,25.6,0.0
1351,49.192827,3.890811,86.5,72.5,25.6,0.0
1352,49.193061,3.891945,86.5,72.5,25.6,0.0
1353,49.193295,3.893079,86.5,72.5,25.6,0.0
1354,49.193529,3.894213,86.5,72.5,25.6,0.0
1355,49.193764,3.895346,86.5,72.5,25.7,0.0
1356,49.193998,3.89648,86.5,72.5,25.7,0.0
1357,49.194232,3.897614,86.5,72.5,25.7,0.0
1358,49.194466,3.898748,86.5,72.5,25.7,0.0
1359,49.1947,3.899881,86.5,72.5,25.7,0.0
1360,49.194934,3.901015,86.49,72.5,25.7,0.0
1361,49.195168,3.902149,86.49,72.5,25.7,0.0
1362,49.195402,3.903283,86.49,72.5,25.7,0.0
1363,49.195636,3.904416,86.49,72.5,25.7,0.0
1364,49.19587,3.90555,86.49,72.5,25.7,0.0
1365,49.196104,3.906684,86.49,72.5,25.7,0.0
1366,49.196338,3.907818,86.49,72.5,25.7,0.0
1367,49.196572,3.908952,86.49,72.5,25.7,0.0
1368,49.196806,3.910085,86.49,72.5,25.8,0.0
1369,49.197041,3.911219,86.49,72.5,25.8,0.0
1370,49.197275,3.912353,86.49,72.5,25.8,0.0
1371,49.197509,3.913487,86.49,72.5,25.8,0.0
1372,49.197743,3.91462,86.49,72.5,25.8,0.0
1373,49.197977,3.915754,86.49,72.5,25.8,0.0
1374,49.198211,3.916888,86.49,72.5,25.8,0.0
1375,49.198445,3.918022,86.49,72.5,25.8,0.0
1376,49.198679,3.919155,86.49,72.5,25.8,0.0
1377,49.198913,3.920289,86.49,72.5,25.8,0.0
1378,49.199147,3.921423,86.49,72.5,25.8,0.0
1379,49.199381,3.922557,86.49,72.5,25.8,0.0
1380,49.199615,3.92369,86.49,72.5,25.9,0.0
1381,49.199849,3.924824,86.49,72.5,25.9,0.0
1382,49.200083,3.925958,86.49,72.5,25.9,0.0
1383,49.200317,3.927092,86.49,72.5,25.9,0.0
1384,49.200552,3.928225,86.49,72.5,25.9,0.0
1385,49.200786,3.929359,86.49,72.5,25.9,0.0
1386,49.20102,3.930493,86.49,72.5,25.9,0.0
1387,49.201254,3.931627,86.48,72.5,25.9,0.0
1388,49.201488,3.93276,86.48,72.5,25.9,0.0
1389,49.201722,3.933894,86.48,72.5,25.9,0.0
1390,49.201956,3.935028,86.48,72.5,25.9,0.0
1391,49.20219,3.936162,86.48,72.5,25.9,0.0
1392,49.202424,3.937296,86.48,72.5,26.0,0.0
1393,49.202658,3.938429,86.48,72.5,26.0,0.0
1394,49.202892,3.939563,86.48,72.5,26.0,0.0
1395,49.203126,3.940697,86.48,72.5,26.0,0.0
1396,49.20336,3.941831,86.48,72.5,26.0,0.0
1397,49.203594,3.942964,86.48,72.5,26.0,0.0
1398,49.203829,3.944098,86.48,72.5,26.0,0.0
1399,49.204063,3.945232,86.48,72.5,26.0,0.0
1400,49.204297,3.946366,86.48,72.5,26.0,0.0
1401,49.204531,3.947499,86.48,72.5,26.0,0.0
1402,49.204765,3.948633,86.48,72.5,26.0,0.0
1403,49.204999,3.949767,86.48,72.5,26.1,0.0
1404,49.205233,3.950901,86.48,72.5,26.1,0.0
1405,49.205467,3.952034,86.48,72.5,26.1,0.0
1406,49.205701,3.953168,86.48,72.5,26.1,0.0
1407,49.205935,3.954302,86.48,72.5,26.1,0.0
1408,49.206169,3.955436,86.48,72.5,26.1,0.0
1409,49.206403,3.956569,86.48,72.5,26.1,0.0
1410,49.206637,3.957703,86.48,72.5,26.1,0.0
1411,49.206871,3.958837,86.48,72.5,26.1,0.0
1412,49.207105,3.959971,86.48,72.5,26.1,0.0
1413,49.20734,3.961105,86.48,72.5,26.2,0.0
1414,49.207574,3.962238,86.47,72.5,26.2,0.0
1415,49.207808,3.963372,86.47,72.5,26.2,0.0
1416,49.208042,3.964506,86.47,72.5,26.2,0.0
1417,49.208276,3.96564,86.47,72.5,26.2,0.0
1418,49.20851,3.966773,86.47,72.5,26.2,0.0
1419,49.208744,3.967907,86.47,72.5,26.2,0.0
1420,49.208978,3.969041,86.47,72.5,26.2,0.0
1421,49.209212,3.970175,86.47,72.5,26.2,0.0
1422,49.209446,3.971308,86.47,72.5,26.2,0.0
1423,49.20968,3.972442,86.47,72.5,26.3,0.0
1424,49.209914,3.973576,86.47,72.5,26.3,0.0
1425,49.210148,3.97471,86.47,72.5,26.3,0.0
1426,49.210382,3.975843,86.47,72.5,26.3,0.0
1427,49.210617,3.976977,86.47,72.5,26.3,0.0
1428,49.210851,3.978111,86.47,72.5,26.3,0.0
1429,49.211085,3.979245,86.47,72.5,26.3,0.0
1430,49.211319,3.980378,86.47,72.5,26.3,0.0
1431,49.211553,3.981512,86.47,72.5,26.3,0.0
1432,49.211787,3.982646,86.47,72.5,26.4,0.0
1433,49.212021,3.98378,86.47,72.5,26.4,0.0
1434,49.212255,3.984913,86.47,72.5,26.4,0.0
1435,49.212489,3.986047,86.47,72.5,26.4,0.0
1436,49.212723,3.987181,86.47,72.5,26.4,0.0
1437,49.212957,3.988315,86.47,72.5,26.4,0.0
1438,49.213191,3.989449,86.47,72.5,26.4,0.0
1439,49.213425,3.990582,86.47,72.5,26.4,0.0
1440,49.213659,3.991716,86.47,72.5,26.4,0.0
1441,49.213893,3.99285,86.46,72.5,26.4,0.0
1442,49.214128,3.993984,86.46,72.5,26.5,0.0
1443,49.214362,3.995117,86.46,72.5,26.5,0.0
1444,49.214596,3.996251,86.46,72.5,26.5,0.0
1445,49.21483,3.997385,86.46,72.5,26.5,0.0
1446,49.215064,3.998519,86.46,72.5,26.5,0.0
1447,49.215298,3.999652,86.46,72.5,26.5,0.0
1448,49.215532,4.000786,86.46,72.5,26.5,0.0
1449,49.215641,4.001925,83.71,81.7,26.5,0.0
1450,49.215431,4.003078,87.0,105.6,26.6,0.0
1451,49.215222,4.00423,87.0,105.6,26.6,0.0
1452,49.215012,4.005383,87.0,105.6,26.6,0.0
1453,49.214802,4.006536,87.0,105.6,26.6,0.0
1454,49.214593,4.007688,87.0,105.6,26.6,0.0
1455,49.214383,4.008841,87.0,105.6,26.6,0.0
1456,49.214173,4.009993,87.0,105.6,26.6,0.0
1457,49.213964,4.011146,87.0,105.6,26.6,0.0
1458,49.213754,4.012299,87.0,105.6,26.6,0.0
1459,49.213545,4.013451,87.0,105.6,26.7,0.0
1460,49.213335,4.014604,87.0,105.6,26.7,0.0
1461,49.213125,4.015756,87.0,105.6,26.7,0.0
1462,49.212916,4.016909,87.0,105.6,26.7,0.0
1463,49.212706,4.018062,87.0,105.6,26.7,0.0
1464,49.212496,4.019214,87.01,105.6,26.7,0.0
1465,49.212287,4.020367,87.01,105.6,26.7,0.0
1466,49.212077,4.021519,87.01,105.6,26.7,0.0
1467,49.211868,4.022672,87.01,105.6,26.8,0.0
1468,49.211658,4.023825,87.01,105.6,26.8,0.0
1469,49.211448,4.024977,87.01,105.6,26.8,0.0
1470,49.211239,4.02613,87.01,105.6,26.8,0.0
1471,49.211029,4.027282,87.01,105.6,26.8,0.0
1472,49.210819,4.028435,87.01,105.6,26.8,0.0
1473,49.21061,4.029588,87.01,105.6,26.8,0.0
1474,49.2104,4.03074,87.01,105.6,26.8,0.0
1475,49.21019,4.031893,87.01,105.6,26.8,0.0
1476,49.209981,4.033045,87.01,105.6,26.9,0.0
1477,49.209771,4.034198,87.01,105.6,26.9,0.0
1478,49.209562,4.035351,87.01,105.6,26.9,0.0
1479,49.209352,4.036503,87.01,105.6,26.9,0.0
1480,49.209142,4.037656,87.01,105.6,26.9,0.0
1481,49.208933,4.038808,87.01,105.6,26.9,0.0
1482,49.208723,4.039961,87.01,105.6,26.9,0.0
1483,49.208513,4.041114,87.01,105.6,27.0,0.0
1484,49.208304,4.042266,87.01,105.6,27.0,0.0
1485,49.208094,4.043419,87.01,105.6,27.0,0.0
1486,49.207885,4.044571,87.01,105.6,27.0,0.0
1487,49.207675,4.045724,87.01,105.6,27.0,0.0
1488,49.207465,4.046877,87.01,105.6,27.0,0.0
1489,49.207256,4.048029,87.01,105.6,27.0,0.0
1490,49.207046,4.049182,87.01,105.6,27.0,0.0
1491,49.206836,4.050334,87.01,105.6,27.1,0.0
1492,49.206627,4.051487,87.01,105.6,27.1,0.0
1493,49.206417,4.05264,87.02,105.6,27.1,0.0
1494,49.206208,4.053792,87.02,105.6,27.1,0.0
1495,49.205998,4.054945,87.02,105.6,27.1,0.0
1496,49.205788,4.056097,87.02,105.6,27.1,0.0
1497,49.205579,4.05725,87.02,105.6,27.1,0.0
1498,49.205369,4.058402,87.02,105.6,27.1,0.0
1499,49.205159,4.059555,87.02,105.6,27.2,0.0
1500,49.20495,4.060708,87.02,105.6,27.2,0.0
1501,49.20474,4.06186,87.02,105.6,27.2,0.0
1502,49.204531,4.063013,87.02,105.6,27.2,0.0
1503,49.204321,4.064165,87.02,105.6,27.2,0.0
1504,49.204111,4.065318,87.02,105.6,27.2,0.0
1505,49.203902,4.066471,87.02,105.6,27.2,0.0
1506,49.203692,4.067623,87.02,105.6,27.3,0.0
1507,49.203482,4.068776,87.02,105.6,27.3,0.0
1508,49.203273,4.069928,87.02,105.6,27.3,0.0
1509,49.203063,4.071081,87.02,105.6,27.3,0.0
1510,49.202853,4.072234,87.02,105.6,27.3,0.0
1511,49.202644,4.073386,87.02,105.6,27.3,0.0
1512,49.202434,4.074539,87.02,105.6,27.3,0.0
1513,49.202225,4.075691,87.02,105.6,27.4,0.0
1514,49.202015,4.076844,87.02,105.6,27.4,0.0
1515,49.201805,4.077997,87.02,105.6,27.4,0.0
1516,49.201596,4.079149,87.02,105.6,27.4,0.0
1517,49.201386,4.080302,87.02,105.6,27.4,0.0
1518,49.201176,4.081454,87.02,105.6,27.4,0.0
1519,49.200967,4.082607,87.02,105.6,27.4,0.0
1520,49.200757,4.08376,87.02,105.6,27.5,0.0
1521,49.200548,4.084912,87.02,105.6,27.5,0.0
1522,49.200338,4.086065,87.03,105.6,27.5,0.0
1523,49.200128,4.087217,87.03,105.6,27.5,0.0
1524,49.199919,4.08837,87.03,105.6,27.5,0.0
1525,49.199709,4.089523,87.03,105.6,27.5,0.0
1526,49.199499,4.090675,87.03,105.6,27.5,0.0
1527,49.19929,4.091828,87.03,105.6,27.6,0.0
1528,49.19908,4.09298,87.03,105.6,27.6,0.0
1529,49.198871,4.094133,87.03,105.6,27.6,0.0
1530,49.198661,4.095286,87.03,105.6,27.6,0.0
1531,49.198451,4.096438,87.03,105.6,27.6,0.0
1532,49.198242,4.097591,87.03,105.6,27.6,0.0
1533,49.198032,4.098743,87.03,105.6,27.6,0.0
1534,49.197822,4.099896,87.03,105.6,27.7,0.0
1535,49.197613,4.101049,87.03,105.6,27.7,0.0
1536,49.197403,4.102201,87.03,105.6,27.7,0.0
1537,49.197193,4.103354,87.03,105.6,27.7,0.0
1538,49.196984,4.104506,87.03,105.6,27.7,0.0
1539,49.196774,4.105659,87.03,105.6,27.7,0.0
1540,49.196565,4.106812,87.03,105.6,27.7,0.0
1541,49.196355,4.107964,87.03,105.6,27.8,0.0
1542,49.196145,4.109117,87.03,105.6,27.8,0.0
1543,49.195936,4.110269,87.03,105.6,27.8,0.0
1544,49.195726,4.111422,87.03,105.6,27.8,0.0
1545,49.195516,4.112575,87.03,105.6,27.8,0.0
1546,49.195307,4.113727,87.03,105.6,27.8,0.0
1547,49.195097,4.11488,87.03,105.6,27.9,0.0
1548,49.194888,4.116032,87.03,105.6,27.9,0.0
1549,49.194678,4.117185,87.03,105.6,27.9,0.0
1550,49.194468,4.118338,87.03,105.6,27.9,0.0
1551,49.194259,4.11949,87.04,105.6,27.9,0.0
1552,49.194049,4.120643,87.04,105.6,27.9,0.0
1553,49.193839,4.121795,87.04,105.6,27.9,0.0
1554,49.19363,4.122948,87.04,105.6,28.0,0.0
1555,49.19342,4.124101,87.04,105.6,28.0,0.0
1556,49.193211,4.125253,87.04,105.6,28.0,0.0
1557,49.193001,4.126406,87.04,105.6,28.0,0.0
1558,49.192791,4.127558,87.04,105.6,28.0,0.0
1559,49.192582,4.128711,87.04,105.6,28.0,0.0
1560,49.192372,4.129864,87.04,105.6,28.1,0.0
1561,49.192162,4.131016,87.04,105.6,28.1,0.0
1562,49.191953,4.132169,87.04,105.6,28.1,0.0
1563,49.191743,4.133321,87.04,105.6,28.1,0.0
1564,49.191533,4.134474,87.04,105.6,28.1,0.0
1565,49.191324,4.135627,87.04,105.6,28.1,0.0
1566,49.191114,4.136779,87.04,105.6,28.2,0.0
1567,49.190905,4.137932,87.04,105.6,28.2,0.0
1568,49.190695,4.139084,87.04,105.6,28.2,0.0
1569,49.190485,4.140237,87.04,105.6,28.2,0.0
1570,49.190276,4.141389,87.04,105.6,28.2,0.0
1571,49.190066,4.142542,87.04,105.6,28.2,0.0
1572,49.189856,4.143695,87.04,105.6,28.2,0.0
1573,49.189647,4.144847,87.04,105.6,28.3,0.0
1574,49.189437,4.146,87.04,105.6,28.3,0.0
1575,49.189228,4.147152,87.04,105.6,28.3,0.0
1576,49.189018,4.148305,87.04,105.6,28.3,0.0
1577,49.188808,4.149458,87.04,105.6,28.3,0.0
1578,49.188599,4.15061,87.04,105.6,28.3,0.0
1579,49.188389,4.151763,87.04,105.6,28.4,0.0
1580,49.188179,4.152915,87.04,105.6,28.4,0.0
1581,49.18797,4.154068,87.05,105.6,28.4,0.0
1582,49.18776,4.155221,87.05,105.6,28.4,0.0
1583,49.187551,4.156373,87.05,105.6,28.4,0.0
1584,49.187341,4.157526,87.05,105.6,28.4,0.0
1585,49.187131,4.158678,87.05,105.6,28.5,0.0
1586,49.186922,4.159831,87.05,105.6,28.5,0.0
1587,49.186712,4.160984,87.05,105.6,28.5,0.0
1588,49.186502,4.162136,87.05,105.6,28.5,0.0
1589,49.186293,4.163289,87.05,105.6,28.5,0.0
1590,49.186083,4.164441,87.05,105.6,28.5,0.0
1591,49.185874,4.165594,87.05,105.5,28.6,0.0
1592,49.185664,4.166747,87.05,105.5,28.6,0.0
1593,49.185454,4.167899,87.05,105.5,28.6,0.0
1594,49.185245,4.169052,87.05,105.5,28.6,0.0
1595,49.185035,4.170204,87.05,105.5,28.6,0.0
1596,49.184825,4.171357,87.05,105.5,28.7,0.0
1597,49.184616,4.17251,87.05,105.5,28.7,0.0
1598,49.184406,4.173662,87.05,105.5,28.7,0.0
1599,49.184196,4.174815,87.05,105.5,28.7,0.0
1600,49.183987,4.175967,87.05,105.5,28.7,0.0
1601,49.183777,4.17712,87.05,105.5,28.7,0.0
1602,49.183568,4.178273,87.05,105.5,28.8,0.0
1603,49.183358,4.179425,87.05,105.5,28.8,0.0
1604,49.183148,4.180578,87.05,105.5,28.8,0.0
1605,49.182939,4.18173,87.05,105.5,28.8,0.0
1606,49.182729,4.182883,87.05,105.5,28.8,0.0
1607,49.182519,4.184036,87.05,105.5,28.8,0.0
1608,49.18231,4.185188,87.05,105.5,28.9,0.0
1609,49.1821,4.186341,87.05,105.5,28.9,0.0
1610,49.181891,4.187493,87.06,105.5,28.9,0.0
1611,49.181681,4.188646,87.06,105.5,28.9,0.0
1612,49.181471,4.189799,87.06,105.5,28.9,0.0
1613,49.181262,4.190951,87.06,105.5,29.0,0.0
1614,49.181052,4.192104,87.06,105.5,29.0,0.0
1615,49.180842,4.193256,87.06,105.5,29.0,0.0
1616,49.180633,4.194409,87.06,105.5,29.0,0.0
1617,49.180423,4.195562,87.06,105.5,29.0,0.0
1618,49.180214,4.196714,87.06,105.5,29.0,0.0
1619,49.180004,4.197867,87.06,105.5,29.1,0.0
1620,49.179794,4.199019,87.06,105.5,29.1,0.0
1621,49.179585,4.200172,87.06,105.5,29.1,0.0
1622,49.179375,4.201325,87.06,105.5,29.1,0.0
1623,49.179165,4.202477,87.06,105.5,29.1,0.0
1624,49.178956,4.20363,87.06,105.5,29.2,0.0
1625,49.178746,4.204782,87.06,105.5,29.2,0.0
1626,49.178536,4.205935,87.06,105.5,29.2,0.0
1627,49.178327,4.207088,87.06,105.5,29.2,0.0
1628,49.178117,4.20824,87.06,105.5,29.2,0.0
1629,49.177908,4.209393,87.06,105.5,29.2,0.0
1630,49.177698,4.210545,87.06,105.5,29.3,0.0
1631,49.177488,4.211698,87.06,105.5,29.3,0.0
1632,49.177279,4.212851,87.06,105.5,29.3,0.0
1633,49.177069,4.214003,87.06,105.5,29.3,0.0
1634,49.176859,4.215156,87.06,105.5,29.3,0.0
1635,49.17665,4.216308,87.06,105.5,29.4,0.0
1636,49.17644,4.217461,87.06,105.5,29.4,0.0
1637,49.176231,4.218614,87.06,105.5,29.4,0.0
1638,49.176021,4.219766,87.06,105.5,29.4,0.0
1639,49.175811,4.220919,87.07,105.5,29.4,0.0
1640,49.175602,4.222071,87.07,105.5,29.5,0.0
1641,49.175392,4.223224,87.07,105.5,29.5,0.0
1642,49.175182,4.224377,87.07,105.5,29.5,0.0
1643,49.174973,4.225529,87.07,105.5,29.5,0.0
1644,49.174763,4.226682,87.07,105.5,29.5,0.0
1645,49.174554,4.227834,87.07,105.5,29.5,0.0
1646,49.174344,4.228987,87.07,105.5,29.6,0.0
1647,49.174134,4.230139,87.07,105.5,29.6,0.0
1648,49.173925,4.231292,87.07,105.5,29.6,0.0
1649,49.173715,4.232445,87.07,105.5,29.6,0.0
1650,49.173505,4.233597,87.07,105.5,29.6,0.0
1651,49.173296,4.23475,87.07,105.5,29.7,0.0
1652,49.173086,4.235902,87.07,105.5,29.7,0.0
1653,49.172877,4.237055,87.07,105.5,29.7,0.0
1654,49.172667,4.238208,87.07,105.5,29.7,0.0
1655,49.172457,4.23936,87.07,105.5,29.7,0.0
1656,49.172248,4.240513,87.07,105.5,29.8,0.0
1657,49.172038,4.241665,87.07,105.5,29.8,0.0
1658,49.171828,4.242818,87.07,105.5,29.8,0.0
1659,49.171619,4.243971,87.07,105.5,29.8,0.0
1660,49.171409,4.245123,87.07,105.5,29.8,0.0
1661,49.171199,4.246276,87.07,105.5,29.9,0.0
1662,49.17099,4.247428,87.07,105.5,29.9,0.0
1663,49.17078,4.248581,87.07,105.5,29.9,0.0
1664,49.170571,4.249734,87.07,105.5,29.9,0.0
1665,49.170361,4.250886,87.07,105.5,29.9,0.0
1666,49.170151,4.252039,87.07,105.5,30.0,0.0
1667,49.169942,4.253191,87.07,105.5,30.0,0.0
1668,49.169732,4.254344,87.08,105.5,30.0,0.0
1669,49.169522,4.255497,87.08,105.5,30.0,0.0
1670,49.169313,4.256649,87.08,105.5,30.0,0.0
1671,49.169103,4.257802,87.08,105.5,30.1,0.0
1672,49.168894,4.258954,87.08,105.5,30.1,0.0
1673,49.168684,4.260107,87.08,105.5,30.1,0.0
1674,49.168474,4.26126,87.08,105.5,30.1,0.0
1675,49.168265,4.262412,87.08,105.5,30.1,0.0
1676,49.168055,4.263565,87.08,105.5,30.2,0.0
1677,49.167845,4.264717,87.08,105.5,30.2,0.0
1678,49.167636,4.26587,87.08,105.5,30.2,0.0
1679,49.167426,4.267023,87.08,105.5,30.2,0.0
1680,49.167217,4.268175,87.08,105.5,30.2,0.0
1681,49.167007,4.269328,87.08,105.5,30.3,0.0
1682,49.166797,4.27048,87.08,105.5,30.3,0.0
1683,49.166588,4.271633,87.08,105.5,30.3,0.0
1684,49.166378,4.272786,87.08,105.5,30.3,0.0
1685,49.166168,4.273938,87.08,105.5,30.3,0.0
1686,49.165959,4.275091,87.08,105.5,30.4,0.0
1687,49.165749,4.276243,87.08,105.5,30.4,0.0
1688,49.165539,4.277396,87.08,105.5,30.4,0.0
1689,49.16533,4.278549,87.08,105.5,30.4,0.0
1690,49.16512,4.279701,87.08,105.5,30.4,0.0
1691,49.164911,4.280854,87.08,105.5,30.5,0.0
1692,49.164701,4.282006,87.08,105.5,30.5,0.0
1693,49.164491,4.283159,87.08,105.5,30.5,0.0
1694,49.164282,4.284312,87.08,105.5,30.5,0.0
1695,49.164072,4.285464,87.08,105.5,30.6,0.0
1696,49.163862,4.286617,87.08,105.5,30.6,0.0
1697,49.163653,4.287769,87.08,105.5,30.6,0.0
1698,49.163443,4.288922,87.09,105.5,30.6,0.0
1699,49.163234,4.290075,87.09,105.5,30.6,0.0
1700,49.163024,4.291227,87.09,105.5,30.7,0.0
1701,49.162814,4.29238,87.09,105.5,30.7,0.0
1702,49.162605,4.293532,87.09,105.5,30.7,0.0
1703,49.162395,4.294685,87.09,105.5,30.7,0.0
1704,49.162185,4.295838,87.09,105.5,30.7,0.0
1705,49.161976,4.29699,87.09,105.5,30.8,0.0
1706,49.161766,4.298143,87.09,105.5,30.8,0.0
1707,49.161557,4.299295,87.09,105.5,30.8,0.0
1708,49.161347,4.300448,87.09,105.5,30.8,0.0
1709,49.161137,4.301601,87.09,105.5,30.8,0.0
1710,49.160928,4.302753,87.09,105.5,30.9,0.0
1711,49.160718,4.303906,87.09,105.5,30.9,0.0
1712,49.160508,4.305058,87.09,105.5,30.9,0.0
1713,49.160299,4.306211,87.09,105.5,30.9,0.0
1714,49.160089,4.307364,87.09,105.5,31.0,0.0
1715,49.159879,4.308516,87.09,105.5,31.0,0.0
1716,49.15967,4.309669,87.09,105.5,31.0,0.0
1717,49.15946,4.310821,87.09,105.5,31.0,0.0
1718,49.159251,4.311974,87.09,105.5,31.0,0.0
1719,49.159041,4.313126,87.09,105.5,31.1,0.0
1720,49.158831,4.314279,87.09,105.5,31.1,0.0
1721,49.158622,4.315432,87.09,105.5,31.1,0.0
1722,49.158412,4.316584,87.09,105.5,31.1,0.0
1723,49.158202,4.317737,87.09,105.5,31.2,0.0
1724,49.157993,4.318889,87.09,105.5,31.2,0.0
1725,49.157783,4.320042,87.09,105.5,31.2,0.0
1726,49.157574,4.321195,87.09,105.5,31.2,0.0
1727,49.157364,4.322347,87.1,105.5,31.2,0.0
1728,49.157154,4.3235,87.1,105.5,31.3,0.0
1729,49.156945,4.324652,87.1,105.5,31.3,0.0
1730,49.156735,4.325805,87.1,105.5,31.3,0.0
1731,49.156525,4.326958,87.1,105.5,31.3,0.0
1732,49.156316,4.32811,87.1,105.5,31.4,0.0
1733,49.156106,4.329263,87.1,105.5,31.4,0.0
1734,49.155897,4.330415,87.1,105.5,31.4,0.0
1735,49.155687,4.331568,87.1,105.5,31.4,0.0
1736,49.155477,4.332721,87.1,105.5,31.4,0.0
1737,49.155268,4.333873,87.1,105.5,31.5,0.0
1738,49.155058,4.335026,87.1,105.5,31.5,0.0
1739,49.154848,4.336178,87.1,105.5,31.5,0.0
1740,49.154639,4.337331,87.1,105.5,31.5,0.0
1741,49.154429,4.338484,87.1,105.5,31.6,0.0
1742,49.15422,4.339636,87.1,105.5,31.6,0.0
1743,49.15401,4.340789,87.1,105.5,31.6,0.0
1744,49.1538,4.341941,87.1,105.5,31.6,0.0
1745,49.153591,4.343094,87.1,105.5,31.6,0.0
1746,49.153381,4.344247,87.1,105.5,31.7,0.0
1747,49.153171,4.345399,87.1,105.5,31.7,0.0
1748,49.152962,4.346552,87.1,105.5,31.7,0.0
1749,49.152752,4.347704,87.1,105.5,31.7,0.0
1750,49.152542,4.348857,87.1,105.5,31.8,0.0
1751,49.152333,4.35001,87.1,105.5,31.8,0.0
1752,49.152123,4.351162,87.1,105.5,31.8,0.0
1753,49.151914,4.352315,87.1,105.5,31.8,0.0
1754,49.151704,4.353467,87.1,105.5,31.9,0.0
1755,49.151494,4.35462,87.1,105.5,31.9,0.0
1756,49.151285,4.355773,87.11,105.5,31.9,0.0
1757,49.151075,4.356925,87.11,105.5,31.9,0.0
1758,49.150865,4.358078,87.11,105.5,31.9,0.0
1759,49.150656,4.35923,87.11,105.5,32.0,0.0
1760,49.150446,4.360383,87.11,105.5,32.0,0.0
1761,49.150237,4.361536,87.11,105.5,32.0,0.0
1762,49.150027,4.362688,87.11,105.5,32.0,0.0
1763,49.149817,4.363841,87.11,105.5,32.1,0.0
1764,49.149608,4.364993,87.11,105.5,32.1,0.0
1765,49.149398,4.366146,87.11,105.5,32.1,0.0
1766,49.149188,4.367299,87.11,105.5,32.1,0.0
1767,49.148979,4.368451,87.11,105.5,32.2,0.0
1768,49.148769,4.369604,87.11,105.5,32.2,0.0
1769,49.14856,4.370756,87.11,105.5,32.2,0.0
1770,49.14835,4.371909,87.11,105.5,32.2,0.0
1771,49.14814,4.373062,87.11,105.5,32.3,0.0
1772,49.147931,4.374214,87.11,105.5,32.3,0.0
1773,49.147721,4.375367,87.11,105.5,32.3,0.0
1774,49.147511,4.376519,87.11,105.5,32.3,0.0
1775,49.147302,4.377672,87.11,105.5,32.3,0.0
1776,49.147092,4.378825,87.11,105.5,32.4,0.0
1777,49.146882,4.379977,87.11,105.5,32.4,0.0
1778,49.146673,4.38113,87.11,105.5,32.4,0.0
1779,49.146463,4.382282,87.11,105.5,32.4,0.0
1780,49.146254,4.383435,87.11,105.5,32.5,0.0
1781,49.146044,4.384588,87.11,105.5,32.5,0.0
1782,49.145834,4.38574,87.11,105.5,32.5,0.0
1783,49.145625,4.386893,87.11,105.5,32.5,0.0
1784,49.145415,4.388045,87.11,105.5,32.6,0.0
1785,49.145205,4.389198,87.12,105.5,32.6,0.0
1786,49.144996,4.390351,87.12,105.5,32.6,0.0
1787,49.144786,4.391503,87.12,105.5,32.6,0.0
1788,49.144577,4.392656,87.12,105.5,32.7,0.0
1789,49.144367,4.393808,87.12,105.5,32.7,0.0
1790,49.144157,4.394961,87.12,105.5,32.7,0.0
1791,49.143948,4.396113,87.12,105.5,32.7,0.0
1792,49.143738,4.397266,87.12,105.5,32.8,0.0
1793,49.143528,4.398419,87.12,105.5,32.8,0.0
1794,49.143319,4.399571,87.12,105.5,32.8,0.0
1795,49.143109,4.400724,87.12,105.5,32.8,0.0
1796,49.1429,4.401876,87.12,105.5,32.9,0.0
1797,49.14269,4.403029,87.12,105.5,32.9,0.0
1798,49.14248,4.404182,87.12,105.5,32.9,0.0
1799,49.142271,4.405334,87.12,105.5,32.9,0.0
1800,49.142061,4.406487,87.12,105.5,33.0,0.0
1801,49.141851,4.407639,87.12,105.5,33.0,0.0
1802,49.141642,4.408792,87.12,105.5,33.0,0.0
1803,49.141432,4.409945,87.12,105.5,33.0,0.0
1804,49.141223,4.411097,87.12,105.5,33.1,0.0
1805,49.141013,4.41225,87.12,105.5,33.1,0.0
1806,49.140803,4.413402,87.12,105.5,33.1,0.0
1807,49.140594,4.414555,87.12,105.5,33.1,0.0
1808,49.140384,4.415708,87.12,105.5,33.2,0.0
1809,49.140174,4.41686,87.12,105.5,33.2,0.0
1810,49.139965,4.418013,87.12,105.5,33.2,0.0
1811,49.139755,4.419165,87.12,105.5,33.2,0.0
1812,49.139545,4.420318,87.12,105.5,33.3,0.0
1813,49.139336,4.421471,87.12,105.5,33.3,0.0
1814,49.139126,4.422623,87.13,105.5,33.3,0.0
1815,49.138917,4.423776,87.13,105.5,33.3,0.0
1816,49.138707,4.424928,87.13,105.5,33.4,0.0
1817,49.138497,4.426081,87.13,105.5,33.4,0.0
1818,49.138288,4.427234,87.13,105.5,33.4,0.0
1819,49.138078,4.428386,87.13,105.5,33.4,0.0
1820,49.137868,4.429539,87.13,105.5,33.5,0.0
1821,49.137659,4.430691,87.13,105.5,33.5,0.0
1822,49.137449,4.431844,87.13,105.5,33.5,0.0
1823,49.13724,4.432997,87.13,105.5,33.5,0.0
1824,49.13703,4.434149,87.13,105.5,33.6,0.0
1825,49.13682,4.435302,87.13,105.5,33.6,0.0
1826,49.136611,4.436454,87.13,105.5,33.6,0.0
1827,49.136401,4.437607,87.13,105.5,33.6,0.0
1828,49.136191,4.43876,87.13,105.5,33.7,0.0
1829,49.135982,4.439912,87.13,105.5,33.7,0.0
1830,49.135772,4.441065,87.13,105.5,33.7,0.0
1831,49.135563,4.442217,87.13,105.5,33.7,0.0
1832,49.135353,4.44337,87.13,105.5,33.8,0.0
1833,49.135143,4.444523,87.13,105.5,33.8,0.0
1834,49.134934,4.445675,87.13,105.5,33.8,0.0
1835,49.134724,4.446828,87.13,105.5,33.8,0.0
1836,49.134514,4.44798,87.13,105.5,33.9,0.0
1837,49.134305,4.449133,87.13,105.5,33.9,0.0
1838,49.134095,4.450286,87.13,105.5,33.9,0.0
1839,49.133885,4.451438,87.13,105.5,33.9,0.0
1840,49.133676,4.452591,87.13,105.5,34.0,0.0
1841,49.133466,4.453743,87.13,105.5,34.0,0.0
1842,49.133257,4.454896,87.13,105.5,34.0,0.0
1843,49.133047,4.456049,87.13,105.5,34.0,0.0
1844,49.132837,4.457201,87.14,105.5,34.1,0.0
1845,49.132628,4.458354,87.14,105.5,34.1,0.0
1846,49.132418,4.459506,87.14,105.5,34.1,0.0
1847,49.132208,4.460659,87.14,105.5,34.1,0.0
1848,49.131999,4.461812,87.14,105.5,34.2,0.0
1849,49.131789,4.462964,87.14,105.5,34.2,0.0
1850,49.13158,4.464117,87.14,105.5,34.2,0.0
1851,49.13137,4.465269,87.14,105.5,34.3,0.0
1852,49.13116,4.466422,87.14,105.5,34.3,0.0
1853,49.130951,4.467575,87.14,105.5,34.3,0.0
1854,49.130741,4.468727,87.14,105.5,34.3,0.0
1855,49.130531,4.46988,87.14,105.5,34.4,0.0
1856,49.130322,4.471032,87.14,105.5,34.4,0.0
1857,49.130112,4.472185,87.14,105.5,34.4,0.0
1858,49.129903,4.473338,87.14,105.5,34.4,0.0
1859,49.129693,4.47449,87.14,105.5,34.5,0.0
1860,49.129483,4.475643,87.14,105.5,34.5,0.0
1861,49.129274,4.476795,87.14,105.5,34.5,0.0
1862,49.129064,4.477948,87.14,105.5,34.5,0.0
1863,49.128854,4.4791,87.14,105.5,34.6,0.0
1864,49.128645,4.480253,87.14,105.5,34.6,0.0
1865,49.128435,4.481406,87.14,105.5,34.6,0.0
1866,49.128225,4.482558,87.14,105.5,34.7,0.0
1867,49.128016,4.483711,87.14,105.5,34.7,0.0
1868,49.127806,4.484863,87.14,105.5,34.7,0.0
1869,49.127597,4.486016,87.14,105.5,34.7,0.0
1870,49.127387,4.487169,87.14,105.5,34.8,0.0
1871,49.127177,4.488321,87.14,105.5,34.8,0.0
1872,49.126968,4.489474,87.14,105.5,34.8,0.0
1873,49.126758,4.490626,87.15,105.5,34.8,0.0
1874,49.126548,4.491779,87.15,105.5,34.9,0.0
1875,49.126339,4.492932,87.15,105.5,34.9,0.0
1876,49.126129,4.494084,87.15,105.5,34.9,0.0
1877,49.12592,4.495237,87.15,105.5,35.0,0.0
1878,49.12571,4.496389,87.15,105.5,35.0,0.0
1879,49.1255,4.497542,87.15,105.5,35.0,0.0
1880,49.125291,4.498695,87.15,105.5,35.0,0.0
1881,49.125081,4.499847,87.15,105.5,35.1,0.0
1882,49.124871,4.501,87.15,105.5,35.1,0.0
1883,49.124662,4.502152,87.15,105.5,35.1,0.0
1884,49.124452,4.503305,87.15,105.5,35.1,0.0
1885,49.124243,4.504458,87.15,105.5,35.2,0.0
1886,49.124033,4.50561,87.15,105.5,35.2,0.0
1887,49.123823,4.506763,87.15,105.5,35.2,0.0
1888,49.123614,4.507915,87.15,105.5,35.3,0.0
1889,49.123404,4.509068,87.15,105.5,35.3,0.0
1890,49.123194,4.510221,87.15,105.5,35.3,0.0
1891,49.122985,4.511373,87.15,105.5,35.3,0.0
1892,49.122775,4.512526,87.15,105.5,35.4,0.0
1893,49.122566,4.513678,87.15,105.5,35.4,0.0
1894,49.122356,4.514831,87.15,105.5,35.4,0.0
1895,49.122146,4.515984,87.15,105.5,35.4,0.0
1896,49.121937,4.517136,87.15,105.5,35.5,0.0
1897,49.121727,4.518289,87.15,105.5,35.5,0.0
1898,49.121517,4.519441,87.15,105.5,35.5,0.0
1899,49.121308,4.520594,87.15,105.5,35.6,0.0
1900,49.121098,4.521747,87.15,105.5,35.6,0.0
1901,49.120888,4.522899,87.15,105.5,35.6,0.0
1902,49.120679,4.524052,87.16,105.5,35.6,0.0
1903,49.120469,4.525204,87.16,105.5,35.7,0.0
1904,49.12026,4.526357,87.16,105.5,35.7,0.0
1905,49.12005,4.52751,87.16,105.5,35.7,0.0
1906,49.11984,4.528662,87.16,105.5,35.8,0.0
1907,49.119631,4.529815,87.16,105.5,35.8,0.0
1908,49.119421,4.530967,87.16,105.5,35.8,0.0
1909,49.119211,4.53212,87.16,105.5,35.8,0.0
1910,49.119002,4.533273,87.16,105.5,35.9,0.0
1911,49.118792,4.534425,87.16,105.5,35.9,0.0
1912,49.118583,4.535578,87.16,105.5,35.9,0.0
1913,49.118373,4.53673,87.16,105.5,35.9,0.0
1914,49.118163,4.537883,87.16,105.5,36.0,0.0
1915,49.117954,4.539036,87.16,105.5,36.0,0.0
1916,49.117744,4.540188,87.16,105.5,36.0,0.0
1917,49.117534,4.541341,87.16,105.5,36.1,0.0
1918,49.117325,4.542493,87.16,105.5,36.1,0.0
1919,49.117115,4.543646,87.16,105.5,36.1,0.0
1920,49.116906,4.544799,87.16,105.5,36.1,0.0
1921,49.116696,4.545951,87.16,105.5,36.2,0.0
1922,49.116486,4.547104,87.16,105.5,36.2,0.0
1923,49.116277,4.548256,87.16,105.5,36.2,0.0
1924,49.116067,4.549409,87.16,105.5,36.3,0.0
1925,49.115857,4.550562,87.16,105.5,36.3,0.0
1926,49.115648,4.551714,87.16,105.5,36.3,0.0
1927,49.115438,4.552867,87.16,105.5,36.3,0.0
1928,49.115228,4.554019,87.16,105.5,36.4,0.0
1929,49.115019,4.555172,87.16,105.5,36.4,0.0
1930,49.114809,4.556325,87.16,105.5,36.4,0.0
1931,49.1146,4.557477,87.17,105.5,36.5,0.0
1932,49.11439,4.55863,87.17,105.5,36.5,0.0
1933,49.11418,4.559782,87.17,105.5,36.5,0.0
1934,49.113971,4.560935,87.17,105.5,36.5,0.0
1935,49.113761,4.562088,87.17,105.5,36.6,0.0
1936,49.113551,4.56324,87.17,105.5,36.6,0.0
1937,49.113342,4.564393,87.17,105.5,36.6,0.0
1938,49.113132,4.565545,87.17,105.5,36.7,0.0
1939,49.112923,4.566698,87.17,105.5,36.7,0.0
1940,49.112713,4.56785,87.17,105.5,36.7,0.0
1941,49.112503,4.569003,87.17,105.5,36.8,0.0
1942,49.112294,4.570156,87.17,105.5,36.8,0.0
1943,49.112084,4.571308,87.17,105.5,36.8,0.0
1944,49.111874,4.572461,87.17,105.5,36.8,0.0
1945,49.111665,4.573613,87.17,105.5,36.9,0.0
1946,49.111455,4.574766,87.17,105.5,36.9,0.0
1947,49.111246,4.575919,87.17,105.5,36.9,0.0
1948,49.111036,4.577071,87.17,105.5,37.0,0.0
1949,49.110826,4.578224,87.17,105.5,37.0,0.0
1950,49.110617,4.579376,87.17,105.5,37.0,0.0
1951,49.110407,4.580529,87.17,105.5,37.0,0.0
1952,49.110197,4.581682,87.17,105.5,37.1,0.0
1953,49.109988,4.582834,87.17,105.5,37.1,0.0
1954,49.109778,4.583987,87.17,105.5,37.1,0.0
1955,49.109569,4.585139,87.17,105.5,37.2,0.0
1956,49.109359,4.586292,87.17,105.5,37.2,0.0
1957,49.109149,4.587445,87.17,105.5,37.2,0.0
1958,49.10894,4.588597,87.17,105.5,37.2,0.0
1959,49.10873,4.58975,87.17,105.5,37.3,0.0
1960,49.10852,4.590902,87.17,105.5,37.3,0.0
1961,49.108311,4.592055,87.18,105.5,37.3,0.0
1962,49.108101,4.593208,87.18,105.5,37.4,0.0
1963,49.107891,4.59436,87.18,105.5,37.4,0.0
1964,49.107682,4.595513,87.18,105.5,37.4,0.0
1965,49.107472,4.596665,87.18,105.5,37.5,0.0
1966,49.107263,4.597818,87.18,105.5,37.5,0.0
1967,49.107053,4.598971,87.18,105.5,37.5,0.0
1968,49.106843,4.600123,87.18,105.5,37.5,0.0
1969,49.106634,4.601276,87.18,105.5,37.6,0.0
1970,49.106424,4.602428,87.18,105.5,37.6,0.0
1971,49.106214,4.603581,87.18,105.5,37.6,0.0
1972,49.106005,4.604734,87.18,105.5,37.7,0.0
1973,49.105795,4.605886,87.18,105.5,37.7,0.0
1974,49.105586,4.607039,87.18,105.5,37.7,0.0
1975,49.105376,4.608191,87.18,105.5,37.8,0.0
1976,49.105166,4.609344,87.18,105.5,37.8,0.0
1977,49.104957,4.610497,87.18,105.5,37.8,0.0
1978,49.104747,4.611649,87.18,105.5,37.8,0.0
1979,49.104537,4.612802,87.18,105.5,37.9,0.0
1980,49.104328,4.613954,87.18,105.5,37.9,0.0
1981,49.104118,4.615107,87.18,105.5,37.9,0.0
1982,49.103909,4.61626,87.18,105.5,38.0,0.0
1983,49.103699,4.617412,87.18,105.5,38.0,0.0
1984,49.103489,4.618565,87.18,105.5,38.0,0.0
1985,49.10328,4.619717,87.18,105.5,38.1,0.0
1986,49.10307,4.62087,87.18,105.5,38.1,0.0
1987,49.10286,4.622023,87.18,105.5,38.1,0.0
1988,49.102651,4.623175,87.18,105.5,38.1,0.0
1989,49.102441,4.624328,87.18,105.5,38.2,0.0
1990,49.102231,4.62548,87.19,105.5,38.2,0.0
1991,49.102022,4.626633,87.19,105.5,38.2,0.0
1992,49.101812,4.627786,87.19,105.5,38.3,0.0
1993,49.101603,4.628938,87.19,105.5,38.3,0.0
1994,49.101393,4.630091,87.19,105.5,38.3,0.0
1995,49.101183,4.631243,87.19,105.5,38.4,0.0
1996,49.100974,4.632396,87.19,105.5,38.4,0.0
1997,49.100764,4.633549,87.19,105.5,38.4,0.0
1998,49.100554,4.634701,87.19,105.5,38.5,0.0
1999,49.100345,4.635854,87.19,105.5,38.5,0.0
2000,49.100135,4.637006,87.19,105.5,38.5,0.0
2001,49.099926,4.638159,87.19,105.5,38.5,0.0
2002,49.099716,4.639312,87.19,105.5,38.6,0.0
2003,49.099506,4.640464,87.19,105.5,38.6,0.0
2004,49.099297,4.641617,87.19,105.5,38.6,0.0
2005,49.099087,4.642769,87.19,105.5,38.7,0.0
2006,49.098877,4.643922,87.19,105.5,38.7,0.0
2007,49.098668,4.645075,87.19,105.5,38.7,0.0
2008,49.098458,4.646227,87.19,105.5,38.8,0.0
2009,49.098249,4.64738,87.19,105.5,38.8,0.0
2010,49.098039,4.648532,87.19,105.5,38.8,0.0
2011,49.097829,4.649685,87.19,105.5,38.9,0.0
2012,49.09762,4.650837,87.19,105.5,38.9,0.0
2013,49.09741,4.65199,87.19,105.5,38.9,0.0
2014,49.0972,4.653143,87.19,105.5,38.9,0.0
2015,49.096991,4.654295,87.19,105.5,39.0,0.0
2016,49.096781,4.655448,87.19,105.5,39.0,0.0
2017,49.096571,4.6566,87.19,105.5,39.0,0.0
2018,49.096362,4.657753,87.19,105.5,39.1,0.0
2019,49.096152,4.658906,87.2,105.5,39.1,0.0
2020,49.095943,4.660058,87.2,105.5,39.1,0.0
2021,49.095733,4.661211,87.2,105.5,39.2,0.0
2022,49.095523,4.662363,87.2,105.5,39.2,0.0
2023,49.095314,4.663516,87.2,105.5,39.2,0.0
2024,49.095104,4.664669,87.2,105.5,39.3,0.0
2025,49.094894,4.665821,87.2,105.5,39.3,0.0
2026,49.094685,4.666974,87.2,105.5,39.3,0.0
2027,49.094475,4.668126,87.2,105.5,39.4,0.0
2028,49.094266,4.669279,87.2,105.5,39.4,0.0
2029,49.094056,4.670432,87.2,105.5,39.4,0.0
2030,49.093846,4.671584,87.2,105.5,39.4,0.0
2031,49.093637,4.672737,87.2,105.5,39.5,0.0
2032,49.093427,4.673889,87.2,105.5,39.5,0.0
2033,49.093217,4.675042,87.2,105.5,39.5,0.0
2034,49.093008,4.676195,87.2,105.5,39.6,0.0
2035,49.092798,4.677347,87.2,105.5,39.6,0.0
2036,49.092589,4.6785,87.2,105.5,39.6,0.0
2037,49.092379,4.679652,87.2,105.5,39.7,0.0
2038,49.092169,4.680805,87.2,105.5,39.7,0.0
2039,49.09196,4.681958,87.2,105.5,39.7,0.0
2040,49.09175,4.68311,87.2,105.5,39.8,0.0
2041,49.09154,4.684263,87.2,105.5,39.8,0.0
2042,49.091331,4.685415,87.2,105.5,39.8,0.0
2043,49.091121,4.686568,87.2,105.5,39.9,0.0
2044,49.090912,4.687721,87.2,105.5,39.9,0.0
2045,49.090702,4.688873,87.2,105.5,39.9,0.0
2046,49.090492,4.690026,87.2,105.5,40.0,0.0
2047,49.090283,4.691178,87.2,105.5,40.0,0.0
2048,49.090073,4.692331,87.21,105.5,40.0,0.0
2049,49.089863,4.693484,87.21,105.5,40.0,0.0
2050,49.089654,4.694636,87.21,105.5,40.1,0.0
2051,49.089444,4.695789,87.21,105.5,40.1,0.0
2052,49.089234,4.696941,87.21,105.5,40.1,0.0
2053,49.089025,4.698094,87.21,105.5,40.2,0.0
2054,49.088815,4.699247,87.21,105.5,40.2,0.0
2055,49.088606,4.700399,87.21,105.5,40.2,0.0
2056,49.088396,4.701552,87.21,105.5,40.3,0.0
2057,49.088186,4.702704,87.21,105.5,40.3,0.0
2058,49.087977,4.703857,87.21,105.5,40.3,0.0
2059,49.087767,4.70501,87.21,105.5,40.4,0.0
2060,49.087557,4.706162,87.21,105.5,40.4,0.0
2061,49.087348,4.707315,87.21,105.5,40.4,0.0
2062,49.087138,4.708467,87.21,105.5,40.5,0.0
2063,49.086929,4.70962,87.21,105.5,40.5,0.0
2064,49.086719,4.710773,87.21,105.5,40.5,0.0
2065,49.086509,4.711925,87.21,105.5,40.6,0.0
2066,49.0863,4.713078,87.21,105.5,40.6,0.0
2067,49.08609,4.71423,87.21,105.5,40.6,0.0
2068,49.08588,4.715383,87.21,105.5,40.7,0.0
2069,49.085671,4.716536,87.21,105.5,40.7,0.0
2070,49.085461,4.717688,87.21,105.5,40.7,0.0
2071,49.085252,4.718841,87.21,105.5,40.8,0.0
2072,49.085042,4.719993,87.21,105.5,40.8,0.0
2073,49.084832,4.721146,87.21,105.5,40.8,0.0
2074,49.084623,4.722299,87.21,105.5,40.9,0.0
2075,49.084413,4.723451,87.21,105.5,40.9,0.0
2076,49.084203,4.724604,87.21,105.5,40.9,0.0
2077,49.083994,4.725756,87.21,105.5,41.0,0.0
2078,49.083784,4.726909,87.22,105.5,41.0,0.0
2079,49.083574,4.728062,87.22,105.5,41.0,0.0
2080,49.083365,4.729214,87.22,105.5,41.1,0.0
2081,49.083155,4.730367,87.22,105.5,41.1,0.0
2082,49.082946,4.731519,87.22,105.5,41.1,0.0
2083,49.082736,4.732672,87.22,105.5,41.1,0.0
2084,49.082526,4.733824,87.22,105.5,41.2,0.0
2085,49.082317,4.734977,87.22,105.5,41.2,0.0
2086,49.082107,4.73613,87.22,105.5,41.2,0.0
2087,49.081897,4.737282,87.22,105.5,41.3,0.0
2088,49.081688,4.738435,87.22,105.5,41.3,0.0
2089,49.081478,4.739587,87.22,105.5,41.3,0.0
2090,49.081269,4.74074,87.22,105.5,41.4,0.0
2091,49.081059,4.741893,87.22,105.5,41.4,0.0
2092,49.080849,4.743045,87.22,105.5,41.4,0.0
2093,49.08064,4.744198,87.22,105.5,41.5,0.0
2094,49.08043,4.74535,87.22,105.5,41.5,0.0
2095,49.08022,4.746503,87.22,105.5,41.5,0.0
2096,49.080011,4.747656,87.22,105.5,41.6,0.0
2097,49.079801,4.748808,87.22,105.5,41.6,0.0
2098,49.079592,4.749961,87.22,105.5,41.6,0.0
2099,49.079382,4.751113,87.22,105.5,41.7,0.0
2100,49.079172,4.752266,87.22,105.5,41.7,0.0
2101,49.078963,4.753419,87.22,105.5,41.7,0.0
2102,49.078753,4.754571,87.22,105.5,41.8,0.0
2103,49.078543,4.755724,87.22,105.5,41.8,0.0
2104,49.078334,4.756876,87.22,105.5,41.8,0.0
2105,49.078124,4.758029,87.22,105.5,41.9,0.0
2106,49.077915,4.759182,87.22,105.5,41.9,0.0
2107,49.077705,4.760334,87.23,105.5,41.9,0.0
2108,49.077495,4.761487,87.23,105.5,42.0,0.0
2109,49.077286,4.762639,87.23,105.5,42.0,0.0
2110,49.077076,4.763792,87.23,105.5,42.0,0.0
2111,49.076866,4.764945,87.23,105.5,42.1,0.0
2112,49.076657,4.766097,87.23,105.5,42.1,0.0
2113,49.076447,4.76725,87.23,105.5,42.1,0.0
2114,49.076237,4.768402,87.23,105.5,42.2,0.0
2115,49.076028,4.769555,87.23,105.5,42.2,0.0
2116,49.075818,4.770708,87.23,105.5,42.2,0.0
2117,49.075609,4.77186,87.23,105.5,42.3,0.0
2118,49.075399,4.773013,87.23,105.5,42.3,0.0
2119,49.075189,4.774165,87.23,105.5,42.3,0.0
2120,49.07498,4.775318,87.23,105.5,42.4,0.0
2121,49.07477,4.776471,87.23,105.5,42.4,0.0
2122,49.07456,4.777623,87.23,105.5,42.4,0.0
2123,49.074351,4.778776,87.23,105.5,42.5,0.0
2124,49.074141,4.779928,87.23,105.5,42.5,0.0
2125,49.073932,4.781081,87.23,105.5,42.5,0.0
2126,49.073722,4.782234,87.23,105.5,42.6,0.0
2127,49.073512,4.783386,87.23,105.5,42.6,0.0
2128,49.073303,4.784539,87.23,105.5,42.6,0.0
2129,49.073093,4.785691,87.23,105.5,42.7,0.0
2130,49.072883,4.786844,87.23,105.5,42.7,0.0
2131,49.072674,4.787997,87.23,105.5,42.7,0.0
2132,49.072464,4.789149,87.23,105.5,42.8,0.0
2133,49.072255,4.790302,87.23,105.5,42.8,0.0
2134,49.072045,4.791454,87.23,105.5,42.9,0.0
2135,49.071835,4.792607,87.23,105.5,42.9,0.0
2136,49.071626,4.79376,87.24,105.5,42.9,0.0
2137,49.071416,4.794912,87.24,105.5,43.0,0.0
2138,49.071206,4.796065,87.24,105.5,43.0,0.0
2139,49.070997,4.797217,87.24,105.5,43.0,0.0
2140,49.070787,4.79837,87.24,105.5,43.1,0.0
2141,49.070577,4.799523,87.24,105.5,43.1,0.0
2142,49.070368,4.800675,87.24,105.5,43.1,0.0
2143,49.070158,4.801828,87.24,105.5,43.2,0.0
2144,49.069949,4.80298,87.24,105.5,43.2,0.0
2145,49.069739,4.804133,87.24,105.5,43.2,0.0
2146,49.069529,4.805286,87.24,105.5,43.3,0.0
2147,49.06932,4.806438,87.24,105.5,43.3,0.0
2148,49.06911,4.807591,87.24,105.5,43.3,0.0
2149,49.0689,4.808743,87.24,105.5,43.4,0.0
2150,49.068691,4.809896,87.24,105.5,43.4,0.0
2151,49.068481,4.811049,87.24,105.5,43.4,0.0
2152,49.068272,4.812201,87.24,105.5,43.5,0.0
2153,49.068062,4.813354,87.24,105.5,43.5,0.0
2154,49.067852,4.814506,87.24,105.5,43.5,0.0
2155,49.067643,4.815659,87.24,105.5,43.6,0.0
2156,49.067433,4.816811,87.24,105.5,43.6,0.0
2157,49.067223,4.817964,87.24,105.5,43.6,0.0
2158,49.067014,4.819117,87.24,105.5,43.7,0.0
2159,49.066804,4.820269,87.24,105.5,43.7,0.0
2160,49.066595,4.821422,87.24,105.5,43.7,0.0
2161,49.066385,4.822574,87.24,105.5,43.8,0.0
2162,49.066175,4.823727,87.24,105.5,43.8,0.0
2163,49.065966,4.82488,87.24,105.5,43.8,0.0
2164,49.065756,4.826032,87.24,105.5,43.9,0.0
2165,49.065546,4.827185,87.25,105.5,43.9,0.0
2166,49.065337,4.828337,87.25,105.5,43.9,0.0
2167,49.065127,4.82949,87.25,105.5,44.0,0.0
2168,49.064917,4.830643,87.25,105.5,44.0,0.0
2169,49.064708,4.831795,87.25,105.5,44.0,0.0
2170,49.064498,4.832948,87.25,105.5,44.1,0.0
2171,49.064289,4.8341,87.25,105.5,44.1,0.0
2172,49.064079,4.835253,87.25,105.5,44.2,0.0
2173,49.063869,4.836406,87.25,105.5,44.2,0.0
2174,49.06366,4.837558,87.25,105.5,44.2,0.0
2175,49.06345,4.838711,87.25,105.5,44.3,0.0
2176,49.06324,4.839863,87.25,105.5,44.3,0.0
2177,49.063031,4.841016,87.25,105.5,44.3,0.0
2178,49.062821,4.842169,87.25,105.5,44.4,0.0
2179,49.062612,4.843321,87.25,105.5,44.4,0.0
2180,49.062402,4.844474,87.25,105.5,44.4,0.0
2181,49.062192,4.845626,87.25,105.5,44.5,0.0
2182,49.061983,4.846779,87.25,105.5,44.5,0.0
2183,49.061773,4.847932,87.25,105.5,44.5,0.0
2184,49.061563,4.849084,87.25,105.5,44.6,0.0
2185,49.061354,4.850237,87.25,105.5,44.6,0.0
2186,49.061144,4.851389,87.25,105.5,44.6,0.0
2187,49.060935,4.852542,87.25,105.5,44.7,0.0
2188,49.060725,4.853695,87.25,105.5,44.7,0.0
2189,49.060515,4.854847,87.25,105.5,44.7,0.0
2190,49.060306,4.856,87.25,105.5,44.8,0.0
2191,49.060096,4.857152,87.25,105.5,44.8,0.0
2192,49.059886,4.858305,87.25,105.5,44.9,0.0
2193,49.059677,4.859458,87.25,105.5,44.9,0.0
2194,49.059467,4.86061,87.25,105.5,44.9,0.0
2195,49.059258,4.861763,87.26,105.5,45.0,0.0
2196,49.059048,4.862915,87.26,105.5,45.0,0.0
2197,49.058838,4.864068,87.26,105.5,45.0,0.0
2198,49.058629,4.865221,87.26,105.5,45.1,0.0
2199,49.058419,4.866373,87.26,105.5,45.1,0.0
2200,49.058209,4.867526,87.26,105.5,45.1,0.0
2201,49.058,4.868678,87.26,105.5,45.2,0.0
2202,49.05779,4.869831,87.26,105.5,45.2,0.0
2203,49.05758,4.870984,87.26,105.5,45.2,0.0
2204,49.057371,4.872136,87.26,105.5,45.3,0.0
2205,49.057161,4.873289,87.26,105.5,45.3,0.0
2206,49.056952,4.874441,87.26,105.5,45.3,0.0
2207,49.056742,4.875594,87.26,105.5,45.4,0.0
2208,49.056532,4.876747,87.26,105.5,45.4,0.0
2209,49.056323,4.877899,87.26,105.5,45.4,0.0
2210,49.056113,4.879052,87.26,105.5,45.5,0.0
2211,49.055903,4.880204,87.26,105.5,45.5,0.0
2212,49.055694,4.881357,87.26,105.5,45.6,0.0
2213,49.055484,4.88251,87.26,105.5,45.6,0.0
2214,49.055275,4.883662,87.26,105.5,45.6,0.0
2215,49.055065,4.884815,87.26,105.5,45.7,0.0
2216,49.054855,4.885967,87.26,105.5,45.7,0.0
2217,49.054646,4.88712,87.26,105.5,45.7,0.0
2218,49.054436,4.888273,87.26,105.5,45.8,0.0
2219,49.054226,4.889425,87.26,105.5,45.8,0.0
2220,49.054017,4.890578,87.26,105.5,45.8,0.0
2221,49.053807,4.89173,87.26,105.5,45.9,0.0
2222,49.053598,4.892883,87.26,105.5,45.9,0.0
2223,49.053388,4.894036,87.26,105.5,45.9,0.0
2224,49.053178,4.895188,87.27,105.5,46.0,0.0
2225,49.052969,4.896341,87.27,105.5,46.0,0.0
2226,49.052759,4.897493,87.27,105.5,46.1,0.0
2227,49.052549,4.898646,87.27,105.5,46.1,0.0
2228,49.05234,4.899798,87.27,105.5,46.1,0.0
2229,49.05213,4.900951,87.27,105.5,46.2,0.0
2230,49.05192,4.902104,87.27,105.5,46.2,0.0
2231,49.051711,4.903256,87.27,105.5,46.2,0.0
2232,49.051501,4.904409,87.27,105.5,46.3,0.0
2233,49.051292,4.905561,87.27,105.5,46.3,0.0
2234,49.051082,4.906714,87.27,105.5,46.3,0.0
2235,49.050872,4.907867,87.27,105.5,46.4,0.0
2236,49.050663,4.909019,87.27,105.5,46.4,0.0
2237,49.050453,4.910172,87.27,105.5,46.4,0.0
2238,49.050243,4.911324,87.27,105.5,46.5,0.0
2239,49.050034,4.912477,87.27,105.5,46.5,0.0
2240,49.049824,4.91363,87.27,105.5,46.6,0.0
2241,49.049615,4.914782,87.27,105.5,46.6,0.0
2242,49.049405,4.915935,87.27,105.5,46.6,0.0
2243,49.049195,4.917087,87.27,105.5,46.7,0.0
2244,49.048986,4.91824,87.27,105.5,46.7,0.0
2245,49.048776,4.919393,87.27,105.5,46.7,0.0
2246,49.048566,4.920545,87.27,105.5,46.8,0.0
2247,49.048357,4.921698,87.27,105.5,46.8,0.0
2248,49.048147,4.92285,87.27,105.5,46.8,0.0
2249,49.047938,4.924003,87.27,105.5,46.9,0.0
2250,49.047728,4.925156,87.27,105.5,46.9,0.0
2251,49.047518,4.926308,87.27,105.5,47.0,0.0
2252,49.047309,4.927461,87.27,105.5,47.0,0.0
2253,49.047099,4.928613,87.28,105.5,47.0,0.0
2254,49.046889,4.929766,87.28,105.5,47.1,0.0
2255,49.04668,4.930919,87.28,105.5,47.1,0.0
2256,49.04647,4.932071,87.28,105.5,47.1,0.0
2257,49.046261,4.933224,87.28,105.5,47.2,0.0
2258,49.046051,4.934376,87.28,105.5,47.2,0.0
2259,49.045841,4.935529,87.28,105.5,47.2,0.0
2260,49.045632,4.936682,87.28,105.5,47.3,0.0
2261,49.045422,4.937834,87.28,105.5,47.3,0.0
2262,49.045212,4.938987,87.28,105.5,47.3,0.0
2263,49.045003,4.940139,87.28,105.5,47.4,0.0
2264,49.044793,4.941292,87.28,105.5,47.4,0.0
2265,49.044583,4.942445,87.28,105.5,47.5,0.0
2266,49.044374,4.943597,87.28,105.5,47.5,0.0
2267,49.044164,4.94475,87.28,105.5,47.5,0.0
2268,49.043955,4.945902,87.28,105.5,47.6,0.0
2269,49.043745,4.947055,87.28,105.5,47.6,0.0
2270,49.043535,4.948208,87.28,105.5,47.6,0.0
2271,49.043326,4.94936,87.28,105.5,47.7,0.0
2272,49.043116,4.950513,87.28,105.5,47.7,0.0
2273,49.042906,4.951665,87.28,105.5,47.7,0.0
2274,49.042697,4.952818,87.28,105.5,47.8,0.0
2275,49.042487,4.953971,87.28,105.5,47.8,0.0
2276,49.042278,4.955123,87.28,105.5,47.9,0.0
2277,49.042068,4.956276,87.28,105.5,47.9,0.0
2278,49.041858,4.957428,87.28,105.5,47.9,0.0
2279,49.041649,4.958581,87.28,105.5,48.0,0.0
2280,49.041439,4.959734,87.28,105.5,48.0,0.0
2281,49.041229,4.960886,87.28,105.5,48.0,0.0
2282,49.04102,4.962039,87.28,105.5,48.1,0.0
2283,49.04081,4.963191,87.29,105.5,48.1,0.0
2284,49.040601,4.964344,87.29,105.5,48.1,0.0
2285,49.040391,4.965497,87.29,105.5,48.2,0.0
2286,49.040181,4.966649,87.29,105.5,48.2,0.0
2287,49.039972,4.967802,87.29,105.5,48.3,0.0
2288,49.039762,4.968954,87.29,105.5,48.3,0.0
2289,49.039552,4.970107,87.29,105.5,48.3,0.0
2290,49.039343,4.97126,87.29,105.5,48.4,0.0
2291,49.039133,4.972412,87.29,105.5,48.4,0.0
2292,49.038923,4.973565,87.29,105.5,48.4,0.0
2293,49.038714,4.974717,87.29,105.5,48.5,0.0
2294,49.038504,4.97587,87.29,105.5,48.5,0.0
2295,49.038295,4.977023,87.29,105.5,48.6,0.0
2296,49.038085,4.978175,87.29,105.5,48.6,0.0
2297,49.037875,4.979328,87.29,105.5,48.6,0.0
2298,49.037666,4.98048,87.29,105.5,48.7,0.0
2299,49.037456,4.981633,87.29,105.5,48.7,0.0
2300,49.037246,4.982786,87.29,105.5,48.7,0.0
2301,49.037037,4.983938,87.29,105.5,48.8,0.0
2302,49.036827,4.985091,87.29,105.5,48.8,0.0
2303,49.036618,4.986243,87.29,105.5,48.8,0.0
2304,49.036408,4.987396,87.29,105.5,48.9,0.0
2305,49.036198,4.988548,87.29,105.5,48.9,0.0
2306,49.035989,4.989701,87.29,105.5,49.0,0.0
2307,49.035779,4.990854,87.29,105.5,49.0,0.0
2308,49.035569,4.992006,87.29,105.5,49.0,0.0
2309,49.03536,4.993159,87.29,105.5,49.1,0.0
2310,49.03515,4.994311,87.29,105.5,49.1,0.0
2311,49.034941,4.995464,87.29,105.5,49.1,0.0
2312,49.034731,4.996617,87.3,105.5,49.2,0.0
2313,49.034521,4.997769,87.3,105.5,49.2,0.0
2314,49.034312,4.998922,87.3,105.5,49.3,0.0
2315,49.034102,5.000074,87.3,105.5,49.3,0.0
2316,49.033892,5.001227,87.3,105.5,49.3,0.0
2317,49.033683,5.00238,87.3,105.5,49.4,0.0
2318,49.033473,5.003532,87.3,105.5,49.4,0.0
2319,49.033263,5.004685,87.3,105.5,49.4,0.0
2320,49.033054,5.005837,87.3,105.5,49.5,0.0
2321,49.032844,5.00699,87.3,105.5,49.5,0.0
2322,49.032635,5.008143,87.3,105.5,49.6,0.0
2323,49.032425,5.009295,87.3,105.5,49.6,0.0
2324,49.032215,5.010448,87.3,105.5,49.6,0.0
2325,49.032006,5.0116,87.3,105.5,49.7,0.0
2326,49.031796,5.012753,87.3,105.5,49.7,0.0
2327,49.031586,5.013906,87.3,105.5,49.7,0.0
2328,49.031377,5.015058,87.3,105.5,49.8,0.0
2329,49.031167,5.016211,87.3,105.5,49.8,0.0
2330,49.030958,5.017363,87.3,105.5,49.8,0.0
2331,49.030748,5.018516,87.3,105.5,49.9,0.0
2332,49.030538,5.019669,87.3,105.5,49.9,0.0
2333,49.030329,5.020821,87.3,105.5,50.0,0.0
2334,49.030119,5.021974,87.3,105.5,50.0,0.0
2335,49.029909,5.023126,87.3,105.5,50.0,0.0
2336,49.0297,5.024279,87.3,105.5,50.1,0.0
2337,49.02949,5.025432,87.3,105.5,50.1,0.0
2338,49.029281,5.026584,87.3,105.5,50.1,0.0
2339,49.029071,5.027737,87.3,105.5,50.2,0.0
2340,49.028861,5.028889,87.3,105.5,50.2,0.0
2341,49.028652,5.030042,87.31,105.5,50.3,0.0
2342,49.028442,5.031195,87.31,105.5,50.3,0.0
2343,49.028232,5.032347,87.31,105.5,50.3,0.0
2344,49.028023,5.0335,87.31,105.5,50.4,0.0
2345,49.027813,5.034652,87.31,105.5,50.4,0.0
2346,49.027604,5.035805,87.31,105.5,50.4,0.0
2347,49.027394,5.036958,87.31,105.5,50.5,0.0
2348,49.027184,5.03811,87.31,105.5,50.5,0.0
2349,49.026975,5.039263,87.31,105.5,50.6,0.0
2350,49.026765,5.040415,87.31,105.5,50.6,0.0
2351,49.026555,5.041568,87.31,105.5,50.6,0.0
2352,49.026346,5.042721,87.31,105.5,50.7,0.0
2353,49.026136,5.043873,87.31,105.5,50.7,0.0
2354,49.025926,5.045026,87.31,105.5,50.7,0.0
2355,49.025717,5.046178,87.31,105.5,50.8,0.0
2356,49.025507,5.047331,87.31,105.5,50.8,0.0
2357,49.025298,5.048484,87.31,105.5,50.9,0.0
2358,49.025088,5.049636,87.31,105.5,50.9,0.0
2359,49.024878,5.050789,87.31,105.5,50.9,0.0
2360,49.024669,5.051941,87.31,105.5,51.0,0.0
2361,49.024459,5.053094,87.31,105.5,51.0,0.0
2362,49.024249,5.054247,87.31,105.5,51.0,0.0
2363,49.02404,5.055399,87.31,105.5,51.1,0.0
2364,49.02383,5.056552,87.31,105.5,51.1,0.0
2365,49.023621,5.057704,87.31,105.5,51.2,0.0
2366,49.023411,5.058857,87.31,105.5,51.2,0.0
2367,49.023201,5.06001,87.31,105.5,51.2,0.0
2368,49.022992,5.061162,87.31,105.5,51.3,0.0
2369,49.022782,5.062315,87.31,105.5,51.3,0.0
2370,49.022572,5.063467,87.32,105.5,51.3,0.0
2371,49.022363,5.06462,87.32,105.5,51.4,0.0
2372,49.022153,5.065773,87.32,105.5,51.4,0.0
2373,49.021944,5.066925,87.32,105.5,51.5,0.0
2374,49.021734,5.068078,87.32,105.5,51.5,0.0
2375,49.021524,5.06923,87.32,105.5,51.5,0.0
2376,49.021315,5.070383,87.32,105.5,51.6,0.0
2377,49.021105,5.071535,87.32,105.5,51.6,0.0
2378,49.020895,5.072688,87.32,105.5,51.6,0.0
2379,49.020686,5.073841,87.32,105.5,51.7,0.0
2380,49.020476,5.074993,87.32,105.5,51.7,0.0
2381,49.020266,5.076146,87.32,105.5,51.8,0.0
2382,49.020057,5.077298,87.32,105.5,51.8,0.0
2383,49.019847,5.078451,87.32,105.5,51.8,0.0
2384,49.019638,5.079604,87.32,105.5,51.9,0.0
2385,49.019428,5.080756,87.32,105.5,51.9,0.0
2386,49.019218,5.081909,87.32,105.5,52.0,0.0
2387,49.019009,5.083061,87.32,105.5,52.0,0.0
2388,49.018799,5.084214,87.32,105.5,52.0,0.0
2389,49.018589,5.085367,87.32,105.5,52.1,0.0
2390,49.01838,5.086519,87.32,105.5,52.1,0.0
2391,49.01817,5.087672,87.32,105.5,52.1,0.0
2392,49.017961,5.088824,87.32,105.5,52.2,0.0
2393,49.017751,5.089977,87.32,105.5,52.2,0.0
2394,49.017541,5.09113,87.32,105.5,52.3,0.0
2395,49.017332,5.092282,87.32,105.5,52.3,0.0
2396,49.017122,5.093435,87.32,105.5,52.3,0.0
2397,49.016912,5.094587,87.32,105.5,52.4,0.0
2398,49.016703,5.09574,87.32,105.5,52.4,0.0
2399,49.016493,5.096893,87.32,105.5,52.4,0.0
2400,49.016284,5.098045,87.33,105.5,52.5,0.0
2401,49.016074,5.099198,87.33,105.5,52.5,0.0
2402,49.015864,5.10035,87.33,105.5,52.6,0.0
2403,49.015655,5.101503,87.33,105.5,52.6,0.0
2404,49.015445,5.102656,87.33,105.5,52.6,0.0
2405,49.015235,5.103808,87.33,105.5,52.7,0.0
2406,49.015026,5.104961,87.33,105.5,52.7,0.0
2407,49.014816,5.106113,87.33,105.5,52.7,0.0
2408,49.014607,5.107266,87.33,105.5,52.8,0.0
2409,49.014397,5.108419,87.33,105.5,52.8,0.0
2410,49.014187,5.109571,87.33,105.5,52.9,0.0
2411,49.013978,5.110724,87.33,105.5,52.9,0.0
2412,49.013768,5.111876,87.33,105.5,52.9,0.0
2413,49.013558,5.113029,87.33,105.5,53.0,0.0
2414,49.013349,5.114182,87.33,105.5,53.0,0.0
2415,49.013139,5.115334,87.33,105.5,53.1,0.0
2416,49.012929,5.116487,87.33,105.5,53.1,0.0
2417,49.01272,5.117639,87.33,105.5,53.1,0.0
2418,49.01251,5.118792,87.33,105.5,53.2,0.0
2419,49.012301,5.119945,87.33,105.5,53.2,0.0
2420,49.012091,5.121097,87.33,105.5,53.2,0.0
2421,49.011881,5.12225,87.33,105.5,53.3,0.0
2422,49.011672,5.123402,87.33,105.5,53.3,0.0
2423,49.011462,5.124555,87.33,105.5,53.4,0.0
2424,49.011252,5.125708,87.33,105.5,53.4,0.0
2425,49.011043,5.12686,87.33,105.5,53.4,0.0
2426,49.010833,5.128013,87.33,105.5,53.5,0.0
2427,49.010624,5.129165,87.33,105.5,53.5,0.0
2428,49.010414,5.130318,87.33,105.5,53.5,0.0
2429,49.010204,5.131471,87.34,105.5,53.6,0.0
2430,49.009995,5.132623,87.34,105.5,53.6,0.0
2431,49.009785,5.133776,87.34,105.5,53.7,0.0
2432,49.009575,5.134928,87.34,105.5,53.7,0.0
2433,49.009366,5.136081,87.34,105.5,53.7,0.0
2434,49.009156,5.137234,87.34,105.5,53.8,0.0
2435,49.008947,5.138386,87.34,105.5,53.8,0.0
2436,49.008737,5.139539,87.34,105.5,53.9,0.0
2437,49.008527,5.140691,87.34,105.5,53.9,0.0
2438,49.008318,5.141844,87.34,105.5,53.9,0.0
2439,49.008108,5.142997,87.34,105.5,54.0,0.0
2440,49.007898,5.144149,87.34,105.5,54.0,0.0
2441,49.007689,5.145302,87.34,105.5,54.0,0.0
2442,49.007479,5.146454,87.34,105.5,54.1,0.0
2443,49.007269,5.147607,87.34,105.5,54.1,0.0
2444,49.00706,5.14876,87.34,105.5,54.2,0.0
2445,49.00685,5.149912,87.34,105.5,54.2,0.0
2446,49.006641,5.151065,87.34,105.5,54.2,0.0
2447,49.006431,5.152217,87.34,105.5,54.3,0.0
2448,49.006221,5.15337,87.34,105.5,54.3,0.0
2449,49.006012,5.154522,87.34,105.5,54.4,0.0
2450,49.005802,5.155675,87.34,105.5,54.4,0.0
2451,49.005592,5.156828,87.34,105.5,54.4,0.0
2452,49.005383,5.15798,87.34,105.5,54.5,0.0
2453,49.005173,5.159133,87.34,105.5,54.5,0.0
2454,49.004964,5.160285,87.34,105.5,54.5,0.0
2455,49.004754,5.161438,87.34,105.5,54.6,0.0
2456,49.004544,5.162591,87.34,105.5,54.6,0.0
2457,49.004335,5.163743,87.34,105.5,54.7,0.0
2458,49.004125,5.164896,87.35,105.5,54.7,0.0
2459,49.003915,5.166048,87.35,105.5,54.7,0.0
2460,49.003706,5.167201,87.35,105.5,54.8,0.0
2461,49.003496,5.168354,87.35,105.5,54.8,0.0
2462,49.003287,5.169506,87.35,105.5,54.9,0.0
2463,49.003077,5.170659,87.35,105.5,54.9,0.0
2464,49.002867,5.171811,87.35,105.5,54.9,0.0
2465,49.002658,5.172964,87.35,105.5,55.0,0.0
2466,49.002448,5.174117,87.35,105.5,55.0,0.0
2467,49.002238,5.175269,87.35,105.5,55.0,0.0
2468,49.002029,5.176422,87.35,105.5,55.1,0.0
2469,49.001819,5.177574,87.35,105.5,55.1,0.0
2470,49.001609,5.178727,87.35,105.5,55.2,0.0
2471,49.0014,5.17988,87.35,105.5,55.2,0.0
2472,49.00119,5.181032,87.35,105.5,55.2,0.0
2473,49.000981,5.182185,87.35,105.5,55.3,0.0
2474,49.000771,5.183337,87.35,105.5,55.3,0.0
2475,49.000561,5.18449,87.35,105.5,55.4,0.0
2476,49.000352,5.185643,87.35,105.5,55.4,0.0
2477,49.000142,5.186795,87.35,105.5,55.4,0.0
2478,48.999932,5.187948,87.35,105.5,55.5,0.0
2479,48.999723,5.1891,87.35,105.5,55.5,0.0
2480,48.999513,5.190253,87.35,105.5,55.5,0.0
2481,48.999304,5.191406,87.35,105.5,55.6,0.0
2482,48.999094,5.192558,87.35,105.5,55.6,0.0
2483,48.998884,5.193711,87.35,105.5,55.7,0.0
2484,48.998675,5.194863,87.35,105.5,55.7,0.0
2485,48.998465,5.196016,87.35,105.5,55.7,0.0
2486,48.998255,5.197169,87.35,105.5,55.8,0.0
2487,48.998046,5.198321,87.36,105.5,55.8,0.0
2488,48.997836,5.199474,87.36,105.5,55.9,0.0
2489,48.997627,5.200626,87.36,105.5,55.9,0.0
2490,48.997417,5.201779,87.36,105.5,55.9,0.0
2491,48.997207,5.202932,87.36,105.5,56.0,0.0
2492,48.996998,5.204084,87.36,105.5,56.0,0.0
2493,48.996788,5.205237,87.36,105.5,56.0,0.0
2494,48.996578,5.206389,87.36,105.5,56.1,0.0
2495,48.996369,5.207542,87.36,105.5,56.1,0.0
2496,48.996159,5.208695,87.36,105.5,56.2,0.0
2497,48.99595,5.209847,87.36,105.5,56.2,0.0
2498,48.99574,5.211,87.36,105.5,56.2,0.0
2499,48.99553,5.212152,87.36,105.5,56.3,0.0
2500,48.995321,5.213305,87.36,105.5,56.3,0.0
2501,48.995111,5.214458,87.36,105.5,56.4,0.0
2502,48.994901,5.21561,87.36,105.5,56.4,0.0
2503,48.994692,5.216763,87.36,105.5,56.4,0.0
2504,48.994482,5.217915,87.36,105.5,56.5,0.0
2505,48.994272,5.219068,87.36,105.5,56.5,0.0
2506,48.994063,5.220221,87.36,105.5,56.5,0.0
2507,48.993853,5.221373,87.36,105.5,56.6,0.0
2508,48.993644,5.222526,87.36,105.5,56.6,0.0
2509,48.993434,5.223678,87.36,105.5,56.7,0.0
2510,48.993224,5.224831,87.36,105.5,56.7,0.0
2511,48.993015,5.225984,87.36,105.5,56.7,0.0
2512,48.992805,5.227136,87.36,105.5,56.8,0.0
2513,48.992595,5.228289,87.36,105.5,56.8,0.0
2514,48.992386,5.229441,87.36,105.5,56.9,0.0
2515,48.992176,5.230594,87.36,105.5,56.9,0.0
2516,48.991967,5.231747,87.36,105.5,56.9,0.0
2517,48.991757,5.232899,87.37,105.5,57.0,0.0
2518,48.991547,5.234052,87.37,105.5,57.0,0.0
2519,48.991338,5.235204,87.37,105.5,57.1,0.0
2520,48.991128,5.236357,87.37,105.5,57.1,0.0
2521,48.990918,5.237509,87.37,105.5,57.1,0.0
2522,48.990709,5.238662,87.37,105.5,57.2,0.0
2523,48.990499,5.239815,87.37,105.5,57.2,0.0
2524,48.99029,5.240967,87.37,105.5,57.2,0.0
2525,48.99008,5.24212,87.37,105.5,57.3,0.0
2526,48.98987,5.243272,87.37,105.5,57.3,0.0
2527,48.989661,5.244425,87.37,105.5,57.4,0.0
2528,48.989451,5.245578,87.37,105.5,57.4,0.0
2529,48.989241,5.24673,87.37,105.5,57.4,0.0
2530,48.989032,5.247883,87.37,105.5,57.5,0.0
2531,48.988822,5.249035,87.37,105.5,57.5,0.0
2532,48.988612,5.250188,87.37,105.5,57.6,0.0
2533,48.988403,5.251341,87.37,105.5,57.6,0.0
2534,48.988193,5.252493,87.37,105.5,57.6,0.0
2535,48.987984,5.253646,87.37,105.5,57.7,0.0
2536,48.987774,5.254798,87.37,105.5,57.7,0.0
2537,48.987564,5.255951,87.37,105.5,57.8,0.0
2538,48.987355,5.257104,87.37,105.5,57.8,0.0
2539,48.987145,5.258256,87.37,105.5,57.8,0.0
2540,48.986935,5.259409,87.37,105.5,57.9,0.0
2541,48.986726,5.260561,87.37,105.5,57.9,0.0
2542,48.986516,5.261714,87.37,105.5,57.9,0.0
2543,48.986307,5.262867,87.37,105.5,58.0,0.0
2544,48.986097,5.264019,87.37,105.5,58.0,0.0
2545,48.985887,5.265172,87.37,105.5,58.1,0.0
2546,48.985678,5.266324,87.38,105.5,58.1,0.0
2547,48.985468,5.267477,87.38,105.5,58.1,0.0
2548,48.985258,5.26863,87.38,105.5,58.2,0.0
2549,48.985049,5.269782,87.38,105.5,58.2,0.0
2550,48.984839,5.270935,87.38,105.5,58.3,0.0
2551,48.984684,5.2721,86.82,101.5,58.3,0.0
2552,48.984637,5.273288,87.0,93.5,58.3,0.0
2553,48.98459,5.274477,87.0,93.5,58.4,0.0
2554,48.984542,5.275666,87.0,93.5,58.4,0.0
2555,48.984495,5.276854,87.0,93.5,58.5,0.0
2556,48.984448,5.278043,87.0,93.5,58.5,0.0
2557,48.984401,5.279232,87.0,93.5,58.5,0.0
2558,48.984353,5.28042,87.0,93.5,58.6,0.0
2559,48.984306,5.281609,87.0,93.5,58.6,0.0
2560,48.984259,5.282798,87.0,93.5,58.6,0.0
2561,48.984212,5.283987,87.0,93.5,58.7,0.0
2562,48.984164,5.285175,87.0,93.5,58.7,0.0
2563,48.984117,5.286364,87.0,93.5,58.8,0.0
2564,48.98407,5.287553,87.0,93.5,58.8,0.0
2565,48.984023,5.288741,87.0,93.5,58.8,0.0
2566,48.983975,5.28993,87.0,93.5,58.9,0.0
2567,48.983928,5.291119,87.0,93.5,58.9,0.0
2568,48.983881,5.292308,87.0,93.5,59.0,0.0
2569,48.983834,5.293496,87.0,93.5,59.0,0.0
2570,48.983786,5.294685,87.0,93.5,59.0,0.0
2571,48.983739,5.295874,87.0,93.5,59.1,0.0
2572,48.983692,5.297062,87.0,93.5,59.1,0.0
2573,48.983645,5.298251,87.0,93.5,59.1,0.0
2574,48.983597,5.29944,87.0,93.5,59.2,0.0
2575,48.98355,5.300629,87.0,93.5,59.2,0.0
2576,48.983503,5.301817,87.0,93.5,59.3,0.0
2577,48.983456,5.303006,87.0,93.5,59.3,0.0
2578,48.983408,5.304195,87.0,93.5,59.3,0.0
2579,48.983361,5.305383,87.0,93.5,59.4,0.0
2580,48.983314,5.306572,87.0,93.5,59.4,0.0
2581,48.983267,5.307761,87.0,93.5,59.5,0.0
2582,48.983219,5.308949,87.0,93.5,59.5,0.0
2583,48.983172,5.310138,87.0,93.5,59.5,0.0
2584,48.983125,5.311327,87.0,93.5,59.6,0.0
2585,48.983078,5.312516,87.0,93.5,59.6,0.0
2586,48.98303,5.313704,87.0,93.5,59.7,0.0
2587,48.982983,5.314893,87.0,93.5,59.7,0.0
2588,48.982936,5.316082,87.0,93.5,59.7,0.0
2589,48.982889,5.31727,87.0,93.5,59.8,0.0
2590,48.982842,5.318459,87.0,93.5,59.8,0.0
2591,48.982794,5.319648,87.0,93.5,59.8,0.0
2592,48.982747,5.320837,87.0,93.5,59.9,0.0
2593,48.9827,5.322025,87.0,93.5,59.9,0.0
2594,48.982653,5.323214,87.0,93.5,60.0,0.0
2595,48.982605,5.324403,87.0,93.5,60.0,0.0
2596,48.982558,5.325591,87.0,93.5,60.0,0.0
2597,48.982511,5.32678,87.0,93.5,60.1,0.0
2598,48.982464,5.327969,87.0,93.5,60.1,0.0
2599,48.982416,5.329157,87.0,93.5,60.2,0.0
2600,48.982369,5.330346,87.0,93.5,60.2,0.0
2601,48.982322,5.331535,87.0,93.5,60.2,0.0
2602,48.982275,5.332724,87.0,93.5,60.3,0.0
2603,48.982227,5.333912,87.0,93.5,60.3,0.0
2604,48.98218,5.335101,87.0,93.5,60.4,0.0
2605,48.982133,5.33629,87.0,93.5,60.4,0.0
2606,48.982086,5.337478,87.0,93.5,60.4,0.0
2607,48.982038,5.338667,87.0,93.5,60.5,0.0
2608,48.981991,5.339856,87.0,93.5,60.5,0.0
2609,48.981944,5.341045,87.0,93.5,60.5,0.0
2610,48.981897,5.342233,87.0,93.5,60.6,0.0
2611,48.981849,5.343422,87.0,93.5,60.6,0.0
2612,48.981802,5.344611,87.01,93.5,60.7,0.0
2613,48.981755,5.345799,87.01,93.5,60.7,0.0
2614,48.981708,5.346988,87.01,93.5,60.7,0.0
2615,48.98166,5.348177,87.01,93.5,60.8,0.0
2616,48.981613,5.349365,87.01,93.5,60.8,0.0
2617,48.981566,5.350554,87.01,93.5,60.9,0.0
2618,48.981519,5.351743,87.01,93.5,60.9,0.0
2619,48.981471,5.352932,87.01,93.5,60.9,0.0
2620,48.981424,5.35412,87.01,93.5,61.0,0.0
2621,48.981377,5.355309,87.01,93.5,61.0,0.0
2622,48.98133,5.356498,87.01,93.5,61.1,0.0
2623,48.981282,5.357686,87.01,93.5,61.1,0.0
2624,48.981235,5.358875,87.01,93.5,61.1,0.0
2625,48.981188,5.360064,87.01,93.5,61.2,0.0
2626,48.981141,5.361253,87.01,93.5,61.2,0.0
2627,48.981093,5.362441,87.01,93.5,61.2,0.0
2628,48.981046,5.36363,87.01,93.5,61.3,0.0
2629,48.980999,5.364819,87.01,93.5,61.3,0.0
2630,48.980952,5.366007,87.01,93.5,61.4,0.0
2631,48.980904,5.367196,87.01,93.5,61.4,0.0
2632,48.980857,5.368385,87.01,93.5,61.4,0.0
2633,48.98081,5.369574,87.01,93.5,61.5,0.0
2634,48.980763,5.370762,87.01,93.5,61.5,0.0
2635,48.980715,5.371951,87.01,93.5,61.6,0.0
2636,48.980668,5.37314,87.01,93.5,61.6,0.0
2637,48.980621,5.374328,87.01,93.5,61.6,0.0
2638,48.980574,5.375517,87.01,93.5,61.7,0.0
2639,48.980526,5.376706,87.01,93.5,61.7,0.0
2640,48.980479,5.377894,87.01,93.5,61.8,0.0
2641,48.980432,5.379083,87.01,93.5,61.8,0.0
2642,48.980385,5.380272,87.01,93.5,61.8,0.0
2643,48.980337,5.381461,87.01,93.5,61.9,0.0
2644,48.98029,5.382649,87.01,93.5,61.9,0.0
2645,48.980243,5.383838,87.01,93.5,61.9,0.0
2646,48.980196,5.385027,87.01,93.5,62.0,0.0
2647,48.980148,5.386215,87.01,93.5,62.0,0.0
2648,48.980101,5.387404,87.01,93.5,62.1,0.0
2649,48.980054,5.388593,87.01,93.5,62.1,0.0
2650,48.980007,5.389782,87.01,93.5,62.1,0.0
2651,48.979959,5.39097,87.01,93.5,62.2,0.0
2652,48.979912,5.392159,87.01,93.5,62.2,0.0
2653,48.979865,5.393348,87.01,93.5,62.3,0.0
2654,48.979818,5.394536,87.01,93.5,62.3,0.0
2655,48.97977,5.395725,87.01,93.5,62.3,0.0
2656,48.979723,5.396914,87.01,93.5,62.4,0.0
2657,48.979676,5.398102,87.01,93.5,62.4,0.0
2658,48.979629,5.399291,87.01,93.5,62.5,0.0
2659,48.979581,5.40048,87.01,93.5,62.5,0.0
2660,48.979534,5.401669,87.01,93.5,62.5,0.0
2661,48.979487,5.402857,87.01,93.5,62.6,0.0
2662,48.97944,5.404046,87.01,93.5,62.6,0.0
2663,48.979393,5.405235,87.01,93.5,62.6,0.0
2664,48.979345,5.406423,87.01,93.5,62.7,0.0
2665,48.979298,5.407612,87.01,93.5,62.7,0.0
2666,48.979251,5.408801,87.01,93.5,62.8,0.0
2667,48.979204,5.40999,87.01,93.5,62.8,0.0
2668,48.979156,5.411178,87.01,93.5,62.8,0.0
2669,48.979109,5.412367,87.01,93.5,62.9,0.0
2670,48.979062,5.413556,87.01,93.5,62.9,0.0
2671,48.979015,5.414744,87.01,93.5,63.0,0.0
2672,48.978967,5.415933,87.01,93.5,63.0,0.0
2673,48.97892,5.417122,87.01,93.5,63.0,0.0
2674,48.978873,5.41831,87.01,93.5,63.1,0.0
2675,48.978826,5.419499,87.01,93.5,63.1,0.0
2676,48.978778,5.420688,87.01,93.5,63.2,0.0
2677,48.978731,5.421877,87.01,93.5,63.2,0.0
2678,48.978684,5.423065,87.01,93.5,63.2,0.0
2679,48.978637,5.424254,87.01,93.5,63.3,0.0
2680,48.978589,5.425443,87.01,93.5,63.3,0.0
2681,48.978542,5.426631,87.01,93.5,63.3,0.0
2682,48.978495,5.42782,87.01,93.5,63.4,0.0
2683,48.978448,5.429009,87.01,93.5,63.4,0.0
2684,48.9784,5.430198,87.01,93.5,63.5,0.0
2685,48.978353,5.431386,87.01,93.5,63.5,0.0
2686,48.978306,5.432575,87.01,93.5,63.5,0.0
2687,48.978259,5.433764,87.01,93.5,63.6,0.0
2688,48.978211,5.434952,87.01,93.5,63.6,0.0
2689,48.978164,5.436141,87.01,93.5,63.7,0.0
2690,48.978117,5.43733,87.01,93.5,63.7,0.0
2691,48.97807,5.438518,87.01,93.5,63.7,0.0
2692,48.978022,5.439707,87.01,93.5,63.8,0.0
2693,48.977975,5.440896,87.01,93.5,63.8,0.0
2694,48.977928,5.442085,87.01,93.5,63.8,0.0
2695,48.977881,5.443273,87.01,93.5,63.9,0.0
2696,48.977833,5.444462,87.01,93.5,63.9,0.0
2697,48.977786,5.445651,87.01,93.5,64.0,0.0
2698,48.977739,5.446839,87.01,93.5,64.0,0.0
2699,48.977692,5.448028,87.01,93.5,64.0,0.0
2700,48.977644,5.449217,87.01,93.5,64.1,0.0
2701,48.977597,5.450406,87.01,93.5,64.1,0.0
2702,48.97755,5.451594,87.01,93.5,64.2,0.0
2703,48.977503,5.452783,87.01,93.5,64.2,0.0
2704,48.977455,5.453972,87.01,93.5,64.2,0.0
2705,48.977408,5.45516,87.01,93.5,64.3,0.0
2706,48.977361,5.456349,87.01,93.5,64.3,0.0
2707,48.977314,5.457538,87.01,93.5,64.3,0.0
2708,48.977266,5.458727,87.01,93.5,64.4,0.0
2709,48.977219,5.459915,87.01,93.5,64.4,0.0
2710,48.977172,5.461104,87.01,93.5,64.5,0.0
2711,48.977125,5.462293,87.01,93.5,64.5,0.0
2712,48.977077,5.463481,87.01,93.5,64.5,0.0
2713,48.97703,5.46467,87.01,93.5,64.6,0.0
2714,48.976983,5.465859,87.01,93.5,64.6,0.0
2715,48.976936,5.467047,87.01,93.5,64.7,0.0
2716,48.976888,5.468236,87.01,93.5,64.7,0.0
2717,48.976841,5.469425,87.01,93.5,64.7,0.0
2718,48.976794,5.470614,87.01,93.5,64.8,0.0
2719,48.976747,5.471802,87.01,93.5,64.8,0.0
2720,48.976699,5.472991,87.01,93.5,64.9,0.0
2721,48.976652,5.47418,87.01,93.5,64.9,0.0
2722,48.976605,5.475368,87.01,93.5,64.9,0.0
2723,48.976558,5.476557,87.01,93.5,65.0,0.0
2724,48.97651,5.477746,87.01,93.5,65.0,0.0
2725,48.976463,5.478935,87.01,93.5,65.0,0.0
2726,48.976416,5.480123,87.01,93.5,65.1,0.0
2727,48.976369,5.481312,87.01,93.5,65.1,0.0
2728,48.976321,5.482501,87.01,93.5,65.2,0.0
2729,48.976274,5.483689,87.01,93.5,65.2,0.0
2730,48.976227,5.484878,87.01,93.5,65.2,0.0
2731,48.97618,5.486067,87.01,93.5,65.3,0.0
2732,48.976132,5.487255,87.01,93.5,65.3,0.0
2733,48.976085,5.488444,87.01,93.5,65.4,0.0
2734,48.976038,5.489633,87.02,93.5,65.4,0.0
2735,48.975991,5.490822,87.02,93.5,65.4,0.0
2736,48.975944,5.49201,87.02,93.5,65.5,0.0
2737,48.975896,5.493199,87.02,93.5,65.5,0.0
2738,48.975849,5.494388,87.02,93.5,65.5,0.0
2739,48.975802,5.495576,87.02,93.5,65.6,0.0
2740,48.975755,5.496765,87.02,93.5,65.6,0.0
2741,48.975707,5.497954,87.02,93.5,65.7,0.0
2742,48.97566,5.499143,87.02,93.5,65.7,0.0
2743,48.975613,5.500331,87.02,93.5,65.7,0.0
2744,48.975566,5.50152,87.02,93.5,65.8,0.0
2745,48.975518,5.502709,87.02,93.5,65.8,0.0
2746,48.975471,5.503897,87.02,93.5,65.8,0.0
2747,48.975424,5.505086,87.02,93.5,65.9,0.0
2748,48.975377,5.506275,87.02,93.5,65.9,0.0
2749,48.975329,5.507463,87.02,93.5,66.0,0.0
2750,48.975282,5.508652,87.02,93.5,66.0,0.0
2751,48.975235,5.509841,87.02,93.5,66.0,0.0
2752,48.975188,5.51103,87.02,93.5,66.1,0.0
2753,48.97514,5.512218,87.02,93.5,66.1,0.0
2754,48.975093,5.513407,87.02,93.5,66.2,0.0
2755,48.975046,5.514596,87.02,93.5,66.2,0.0
2756,48.974999,5.515784,87.02,93.5,66.2,0.0
2757,48.974951,5.516973,87.02,93.5,66.3,0.0
2758,48.974904,5.518162,87.02,93.5,66.3,0.0
2759,48.974857,5.519351,87.02,93.5,66.3,0.0
2760,48.97481,5.520539,87.02,93.5,66.4,0.0
2761,48.974762,5.521728,87.02,93.5,66.4,0.0
2762,48.974715,5.522917,87.02,93.5,66.5,0.0
2763,48.974668,5.524105,87.02,93.5,66.5,0.0
2764,48.974621,5.525294,87.02,93.5,66.5,0.0
2765,48.974573,5.526483,87.02,93.5,66.6,0.0
2766,48.974526,5.527671,87.02,93.5,66.6,0.0
2767,48.974479,5.52886,87.02,93.5,66.7,0.0
2768,48.974432,5.530049,87.02,93.5,66.7,0.0
2769,48.974384,5.531238,87.02,93.5,66.7,0.0
2770,48.974337,5.532426,87.02,93.5,66.8,0.0
2771,48.97429,5.533615,87.02,93.5,66.8,0.0
2772,48.974243,5.534804,87.02,93.5,66.8,0.0
2773,48.974195,5.535992,87.02,93.5,66.9,0.0
2774,48.974148,5.537181,87.02,93.5,66.9,0.0
2775,48.974101,5.53837,87.02,93.5,67.0,0.0
2776,48.974054,5.539559,87.02,93.5,67.0,0.0
2777,48.974006,5.540747,87.02,93.5,67.0,0.0
2778,48.973959,5.541936,87.02,93.5,67.1,0.0
2779,48.973912,5.543125,87.02,93.5,67.1,0.0
2780,48.973865,5.544313,87.02,93.5,67.1,0.0
2781,48.973817,5.545502,87.02,93.5,67.2,0.0
2782,48.97377,5.546691,87.02,93.5,67.2,0.0
2783,48.973723,5.54788,87.02,93.5,67.3,0.0
2784,48.973676,5.549068,87.02,93.5,67.3,0.0
2785,48.973628,5.550257,87.02,93.5,67.3,0.0
2786,48.973581,5.551446,87.02,93.5,67.4,0.0
2787,48.973534,5.552634,87.02,93.5,67.4,0.0
2788,48.973487,5.553823,87.02,93.5,67.5,0.0
2789,48.973439,5.555012,87.02,93.5,67.5,0.0
2790,48.973392,5.5562,87.02,93.5,67.5,0.0
2791,48.973345,5.557389,87.02,93.5,67.6,0.0
2792,48.973298,5.558578,87.02,93.5,67.6,0.0
2793,48.97325,5.559767,87.02,93.5,67.6,0.0
2794,48.973203,5.560955,87.02,93.5,67.7,0.0
2795,48.973156,5.562144,87.02,93.5,67.7,0.0
2796,48.973109,5.563333,87.02,93.5,67.8,0.0
2797,48.973061,5.564521,87.02,93.5,67.8,0.0
2798,48.973014,5.56571,87.02,93.5,67.8,0.0
2799,48.972967,5.566899,87.02,93.5,67.9,0.0
2800,48.97292,5.568088,87.02,93.5,67.9,0.0
2801,48.972872,5.569276,87.02,93.5,67.9,0.0
2802,48.972825,5.570465,87.02,93.5,68.0,0.0
2803,48.972778,5.571654,87.02,93.5,68.0,0.0
2804,48.972731,5.572842,87.02,93.5,68.1,0.0
2805,48.972684,5.574031,87.02,93.5,68.1,0.0
2806,48.972636,5.57522,87.02,93.5,68.1,0.0
2807,48.972589,5.576408,87.02,93.5,68.2,0.0
2808,48.972542,5.577597,87.02,93.5,68.2,0.0
2809,48.972495,5.578786,87.02,93.5,68.2,0.0
2810,48.972447,5.579975,87.02,93.5,68.3,0.0
2811,48.9724,5.581163,87.02,93.5,68.3,0.0
2812,48.972353,5.582352,87.02,93.5,68.4,0.0
2813,48.972306,5.583541,87.02,93.5,68.4,0.0
2814,48.972258,5.584729,87.02,93.5,68.4,0.0
2815,48.972211,5.585918,87.02,93.5,68.5,0.0
2816,48.972164,5.587107,87.02,93.5,68.5,0.0
2817,48.972117,5.588296,87.02,93.5,68.6,0.0
2818,48.972069,5.589484,87.02,93.5,68.6,0.0
2819,48.972022,5.590673,87.02,93.5,68.6,0.0
2820,48.971975,5.591862,87.02,93.5,68.7,0.0
2821,48.971928,5.59305,87.02,93.5,68.7,0.0
2822,48.97188,5.594239,87.02,93.5,68.7,0.0
2823,48.971833,5.595428,87.02,93.5,68.8,0.0
2824,48.971786,5.596616,87.02,93.5,68.8,0.0
2825,48.971739,5.597805,87.02,93.5,68.9,0.0
2826,48.971691,5.598994,87.02,93.5,68.9,0.0
2827,48.971644,5.600183,87.02,93.5,68.9,0.0
2828,48.971597,5.601371,87.02,93.5,69.0,0.0
2829,48.97155,5.60256,87.02,93.5,69.0,0.0
2830,48.971502,5.603749,87.02,93.5,69.0,0.0
2831,48.971455,5.604937,87.02,93.5,69.1,0.0
2832,48.971408,5.606126,87.02,93.5,69.1,0.0
2833,48.971361,5.607315,87.02,93.5,69.2,0.0
2834,48.971313,5.608504,87.02,93.5,69.2,0.0
2835,48.971266,5.609692,87.02,93.5,69.2,0.0
2836,48.971219,5.610881,87.02,93.5,69.3,0.0
2837,48.971172,5.61207,87.02,93.5,69.3,0.0
2838,48.971124,5.613258,87.02,93.5,69.3,0.0
2839,48.971077,5.614447,87.02,93.5,69.4,0.0
2840,48.97103,5.615636,87.02,93.5,69.4,0.0
2841,48.970983,5.616824,87.02,93.5,69.5,0.0
2842,48.970935,5.618013,87.02,93.5,69.5,0.0
2843,48.970888,5.619202,87.02,93.5,69.5,0.0
2844,48.970841,5.620391,87.02,93.5,69.6,0.0
2845,48.970794,5.621579,87.02,93.5,69.6,0.0
2846,48.970746,5.622768,87.02,93.5,69.6,0.0
2847,48.970699,5.623957,87.02,93.5,69.7,0.0
2848,48.970652,5.625145,87.02,93.5,69.7,0.0
2849,48.970605,5.626334,87.02,93.5,69.8,0.0
2850,48.970557,5.627523,87.02,93.5,69.8,0.0
2851,48.97051,5.628712,87.02,93.5,69.8,0.0
2852,48.970463,5.6299,87.02,93.5,69.9,0.0
2853,48.970416,5.631089,87.02,93.5,69.9,0.0
2854,48.970368,5.632278,87.02,93.5,69.9,0.0
2855,48.970321,5.633466,87.03,93.5,70.0,0.0
2856,48.970274,5.634655,87.03,93.5,70.0,0.0
2857,48.970227,5.635844,87.03,93.5,70.1,0.0
2858,48.970179,5.637033,87.03,93.5,70.1,0.0
2859,48.970132,5.638221,87.03,93.5,70.1,0.0
2860,48.970085,5.63941,87.03,93.5,70.2,0.0
2861,48.970038,5.640599,87.03,93.5,70.2,0.0
2862,48.96999,5.641787,87.03,93.5,70.2,0.0
2863,48.969943,5.642976,87.03,93.5,70.3,0.0
2864,48.969896,5.644165,87.03,93.5,70.3,0.0
2865,48.969849,5.645353,87.03,93.5,70.3,0.0
2866,48.969801,5.646542,87.03,93.5,70.4,0.0
2867,48.969754,5.647731,87.03,93.5,70.4,0.0
2868,48.969707,5.64892,87.03,93.5,70.5,0.0
2869,48.96966,5.650108,87.03,93.5,70.5,0.0
2870,48.969612,5.651297,87.03,93.5,70.5,0.0
2871,48.969565,5.652486,87.03,93.5,70.6,0.0
2872,48.969518,5.653674,87.03,93.5,70.6,0.0
2873,48.969471,5.654863,87.03,93.5,70.6,0.0
2874,48.969423,5.656052,87.03,93.5,70.7,0.0
2875,48.969376,5.657241,87.03,93.5,70.7,0.0
2876,48.969329,5.658429,87.03,93.5,70.8,0.0
2877,48.969282,5.659618,87.03,93.5,70.8,0.0
2878,48.969235,5.660807,87.03,93.5,70.8,0.0
2879,48.969187,5.661995,87.03,93.5,70.9,0.0
2880,48.96914,5.663184,87.03,93.5,70.9,0.0
2881,48.969093,5.664373,87.03,93.5,70.9,0.0
2882,48.969046,5.665561,87.03,93.5,71.0,0.0
2883,48.968998,5.66675,87.03,93.5,71.0,0.0
2884,48.968951,5.667939,87.03,93.5,71.1,0.0
2885,48.968904,5.669128,87.03,93.5,71.1,0.0
2886,48.968857,5.670316,87.03,93.5,71.1,0.0
2887,48.968809,5.671505,87.03,93.5,71.2,0.0
2888,48.968762,5.672694,87.03,93.5,71.2,0.0
2889,48.968715,5.673882,87.03,93.5,71.2,0.0
2890,48.968668,5.675071,87.03,93.5,71.3,0.0
2891,48.96862,5.67626,87.03,93.5,71.3,0.0
2892,48.968573,5.677449,87.03,93.5,71.3,0.0
2893,48.968526,5.678637,87.03,93.5,71.4,0.0
2894,48.968479,5.679826,87.03,93.5,71.4,0.0
2895,48.968431,5.681015,87.03,93.5,71.5,0.0
2896,48.968384,5.682203,87.03,93.5,71.5,0.0
2897,48.968337,5.683392,87.03,93.5,71.5,0.0
2898,48.96829,5.684581,87.03,93.5,71.6,0.0
2899,48.968242,5.685769,87.03,93.5,71.6,0.0
2900,48.968195,5.686958,87.03,93.5,71.6,0.0
2901,48.968148,5.688147,87.03,93.5,71.7,0.0
2902,48.968101,5.689336,87.03,93.5,71.7,0.0
2903,48.968053,5.690524,87.03,93.5,71.8,0.0
2904,48.968006,5.691713,87.03,93.5,71.8,0.0
2905,48.967959,5.692902,87.03,93.5,71.8,0.0
2906,48.967912,5.69409,87.03,93.5,71.9,0.0
2907,48.967864,5.695279,87.03,93.5,71.9,0.0
2908,48.967817,5.696468,87.03,93.5,71.9,0.0
2909,48.96777,5.697657,87.03,93.5,72.0,0.0
2910,48.967723,5.698845,87.03,93.5,72.0,0.0
2911,48.967675,5.700034,87.03,93.5,72.0,0.0
2912,48.967628,5.701223,87.03,93.5,72.1,0.0
2913,48.967581,5.702411,87.03,93.5,72.1,0.0
2914,48.967534,5.7036,87.03,93.5,72.2,0.0
2915,48.967486,5.704789,87.03,93.5,72.2,0.0
2916,48.967439,5.705977,87.03,93.5,72.2,0.0
2917,48.967392,5.707166,87.03,93.5,72.3,0.0
2918,48.967345,5.708355,87.03,93.5,72.3,0.0
2919,48.967297,5.709544,87.03,93.5,72.3,0.0
2920,48.96725,5.710732,87.03,93.5,72.4,0.0
2921,48.967203,5.711921,87.03,93.5,72.4,0.0
2922,48.967156,5.71311,87.03,93.5,72.4,0.0
2923,48.967108,5.714298,87.03,93.5,72.5,0.0
2924,48.967061,5.715487,87.03,93.5,72.5,0.0
2925,48.967014,5.716676,87.03,93.5,72.6,0.0
2926,48.966967,5.717865,87.03,93.5,72.6,0.0
2927,48.966919,5.719053,87.03,93.5,72.6,0.0
2928,48.966872,5.720242,87.03,93.5,72.7,0.0
2929,48.966825,5.721431,87.03,93.5,72.7,0.0
2930,48.966778,5.722619,87.03,93.5,72.7,0.0
2931,48.96673,5.723808,87.03,93.5,72.8,0.0
2932,48.966683,5.724997,87.03,93.5,72.8,0.0
2933,48.966636,5.726186,87.03,93.5,72.8,0.0
2934,48.966589,5.727374,87.03,93.5,72.9,0.0
2935,48.966541,5.728563,87.03,93.5,72.9,0.0
2936,48.966494,5.729752,87.03,93.5,73.0,0.0
2937,48.966447,5.73094,87.03,93.5,73.0,0.0
2938,48.9664,5.732129,87.03,93.5,73.0,0.0
2939,48.966352,5.733318,87.03,93.5,73.1,0.0
2940,48.966305,5.734506,87.03,93.5,73.1,0.0
2941,48.966258,5.735695,87.03,93.5,73.1,0.0
2942,48.966211,5.736884,87.03,93.5,73.2,0.0
2943,48.966163,5.738073,87.03,93.5,73.2,0.0
2944,48.966116,5.739261,87.03,93.5,73.2,0.0
2945,48.966069,5.74045,87.03,93.5,73.3,0.0
2946,48.966022,5.741639,87.03,93.5,73.3,0.0
2947,48.965974,5.742827,87.03,93.5,73.3,0.0
2948,48.965927,5.744016,87.03,93.5,73.4,0.0
2949,48.96588,5.745205,87.03,93.5,73.4,0.0
2950,48.965833,5.746394,87.03,93.5,73.5,0.0
2951,48.965786,5.747582,87.03,93.5,73.5,0.0
2952,48.965738,5.748771,87.03,93.5,73.5,0.0
2953,48.965691,5.74996,87.03,93.5,73.6,0.0
2954,48.965644,5.751148,87.03,93.5,73.6,0.0
2955,48.965597,5.752337,87.03,93.5,73.6,0.0
2956,48.965549,5.753526,87.03,93.5,73.7,0.0
2957,48.965502,5.754714,87.03,93.5,73.7,0.0
2958,48.965455,5.755903,87.03,93.5,73.7,0.0
2959,48.965408,5.757092,87.03,93.5,73.8,0.0
2960,48.96536,5.758281,87.03,93.5,73.8,0.0
2961,48.965313,5.759469,87.03,93.5,73.8,0.0
2962,48.965266,5.760658,87.03,93.5,73.9,0.0
2963,48.965219,5.761847,87.03,93.5,73.9,0.0
2964,48.965171,5.763035,87.03,93.5,74.0,0.0
2965,48.965124,5.764224,87.03,93.5,74.0,0.0
2966,48.965077,5.765413,87.03,93.5,74.0,0.0
2967,48.96503,5.766602,87.03,93.5,74.1,0.0
2968,48.964982,5.76779,87.03,93.5,74.1,0.0
2969,48.964935,5.768979,87.03,93.5,74.1,0.0
2970,48.964888,5.770168,87.03,93.5,74.2,0.0
2971,48.964841,5.771356,87.03,93.5,74.2,0.0
2972,48.964793,5.772545,87.03,93.5,74.2,0.0
2973,48.964746,5.773734,87.03,93.5,74.3,0.0
2974,48.964699,5.774922,87.03,93.5,74.3,0.0
2975,48.964652,5.776111,87.03,93.5,74.3,0.0
2976,48.964604,5.7773,87.03,93.5,74.4,0.0
2977,48.964557,5.778489,87.04,93.5,74.4,0.0
2978,48.96451,5.779677,87.04,93.5,74.5,0.0
2979,48.964463,5.780866,87.04,93.5,74.5,0.0
2980,48.964415,5.782055,87.04,93.5,74.5,0.0
2981,48.964368,5.783243,87.04,93.5,74.6,0.0
2982,48.964321,5.784432,87.04,93.5,74.6,0.0
2983,48.964274,5.785621,87.04,93.5,74.6,0.0
2984,48.964226,5.78681,87.04,93.5,74.7,0.0
2985,48.964179,5.787998,87.04,93.5,74.7,0.0
2986,48.964132,5.789187,87.04,93.5,74.7,0.0
2987,48.964085,5.790376,87.04,93.5,74.8,0.0
2988,48.964037,5.791564,87.04,93.5,74.8,0.0
2989,48.96399,5.792753,87.04,93.5,74.8,0.0
2990,48.963943,5.793942,87.04,93.5,74.9,0.0
2991,48.963896,5.79513,87.04,93.5,74.9,0.0
2992,48.963848,5.796319,87.04,93.5,74.9,0.0
2993,48.963801,5.797508,87.04,93.5,75.0,0.0
2994,48.963754,5.798697,87.04,93.5,75.0,0.0
2995,48.963707,5.799885,87.04,93.5,75.1,0.0
2996,48.963659,5.801074,87.04,93.5,75.1,0.0
2997,48.963612,5.802263,87.04,93.5,75.1,0.0
2998,48.963565,5.803451,87.04,93.5,75.2,0.0
2999,48.963518,5.80464,87.04,93.5,75.2,0.0
3000,48.96347,5.805829,87.04,93.5,75.2,0.0
3001,48.963423,5.807018,87.04,93.5,75.3,0.0
3002,48.963376,5.808206,87.04,93.5,75.3,0.0
3003,48.963329,5.809395,87.04,93.5,75.3,0.0
3004,48.963281,5.810584,87.04,93.5,75.4,0.0
3005,48.963234,5.811772,87.04,93.5,75.4,0.0
3006,48.963187,5.812961,87.04,93.5,75.4,0.0
3007,48.96314,5.81415,87.04,93.5,75.5,0.0
3008,48.963092,5.815339,87.04,93.5,75.5,0.0
3009,48.963045,5.816527,87.04,93.5,75.5,0.0
3010,48.962998,5.817716,87.04,93.5,75.6,0.0
3011,48.962951,5.818905,87.04,93.5,75.6,0.0
3012,48.962903,5.820093,87.04,93.5,75.6,0.0
3013,48.962856,5.821282,87.04,93.5,75.7,0.0
3014,48.962809,5.822471,87.04,93.5,75.7,0.0
3015,48.962762,5.823659,87.04,93.5,75.8,0.0
3016,48.962714,5.824848,87.04,93.5,75.8,0.0
3017,48.962667,5.826037,87.04,93.5,75.8,0.0
3018,48.96262,5.827226,87.04,93.5,75.9,0.0
3019,48.962573,5.828414,87.04,93.5,75.9,0.0
3020,48.962525,5.829603,87.04,93.5,75.9,0.0
3021,48.962478,5.830792,87.04,93.5,76.0,0.0
3022,48.962431,5.83198,87.04,93.5,76.0,0.0
3023,48.962384,5.833169,87.04,93.5,76.0,0.0
3024,48.962337,5.834358,87.04,93.5,76.1,0.0
3025,48.962289,5.835547,87.04,93.5,76.1,0.0
3026,48.962242,5.836735,87.04,93.5,76.1,0.0
3027,48.962195,5.837924,87.04,93.5,76.2,0.0
3028,48.962148,5.839113,87.04,93.5,76.2,0.0
3029,48.9621,5.840301,87.04,93.5,76.2,0.0
3030,48.962053,5.84149,87.04,93.5,76.3,0.0
3031,48.962006,5.842679,87.04,93.5,76.3,0.0
3032,48.961959,5.843867,87.04,93.5,76.3,0.0
3033,48.961911,5.845056,87.04,93.5,76.4,0.0
3034,48.961864,5.846245,87.04,93.5,76.4,0.0
3035,48.961817,5.847434,87.04,93.5,76.4,0.0
3036,48.96177,5.848622,87.04,93.5,76.5,0.0
3037,48.961722,5.849811,87.04,93.5,76.5,0.0
3038,48.961675,5.851,87.04,93.5,76.5,0.0
3039,48.961628,5.852188,87.04,93.5,76.6,0.0
3040,48.961581,5.853377,87.04,93.5,76.6,0.0
3041,48.961533,5.854566,87.04,93.5,76.6,0.0
3042,48.961486,5.855755,87.04,93.5,76.7,0.0
3043,48.961439,5.856943,87.04,93.5,76.7,0.0
3044,48.961392,5.858132,87.04,93.5,76.8,0.0
3045,48.961344,5.859321,87.04,93.5,76.8,0.0
3046,48.961297,5.860509,87.04,93.5,76.8,0.0
3047,48.96125,5.861698,87.04,93.5,76.9,0.0
3048,48.961203,5.862887,87.04,93.5,76.9,0.0
3049,48.961155,5.864075,87.04,93.5,76.9,0.0
3050,48.961108,5.865264,87.04,93.5,77.0,0.0
3051,48.961061,5.866453,87.04,93.5,77.0,0.0
3052,48.961014,5.867642,87.04,93.5,77.0,0.0
3053,48.960966,5.86883,87.04,93.5,77.1,0.0
3054,48.960919,5.870019,87.04,93.5,77.1,0.0
3055,48.960872,5.871208,87.04,93.5,77.1,0.0
3056,48.960825,5.872396,87.04,93.5,77.2,0.0
3057,48.960777,5.873585,87.04,93.5,77.2,0.0
3058,48.96073,5.874774,87.04,93.5,77.2,0.0
3059,48.960683,5.875963,87.04,93.5,77.3,0.0
3060,48.960636,5.877151,87.04,93.5,77.3,0.0
3061,48.960588,5.87834,87.04,93.5,77.3,0.0
3062,48.960541,5.879529,87.04,93.5,77.4,0.0
3063,48.960494,5.880717,87.04,93.5,77.4,0.0
3064,48.960447,5.881906,87.04,93.5,77.4,0.0
3065,48.960399,5.883095,87.04,93.5,77.5,0.0
3066,48.960352,5.884283,87.04,93.5,77.5,0.0
3067,48.960305,5.885472,87.04,93.5,77.5,0.0
3068,48.960258,5.886661,87.04,93.5,77.6,0.0
3069,48.96021,5.88785,87.04,93.5,77.6,0.0
3070,48.960163,5.889038,87.04,93.5,77.6,0.0
3071,48.960116,5.890227,87.04,93.5,77.7,0.0
3072,48.960069,5.891416,87.04,93.5,77.7,0.0
3073,48.960021,5.892604,87.04,93.5,77.7,0.0
3074,48.959974,5.893793,87.04,93.5,77.8,0.0
3075,48.959927,5.894982,87.04,93.5,77.8,0.0
3076,48.95988,5.896171,87.04,93.5,77.8,0.0
3077,48.959832,5.897359,87.04,93.5,77.9,0.0
3078,48.959785,5.898548,87.04,93.5,77.9,0.0
3079,48.959738,5.899737,87.04,93.5,77.9,0.0
3080,48.959691,5.900925,87.04,93.5,78.0,0.0
3081,48.959643,5.902114,87.04,93.5,78.0,0.0
3082,48.959596,5.903303,87.04,93.5,78.0,0.0
3083,48.959549,5.904492,87.04,93.5,78.1,0.0
3084,48.959502,5.90568,87.04,93.5,78.1,0.0
3085,48.959454,5.906869,87.04,93.5,78.1,0.0
3086,48.959407,5.908058,87.04,93.5,78.2,0.0
3087,48.95936,5.909246,87.04,93.5,78.2,0.0
3088,48.959313,5.910435,87.04,93.5,78.2,0.0
3089,48.959265,5.911624,87.04,93.5,78.3,0.0
3090,48.959218,5.912812,87.04,93.5,78.3,0.0
3091,48.959171,5.914001,87.04,93.5,78.3,0.0
3092,48.959124,5.91519,87.04,93.5,78.4,0.0
3093,48.959077,5.916379,87.04,93.5,78.4,0.0
3094,48.959029,5.917567,87.04,93.5,78.4,0.0
3095,48.958982,5.918756,87.04,93.5,78.5,0.0
3096,48.958935,5.919945,87.04,93.5,78.5,0.0
3097,48.958888,5.921133,87.04,93.5,78.5,0.0
3098,48.95884,5.922322,87.04,93.5,78.6,0.0
3099,48.958793,5.923511,87.05,93.5,78.6,0.0
3100,48.958746,5.9247,87.05,93.5,78.6,0.0
3101,48.958699,5.925888,87.05,93.5,78.7,0.0
3102,48.958651,5.927077,87.05,93.5,78.7,0.0
3103,48.958604,5.928266,87.05,93.5,78.7,0.0
3104,48.958557,5.929454,87.05,93.5,78.8,0.0
3105,48.95851,5.930643,87.05,93.5,78.8,0.0
3106,48.958462,5.931832,87.05,93.5,78.8,0.0
3107,48.958415,5.93302,87.05,93.5,78.9,0.0
3108,48.958368,5.934209,87.05,93.5,78.9,0.0
3109,48.958321,5.935398,87.05,93.5,78.9,0.0
3110,48.958273,5.936587,87.05,93.5,79.0,0.0
3111,48.958226,5.937775,87.05,93.5,79.0,0.0
3112,48.958179,5.938964,87.05,93.5,79.0,0.0
3113,48.958132,5.940153,87.05,93.5,79.1,0.0
3114,48.958084,5.941341,87.05,93.5,79.1,0.0
3115,48.958037,5.94253,87.05,93.5,79.1,0.0
3116,48.95799,5.943719,87.05,93.5,79.2,0.0
3117,48.957943,5.944908,87.05,93.5,79.2,0.0
3118,48.957895,5.946096,87.05,93.5,79.2,0.0
3119,48.957848,5.947285,87.05,93.5,79.3,0.0
3120,48.957801,5.948474,87.05,93.5,79.3,0.0
3121,48.957754,5.949662,87.05,93.5,79.3,0.0
3122,48.957706,5.950851,87.05,93.5,79.3,0.0
3123,48.957659,5.95204,87.05,93.5,79.4,0.0
3124,48.957612,5.953228,87.05,93.5,79.4,0.0
3125,48.957565,5.954417,87.05,93.5,79.4,0.0
3126,48.957517,5.955606,87.05,93.5,79.5,0.0
3127,48.95747,5.956795,87.05,93.5,79.5,0.0
3128,48.957423,5.957983,87.05,93.5,79.5,0.0
3129,48.957376,5.959172,87.05,93.5,79.6,0.0
3130,48.957328,5.960361,87.05,93.5,79.6,0.0
3131,48.957281,5.961549,87.05,93.5,79.6,0.0
3132,48.957234,5.962738,87.05,93.5,79.7,0.0
3133,48.957187,5.963927,87.05,93.5,79.7,0.0
3134,48.957139,5.965116,87.05,93.5,79.7,0.0
3135,48.957092,5.966304,87.05,93.5,79.8,0.0
3136,48.957045,5.967493,87.05,93.5,79.8,0.0
3137,48.956998,5.968682,87.05,93.5,79.8,0.0
3138,48.95695,5.96987,87.05,93.5,79.9,0.0
3139,48.956903,5.971059,87.05,93.5,79.9,0.0
3140,48.956856,5.972248,87.05,93.5,79.9,0.0
3141,48.956809,5.973437,87.05,93.5,80.0,0.0
3142,48.956761,5.974625,87.05,93.5,80.0,0.0
3143,48.956714,5.975814,87.05,93.5,80.0,0.0
3144,48.956667,5.977003,87.05,93.5,80.1,0.0
3145,48.95662,5.978191,87.05,93.5,80.1,0.0
3146,48.956572,5.97938,87.05,93.5,80.1,0.0
3147,48.956525,5.980569,87.05,93.5,80.2,0.0
3148,48.956478,5.981757,87.05,93.5,80.2,0.0
3149,48.956431,5.982946,87.05,93.5,80.2,0.0
3150,48.956383,5.984135,87.05,93.5,80.2,0.0
3151,48.956336,5.985324,87.05,93.5,80.3,0.0
3152,48.956289,5.986512,87.05,93.5,80.3,0.0
3153,48.956242,5.987701,87.05,93.5,80.3,0.0
3154,48.956194,5.98889,87.05,93.5,80.4,0.0
3155,48.956147,5.990078,87.05,93.5,80.4,0.0
3156,48.9561,5.991267,87.05,93.5,80.4,0.0
3157,48.956053,5.992456,87.05,93.5,80.5,0.0
3158,48.956005,5.993645,87.05,93.5,80.5,0.0
3159,48.955958,5.994833,87.05,93.5,80.5,0.0
3160,48.955911,5.996022,87.05,93.5,80.6,0.0
3161,48.955864,5.997211,87.05,93.5,80.6,0.0
3162,48.955816,5.998399,87.05,93.5,80.6,0.0
3163,48.955769,5.999588,87.05,93.5,80.7,0.0
3164,48.955722,6.000777,87.05,93.5,80.7,0.0
3165,48.955675,6.001965,87.05,93.5,80.7,0.0
3166,48.955628,6.003154,87.05,93.5,80.7,0.0
3167,48.95558,6.004343,87.05,93.5,80.8,0.0
3168,48.955533,6.005532,87.05,93.5,80.8,0.0
3169,48.955486,6.00672,87.05,93.5,80.8,0.0
3170,48.955439,6.007909,87.05,93.5,80.9,0.0
3171,48.955391,6.009098,87.05,93.5,80.9,0.0
3172,48.955344,6.010286,87.05,93.5,80.9,0.0
3173,48.955297,6.011475,87.05,93.5,81.0,0.0
3174,48.95525,6.012664,87.05,93.5,81.0,0.0
3175,48.955202,6.013853,87.05,93.5,81.0,0.0
3176,48.955155,6.015041,87.05,93.5,81.1,0.0
3177,48.955108,6.01623,87.05,93.5,81.1,0.0
3178,48.955061,6.017419,87.05,93.5,81.1,0.0
3179,48.955013,6.018607,87.05,93.5,81.2,0.0
3180,48.954966,6.019796,87.05,93.5,81.2,0.0
3181,48.954919,6.020985,87.05,93.5,81.2,0.0
3182,48.954872,6.022173,87.05,93.5,81.2,0.0
3183,48.954824,6.023362,87.05,93.5,81.3,0.0
3184,48.954777,6.024551,87.05,93.5,81.3,0.0
3185,48.95473,6.02574,87.05,93.5,81.3,0.0
3186,48.954683,6.026928,87.05,93.5,81.4,0.0
3187,48.954635,6.028117,87.05,93.5,81.4,0.0
3188,48.954588,6.029306,87.05,93.5,81.4,0.0
3189,48.954541,6.030494,87.05,93.5,81.5,0.0
3190,48.954494,6.031683,87.05,93.5,81.5,0.0
3191,48.954446,6.032872,87.05,93.5,81.5,0.0
3192,48.954399,6.034061,87.05,93.5,81.6,0.0
3193,48.954352,6.035249,87.05,93.5,81.6,0.0
3194,48.954305,6.036438,87.05,93.5,81.6,0.0
3195,48.954257,6.037627,87.05,93.5,81.6,0.0
3196,48.95421,6.038815,87.05,93.5,81.7,0.0
3197,48.954163,6.040004,87.05,93.5,81.7,0.0
3198,48.954116,6.041193,87.05,93.5,81.7,0.0
3199,48.954068,6.042381,87.05,93.5,81.8,0.0
3200,48.954021,6.04357,87.05,93.5,81.8,0.0
3201,48.953974,6.044759,87.05,93.5,81.8,0.0
3202,48.953927,6.045948,87.05,93.5,81.9,0.0
3203,48.953879,6.047136,87.05,93.5,81.9,0.0
3204,48.953832,6.048325,87.05,93.5,81.9,0.0
3205,48.953785,6.049514,87.05,93.5,82.0,0.0
3206,48.953738,6.050702,87.05,93.5,82.0,0.0
3207,48.95369,6.051891,87.05,93.5,82.0,0.0
3208,48.953643,6.05308,87.05,93.5,82.0,0.0
3209,48.953596,6.054269,87.05,93.5,82.1,0.0
3210,48.953549,6.055457,87.05,93.5,82.1,0.0
3211,48.953501,6.056646,87.05,93.5,82.1,0.0
3212,48.953454,6.057835,87.05,93.5,82.2,0.0
3213,48.953407,6.059023,87.05,93.5,82.2,0.0
3214,48.95336,6.060212,87.05,93.5,82.2,0.0
3215,48.953312,6.061401,87.05,93.5,82.3,0.0
3216,48.953265,6.06259,87.05,93.5,82.3,0.0
3217,48.953218,6.063778,87.05,93.5,82.3,0.0
3218,48.953171,6.064967,87.05,93.5,82.3,0.0
3219,48.953123,6.066156,87.05,93.5,82.4,0.0
3220,48.953076,6.067344,87.05,93.5,82.4,0.0
3221,48.953029,6.068533,87.06,93.5,82.4,0.0
3222,48.952982,6.069722,87.06,93.5,82.5,0.0
3223,48.952934,6.07091,87.06,93.5,82.5,0.0
3224,48.952887,6.072099,87.06,93.5,82.5,0.0
3225,48.95284,6.073288,87.06,93.5,82.6,0.0
3226,48.952793,6.074477,87.06,93.5,82.6,0.0
3227,48.952745,6.075665,87.06,93.5,82.6,0.0
3228,48.952698,6.076854,87.06,93.5,82.6,0.0
3229,48.952651,6.078043,87.06,93.5,82.7,0.0
3230,48.952604,6.079231,87.06,93.5,82.7,0.0
3231,48.952556,6.08042,87.06,93.5,82.7,0.0
3232,48.952509,6.081609,87.06,93.5,82.8,0.0
3233,48.952462,6.082798,87.06,93.5,82.8,0.0
3234,48.952415,6.083986,87.06,93.5,82.8,0.0
3235,48.952367,6.085175,87.06,93.5,82.8,0.0
3236,48.95232,6.086364,87.06,93.5,82.9,0.0
3237,48.952273,6.087552,87.06,93.5,82.9,0.0
3238,48.952226,6.088741,87.06,93.5,82.9,0.0
3239,48.952179,6.08993,87.06,93.5,83.0,0.0
3240,48.952131,6.091118,87.06,93.5,83.0,0.0
3241,48.952084,6.092307,87.06,93.5,83.0,0.0
3242,48.952037,6.093496,87.06,93.5,83.1,0.0
3243,48.95199,6.094685,87.06,93.5,83.1,0.0
3244,48.951942,6.095873,87.06,93.5,83.1,0.0
3245,48.951895,6.097062,87.06,93.5,83.1,0.0
3246,48.951848,6.098251,87.06,93.5,83.2,0.0
3247,48.951801,6.099439,87.06,93.5,83.2,0.0
3248,48.951753,6.100628,87.06,93.5,83.2,0.0
3249,48.951706,6.101817,87.06,93.5,83.3,0.0
3250,48.951659,6.103006,87.06,93.5,83.3,0.0
3251,48.951612,6.104194,87.06,93.5,83.3,0.0
3252,48.951564,6.105383,87.06,93.5,83.3,0.0
3253,48.951517,6.106572,87.06,93.5,83.4,0.0
3254,48.95147,6.10776,87.06,93.5,83.4,0.0
3255,48.951423,6.108949,87.06,93.5,83.4,0.0
3256,48.951375,6.110138,87.06,93.5,83.5,0.0
3257,48.951328,6.111326,87.06,93.5,83.5,0.0
3258,48.951281,6.112515,87.06,93.5,83.5,0.0
3259,48.951234,6.113704,87.06,93.5,83.5,0.0
3260,48.951186,6.114893,87.06,93.5,83.6,0.0
3261,48.951139,6.116081,87.06,93.5,83.6,0.0
3262,48.951092,6.11727,87.06,93.5,83.6,0.0
3263,48.951045,6.118459,87.06,93.5,83.7,0.0
3264,48.950997,6.119647,87.06,93.5,83.7,0.0
3265,48.95095,6.120836,87.06,93.5,83.7,0.0
3266,48.950903,6.122025,87.06,93.5,83.7,0.0
3267,48.950856,6.123214,87.06,93.5,83.8,0.0
3268,48.950808,6.124402,87.06,93.5,83.8,0.0
3269,48.950761,6.125591,87.06,93.5,83.8,0.0
3270,48.950714,6.12678,87.06,93.5,83.9,0.0
3271,48.950667,6.127968,87.06,93.5,83.9,0.0
3272,48.950619,6.129157,87.06,93.5,83.9,0.0
3273,48.950572,6.130346,87.06,93.5,83.9,0.0
3274,48.950525,6.131534,87.06,93.5,84.0,0.0
3275,48.950478,6.132723,87.06,93.5,84.0,0.0
3276,48.95043,6.133912,87.06,93.5,84.0,0.0
3277,48.950383,6.135101,87.06,93.5,84.1,0.0
3278,48.950336,6.136289,87.06,93.5,84.1,0.0
3279,48.950289,6.137478,87.06,93.5,84.1,0.0
3280,48.950241,6.138667,87.06,93.5,84.1,0.0
3281,48.950194,6.139855,87.06,93.5,84.2,0.0
3282,48.950147,6.141044,87.06,93.5,84.2,0.0
3283,48.9501,6.142233,87.06,93.5,84.2,0.0
3284,48.950052,6.143422,87.06,93.5,84.3,0.0
3285,48.950005,6.14461,87.06,93.5,84.3,0.0
3286,48.949958,6.145799,87.06,93.5,84.3,0.0
3287,48.949911,6.146988,87.06,93.5,84.3,0.0
3288,48.949863,6.148176,87.06,93.5,84.4,0.0
3289,48.949816,6.149365,87.06,93.5,84.4,0.0
3290,48.949769,6.150554,87.06,93.5,84.4,0.0
3291,48.949722,6.151743,87.06,93.5,84.5,0.0
3292,48.949674,6.152931,87.06,93.5,84.5,0.0
3293,48.949627,6.15412,87.06,93.5,84.5,0.0
3294,48.94958,6.155309,87.06,93.5,84.5,0.0
3295,48.949533,6.156497,87.06,93.5,84.6,0.0
3296,48.949485,6.157686,87.06,93.5,84.6,0.0
3297,48.949438,6.158875,87.06,93.5,84.6,0.0
3298,48.949391,6.160063,87.06,93.5,84.6,0.0
3299,48.949344,6.161252,87.06,93.5,84.7,0.0
3300,48.949296,6.162441,87.06,93.5,84.7,0.0
3301,48.949249,6.16363,87.06,93.5,84.7,0.0
3302,48.949202,6.164818,87.06,93.5,84.8,0.0
3303,48.949155,6.166007,87.06,93.5,84.8,0.0
3304,48.949107,6.167196,87.06,93.5,84.8,0.0
3305,48.94906,6.168384,87.06,93.5,84.8,0.0
3306,48.949013,6.169573,87.06,93.5,84.9,0.0
3307,48.948811,6.170713,86.34,105.1,84.9,0.0
3308,48.94855,6.171835,87.0,109.5,84.9,0.0
3309,48.948289,6.172957,87.0,109.5,84.9,0.0
3310,48.948028,6.174078,87.0,109.5,85.0,0.0
3311,48.947767,6.1752,87.0,109.5,85.0,0.0
3312,48.947506,6.176322,87.0,109.5,85.0,0.0
3313,48.947245,6.177444,87.0,109.5,85.1,0.0
3314,48.946984,6.178565,87.0,109.5,85.1,0.0
3315,48.946723,6.179687,87.0,109.5,85.1,0.0
3316,48.946462,6.180809,87.0,109.5,85.1,0.0
3317,48.946201,6.181931,87.0,109.5,85.2,0.0
3318,48.94594,6.183052,87.0,109.5,85.2,0.0
3319,48.945679,6.184174,87.01,109.5,85.2,0.0
3320,48.945418,6.185296,87.01,109.5,85.2,0.0
3321,48.945157,6.186418,87.01,109.5,85.3,0.0
3322,48.944897,6.187539,87.01,109.5,85.3,0.0
3323,48.944636,6.188661,87.01,109.5,85.3,0.0
3324,48.944375,6.189783,87.01,109.5,85.4,0.0
3325,48.944114,6.190904,87.01,109.5,85.4,0.0
3326,48.943853,6.192026,87.01,109.5,85.4,0.0
3327,48.943592,6.193148,87.01,109.5,85.4,0.0
3328,48.943331,6.19427,87.01,109.5,85.5,0.0
3329,48.94307,6.195391,87.01,109.5,85.5,0.0
3330,48.942809,6.196513,87.01,109.5,85.5,0.0
3331,48.942548,6.197635,87.01,109.5,85.5,0.0
3332,48.942287,6.198757,87.01,109.5,85.6,0.0
3333,48.942026,6.199878,87.01,109.5,85.6,0.0
3334,48.941765,6.201,87.01,109.5,85.6,0.0
3335,48.941504,6.202122,87.01,109.5,85.6,0.0
3336,48.941243,6.203244,87.01,109.5,85.7,0.0
3337,48.940982,6.204365,87.01,109.5,85.7,0.0
3338,48.940721,6.205487,87.01,109.5,85.7,0.0
3339,48.94046,6.206609,87.01,109.5,85.8,0.0
3340,48.940199,6.207731,87.01,109.5,85.8,0.0
3341,48.939938,6.208852,87.01,109.5,85.8,0.0
3342,48.939677,6.209974,87.01,109.5,85.8,0.0
3343,48.939417,6.211096,87.01,109.5,85.9,0.0
3344,48.939156,6.212217,87.02,109.5,85.9,0.0
3345,48.938895,6.213339,87.02,109.5,85.9,0.0
3346,48.938634,6.214461,87.02,109.5,85.9,0.0
3347,48.938373,6.215583,87.02,109.5,86.0,0.0
3348,48.938112,6.216704,87.02,109.5,86.0,0.0
3349,48.937851,6.217826,87.02,109.5,86.0,0.0
3350,48.93759,6.218948,87.02,109.5,86.0,0.0
3351,48.937329,6.22007,87.02,109.5,86.1,0.0
3352,48.937068,6.221191,87.02,109.5,86.1,0.0
3353,48.936807,6.222313,87.02,109.5,86.1,0.0
3354,48.936546,6.223435,87.02,109.5,86.1,0.0
3355,48.936285,6.224557,87.02,109.5,86.2,0.0
3356,48.936024,6.225678,87.02,109.5,86.2,0.0
3357,48.935763,6.2268,87.02,109.5,86.2,0.0
3358,48.935502,6.227922,87.02,109.5,86.2,0.0
3359,48.935241,6.229043,87.02,109.5,86.3,0.0
3360,48.93498,6.230165,87.02,109.5,86.3,0.0
3361,48.934719,6.231287,87.02,109.5,86.3,0.0
3362,48.934458,6.232409,87.02,109.5,86.3,0.0
3363,48.934197,6.23353,87.02,109.5,86.4,0.0
3364,48.933937,6.234652,87.02,109.5,86.4,0.0
3365,48.933676,6.235774,87.02,109.5,86.4,0.0
3366,48.933415,6.236896,87.02,109.5,86.5,0.0
3367,48.933154,6.238017,87.02,109.5,86.5,0.0
3368,48.932893,6.239139,87.02,109.5,86.5,0.0
3369,48.932632,6.240261,87.03,109.5,86.5,0.0
3370,48.932371,6.241383,87.03,109.5,86.6,0.0
3371,48.93211,6.242504,87.03,109.5,86.6,0.0
3372,48.931849,6.243626,87.03,109.5,86.6,0.0
3373,48.931588,6.244748,87.03,109.5,86.6,0.0
3374,48.931327,6.24587,87.03,109.5,86.7,0.0
3375,48.931066,6.246991,87.03,109.5,86.7,0.0
3376,48.930805,6.248113,87.03,109.5,86.7,0.0
3377,48.930544,6.249235,87.03,109.5,86.7,0.0
3378,48.930283,6.250356,87.03,109.5,86.8,0.0
3379,48.930022,6.251478,87.03,109.5,86.8,0.0
3380,48.929761,6.2526,87.03,109.5,86.8,0.0
3381,48.9295,6.253722,87.03,109.5,86.8,0.0
3382,48.929239,6.254843,87.03,109.5,86.9,0.0
3383,48.928978,6.255965,87.03,109.5,86.9,0.0
3384,48.928718,6.257087,87.03,109.5,86.9,0.0
3385,48.928457,6.258209,87.03,109.5,86.9,0.0
3386,48.928196,6.25933,87.03,109.5,87.0,0.0
3387,48.927935,6.260452,87.03,109.5,87.0,0.0
3388,48.927674,6.261574,87.03,109.5,87.0,0.0
3389,48.927413,6.262696,87.03,109.5,87.0,0.0
3390,48.927152,6.263817,87.03,109.5,87.1,0.0
3391,48.926891,6.264939,87.03,109.5,87.1,0.0
3392,48.92663,6.266061,87.03,109.5,87.1,0.0
3393,48.926369,6.267183,87.04,109.5,87.1,0.0
3394,48.926108,6.268304,87.04,109.5,87.2,0.0
3395,48.925847,6.269426,87.04,109.5,87.2,0.0
3396,48.925586,6.270548,87.04,109.5,87.2,0.0
3397,48.925325,6.271669,87.04,109.5,87.2,0.0
3398,48.925064,6.272791,87.04,109.5,87.2,0.0
3399,48.924803,6.273913,87.04,109.5,87.3,0.0
3400,48.924542,6.275035,87.04,109.5,87.3,0.0
3401,48.924281,6.276156,87.04,109.5,87.3,0.0
3402,48.92402,6.277278,87.04,109.5,87.3,0.0
3403,48.923759,6.2784,87.04,109.5,87.4,0.0
3404,48.923498,6.279522,87.04,109.5,87.4,0.0
3405,48.923238,6.280643,87.04,109.5,87.4,0.0
3406,48.922977,6.281765,87.04,109.5,87.4,0.0
3407,48.922716,6.282887,87.04,109.5,87.5,0.0
3408,48.922455,6.284009,87.04,109.5,87.5,0.0
3409,48.922194,6.28513,87.04,109.5,87.5,0.0
3410,48.921933,6.286252,87.04,109.5,87.5,0.0
3411,48.921672,6.287374,87.04,109.5,87.6,0.0
3412,48.921411,6.288495,87.04,109.5,87.6,0.0
3413,48.92115,6.289617,87.04,109.5,87.6,0.0
3414,48.920889,6.290739,87.04,109.5,87.6,0.0
3415,48.920628,6.291861,87.04,109.5,87.7,0.0
3416,48.920367,6.292982,87.04,109.5,87.7,0.0
3417,48.920106,6.294104,87.04,109.5,87.7,0.0
3418,48.919845,6.295226,87.05,109.5,87.7,0.0
3419,48.919584,6.296348,87.05,109.5,87.8,0.0
3420,48.919323,6.297469,87.05,109.5,87.8,0.0
3421,48.919062,6.298591,87.05,109.5,87.8,0.0
3422,48.918801,6.299713,87.05,109.5,87.8,0.0
3423,48.91854,6.300835,87.05,109.5,87.8,0.0
3424,48.918279,6.301956,87.05,109.5,87.9,0.0
3425,48.918018,6.303078,87.05,109.5,87.9,0.0
3426,48.917758,6.3042,87.05,109.5,87.9,0.0
3427,48.917497,6.305322,87.05,109.5,87.9,0.0
3428,48.917236,6.306443,87.05,109.5,88.0,0.0
3429,48.916975,6.307565,87.05,109.5,88.0,0.0
3430,48.916714,6.308687,87.05,109.5,88.0,0.0
3431,48.916453,6.309808,87.05,109.5,88.0,0.0
3432,48.916192,6.31093,87.05,109.5,88.1,0.0
3433,48.915931,6.312052,87.05,109.5,88.1,0.0
3434,48.91567,6.313174,87.05,109.5,88.1,0.0
3435,48.915409,6.314295,87.05,109.5,88.1,0.0
3436,48.915148,6.315417,87.05,109.5,88.2,0.0
3437,48.914887,6.316539,87.05,109.5,88.2,0.0
3438,48.914626,6.317661,87.05,109.5,88.2,0.0
3439,48.914365,6.318782,87.05,109.5,88.2,0.0
3440,48.914104,6.319904,87.05,109.5,88.2,0.0
3441,48.913843,6.321026,87.05,109.5,88.3,0.0
3442,48.913582,6.322148,87.05,109.5,88.3,0.0
3443,48.913321,6.323269,87.06,109.5,88.3,0.0
3444,48.91306,6.324391,87.06,109.5,88.3,0.0
3445,48.912799,6.325513,87.06,109.5,88.4,0.0
3446,48.912538,6.326634,87.06,109.5,88.4,0.0
3447,48.912278,6.327756,87.06,109.5,88.4,0.0
3448,48.912017,6.328878,87.06,109.5,88.4,0.0
3449,48.911756,6.33,87.06,109.5,88.4,0.0
3450,48.911495,6.331121,87.06,109.5,88.5,0.0
3451,48.911234,6.332243,87.06,109.5,88.5,0.0
3452,48.910973,6.333365,87.06,109.5,88.5,0.0
3453,48.910712,6.334487,87.06,109.5,88.5,0.0
3454,48.910451,6.335608,87.06,109.5,88.6,0.0
3455,48.91019,6.33673,87.06,109.5,88.6,0.0
3456,48.909929,6.337852,87.06,109.5,88.6,0.0
3457,48.909668,6.338974,87.06,109.5,88.6,0.0
3458,48.909407,6.340095,87.06,109.5,88.7,0.0
3459,48.909146,6.341217,87.06,109.5,88.7,0.0
3460,48.908885,6.342339,87.06,109.5,88.7,0.0
3461,48.908624,6.343461,87.06,109.5,88.7,0.0
3462,48.908363,6.344582,87.06,109.5,88.7,0.0
3463,48.908102,6.345704,87.06,109.5,88.8,0.0
3464,48.907841,6.346826,87.06,109.5,88.8,0.0
3465,48.90758,6.347947,87.06,109.5,88.8,0.0
3466,48.907319,6.349069,87.06,109.5,88.8,0.0
3467,48.907058,6.350191,87.06,109.5,88.9,0.0
3468,48.906798,6.351313,87.07,109.5,88.9,0.0
3469,48.906537,6.352434,87.07,109.5,88.9,0.0
3470,48.906276,6.353556,87.07,109.5,88.9,0.0
3471,48.906015,6.354678,87.07,109.5,88.9,0.0
3472,48.905754,6.3558,87.07,109.5,89.0,0.0
3473,48.905493,6.356921,87.07,109.5,89.0,0.0
3474,48.905232,6.358043,87.07,109.5,89.0,0.0
3475,48.904971,6.359165,87.07,109.5,89.0,0.0
3476,48.90471,6.360287,87.07,109.5,89.0,0.0
3477,48.904449,6.361408,87.07,109.5,89.1,0.0
3478,48.904188,6.36253,87.07,109.5,89.1,0.0
3479,48.903927,6.363652,87.07,109.5,89.1,0.0
3480,48.903666,6.364773,87.07,109.5,89.1,0.0
3481,48.903405,6.365895,87.07,109.5,89.2,0.0
3482,48.903144,6.367017,87.07,109.5,89.2,0.0
3483,48.902883,6.368139,87.07,109.5,89.2,0.0
3484,48.902622,6.36926,87.07,109.5,89.2,0.0
3485,48.902361,6.370382,87.07,109.5,89.2,0.0
3486,48.9021,6.371504,87.07,109.5,89.3,0.0
3487,48.901839,6.372626,87.07,109.5,89.3,0.0
3488,48.901578,6.373747,87.07,109.5,89.3,0.0
3489,48.901318,6.374869,87.07,109.5,89.3,0.0
3490,48.901057,6.375991,87.07,109.5,89.3,0.0
3491,48.900796,6.377113,87.07,109.5,89.4,0.0
3492,48.900535,6.378234,87.08,109.5,89.4,0.0
3493,48.900274,6.379356,87.08,109.5,89.4,0.0
3494,48.900013,6.380478,87.08,109.5,89.4,0.0
3495,48.899752,6.3816,87.08,109.5,89.5,0.0
3496,48.899491,6.382721,87.08,109.5,89.5,0.0
3497,48.89923,6.383843,87.08,109.5,89.5,0.0
3498,48.898969,6.384965,87.08,109.5,89.5,0.0
3499,48.898708,6.386086,87.08,109.5,89.5,0.0
3500,48.898447,6.387208,87.08,109.5,89.6,0.0
3501,48.898186,6.38833,87.08,109.5,89.6,0.0
3502,48.897925,6.389452,87.08,109.5,89.6,0.0
3503,48.897664,6.390573,87.08,109.5,89.6,0.0
3504,48.897403,6.391695,87.08,109.5,89.6,0.0
3505,48.897142,6.392817,87.08,109.5,89.7,0.0
3506,48.896881,6.393939,87.08,109.5,89.7,0.0
3507,48.89662,6.39506,87.08,109.5,89.7,0.0
3508,48.896359,6.396182,87.08,109.5,89.7,0.0
3509,48.896098,6.397304,87.08,109.5,89.7,0.0
3510,48.895838,6.398426,87.08,109.5,89.8,0.0
3511,48.895577,6.399547,87.08,109.5,89.8,0.0
3512,48.895316,6.400669,87.08,109.5,89.8,0.0
3513,48.895055,6.401791,87.08,109.5,89.8,0.0
3514,48.894794,6.402912,87.08,109.5,89.8,0.0
3515,48.894533,6.404034,87.08,109.5,89.9,0.0
3516,48.894272,6.405156,87.08,109.5,89.9,0.0
3517,48.894011,6.406278,87.09,109.5,89.9,0.0
3518,48.89375,6.407399,87.09,109.5,89.9,0.0
3519,48.893489,6.408521,87.09,109.5,89.9,0.0
3520,48.893228,6.409643,87.09,109.5,90.0,0.0
3521,48.892967,6.410765,87.09,109.5,90.0,0.0
3522,48.892706,6.411886,87.09,109.5,90.0,0.0
3523,48.892445,6.413008,87.09,109.5,90.0,0.0
3524,48.892184,6.41413,87.09,109.5,90.0,0.0
3525,48.891923,6.415252,87.09,109.5,90.1,0.0
3526,48.891662,6.416373,87.09,109.5,90.1,0.0
3527,48.891401,6.417495,87.09,109.5,90.1,0.0
3528,48.89114,6.418617,87.09,109.5,90.1,0.0
3529,48.890879,6.419739,87.09,109.5,90.1,0.0
3530,48.890619,6.42086,87.09,109.5,90.2,0.0
3531,48.890358,6.421982,87.09,109.5,90.2,0.0
3532,48.890097,6.423104,87.09,109.5,90.2,0.0
3533,48.889836,6.424225,87.09,109.5,90.2,0.0
3534,48.889575,6.425347,87.09,109.5,90.2,0.0
3535,48.889314,6.426469,87.09,109.5,90.3,0.0
3536,48.889053,6.427591,87.09,109.5,90.3,0.0
3537,48.888792,6.428712,87.09,109.5,90.3,0.0
3538,48.888531,6.429834,87.09,109.5,90.3,0.0
3539,48.88827,6.430956,87.09,109.5,90.3,0.0
3540,48.888009,6.432078,87.09,109.5,90.4,0.0
3541,48.887748,6.433199,87.09,109.5,90.4,0.0
3542,48.887487,6.434321,87.1,109.5,90.4,0.0
3543,48.887226,6.435443,87.1,109.5,90.4,0.0
3544,48.886965,6.436565,87.1,109.5,90.4,0.0
3545,48.886704,6.437686,87.1,109.5,90.5,0.0
3546,48.886443,6.438808,87.1,109.5,90.5,0.0
3547,48.886182,6.43993,87.1,109.5,90.5,0.0
3548,48.885921,6.441051,87.1,109.5,90.5,0.0
3549,48.88566,6.442173,87.1,109.5,90.5,0.0
3550,48.885399,6.443295,87.1,109.5,90.6,0.0
3551,48.885139,6.444417,87.1,109.5,90.6,0.0
3552,48.884878,6.445538,87.1,109.5,90.6,0.0
3553,48.884617,6.44666,87.1,109.5,90.6,0.0
3554,48.884356,6.447782,87.1,109.5,90.6,0.0
3555,48.884095,6.448904,87.1,109.5,90.6,0.0
3556,48.883834,6.450025,87.1,109.5,90.7,0.0
3557,48.883573,6.451147,87.1,109.5,90.7,0.0
3558,48.883312,6.452269,87.1,109.5,90.7,0.0
3559,48.883051,6.453391,87.1,109.5,90.7,0.0
3560,48.88279,6.454512,87.1,109.5,90.7,0.0
3561,48.882529,6.455634,87.1,109.5,90.8,0.0
3562,48.882268,6.456756,87.1,109.5,90.8,0.0
3563,48.882007,6.457878,87.1,109.5,90.8,0.0
3564,48.881746,6.458999,87.1,109.5,90.8,0.0
3565,48.881485,6.460121,87.1,109.5,90.8,0.0
3566,48.881224,6.461243,87.1,109.5,90.9,0.0
3567,48.880963,6.462364,87.11,109.5,90.9,0.0
3568,48.880702,6.463486,87.11,109.5,90.9,0.0
3569,48.880441,6.464608,87.11,109.5,90.9,0.0
3570,48.88018,6.46573,87.11,109.5,90.9,0.0
3571,48.879919,6.466851,87.11,109.5,90.9,0.0
3572,48.879659,6.467973,87.11,109.5,91.0,0.0
3573,48.879398,6.469095,87.11,109.5,91.0,0.0
3574,48.879137,6.470217,87.11,109.5,91.0,0.0
3575,48.878876,6.471338,87.11,109.5,91.0,0.0
3576,48.878615,6.47246,87.11,109.5,91.0,0.0
3577,48.878354,6.473582,87.11,109.5,91.1,0.0
3578,48.878093,6.474704,87.11,109.5,91.1,0.0
3579,48.877832,6.475825,87.11,109.5,91.1,0.0
3580,48.877571,6.476947,87.11,109.5,91.1,0.0
3581,48.87731,6.478069,87.11,109.5,91.1,0.0
3582,48.877049,6.47919,87.11,109.5,91.1,0.0
3583,48.876788,6.480312,87.11,109.5,91.2,0.0
3584,48.876527,6.481434,87.11,109.5,91.2,0.0
3585,48.876266,6.482556,87.11,109.5,91.2,0.0
3586,48.876005,6.483677,87.11,109.5,91.2,0.0
3587,48.875744,6.484799,87.11,109.5,91.2,0.0
3588,48.875483,6.485921,87.11,109.5,91.2,0.0
3589,48.875222,6.487043,87.11,109.5,91.3,0.0
3590,48.874961,6.488164,87.11,109.5,91.3,0.0
3591,48.8747,6.489286,87.12,109.5,91.3,0.0
3592,48.874439,6.490408,87.12,109.5,91.3,0.0
3593,48.874179,6.49153,87.12,109.5,91.3,0.0
3594,48.873918,6.492651,87.12,109.5,91.4,0.0
3595,48.873657,6.493773,87.12,109.5,91.4,0.0
3596,48.873396,6.494895,87.12,109.5,91.4,0.0
3597,48.873135,6.496017,87.12,109.5,91.4,0.0
3598,48.872874,6.497138,87.12,109.5,91.4,0.0
3599,48.872613,6.49826,87.12,109.5,91.4,0.0
3600,48.872352,6.499382,87.12,109.5,91.5,0.0
3601,48.872091,6.500503,87.12,109.5,91.5,0.0
3602,48.87183,6.501625,87.12,109.5,91.5,0.0
3603,48.871569,6.502747,87.12,109.5,91.5,0.0
3604,48.871308,6.503869,87.12,109.5,91.5,0.0
3605,48.871047,6.50499,87.12,109.5,91.5,0.0
3606,48.870786,6.506112,87.12,109.5,91.6,0.0
3607,48.870525,6.507234,87.12,109.5,91.6,0.0
3608,48.870264,6.508356,87.12,109.5,91.6,0.0
3609,48.870003,6.509477,87.12,109.5,91.6,0.0
3610,48.869742,6.510599,87.12,109.5,91.6,0.0
3611,48.869481,6.511721,87.12,109.5,91.6,0.0
3612,48.86922,6.512843,87.12,109.5,91.7,0.0
3613,48.868959,6.513964,87.12,109.5,91.7,0.0
3614,48.868699,6.515086,87.12,109.5,91.7,0.0
3615,48.868438,6.516208,87.12,109.5,91.7,0.0
3616,48.868177,6.517329,87.13,109.5,91.7,0.0
3617,48.867916,6.518451,87.13,109.5,91.7,0.0
3618,48.867655,6.519573,87.13,109.5,91.8,0.0
3619,48.867394,6.520695,87.13,109.5,91.8,0.0
3620,48.867133,6.521816,87.13,109.5,91.8,0.0
3621,48.866872,6.522938,87.13,109.5,91.8,0.0
3622,48.866611,6.52406,87.13,109.5,91.8,0.0
3623,48.86635,6.525182,87.13,109.5,91.8,0.0
3624,48.866089,6.526303,87.13,109.5,91.9,0.0
3625,48.865828,6.527425,87.13,109.5,91.9,0.0
3626,48.865567,6.528547,87.13,109.5,91.9,0.0
3627,48.865306,6.529669,87.13,109.5,91.9,0.0
3628,48.865045,6.53079,87.13,109.5,91.9,0.0
3629,48.864784,6.531912,87.13,109.5,91.9,0.0
3630,48.864523,6.533034,87.13,109.5,91.9,0.0
3631,48.864262,6.534156,87.13,109.5,92.0,0.0
3632,48.864001,6.535277,87.13,109.5,92.0,0.0
3633,48.86374,6.536399,87.13,109.5,92.0,0.0
3634,48.863479,6.537521,87.13,109.5,92.0,0.0
3635,48.863219,6.538642,87.13,109.5,92.0,0.0
3636,48.862958,6.539764,87.13,109.5,92.0,0.0
3637,48.862697,6.540886,87.13,109.5,92.1,0.0
3638,48.862436,6.542008,87.13,109.5,92.1,0.0
3639,48.862175,6.543129,87.13,109.5,92.1,0.0
3640,48.861914,6.544251,87.13,109.5,92.1,0.0
3641,48.861653,6.545373,87.14,109.5,92.1,0.0
3642,48.861392,6.546495,87.14,109.5,92.1,0.0
3643,48.861131,6.547616,87.14,109.5,92.2,0.0
3644,48.86087,6.548738,87.14,109.5,92.2,0.0
3645,48.860609,6.54986,87.14,109.5,92.2,0.0
3646,48.860348,6.550982,87.14,109.5,92.2,0.0
3647,48.860087,6.552103,87.14,109.5,92.2,0.0
3648,48.859826,6.553225,87.14,109.5,92.2,0.0
3649,48.859565,6.554347,87.14,109.5,92.2,0.0
3650,48.859304,6.555468,87.14,109.5,92.3,0.0
3651,48.859043,6.55659,87.14,109.5,92.3,0.0
3652,48.858782,6.557712,87.14,109.5,92.3,0.0
3653,48.858521,6.558834,87.14,109.5,92.3,0.0
3654,48.85826,6.559955,87.14,109.5,92.3,0.0
3655,48.857999,6.561077,87.14,109.5,92.3,0.0
3656,48.857739,6.562199,87.14,109.5,92.3,0.0
3657,48.857478,6.563321,87.14,109.5,92.4,0.0
3658,48.857217,6.564442,87.14,109.5,92.4,0.0
3659,48.856956,6.565564,87.14,109.5,92.4,0.0
3660,48.856695,6.566686,87.14,109.5,92.4,0.0
3661,48.856434,6.567808,87.14,109.5,92.4,0.0
3662,48.856173,6.568929,87.14,109.5,92.4,0.0
3663,48.855912,6.570051,87.14,109.5,92.5,0.0
3664,48.855651,6.571173,87.14,109.5,92.5,0.0
3665,48.85539,6.572295,87.14,109.5,92.5,0.0
3666,48.855129,6.573416,87.15,109.5,92.5,0.0
3667,48.854868,6.574538,87.15,109.5,92.5,0.0
3668,48.854607,6.57566,87.15,109.5,92.5,0.0
3669,48.854346,6.576781,87.15,109.5,92.5,0.0
3670,48.854085,6.577903,87.15,109.5,92.6,0.0
3671,48.853824,6.579025,87.15,109.5,92.6,0.0
3672,48.853563,6.580147,87.15,109.5,92.6,0.0
3673,48.853302,6.581268,87.15,109.5,92.6,0.0
3674,48.853041,6.58239,87.15,109.5,92.6,0.0
3675,48.85278,6.583512,87.15,109.5,92.6,0.0
3676,48.85252,6.584634,87.15,109.5,92.6,0.0
3677,48.852259,6.585755,87.15,109.5,92.7,0.0
3678,48.851998,6.586877,87.15,109.5,92.7,0.0
3679,48.851737,6.587999,87.15,109.5,92.7,0.0
3680,48.851476,6.589121,87.15,109.5,92.7,0.0
3681,48.851215,6.590242,87.15,109.5,92.7,0.0
3682,48.850954,6.591364,87.15,109.5,92.7,0.0
3683,48.850693,6.592486,87.15,109.5,92.7,0.0
3684,48.850432,6.593607,87.15,109.5,92.7,0.0
3685,48.850171,6.594729,87.15,109.5,92.8,0.0
3686,48.84991,6.595851,87.15,109.5,92.8,0.0
3687,48.849649,6.596973,87.15,109.5,92.8,0.0
3688,48.849388,6.598094,87.15,109.5,92.8,0.0
3689,48.849127,6.599216,87.15,109.5,92.8,0.0
3690,48.848866,6.600338,87.16,109.5,92.8,0.0
3691,48.848605,6.60146,87.16,109.5,92.8,0.0
3692,48.848344,6.602581,87.16,109.5,92.9,0.0
3693,48.848083,6.603703,87.16,109.5,92.9,0.0
3694,48.847822,6.604825,87.16,109.5,92.9,0.0
3695,48.847561,6.605947,87.16,109.5,92.9,0.0
3696,48.8473,6.607068,87.16,109.5,92.9,0.0
3697,48.84704,6.60819,87.16,109.5,92.9,0.0
3698,48.846779,6.609312,87.16,109.5,92.9,0.0
3699,48.846518,6.610434,87.16,109.5,92.9,0.0
3700,48.846257,6.611555,87.16,109.5,93.0,0.0
3701,48.845996,6.612677,87.16,109.5,93.0,0.0
3702,48.845735,6.613799,87.16,109.5,93.0,0.0
3703,48.845474,6.61492,87.16,109.5,93.0,0.0
3704,48.845213,6.616042,87.16,109.5,93.0,0.0
3705,48.844952,6.617164,87.16,109.5,93.0,0.0
3706,48.844691,6.618286,87.16,109.5,93.0,0.0
3707,48.84443,6.619407,87.16,109.5,93.1,0.0
3708,48.844169,6.620529,87.16,109.5,93.1,0.0
3709,48.843908,6.621651,87.16,109.5,93.1,0.0
3710,48.843647,6.622773,87.16,109.5,93.1,0.0
3711,48.843386,6.623894,87.16,109.5,93.1,0.0
3712,48.843125,6.625016,87.16,109.5,93.1,0.0
3713,48.842864,6.626138,87.16,109.5,93.1,0.0
3714,48.842603,6.62726,87.16,109.5,93.1,0.0
3715,48.842342,6.628381,87.17,109.5,93.2,0.0
3716,48.842081,6.629503,87.17,109.5,93.2,0.0
3717,48.84182,6.630625,87.17,109.5,93.2,0.0
3718,48.84156,6.631746,87.17,109.5,93.2,0.0
3719,48.841299,6.632868,87.17,109.5,93.2,0.0
3720,48.841038,6.63399,87.17,109.5,93.2,0.0
3721,48.840777,6.635112,87.17,109.5,93.2,0.0
3722,48.840516,6.636233,87.17,109.5,93.2,0.0
3723,48.840255,6.637355,87.17,109.5,93.3,0.0
3724,48.839994,6.638477,87.17,109.5,93.3,0.0
3725,48.839733,6.639599,87.17,109.5,93.3,0.0
3726,48.839472,6.64072,87.17,109.5,93.3,0.0
3727,48.839211,6.641842,87.17,109.5,93.3,0.0
3728,48.83895,6.642964,87.17,109.5,93.3,0.0
3729,48.838689,6.644086,87.17,109.5,93.3,0.0
3730,48.838428,6.645207,87.17,109.5,93.3,0.0
3731,48.838167,6.646329,87.17,109.5,93.3,0.0
3732,48.837906,6.647451,87.17,109.5,93.4,0.0
3733,48.837645,6.648573,87.17,109.5,93.4,0.0
3734,48.837384,6.649694,87.17,109.5,93.4,0.0
3735,48.837123,6.650816,87.17,109.5,93.4,0.0
3736,48.836862,6.651938,87.17,109.5,93.4,0.0
3737,48.836601,6.653059,87.17,109.5,93.4,0.0
3738,48.83634,6.654181,87.17,109.5,93.4,0.0
3739,48.83608,6.655303,87.17,109.5,93.4,0.0
3740,48.835819,6.656425,87.18,109.5,93.5,0.0
3741,48.835558,6.657546,87.18,109.5,93.5,0.0
3742,48.835297,6.658668,87.18,109.5,93.5,0.0
3743,48.835036,6.65979,87.18,109.5,93.5,0.0
3744,48.834775,6.660912,87.18,109.5,93.5,0.0
3745,48.834514,6.662033,87.18,109.5,93.5,0.0
3746,48.834253,6.663155,87.18,109.5,93.5,0.0
3747,48.833992,6.664277,87.18,109.5,93.5,0.0
3748,48.833731,6.665399,87.18,109.5,93.5,0.0
3749,48.83347,6.66652,87.18,109.5,93.6,0.0
3750,48.833209,6.667642,87.18,109.5,93.6,0.0
3751,48.832948,6.668764,87.18,109.5,93.6,0.0
3752,48.832687,6.669885,87.18,109.5,93.6,0.0
3753,48.832426,6.671007,87.18,109.5,93.6,0.0
3754,48.832165,6.672129,87.18,109.5,93.6,0.0
3755,48.831904,6.673251,87.18,109.5,93.6,0.0
3756,48.831643,6.674372,87.18,109.5,93.6,0.0
3757,48.831382,6.675494,87.18,109.5,93.6,0.0
3758,48.831121,6.676616,87.18,109.5,93.7,0.0
3759,48.83086,6.677738,87.18,109.5,93.7,0.0
3760,48.8306,6.678859,87.18,109.5,93.7,0.0
3761,48.830339,6.679981,87.18,109.5,93.7,0.0
3762,48.830078,6.681103,87.18,109.5,93.7,0.0
3763,48.829817,6.682225,87.18,109.5,93.7,0.0
3764,48.829556,6.683346,87.18,109.5,93.7,0.0
3765,48.829295,6.684468,87.19,109.5,93.7,0.0
3766,48.829034,6.68559,87.19,109.5,93.7,0.0
3767,48.828773,6.686712,87.19,109.5,93.7,0.0
3768,48.828512,6.687833,87.19,109.5,93.8,0.0
3769,48.828251,6.688955,87.19,109.5,93.8,0.0
3770,48.82799,6.690077,87.19,109.5,93.8,0.0
3771,48.827729,6.691198,87.19,109.5,93.8,0.0
3772,48.827468,6.69232,87.19,109.5,93.8,0.0
3773,48.827207,6.693442,87.19,109.5,93.8,0.0
3774,48.826946,6.694564,87.19,109.5,93.8,0.0
3775,48.826685,6.695685,87.19,109.5,93.8,0.0
3776,48.826424,6.696807,87.19,109.5,93.8,0.0
3777,48.826163,6.697929,87.19,109.5,93.8,0.0
3778,48.825902,6.699051,87.19,109.5,93.9,0.0
3779,48.825641,6.700172,87.19,109.5,93.9,0.0
3780,48.82538,6.701294,87.19,109.5,93.9,0.0
3781,48.82512,6.702416,87.19,109.5,93.9,0.0
3782,48.824859,6.703538,87.19,109.5,93.9,0.0
3783,48.824598,6.704659,87.19,109.5,93.9,0.0
3784,48.824337,6.705781,87.19,109.5,93.9,0.0
3785,48.824076,6.706903,87.19,109.5,93.9,0.0
3786,48.823815,6.708024,87.19,109.5,93.9,0.0
3787,48.823554,6.709146,87.19,109.5,93.9,0.0
3788,48.823293,6.710268,87.19,109.5,94.0,0.0
3789,48.823032,6.71139,87.19,109.5,94.0,0.0
3790,48.822771,6.712511,87.2,109.5,94.0,0.0
3791,48.82251,6.713633,87.2,109.5,94.0,0.0
3792,48.822249,6.714755,87.2,109.5,94.0,0.0
3793,48.821988,6.715877,87.2,109.5,94.0,0.0
3794,48.821727,6.716998,87.2,109.5,94.0,0.0
3795,48.821466,6.71812,87.2,109.5,94.0,0.0
3796,48.821205,6.719242,87.2,109.5,94.0,0.0
3797,48.820944,6.720364,87.2,109.5,94.0,0.0
3798,48.820683,6.721485,87.2,109.5,94.0,0.0
3799,48.820422,6.722607,87.2,109.5,94.1,0.0
3800,48.820161,6.723729,87.2,109.5,94.1,0.0
3801,48.8199,6.724851,87.2,109.5,94.1,0.0
3802,48.81964,6.725972,87.2,109.5,94.1,0.0
3803,48.819379,6.727094,87.2,109.5,94.1,0.0
3804,48.819118,6.728216,87.2,109.5,94.1,0.0
3805,48.818857,6.729337,87.2,109.5,94.1,0.0
3806,48.818596,6.730459,87.2,109.5,94.1,0.0
3807,48.818335,6.731581,87.2,109.5,94.1,0.0
3808,48.818074,6.732703,87.2,109.5,94.1,0.0
3809,48.817813,6.733824,87.2,109.5,94.1,0.0
3810,48.817552,6.734946,87.2,109.5,94.2,0.0
3811,48.817291,6.736068,87.2,109.5,94.2,0.0
3812,48.81703,6.73719,87.2,109.5,94.2,0.0
3813,48.816769,6.738311,87.2,109.5,94.2,0.0
3814,48.816508,6.739433,87.21,109.5,94.2,0.0
3815,48.816247,6.740555,87.21,109.5,94.2,0.0
3816,48.815986,6.741677,87.21,109.5,94.2,0.0
3817,48.815725,6.742798,87.21,109.5,94.2,0.0
3818,48.815464,6.74392,87.21,109.5,94.2,0.0
3819,48.815203,6.745042,87.21,109.5,94.2,0.0
3820,48.814942,6.746163,87.21,109.5,94.2,0.0
3821,48.814681,6.747285,87.21,109.5,94.2,0.0
3822,48.814421,6.748407,87.21,109.5,94.3,0.0
3823,48.81416,6.749529,87.21,109.5,94.3,0.0
3824,48.813899,6.75065,87.21,109.5,94.3,0.0
3825,48.813638,6.751772,87.21,109.5,94.3,0.0
3826,48.813377,6.752894,87.21,109.5,94.3,0.0
3827,48.813116,6.754016,87.21,109.5,94.3,0.0
3828,48.812855,6.755137,87.21,109.5,94.3,0.0
3829,48.812594,6.756259,87.21,109.5,94.3,0.0
3830,48.812333,6.757381,87.21,109.5,94.3,0.0
3831,48.812072,6.758503,87.21,109.5,94.3,0.0
3832,48.811811,6.759624,87.21,109.5,94.3,0.0
3833,48.81155,6.760746,87.21,109.5,94.3,0.0
3834,48.811289,6.761868,87.21,109.5,94.3,0.0
3835,48.811028,6.76299,87.21,109.5,94.4,0.0
3836,48.810767,6.764111,87.21,109.5,94.4,0.0
3837,48.810506,6.765233,87.21,109.5,94.4,0.0
3838,48.810245,6.766355,87.21,109.5,94.4,0.0
3839,48.809984,6.767476,87.22,109.5,94.4,0.0
3840,48.809723,6.768598,87.22,109.5,94.4,0.0
3841,48.809462,6.76972,87.22,109.5,94.4,0.0
3842,48.809201,6.770842,87.22,109.5,94.4,0.0
3843,48.808941,6.771963,87.22,109.5,94.4,0.0
3844,48.80868,6.773085,87.22,109.5,94.4,0.0
3845,48.808419,6.774207,87.22,109.5,94.4,0.0
3846,48.808158,6.775329,87.22,109.5,94.4,0.0
3847,48.807897,6.77645,87.22,109.5,94.4,0.0
3848,48.807636,6.777572,87.22,109.5,94.4,0.0
3849,48.807375,6.778694,87.22,109.5,94.5,0.0
3850,48.807114,6.779816,87.22,109.5,94.5,0.0
3851,48.806853,6.780937,87.22,109.5,94.5,0.0
3852,48.806592,6.782059,87.22,109.5,94.5,0.0
3853,48.806331,6.783181,87.22,109.5,94.5,0.0
3854,48.80607,6.784303,87.22,109.5,94.5,0.0
3855,48.805809,6.785424,87.22,109.5,94.5,0.0
3856,48.805548,6.786546,87.22,109.5,94.5,0.0
3857,48.805287,6.787668,87.22,109.5,94.5,0.0
3858,48.805026,6.788789,87.22,109.5,94.5,0.0
3859,48.804765,6.789911,87.22,109.5,94.5,0.0
3860,48.804504,6.791033,87.22,109.5,94.5,0.0
3861,48.804243,6.792155,87.22,109.5,94.5,0.0
3862,48.803982,6.793276,87.22,109.5,94.5,0.0
3863,48.803721,6.794398,87.22,109.5,94.5,0.0
3864,48.803461,6.79552,87.23,109.5,94.5,0.0
3865,48.8032,6.796642,87.23,109.5,94.6,0.0
3866,48.802939,6.797763,87.23,109.5,94.6,0.0
3867,48.802678,6.798885,87.23,109.5,94.6,0.0
3868,48.802417,6.800007,87.23,109.5,94.6,0.0
3869,48.802156,6.801129,87.23,109.5,94.6,0.0
3870,48.801895,6.80225,87.23,109.5,94.6,0.0
3871,48.801634,6.803372,87.23,109.5,94.6,0.0
3872,48.801373,6.804494,87.23,109.5,94.6,0.0
3873,48.801112,6.805615,87.23,109.5,94.6,0.0
3874,48.800851,6.806737,87.23,109.5,94.6,0.0
3875,48.80059,6.807859,87.23,109.5,94.6,0.0
3876,48.800329,6.808981,87.23,109.5,94.6,0.0
3877,48.800068,6.810102,87.23,109.5,94.6,0.0
3878,48.799807,6.811224,87.23,109.5,94.6,0.0
3879,48.799546,6.812346,87.23,109.5,94.6,0.0
3880,48.799285,6.813468,87.23,109.5,94.6,0.0
3881,48.799024,6.814589,87.23,109.5,94.6,0.0
3882,48.798763,6.815711,87.23,109.5,94.7,0.0
3883,48.798502,6.816833,87.23,109.5,94.7,0.0
3884,48.798241,6.817955,87.23,109.5,94.7,0.0
3885,48.797981,6.819076,87.23,109.5,94.7,0.0
3886,48.79772,6.820198,87.23,109.5,94.7,0.0
3887,48.797459,6.82132,87.23,109.5,94.7,0.0
3888,48.797198,6.822442,87.23,109.5,94.7,0.0
3889,48.796937,6.823563,87.24,109.5,94.7,0.0
3890,48.796676,6.824685,87.24,109.5,94.7,0.0
3891,48.796415,6.825807,87.24,109.5,94.7,0.0
3892,48.796154,6.826928,87.24,109.5,94.7,0.0
3893,48.795893,6.82805,87.24,109.5,94.7,0.0
3894,48.795632,6.829172,87.24,109.5,94.7,0.0
3895,48.795371,6.830294,87.24,109.5,94.7,0.0
3896,48.79511,6.831415,87.24,109.5,94.7,0.0
3897,48.794849,6.832537,87.24,109.5,94.7,0.0
3898,48.794588,6.833659,87.24,109.4,94.7,0.0
3899,48.794327,6.834781,87.24,109.4,94.7,0.0
3900,48.794066,6.835902,87.24,109.4,94.7,0.0
3901,48.793805,6.837024,87.24,109.4,94.8,0.0
3902,48.793544,6.838146,87.24,109.4,94.8,0.0
3903,48.793283,6.839268,87.24,109.4,94.8,0.0
3904,48.793022,6.840389,87.24,109.4,94.8,0.0
3905,48.792761,6.841511,87.24,109.4,94.8,0.0
3906,48.792501,6.842633,87.24,109.4,94.8,0.0
3907,48.79224,6.843754,87.24,109.4,94.8,0.0
3908,48.791979,6.844876,87.24,109.4,94.8,0.0
3909,48.791718,6.845998,87.24,109.4,94.8,0.0
3910,48.791457,6.84712,87.24,109.4,94.8,0.0
3911,48.791196,6.848241,87.24,109.4,94.8,0.0
3912,48.790935,6.849363,87.24,109.4,94.8,0.0
3913,48.790674,6.850485,87.25,109.4,94.8,0.0
3914,48.790413,6.851607,87.25,109.4,94.8,0.0
3915,48.790152,6.852728,87.25,109.4,94.8,0.0
3916,48.789891,6.85385,87.25,109.4,94.8,0.0
3917,48.78963,6.854972,87.25,109.4,94.8,0.0
3918,48.789369,6.856094,87.25,109.4,94.8,0.0
3919,48.789108,6.857215,87.25,109.4,94.8,0.0
3920,48.788847,6.858337,87.25,109.4,94.8,0.0
3921,48.788586,6.859459,87.25,109.4,94.8,0.0
3922,48.788325,6.860581,87.25,109.4,94.8,0.0
3923,48.788064,6.861702,87.25,109.4,94.8,0.0
3924,48.787803,6.862824,87.25,109.4,94.8,0.0
3925,48.787542,6.863946,87.25,109.4,94.8,0.0
3926,48.787281,6.865067,87.25,109.4,94.9,0.0
3927,48.787021,6.866189,87.25,109.4,94.9,0.0
3928,48.78676,6.867311,87.25,109.4,94.9,0.0
3929,48.786499,6.868433,87.25,109.4,94.9,0.0
3930,48.786238,6.869554,87.25,109.4,94.9,0.0
3931,48.785977,6.870676,87.25,109.4,94.9,0.0
3932,48.785716,6.871798,87.25,109.4,94.9,0.0
3933,48.785455,6.87292,87.25,109.4,94.9,0.0
3934,48.785194,6.874041,87.25,109.4,94.9,0.0
3935,48.784933,6.875163,87.25,109.4,94.9,0.0
3936,48.784672,6.876285,87.25,109.4,94.9,0.0
3937,48.784411,6.877407,87.25,109.4,94.9,0.0
3938,48.78415,6.878528,87.26,109.4,94.9,0.0
3939,48.783889,6.87965,87.26,109.4,94.9,0.0
3940,48.783628,6.880772,87.26,109.4,94.9,0.0
3941,48.783367,6.881893,87.26,109.4,94.9,0.0
3942,48.783106,6.883015,87.26,109.4,94.9,0.0
3943,48.782845,6.884137,87.26,109.4,94.9,0.0
3944,48.782584,6.885259,87.26,109.4,94.9,0.0
3945,48.782323,6.88638,87.26,109.4,94.9,0.0
3946,48.782062,6.887502,87.26,109.4,94.9,0.0
3947,48.781801,6.888624,87.26,109.4,94.9,0.0
3948,48.781541,6.889746,87.26,109.4,94.9,0.0
3949,48.78128,6.890867,87.26,109.4,94.9,0.0
3950,48.781019,6.891989,87.26,109.4,94.9,0.0
3951,48.780758,6.893111,87.26,109.4,94.9,0.0
3952,48.780497,6.894233,87.26,109.4,94.9,0.0
3953,48.780236,6.895354,87.26,109.4,94.9,0.0
3954,48.779975,6.896476,87.26,109.4,94.9,0.0
3955,48.779714,6.897598,87.26,109.4,94.9,0.0
3956,48.779453,6.89872,87.26,109.4,94.9,0.0
3957,48.779192,6.899841,87.26,109.4,94.9,0.0
3958,48.778931,6.900963,87.26,109.4,94.9,0.0
3959,48.77867,6.902085,87.26,109.4,94.9,0.0
3960,48.778409,6.903206,87.26,109.4,94.9,0.0
3961,48.778148,6.904328,87.26,109.4,95.0,0.0
3962,48.777887,6.90545,87.26,109.4,95.0,0.0
3963,48.777626,6.906572,87.27,109.4,95.0,0.0
3964,48.777365,6.907693,87.27,109.4,95.0,0.0
3965,48.777104,6.908815,87.27,109.4,95.0,0.0
3966,48.776843,6.909937,87.27,109.4,95.0,0.0
3967,48.776582,6.911059,87.27,109.4,95.0,0.0
3968,48.776322,6.91218,87.27,109.4,95.0,0.0
3969,48.776061,6.913302,87.27,109.4,95.0,0.0
3970,48.7758,6.914424,87.27,109.4,95.0,0.0
3971,48.775539,6.915546,87.27,109.4,95.0,0.0
3972,48.775278,6.916667,87.27,109.4,95.0,0.0
3973,48.775017,6.917789,87.27,109.4,95.0,0.0
3974,48.774756,6.918911,87.27,109.4,95.0,0.0
3975,48.774495,6.920032,87.27,109.4,95.0,0.0
3976,48.774234,6.921154,87.27,109.4,95.0,0.0
3977,48.773973,6.922276,87.27,109.4,95.0,0.0
3978,48.773712,6.923398,87.27,109.4,95.0,0.0
3979,48.773451,6.924519,87.27,109.4,95.0,0.0
3980,48.77319,6.925641,87.27,109.4,95.0,0.0
3981,48.772929,6.926763,87.27,109.4,95.0,0.0
3982,48.772668,6.927885,87.27,109.4,95.0,0.0
3983,48.772407,6.929006,87.27,109.4,95.0,0.0
3984,48.772146,6.930128,87.27,109.4,95.0,0.0
3985,48.771885,6.93125,87.27,109.4,95.0,0.0
3986,48.771624,6.932372,87.27,109.4,95.0,0.0
3987,48.771363,6.933493,87.27,109.4,95.0,0.0
3988,48.771102,6.934615,87.28,109.4,95.0,0.0
3989,48.770842,6.935737,87.28,109.4,95.0,0.0
3990,48.770581,6.936859,87.28,109.4,95.0,0.0
3991,48.77032,6.93798,87.28,109.4,95.0,0.0
3992,48.770059,6.939102,87.28,109.4,95.0,0.0
3993,48.769798,6.940224,87.28,109.4,95.0,0.0
3994,48.769537,6.941345,87.28,109.4,95.0,0.0
3995,48.769276,6.942467,87.28,109.4,95.0,0.0
3996,48.769015,6.943589,87.28,109.4,95.0,0.0
3997,48.768754,6.944711,87.28,109.4,95.0,0.0
3998,48.768493,6.945832,87.28,109.4,95.0,0.0
3999,48.768232,6.946954,87.28,109.4,95.0,0.0
4000,48.767971,6.948076,87.28,109.4,95.0,0.0
4001,48.76771,6.949198,87.28,109.4,95.0,0.0
4002,48.767449,6.950319,87.28,109.4,95.0,0.0
4003,48.767188,6.951441,87.28,109.4,95.0,0.0
4004,48.766927,6.952563,87.28,109.4,95.0,0.0
4005,48.766666,6.953685,87.28,109.4,95.0,0.0
4006,48.766405,6.954806,87.28,109.4,95.0,0.0
4007,48.766144,6.955928,87.28,109.4,95.0,0.0
4008,48.765883,6.95705,87.28,109.4,95.0,0.0
4009,48.765622,6.958171,87.28,109.4,95.0,0.0
4010,48.765362,6.959293,87.28,109.4,95.0,0.0
4011,48.765101,6.960415,87.28,109.4,95.0,0.0
4012,48.76484,6.961537,87.28,109.4,95.0,0.0
4013,48.764579,6.962658,87.29,109.4,95.0,0.0
4014,48.764318,6.96378,87.29,109.4,95.0,0.0
4015,48.764057,6.964902,87.29,109.4,95.0,0.0
4016,48.763796,6.966024,87.29,109.4,95.0,0.0
4017,48.763535,6.967145,87.29,109.4,95.0,0.0
4018,48.763274,6.968267,87.29,109.4,95.0,0.0
4019,48.763013,6.969389,87.29,109.4,95.0,0.0
4020,48.762752,6.970511,87.29,109.4,95.0,0.0
4021,48.762491,6.971632,87.29,109.4,95.0,0.0
4022,48.76223,6.972754,87.29,109.4,95.0,0.0
4023,48.761969,6.973876,87.29,109.4,95.0,0.0
4024,48.761708,6.974998,87.29,109.4,95.0,0.0
4025,48.761447,6.976119,87.29,109.4,95.0,0.0
4026,48.761186,6.977241,87.29,109.4,95.0,0.0
4027,48.760925,6.978363,87.29,109.4,95.0,0.0
4028,48.760664,6.979484,87.29,109.4,95.0,0.0
4029,48.760403,6.980606,87.29,109.4,95.0,0.0
4030,48.760142,6.981728,87.29,109.4,95.0,0.0
4031,48.759882,6.98285,87.29,109.4,95.0,0.0
4032,48.759621,6.983971,87.29,109.4,95.0,0.0
4033,48.75936,6.985093,87.29,109.4,95.0,0.0
4034,48.759099,6.986215,87.29,109.4,95.0,0.0
4035,48.758838,6.987337,87.29,109.4,95.0,0.0
4036,48.758577,6.988458,87.29,109.4,95.0,0.0
4037,48.758316,6.98958,87.3,109.4,95.0,0.0
4038,48.758055,6.990702,87.3,109.4,95.0,0.0
4039,48.757794,6.991824,87.3,109.4,95.0,0.0
4040,48.757533,6.992945,87.3,109.4,95.0,0.0
4041,48.757272,6.994067,87.3,109.4,95.0,0.0
4042,48.757011,6.995189,87.3,109.4,95.0,0.0
4043,48.75675,6.99631,87.3,109.4,95.0,0.0
4044,48.756489,6.997432,87.3,109.4,95.0,0.0
4045,48.756228,6.998554,87.3,109.4,95.0,0.0
4046,48.755967,6.999676,87.3,109.4,95.0,0.0
4047,48.755706,7.000797,87.3,109.4,95.0,0.0
4048,48.755445,7.001919,87.3,109.4,95.0,0.0
4049,48.755184,7.003041,87.3,109.4,95.0,0.0
4050,48.754923,7.004163,87.3,109.4,95.0,0.0
4051,48.754662,7.005284,87.3,109.4,95.0,0.0
4052,48.754402,7.006406,87.3,109.4,95.0,0.0
4053,48.754141,7.007528,87.3,109.4,95.0,0.0
4054,48.75388,7.00865,87.3,109.4,95.0,0.0
4055,48.753619,7.009771,87.3,109.4,95.0,0.0
4056,48.753358,7.010893,87.3,109.4,95.0,0.0
4057,48.753097,7.012015,87.3,109.4,94.9,0.0
4058,48.752836,7.013137,87.3,109.4,94.9,0.0
4059,48.752575,7.014258,87.3,109.4,94.9,0.0
4060,48.752314,7.01538,87.3,109.4,94.9,0.0
4061,48.752053,7.016502,87.3,109.4,94.9,0.0
4062,48.751792,7.017623,87.31,109.4,94.9,0.0
4063,48.751531,7.018745,87.31,109.4,94.9,0.0
4064,48.75127,7.019867,87.31,109.4,94.9,0.0
4065,48.751009,7.020989,87.31,109.4,94.9,0.0
4066,48.750748,7.02211,87.31,109.4,94.9,0.0
4067,48.750487,7.023232,87.31,109.4,94.9,0.0
4068,48.750226,7.024354,87.31,109.4,94.9,0.0
4069,48.749965,7.025476,87.31,109.4,94.9,0.0
4070,48.749704,7.026597,87.31,109.4,94.9,0.0
4071,48.749443,7.027719,87.31,109.4,94.9,0.0
4072,48.749182,7.028841,87.31,109.4,94.9,0.0
4073,48.748922,7.029963,87.31,109.4,94.9,0.0
4074,48.748661,7.031084,87.31,109.4,94.9,0.0
4075,48.7484,7.032206,87.31,109.4,94.9,0.0
4076,48.748139,7.033328,87.31,109.4,94.9,0.0
4077,48.747878,7.034449,87.31,109.4,94.9,0.0
4078,48.747617,7.035571,87.31,109.4,94.9,0.0
4079,48.747356,7.036693,87.31,109.4,94.9,1.0
4080,48.747095,7.037815,87.31,109.4,94.9,1.0
4081,48.746834,7.038936,87.31,109.4,94.9,1.0
4082,48.746573,7.040058,87.31,109.4,94.9,1.0
4083,48.746312,7.04118,87.31,109.4,94.9,1.0
4084,48.746051,7.042302,87.31,109.4,94.9,1.0
4085,48.74579,7.043423,87.31,109.4,94.9,1.0
4086,48.745529,7.044545,87.31,109.4,94.9,1.0
4087,48.745268,7.045667,87.32,109.4,94.9,1.0
4088,48.745007,7.046789,87.32,109.4,94.9,1.0
4089,48.744746,7.04791,87.32,109.4,94.9,1.0
4090,48.744485,7.049032,87.32,109.4,94.9,1.0
4091,48.744224,7.050154,87.32,109.4,94.9,1.0
4092,48.743963,7.051276,87.32,109.4,94.8,1.0
4093,48.743702,7.052397,87.32,109.4,94.8,1.0
4094,48.743442,7.053519,87.32,109.4,94.8,1.0
4095,48.743181,7.054641,87.32,109.4,94.8,1.0
4096,48.74292,7.055762,87.32,109.4,94.8,1.0
4097,48.742659,7.056884,87.32,109.4,94.8,1.0
4098,48.742398,7.058006,87.32,109.4,94.8,2.0
4099,48.742137,7.059128,87.32,109.4,94.8,2.0
4100,48.741876,7.060249,87.32,109.4,94.8,2.0
4101,48.741615,7.061371,87.32,109.4,94.8,2.0
4102,48.741354,7.062493,87.32,109.4,94.8,2.0
4103,48.741093,7.063615,87.32,109.4,94.8,2.0
4104,48.740832,7.064736,87.32,109.4,94.8,2.0
4105,48.740571,7.065858,87.32,109.4,94.8,2.0
4106,48.74031,7.06698,87.32,109.4,94.8,2.0
4107,48.740049,7.068102,87.32,109.4,94.8,2.0
4108,48.739788,7.069223,87.32,109.4,94.8,2.0
4109,48.739527,7.070345,87.32,109.4,94.8,2.0
4110,48.739266,7.071467,87.32,109.4,94.8,2.0
4111,48.739005,7.072588,87.32,109.4,94.8,2.0
4112,48.738744,7.07371,87.33,109.4,94.8,2.0
4113,48.738483,7.074832,87.33,109.4,94.8,2.0
4114,48.738223,7.075954,87.33,109.4,94.8,2.0
4115,48.737962,7.077075,87.33,109.4,94.8,2.0
4116,48.737701,7.078197,87.33,109.4,94.8,2.0
4117,48.73744,7.079319,87.33,109.4,94.7,3.0
4118,48.737179,7.080441,87.33,109.4,94.7,3.0
4119,48.736918,7.081562,87.33,109.4,94.7,3.0
4120,48.736657,7.082684,87.33,109.4,94.7,3.0
4121,48.736396,7.083806,87.33,109.4,94.7,3.0
4122,48.736135,7.084928,87.33,109.4,94.7,3.0
4123,48.735874,7.086049,87.33,109.4,94.7,3.0
4124,48.735613,7.087171,87.33,109.4,94.7,3.0
4125,48.735352,7.088293,87.33,109.4,94.7,3.0
4126,48.735091,7.089415,87.33,109.4,94.7,3.0
4127,48.73483,7.090536,87.33,109.4,94.7,3.0
4128,48.734569,7.091658,87.33,109.4,94.7,3.0
4129,48.734308,7.09278,87.33,109.4,94.7,3.0
4130,48.734047,7.093901,87.33,109.4,94.7,3.0
4131,48.733786,7.095023,87.33,109.4,94.7,3.0
4132,48.733525,7.096145,87.33,109.4,94.7,3.0
4133,48.733264,7.097267,87.33,109.4,94.7,3.0
4134,48.733003,7.098388,87.33,109.4,94.7,3.0
4135,48.732743,7.09951,87.33,109.4,94.7,4.0
4136,48.732482,7.100632,87.33,109.4,94.6,4.0
4137,48.732221,7.101754,87.34,109.4,94.6,4.0
4138,48.73196,7.102875,87.34,109.4,94.6,4.0
4139,48.731699,7.103997,87.34,109.4,94.6,4.0
4140,48.731438,7.105119,87.34,109.4,94.6,4.0
4141,48.731177,7.106241,87.34,109.4,94.6,4.0
4142,48.730916,7.107362,87.34,109.4,94.6,4.0
4143,48.730655,7.108484,87.34,109.4,94.6,4.0
4144,48.730394,7.109606,87.34,109.4,94.6,4.0
4145,48.730133,7.110727,87.34,109.4,94.6,4.0
4146,48.729872,7.111849,87.34,109.4,94.6,4.0
4147,48.729611,7.112971,87.34,109.4,94.6,4.0
4148,48.72935,7.114093,87.34,109.4,94.6,4.0
4149,48.729089,7.115214,87.34,109.4,94.6,4.0
4150,48.728828,7.116336,87.34,109.4,94.6,4.0
4151,48.728567,7.117458,87.34,109.4,94.6,4.0
4152,48.728306,7.11858,87.34,109.4,94.6,4.0
4153,48.728045,7.119701,87.34,109.4,94.6,4.0
4154,48.727784,7.120823,87.34,109.4,94.5,5.0
4155,48.727523,7.121945,87.34,109.4,94.5,5.0
4156,48.727263,7.123067,87.34,109.4,94.5,5.0
4157,48.727002,7.124188,87.34,109.4,94.5,5.0
4158,48.726741,7.12531,87.34,109.4,94.5,5.0
4159,48.72648,7.126432,87.34,109.4,94.5,5.0
4160,48.726219,7.127554,87.34,109.4,94.5,5.0
4161,48.725958,7.128675,87.35,109.4,94.5,5.0
4162,48.725697,7.129797,87.35,109.4,94.5,5.0
4163,48.725436,7.130919,87.35,109.4,94.5,5.0
4164,48.725175,7.13204,87.35,109.4,94.5,5.0
4165,48.724914,7.133162,87.35,109.4,94.5,5.0
4166,48.724653,7.134284,87.35,109.4,94.5,5.0
4167,48.724392,7.135406,87.35,109.4,94.5,5.0
4168,48.724131,7.136527,87.35,109.4,94.5,5.0
4169,48.72387,7.137649,87.35,109.4,94.4,5.0
4170,48.723609,7.138771,87.35,109.4,94.4,5.0
4171,48.723348,7.139893,87.35,109.4,94.4,5.0
4172,48.723087,7.141014,87.35,109.4,94.4,6.0
4173,48.722826,7.142136,87.35,109.4,94.4,6.0
4174,48.722565,7.143258,87.35,109.4,94.4,6.0
4175,48.722304,7.14438,87.35,109.4,94.4,6.0
4176,48.722043,7.145501,87.35,109.4,94.4,6.0
4177,48.721783,7.146623,87.35,109.4,94.4,6.0
4178,48.721522,7.147745,87.35,109.4,94.4,6.0
4179,48.721261,7.148866,87.35,109.4,94.4,6.0
4180,48.721,7.149988,87.35,109.4,94.4,6.0
4181,48.720739,7.15111,87.35,109.4,94.4,6.0
4182,48.720478,7.152232,87.35,109.4,94.4,6.0
4183,48.720217,7.153353,87.35,109.4,94.3,6.0
4184,48.719956,7.154475,87.35,109.4,94.3,6.0
4185,48.719695,7.155597,87.35,109.4,94.3,6.0
4186,48.719434,7.156719,87.36,109.4,94.3,6.0
4187,48.719173,7.15784,87.36,109.4,94.3,6.0
4188,48.718912,7.158962,87.36,109.4,94.3,6.0
4189,48.718651,7.160084,87.36,109.4,94.3,6.0
4190,48.71839,7.161206,87.36,109.4,94.3,6.0
4191,48.718129,7.162327,87.36,109.4,94.3,7.0
4192,48.717868,7.163449,87.36,109.4,94.3,7.0
4193,48.717607,7.164571,87.36,109.4,94.3,7.0
4194,48.717346,7.165693,87.36,109.4,94.3,7.0
4195,48.717085,7.166814,87.36,109.4,94.3,7.0
4196,48.716824,7.167936,87.36,109.4,94.2,7.0
4197,48.716563,7.169058,87.36,109.4,94.2,7.0
4198,48.716303,7.170179,87.36,109.4,94.2,7.0
4199,48.716042,7.171301,87.36,109.4,94.2,7.0
4200,48.715781,7.172423,87.36,109.4,94.2,7.0
4201,48.71552,7.173545,87.36,109.4,94.2,7.0
4202,48.715259,7.174666,87.36,109.4,94.2,7.0
4203,48.714998,7.175788,87.36,109.4,94.2,7.0
4204,48.714737,7.17691,87.36,109.4,94.2,7.0
4205,48.714476,7.178032,87.36,109.4,94.2,7.0
4206,48.714215,7.179153,87.36,109.4,94.2,7.0
4207,48.713954,7.180275,87.36,109.4,94.2,7.0
4208,48.713693,7.181397,87.36,109.4,94.1,7.0
4209,48.713432,7.182519,87.36,109.4,94.1,8.0
4210,48.713171,7.18364,87.36,109.4,94.1,8.0
4211,48.71291,7.184762,87.37,109.4,94.1,8.0
4212,48.712649,7.185884,87.37,109.4,94.1,8.0
4213,48.712388,7.187005,87.37,109.4,94.1,8.0
4214,48.712127,7.188127,87.37,109.4,94.1,8.0
4215,48.711866,7.189249,87.37,109.4,94.1,8.0
4216,48.711605,7.190371,87.37,109.4,94.1,8.0
4217,48.711344,7.191492,87.37,109.4,94.1,8.0
4218,48.711083,7.192614,87.37,109.4,94.1,8.0
4219,48.710823,7.193736,87.37,109.4,94.0,8.0
4220,48.710562,7.194858,87.37,109.4,94.0,8.0
4221,48.710301,7.195979,87.37,109.4,94.0,8.0
4222,48.71004,7.197101,87.37,109.4,94.0,8.0
4223,48.709779,7.198223,87.37,109.4,94.0,8.0
4224,48.709518,7.199345,87.37,109.4,94.0,8.0
4225,48.709257,7.200466,87.37,109.4,94.0,8.0
4226,48.708996,7.201588,87.37,109.4,94.0,8.0
4227,48.708735,7.20271,87.37,109.4,94.0,8.0
4228,48.708474,7.203832,87.37,109.4,94.0,9.0
4229,48.708213,7.204953,87.37,109.4,94.0,9.0
4230,48.707952,7.206075,87.37,109.4,93.9,9.0
4231,48.707691,7.207197,87.37,109.4,93.9,9.0
4232,48.70743,7.208318,87.37,109.4,93.9,9.0
4233,48.707169,7.20944,87.37,109.4,93.9,9.0
4234,48.706908,7.210562,87.37,109.4,93.9,9.0
4235,48.706647,7.211684,87.37,109.4,93.9,9.0
4236,48.706386,7.212805,87.38,109.4,93.9,9.0
4237,48.706125,7.213927,87.38,109.4,93.9,9.0
4238,48.705864,7.215049,87.38,109.4,93.9,9.0
4239,48.705603,7.216171,87.38,109.4,93.9,9.0
4240,48.705343,7.217292,87.38,109.4,93.8,9.0
4241,48.705082,7.218414,87.38,109.4,93.8,9.0
4242,48.704821,7.219536,87.38,109.4,93.8,9.0
4243,48.70456,7.220658,87.38,109.4,93.8,9.0
4244,48.704299,7.221779,87.38,109.4,93.8,9.0
4245,48.704038,7.222901,87.38,109.4,93.8,9.0
4246,48.703777,7.224023,87.38,109.4,93.8,10.0
4247,48.703516,7.225144,87.38,109.4,93.8,10.0
4248,48.703255,7.226266,87.38,109.4,93.8,10.0
4249,48.702994,7.227388,87.38,109.4,93.8,10.0
4250,48.702733,7.22851,87.38,109.4,93.7,10.0
4251,48.702472,7.229631,87.38,109.4,93.7,10.0
4252,48.702211,7.230753,87.38,109.4,93.7,10.0
4253,48.70195,7.231875,87.38,109.4,93.7,10.0
4254,48.701689,7.232997,87.38,109.4,93.7,10.0
4255,48.701428,7.234118,87.38,109.4,93.7,10.0
4256,48.701167,7.23524,87.38,109.4,93.7,10.0
4257,48.700906,7.236362,87.38,109.4,93.7,10.0
4258,48.700645,7.237484,87.38,109.4,93.7,10.0
4259,48.700384,7.238605,87.38,109.4,93.7,10.0
4260,48.700124,7.239727,87.38,109.4,93.6,10.0
4261,48.699863,7.240849,87.39,109.4,93.6,10.0
4262,48.699602,7.241971,87.39,109.4,93.6,10.0
4263,48.699341,7.243092,87.39,109.4,93.6,10.0
4264,48.69908,7.244214,87.39,109.4,93.6,11.0
4265,48.698819,7.245336,87.39,109.4,93.6,11.0
4266,48.698558,7.246457,87.39,109.4,93.6,11.0
4267,48.698297,7.247579,87.39,109.4,93.6,11.0
4268,48.698036,7.248701,87.39,109.4,93.6,11.0
4269,48.697775,7.249823,87.39,109.4,93.5,11.0
4270,48.697514,7.250944,87.39,109.4,93.5,11.0
4271,48.697253,7.252066,87.39,109.4,93.5,11.0
4272,48.696992,7.253188,87.39,109.4,93.5,11.0
4273,48.696731,7.25431,87.39,109.4,93.5,11.0
4274,48.69647,7.255431,87.39,109.4,93.5,11.0
4275,48.696209,7.256553,87.39,109.4,93.5,11.0
4276,48.695948,7.257675,87.39,109.4,93.5,11.0
4277,48.695687,7.258797,87.39,109.4,93.5,11.0
4278,48.695426,7.259918,87.39,109.4,93.4,11.0
4279,48.695165,7.26104,87.39,109.4,93.4,11.0
4280,48.694904,7.262162,87.39,109.4,93.4,11.0
4281,48.694644,7.263283,87.39,109.4,93.4,11.0
4282,48.694383,7.264405,87.39,109.4,93.4,12.0
4283,48.694122,7.265527,87.39,109.4,93.4,12.0
4284,48.693861,7.266649,87.39,109.4,93.4,12.0
4285,48.6936,7.26777,87.4,109.4,93.4,12.0
4286,48.693339,7.268892,87.4,109.4,93.4,12.0
4287,48.693078,7.270014,87.4,109.4,93.3,12.0
4288,48.692817,7.271136,87.4,109.4,93.3,12.0
4289,48.692556,7.272257,87.4,109.4,93.3,12.0
4290,48.692295,7.273379,87.4,109.4,93.3,12.0
4291,48.692034,7.274501,87.4,109.4,93.3,12.0
4292,48.691773,7.275623,87.4,109.4,93.3,12.0
4293,48.691512,7.276744,87.4,109.4,93.3,12.0
4294,48.691251,7.277866,87.4,109.4,93.3,12.0
4295,48.69099,7.278988,87.4,109.4,93.2,12.0
4296,48.690729,7.28011,87.4,109.4,93.2,12.0
4297,48.690468,7.281231,87.4,109.4,93.2,12.0
4298,48.690207,7.282353,87.4,109.4,93.2,12.0
4299,48.689946,7.283475,87.4,109.4,93.2,12.0
4300,48.689685,7.284596,87.4,109.4,93.2,13.0
4301,48.689424,7.285718,87.4,109.4,93.2,13.0
4302,48.689164,7.28684,87.4,109.4,93.2,13.0
4303,48.688903,7.287962,87.4,109.4,93.1,13.0
4304,48.688642,7.289083,87.4,109.4,93.1,13.0
4305,48.688381,7.290205,87.4,109.4,93.1,13.0
4306,48.68812,7.291327,87.4,109.4,93.1,13.0
4307,48.687859,7.292449,87.4,109.4,93.1,13.0
4308,48.687598,7.29357,87.4,109.4,93.1,13.0
4309,48.687337,7.294692,87.4,109.4,93.1,13.0
4310,48.687076,7.295814,87.41,109.4,93.1,13.0
4311,48.686815,7.296936,87.41,109.4,93.0,13.0
4312,48.686554,7.298057,87.41,109.4,93.0,13.0
4313,48.686293,7.299179,87.41,109.4,93.0,13.0
4314,48.686032,7.300301,87.41,109.4,93.0,13.0
4315,48.685771,7.301423,87.41,109.4,93.0,13.0
4316,48.68551,7.302544,87.41,109.4,93.0,13.0
4317,48.685249,7.303666,87.41,109.4,93.0,13.0
4318,48.684988,7.304788,87.41,109.4,93.0,13.0
4319,48.684727,7.305909,87.41,109.4,92.9,14.0
4320,48.684466,7.307031,87.41,109.4,92.9,14.0
4321,48.684205,7.308153,87.41,109.4,92.9,14.0
4322,48.683944,7.309275,87.41,109.4,92.9,14.0
4323,48.683684,7.310396,87.41,109.4,92.9,14.0
4324,48.683423,7.311518,87.41,109.4,92.9,14.0
4325,48.683162,7.31264,87.41,109.4,92.9,14.0
4326,48.682901,7.313762,87.41,109.4,92.8,14.0
4327,48.68264,7.314883,87.41,109.4,92.8,14.0
4328,48.682379,7.316005,87.41,109.4,92.8,14.0
4329,48.682118,7.317127,87.41,109.4,92.8,14.0
4330,48.681857,7.318249,87.41,109.4,92.8,14.0
4331,48.681596,7.31937,87.41,109.4,92.8,14.0
4332,48.681335,7.320492,87.41,109.4,92.8,14.0
4333,48.681074,7.321614,87.41,109.4,92.8,14.0
4334,48.680813,7.322735,87.41,109.4,92.7,14.0
4335,48.680552,7.323857,87.42,109.4,92.7,14.0
4336,48.680291,7.324979,87.42,109.4,92.7,14.0
4337,48.68003,7.326101,87.42,109.4,92.7,15.0
4338,48.679769,7.327222,87.42,109.4,92.7,15.0
4339,48.679508,7.328344,87.42,109.4,92.7,15.0
4340,48.679247,7.329466,87.42,109.4,92.7,15.0
4341,48.678986,7.330588,87.42,109.4,92.6,15.0
4342,48.678725,7.331709,87.42,109.4,92.6,15.0
4343,48.678464,7.332831,87.42,109.4,92.6,15.0
4344,48.678204,7.333953,87.42,109.4,92.6,15.0
4345,48.677943,7.335075,87.42,109.4,92.6,15.0
4346,48.677682,7.336196,87.42,109.4,92.6,15.0
4347,48.677421,7.337318,87.42,109.4,92.6,15.0
4348,48.67716,7.33844,87.42,109.4,92.5,15.0
4349,48.676899,7.339562,87.42,109.4,92.5,15.0
4350,48.676638,7.340683,87.42,109.4,92.5,15.0
4351,48.676377,7.341805,87.42,109.4,92.5,15.0
4352,48.676116,7.342927,87.42,109.4,92.5,15.0
4353,48.675855,7.344048,87.42,109.4,92.5,15.0
4354,48.675594,7.34517,87.42,109.4,92.5,15.0
4355,48.675333,7.346292,87.42,109.4,92.4,16.0
4356,48.675072,7.347414,87.42,109.4,92.4,16.0
4357,48.674811,7.348535,87.42,109.4,92.4,16.0
4358,48.67455,7.349657,87.42,109.4,92.4,16.0
4359,48.674289,7.350779,87.42,109.4,92.4,16.0
4360,48.674028,7.351901,87.43,109.4,92.4,16.0
4361,48.673767,7.353022,87.43,109.4,92.4,16.0
4362,48.673506,7.354144,87.43,109.4,92.3,16.0
4363,48.673245,7.355266,87.43,109.4,92.3,16.0
4364,48.672984,7.356388,87.43,109.4,92.3,16.0
4365,48.672724,7.357509,87.43,109.4,92.3,16.0
4366,48.672463,7.358631,87.43,109.4,92.3,16.0
4367,48.672202,7.359753,87.43,109.4,92.3,16.0
4368,48.671941,7.360874,87.43,109.4,92.2,16.0
4369,48.67168,7.361996,87.43,109.4,92.2,16.0
4370,48.671419,7.363118,87.43,109.4,92.2,16.0
4371,48.671158,7.36424,87.43,109.4,92.2,16.0
4372,48.670897,7.365361,87.43,109.4,92.2,16.0
4373,48.670636,7.366483,87.43,109.4,92.2,17.0
4374,48.670375,7.367605,87.43,109.4,92.2,17.0
4375,48.670114,7.368727,87.43,109.4,92.1,17.0
4376,48.669853,7.369848,87.43,109.4,92.1,17.0
4377,48.669592,7.37097,87.43,109.4,92.1,17.0
4378,48.669331,7.372092,87.43,109.4,92.1,17.0
4379,48.66907,7.373214,87.43,109.4,92.1,17.0
4380,48.668809,7.374335,87.43,109.4,92.1,17.0
4381,48.668548,7.375457,87.43,109.4,92.0,17.0
4382,48.668287,7.376579,87.43,109.4,92.0,17.0
4383,48.668026,7.377701,87.43,109.4,92.0,17.0
4384,48.667765,7.378822,87.43,109.4,92.0,17.0
4385,48.667505,7.379944,87.44,109.4,92.0,17.0
4386,48.667244,7.381066,87.44,109.4,92.0,17.0
4387,48.666983,7.382187,87.44,109.4,92.0,17.0
4388,48.666722,7.383309,87.44,109.4,91.9,17.0
4389,48.666461,7.384431,87.44,109.4,91.9,17.0
4390,48.6662,7.385553,87.44,109.4,91.9,17.0
4391,48.665939,7.386674,87.44,109.4,91.9,18.0
4392,48.665678,7.387796,87.44,109.4,91.9,18.0
4393,48.665417,7.388918,87.44,109.4,91.9,18.0
4394,48.665156,7.39004,87.44,109.4,91.8,18.0
4395,48.664895,7.391161,87.44,109.4,91.8,18.0
4396,48.664634,7.392283,87.44,109.4,91.8,18.0
4397,48.664373,7.393405,87.44,109.4,91.8,18.0
4398,48.664112,7.394527,87.44,109.4,91.8,18.0
4399,48.663851,7.395648,87.44,109.4,91.8,18.0
4400,48.66359,7.39677,87.44,109.4,91.7,18.0
4401,48.663329,7.397892,87.44,109.4,91.7,18.0
4402,48.663068,7.399013,87.44,109.4,91.7,18.0
4403,48.662807,7.400135,87.44,109.4,91.7,18.0
4404,48.662546,7.401257,87.44,109.4,91.7,18.0
4405,48.662285,7.402379,87.44,109.4,91.7,18.0
4406,48.662025,7.4035,87.44,109.4,91.6,18.0
4407,48.661764,7.404622,87.44,109.4,91.6,18.0
4408,48.661503,7.405744,87.44,109.4,91.6,18.0
4409,48.661242,7.406866,87.44,109.4,91.6,19.0
4410,48.660981,7.407987,87.45,109.4,91.6,19.0
4411,48.66072,7.409109,87.45,109.4,91.6,19.0
4412,48.660459,7.410231,87.45,109.4,91.5,19.0
4413,48.660198,7.411353,87.45,109.4,91.5,19.0
4414,48.659937,7.412474,87.45,109.4,91.5,19.0
4415,48.659676,7.413596,87.45,109.4,91.5,19.0
4416,48.659415,7.414718,87.45,109.4,91.5,19.0
4417,48.659154,7.41584,87.45,109.4,91.5,19.0
4418,48.658893,7.416961,87.45,109.4,91.4,19.0
4419,48.658632,7.418083,87.45,109.4,91.4,19.0
4420,48.658371,7.419205,87.45,109.4,91.4,19.0
4421,48.65811,7.420326,87.45,109.4,91.4,19.0
4422,48.657849,7.421448,87.45,109.4,91.4,19.0
4423,48.657588,7.42257,87.45,109.4,91.4,19.0
4424,48.657327,7.423692,87.45,109.4,91.3,19.0
4425,48.657066,7.424813,87.45,109.4,91.3,19.0
4426,48.656805,7.425935,87.45,109.4,91.3,19.0
4427,48.656545,7.427057,87.45,109.4,91.3,20.0
4428,48.656284,7.428179,87.45,109.4,91.3,20.0
4429,48.656023,7.4293,87.45,109.4,91.3,20.0
4430,48.655762,7.430422,87.45,109.4,91.2,20.0
4431,48.655501,7.431544,87.45,109.4,91.2,20.0
4432,48.65524,7.432666,87.45,109.4,91.2,20.0
4433,48.654979,7.433787,87.45,109.4,91.2,20.0
4434,48.654718,7.434909,87.46,109.4,91.2,20.0
4435,48.654457,7.436031,87.46,109.4,91.1,20.0
4436,48.654196,7.437152,87.46,109.4,91.1,20.0
4437,48.653935,7.438274,87.46,109.4,91.1,20.0
4438,48.653674,7.439396,87.46,109.4,91.1,20.0
4439,48.653413,7.440518,87.46,109.4,91.1,20.0
4440,48.653152,7.441639,87.46,109.4,91.1,20.0
4441,48.652891,7.442761,87.46,109.4,91.0,20.0
4442,48.65263,7.443883,87.46,109.4,91.0,20.0
4443,48.652369,7.445005,87.46,109.4,91.0,20.0
4444,48.652108,7.446126,87.46,109.4,91.0,21.0
4445,48.651847,7.447248,87.46,109.4,91.0,21.0
4446,48.651586,7.44837,87.46,109.4,90.9,21.0
4447,48.651325,7.449492,87.46,109.4,90.9,21.0
4448,48.651065,7.450613,87.46,109.4,90.9,21.0
4449,48.650804,7.451735,87.46,109.4,90.9,21.0
4450,48.650543,7.452857,87.46,109.4,90.9,21.0
4451,48.650282,7.453979,87.46,109.4,90.9,21.0
4452,48.650021,7.4551,87.46,109.4,90.8,21.0
4453,48.64976,7.456222,87.46,109.4,90.8,21.0
4454,48.649499,7.457344,87.46,109.4,90.8,21.0
4455,48.649238,7.458465,87.46,109.4,90.8,21.0
4456,48.648977,7.459587,87.46,109.4,90.8,21.0
4457,48.648716,7.460709,87.46,109.4,90.7,21.0
4458,48.648455,7.461831,87.46,109.4,90.7,21.0
4459,48.648194,7.462952,87.47,109.4,90.7,21.0
4460,48.647933,7.464074,87.47,109.4,90.7,21.0
4461,48.647672,7.465196,87.47,109.4,90.7,21.0
4462,48.647411,7.466318,87.47,109.4,90.7,22.0
4463,48.64715,7.467439,87.47,109.4,90.6,22.0
4464,48.646889,7.468561,87.47,109.4,90.6,22.0
4465,48.646628,7.469683,87.47,109.4,90.6,22.0
4466,48.646367,7.470805,87.47,109.4,90.6,22.0
4467,48.646106,7.471926,87.47,109.4,90.6,22.0
4468,48.645845,7.473048,87.47,109.4,90.5,22.0
4469,48.645585,7.47417,87.47,109.4,90.5,22.0
4470,48.645324,7.475291,87.47,109.4,90.5,22.0
4471,48.645063,7.476413,87.47,109.4,90.5,22.0
4472,48.644802,7.477535,87.47,109.4,90.5,22.0
4473,48.644541,7.478657,87.47,109.4,90.4,22.0
4474,48.64428,7.479778,87.47,109.4,90.4,22.0
4475,48.644019,7.4809,87.47,109.4,90.4,22.0
4476,48.643758,7.482022,87.47,109.4,90.4,22.0
4477,48.643497,7.483144,87.47,109.4,90.4,22.0
4478,48.643236,7.484265,87.47,109.4,90.3,22.0
4479,48.642975,7.485387,87.47,109.4,90.3,22.0
4480,48.642714,7.486509,87.47,109.4,90.3,23.0
4481,48.642453,7.487631,87.47,109.4,90.3,23.0
4482,48.642192,7.488752,87.47,109.4,90.3,23.0
4483,48.641931,7.489874,87.47,109.4,90.2,23.0
4484,48.64167,7.490996,87.48,109.4,90.2,23.0
4485,48.641409,7.492118,87.48,109.4,90.2,23.0
4486,48.641148,7.493239,87.48,109.4,90.2,23.0
4487,48.640887,7.494361,87.48,109.4,90.2,23.0
4488,48.640626,7.495483,87.48,109.4,90.2,23.0
4489,48.640365,7.496604,87.48,109.4,90.1,23.0
4490,48.640105,7.497726,87.48,109.4,90.1,23.0
4491,48.639844,7.498848,87.48,109.4,90.1,23.0
4492,48.639583,7.49997,87.48,109.4,90.1,23.0
4493,48.639322,7.501091,87.48,109.4,90.1,23.0
4494,48.639061,7.502213,87.48,109.4,90.0,23.0
4495,48.6388,7.503335,87.48,109.4,90.0,23.0
4496,48.638539,7.504457,87.48,109.4,90.0,23.0
4497,48.638278,7.505578,87.48,109.4,90.0,23.0
4498,48.638017,7.5067,87.48,109.4,90.0,24.0
4499,48.637756,7.507822,87.48,109.4,89.9,24.0
4500,48.637495,7.508944,87.48,109.4,89.9,24.0
4501,48.637234,7.510065,87.48,109.4,89.9,24.0
4502,48.636973,7.511187,87.48,109.4,89.9,24.0
4503,48.636712,7.512309,87.48,109.4,89.9,24.0
4504,48.636451,7.51343,87.48,109.4,89.8,24.0
4505,48.63619,7.514552,87.48,109.4,89.8,24.0
4506,48.635929,7.515674,87.48,109.4,89.8,24.0
4507,48.635668,7.516796,87.48,109.4,89.8,24.0
4508,48.635407,7.517917,87.48,109.4,89.7,24.0
4509,48.635146,7.519039,87.49,109.4,89.7,24.0
4510,48.634885,7.520161,87.49,109.4,89.7,24.0
4511,48.634625,7.521283,87.49,109.4,89.7,24.0
4512,48.634364,7.522404,87.49,109.4,89.7,24.0
4513,48.634103,7.523526,87.49,109.4,89.6,24.0
4514,48.633842,7.524648,87.49,109.4,89.6,24.0
4515,48.633581,7.52577,87.49,109.4,89.6,24.0
4516,48.63332,7.526891,87.49,109.4,89.6,25.0
4517,48.633059,7.528013,87.49,109.4,89.6,25.0
4518,48.632798,7.529135,87.49,109.4,89.5,25.0
4519,48.632537,7.530257,87.49,109.4,89.5,25.0
4520,48.632276,7.531378,87.49,109.4,89.5,25.0
4521,48.632015,7.5325,87.49,109.4,89.5,25.0
4522,48.631754,7.533622,87.49,109.4,89.5,25.0
4523,48.631493,7.534743,87.49,109.4,89.4,25.0
4524,48.631232,7.535865,87.49,109.4,89.4,25.0
4525,48.630971,7.536987,87.49,109.4,89.4,25.0
4526,48.63071,7.538109,87.49,109.4,89.4,25.0
4527,48.630449,7.53923,87.49,109.4,89.4,25.0
4528,48.630188,7.540352,87.49,109.4,89.3,25.0
4529,48.629927,7.541474,87.49,109.4,89.3,25.0
4530,48.629666,7.542596,87.49,109.4,89.3,25.0
4531,48.629406,7.543717,87.49,109.4,89.3,25.0
4532,48.629145,7.544839,87.49,109.4,89.2,25.0
4533,48.628884,7.545961,87.49,109.4,89.2,25.0
4534,48.628623,7.547083,87.5,109.4,89.2,26.0
4535,48.628362,7.548204,87.5,109.4,89.2,26.0
4536,48.628101,7.549326,87.5,109.4,89.2,26.0
4537,48.62784,7.550448,87.5,109.4,89.1,26.0
4538,48.627579,7.551569,87.5,109.4,89.1,26.0
4539,48.627318,7.552691,87.5,109.4,89.1,26.0
4540,48.627057,7.553813,87.5,109.4,89.1,26.0
4541,48.626796,7.554935,87.5,109.4,89.1,26.0
4542,48.626535,7.556056,87.5,109.4,89.0,26.0
4543,48.626274,7.557178,87.5,109.4,89.0,26.0
4544,48.626013,7.5583,87.5,109.4,89.0,26.0
4545,48.625752,7.559422,87.5,109.4,89.0,26.0
4546,48.625491,7.560543,87.5,109.4,88.9,26.0
4547,48.62523,7.561665,87.5,109.4,88.9,26.0
4548,48.624969,7.562787,87.5,109.4,88.9,26.0
4549,48.624708,7.563909,87.5,109.4,88.9,26.0
4550,48.624447,7.56503,87.5,109.4,88.9,26.0
4551,48.624186,7.566152,87.5,109.4,88.8,27.0
4552,48.623926,7.567274,87.5,109.4,88.8,27.0
4553,48.623665,7.568396,87.5,109.4,88.8,27.0
4554,48.623404,7.569517,87.5,109.4,88.8,27.0
4555,48.623143,7.570639,87.5,109.4,88.7,27.0
4556,48.622882,7.571761,87.5,109.4,88.7,27.0
4557,48.622621,7.572882,87.5,109.4,88.7,27.0
4558,48.62236,7.574004,87.5,109.4,88.7,27.0
4559,48.622099,7.575126,87.51,109.4,88.7,27.0
4560,48.621838,7.576248,87.51,109.4,88.6,27.0
4561,48.621577,7.577369,87.51,109.4,88.6,27.0
4562,48.621316,7.578491,87.51,109.4,88.6,27.0
4563,48.621055,7.579613,87.51,109.4,88.6,27.0
4564,48.620794,7.580735,87.51,109.4,88.5,27.0
4565,48.620533,7.581856,87.51,109.4,88.5,27.0
4566,48.620272,7.582978,87.51,109.4,88.5,27.0
4567,48.620011,7.5841,87.51,109.4,88.5,27.0
4568,48.61975,7.585222,87.51,109.4,88.5,27.0
4569,48.619489,7.586343,87.51,109.4,88.4,28.0
4570,48.619228,7.587465,87.51,109.4,88.4,28.0
4571,48.618967,7.588587,87.51,109.4,88.4,28.0
4572,48.618706,7.589708,87.51,109.4,88.4,28.0
4573,48.618446,7.59083,87.51,109.4,88.3,28.0
4574,48.618185,7.591952,87.51,109.4,88.3,28.0
4575,48.617924,7.593074,87.51,109.4,88.3,28.0
4576,48.617663,7.594195,87.51,109.4,88.3,28.0
4577,48.617402,7.595317,87.51,109.4,88.2,28.0
4578,48.617141,7.596439,87.51,109.4,88.2,28.0
4579,48.61688,7.597561,87.51,109.4,88.2,28.0
4580,48.616619,7.598682,87.51,109.4,88.2,28.0
4581,48.616358,7.599804,87.51,109.4,88.2,28.0
4582,48.616097,7.600926,87.51,109.4,88.1,28.0
4583,48.615836,7.602048,87.52,109.4,88.1,28.0
4584,48.615575,7.603169,87.52,109.4,88.1,28.0
4585,48.615314,7.604291,87.52,109.4,88.1,28.0
4586,48.615053,7.605413,87.52,109.4,88.0,28.0
4587,48.614792,7.606535,87.52,109.4,88.0,29.0
4588,48.614531,7.607656,87.52,109.4,88.0,29.0
4589,48.61427,7.608778,87.52,109.4,88.0,29.0
4590,48.614009,7.6099,87.52,109.4,87.9,29.0
4591,48.613748,7.611021,87.52,109.4,87.9,29.0
4592,48.613487,7.612143,87.52,109.4,87.9,29.0
4593,48.613226,7.613265,87.52,109.4,87.9,29.0
4594,48.612966,7.614387,87.52,109.4,87.9,29.0
4595,48.612705,7.615508,87.52,109.4,87.8,29.0
4596,48.612444,7.61663,87.52,109.4,87.8,29.0
4597,48.612183,7.617752,87.52,109.4,87.8,29.0
4598,48.611922,7.618874,87.52,109.4,87.8,29.0
4599,48.611661,7.619995,87.52,109.4,87.7,29.0
4600,48.6114,7.621117,87.52,109.4,87.7,29.0
4601,48.611139,7.622239,87.52,109.4,87.7,29.0
4602,48.610878,7.623361,87.52,109.4,87.7,29.0
4603,48.610617,7.624482,87.52,109.4,87.6,29.0
4604,48.610356,7.625604,87.52,109.4,87.6,29.0
4605,48.610095,7.626726,87.52,109.4,87.6,30.0
4606,48.609834,7.627847,87.52,109.4,87.6,30.0
4607,48.609573,7.628969,87.52,109.4,87.5,30.0
4608,48.609312,7.630091,87.53,109.4,87.5,30.0
4609,48.609051,7.631213,87.53,109.4,87.5,30.0
4610,48.60879,7.632334,87.53,109.4,87.5,30.0
4611,48.608529,7.633456,87.53,109.4,87.4,30.0
4612,48.608268,7.634578,87.53,109.4,87.4,30.0
4613,48.608007,7.6357,87.53,109.4,87.4,30.0
4614,48.607746,7.636821,87.53,109.4,87.4,30.0
4615,48.607486,7.637943,87.53,109.4,87.4,30.0
4616,48.607225,7.639065,87.53,109.4,87.3,30.0
4617,48.606964,7.640187,87.53,109.4,87.3,30.0
4618,48.606703,7.641308,87.53,109.4,87.3,30.0
4619,48.606442,7.64243,87.53,109.4,87.3,30.0
4620,48.606181,7.643552,87.53,109.4,87.2,30.0
4621,48.60592,7.644674,87.53,109.4,87.2,30.0
4622,48.605659,7.645795,87.53,109.4,87.2,31.0
4623,48.605398,7.646917,87.53,109.4,87.2,31.0
4624,48.605137,7.648039,87.53,109.4,87.1,31.0
4625,48.604876,7.64916,87.53,109.4,87.1,31.0
4626,48.604615,7.650282,87.53,109.4,87.1,31.0
4627,48.604354,7.651404,87.53,109.4,87.1,31.0
4628,48.604093,7.652526,87.53,109.4,87.0,31.0
4629,48.603832,7.653647,87.53,109.4,87.0,31.0
4630,48.603571,7.654769,87.53,109.4,87.0,31.0
4631,48.60331,7.655891,87.53,109.4,87.0,31.0
4632,48.603049,7.657013,87.53,109.4,86.9,31.0
4633,48.602788,7.658134,87.54,109.4,86.9,31.0
4634,48.602527,7.659256,87.54,109.4,86.9,31.0
4635,48.602266,7.660378,87.54,109.4,86.9,31.0
4636,48.602006,7.6615,87.54,109.4,86.8,31.0
4637,48.601745,7.662621,87.54,109.4,86.8,31.0
4638,48.601484,7.663743,87.54,109.4,86.8,31.0
4639,48.601223,7.664865,87.54,109.4,86.8,31.0
4640,48.600962,7.665986,87.54,109.4,86.7,32.0
4641,48.600701,7.667108,87.54,109.4,86.7,32.0
4642,48.60044,7.66823,87.54,109.4,86.7,32.0
4643,48.600179,7.669352,87.54,109.4,86.7,32.0
4644,48.599918,7.670473,87.54,109.4,86.6,32.0
4645,48.599657,7.671595,87.54,109.4,86.6,32.0
4646,48.599396,7.672717,87.54,109.4,86.6,32.0
4647,48.599135,7.673839,87.54,109.4,86.6,32.0
4648,48.598874,7.67496,87.54,109.4,86.5,32.0
4649,48.598613,7.676082,87.54,109.4,86.5,32.0
4650,48.598352,7.677204,87.54,109.4,86.5,32.0
4651,48.598091,7.678326,87.54,109.4,86.5,32.0
4652,48.59783,7.679447,87.54,109.4,86.4,32.0
4653,48.597569,7.680569,87.54,109.4,86.4,32.0
4654,48.597308,7.681691,87.54,109.4,86.4,32.0
4655,48.597047,7.682813,87.54,109.4,86.4,32.0
4656,48.596786,7.683934,87.54,109.4,86.3,32.0
4657,48.596526,7.685056,87.54,109.4,86.3,32.0
4658,48.596265,7.686178,87.55,109.4,86.3,33.0
4659,48.596004,7.687299,87.55,109.4,86.3,33.0
4660,48.595743,7.688421,87.55,109.4,86.2,33.0
4661,48.595482,7.689543,87.55,109.4,86.2,33.0
4662,48.595221,7.690665,87.55,109.4,86.2,33.0
4663,48.59496,7.691786,87.55,109.4,86.1,33.0
4664,48.594699,7.692908,87.55,109.4,86.1,33.0
4665,48.594438,7.69403,87.55,109.4,86.1,33.0
4666,48.594177,7.695152,87.55,109.4,86.1,33.0
4667,48.593916,7.696273,87.55,109.4,86.0,33.0
4668,48.593655,7.697395,87.55,109.4,86.0,33.0
4669,48.593394,7.698517,87.55,109.4,86.0,33.0
4670,48.593133,7.699639,87.55,109.4,86.0,33.0
4671,48.592872,7.70076,87.55,109.4,85.9,33.0
4672,48.592611,7.701882,87.55,109.4,85.9,33.0
4673,48.59235,7.703004,87.55,109.4,85.9,33.0
4674,48.592089,7.704125,87.55,109.4,85.9,33.0
4675,48.591828,7.705247,87.55,109.4,85.8,33.0
4676,48.591567,7.706369,87.55,109.4,85.8,34.0
4677,48.591307,7.707491,87.55,109.4,85.8,34.0
4678,48.591046,7.708612,87.55,109.4,85.8,34.0
4679,48.590785,7.709734,87.55,109.4,85.7,34.0
4680,48.590524,7.710856,87.55,109.4,85.7,34.0
4681,48.590263,7.711978,87.55,109.4,85.7,34.0
4682,48.590002,7.713099,87.55,109.4,85.7,34.0
4683,48.589741,7.714221,87.56,109.4,85.6,34.0
4684,48.58948,7.715343,87.56,109.4,85.6,34.0
4685,48.589219,7.716465,87.56,109.4,85.6,34.0
4686,48.588958,7.717586,87.56,109.4,85.5,34.0
4687,48.588697,7.718708,87.56,109.4,85.5,34.0
4688,48.588436,7.71983,87.56,109.4,85.5,34.0
4689,48.588175,7.720952,87.56,109.4,85.5,34.0
4690,48.587914,7.722073,87.56,109.4,85.4,34.0
4691,48.587653,7.723195,87.56,109.4,85.4,34.0
4692,48.587392,7.724317,87.56,109.4,85.4,34.0
4693,48.587131,7.725438,87.56,109.4,85.4,34.0
4694,48.58687,7.72656,87.56,109.4,85.3,35.0
4695,48.586609,7.727682,87.56,109.4,85.3,35.0
4696,48.586348,7.728804,87.56,109.4,85.3,35.0
4697,48.586087,7.729925,87.56,109.4,85.3,35.0
4698,48.585827,7.731047,87.56,109.4,85.2,35.0
4699,48.585566,7.732169,87.56,109.4,85.2,35.0
4700,48.585305,7.733291,87.56,109.4,85.2,35.0
4701,48.585044,7.734412,87.56,109.4,85.1,35.0
4702,48.585217,7.733666,58.27,289.4,85.1,35.0
4703,48.585478,7.732544,87.56,289.4,85.1,35.0
4704,48.585739,7.731422,87.56,289.4,85.1,35.0
4705,48.586,7.730301,87.56,289.4,85.0,35.0
4706,48.586261,7.729179,87.56,289.4,85.0,35.0
4707,48.586522,7.728057,87.56,289.4,85.0,35.0
4708,48.586783,7.726936,87.56,289.4,85.0,35.0
4709,48.587044,7.725814,87.56,289.4,84.9,35.0
4710,48.587305,7.724692,87.56,289.4,84.9,35.0
4711,48.587566,7.72357,87.56,289.4,84.9,36.0
4712,48.587827,7.722449,87.56,289.4,84.8,36.0
4713,48.588088,7.721327,87.56,289.4,84.8,36.0
4714,48.588349,7.720205,87.56,289.4,84.8,36.0
4715,48.58861,7.719083,87.56,289.4,84.8,36.0
4716,48.588871,7.717962,87.56,289.4,84.7,36.0
4717,48.589132,7.71684,87.56,289.4,84.7,36.0
4718,48.589393,7.715718,87.56,289.4,84.7,36.0
4719,48.589653,7.714596,87.56,289.4,84.7,36.0
4720,48.589914,7.713475,87.56,289.4,84.6,36.0
4721,48.590175,7.712353,87.55,289.4,84.6,36.0
4722,48.590436,7.711231,87.55,289.4,84.6,36.0
4723,48.590697,7.710109,87.55,289.4,84.5,36.0
4724,48.590958,7.708988,87.55,289.4,84.5,36.0
4725,48.591219,7.707866,87.55,289.4,84.5,36.0
4726,48.59148,7.706744,87.55,289.4,84.5,36.0
4727,48.591741,7.705623,87.55,289.4,84.4,36.0
4728,48.592002,7.704501,87.55,289.4,84.4,36.0
4729,48.592263,7.703379,87.55,289.4,84.4,37.0
4730,48.592524,7.702257,87.55,289.4,84.3,37.0
4731,48.592785,7.701136,87.55,289.4,84.3,37.0
4732,48.593046,7.700014,87.55,289.4,84.3,37.0
4733,48.593307,7.698892,87.55,289.4,84.3,37.0
4734,48.593568,7.69777,87.55,289.4,84.2,37.0
4735,48.593829,7.696649,87.55,289.4,84.2,37.0
4736,48.59409,7.695527,87.55,289.4,84.2,37.0
4737,48.594351,7.694405,87.55,289.4,84.1,37.0
4738,48.594612,7.693283,87.55,289.4,84.1,37.0
4739,48.594873,7.692162,87.55,289.4,84.1,37.0
4740,48.595133,7.69104,87.55,289.4,84.1,37.0
4741,48.595394,7.689918,87.55,289.4,84.0,37.0
4742,48.595655,7.688796,87.55,289.4,84.0,37.0
4743,48.595916,7.687675,87.55,289.4,84.0,37.0
4744,48.596177,7.686553,87.55,289.4,84.0,37.0
4745,48.596438,7.685431,87.54,289.4,83.9,37.0
4746,48.596699,7.68431,87.54,289.4,83.9,37.0
4747,48.59696,7.683188,87.54,289.4,83.9,38.0
4748,48.597221,7.682066,87.54,289.4,83.8,38.0
4749,48.597482,7.680944,87.54,289.4,83.8,38.0
4750,48.597743,7.679823,87.54,289.4,83.8,38.0
4751,48.598004,7.678701,87.54,289.4,83.8,38.0
4752,48.598265,7.677579,87.54,289.4,83.7,38.0
4753,48.598526,7.676457,87.54,289.4,83.7,38.0
4754,48.598787,7.675336,87.54,289.4,83.7,38.0
4755,48.599048,7.674214,87.54,289.4,83.6,38.0
4756,48.599309,7.673092,87.54,289.4,83.6,38.0
4757,48.59957,7.67197,87.54,289.4,83.6,38.0
4758,48.599831,7.670849,87.54,289.4,83.6,38.0
4759,48.600092,7.669727,87.54,289.4,83.5,38.0
4760,48.600353,7.668605,87.54,289.4,83.5,38.0
4761,48.600613,7.667484,87.54,289.4,83.5,38.0
4762,48.600874,7.666362,87.54,289.4,83.4,38.0
4763,48.601135,7.66524,87.54,289.4,83.4,38.0
4764,48.601396,7.664118,87.54,289.4,83.4,38.0
4765,48.601657,7.662997,87.54,289.4,83.3,39.0
4766,48.601918,7.661875,87.54,289.4,83.3,39.0
4767,48.602179,7.660753,87.54,289.4,83.3,39.0
4768,48.60244,7.659631,87.54,289.4,83.3,39.0
4769,48.602701,7.65851,87.54,289.4,83.2,39.0
4770,48.602962,7.657388,87.53,289.4,83.2,39.0
4771,48.603223,7.656266,87.53,289.4,83.2,39.0
4772,48.603484,7.655144,87.53,289.4,83.1,39.0
4773,48.603745,7.654023,87.53,289.4,83.1,39.0
4774,48.604006,7.652901,87.53,289.4,83.1,39.0
4775,48.604267,7.651779,87.53,289.4,83.1,39.0
4776,48.604528,7.650657,87.53,289.4,83.0,39.0
4777,48.604789,7.649536,87.53,289.4,83.0,39.0
4778,48.60505,7.648414,87.53,289.4,83.0,39.0
4779,48.605311,7.647292,87.53,289.4,82.9,39.0
4780,48.605572,7.646171,87.53,289.4,82.9,39.0
4781,48.605833,7.645049,87.53,289.4,82.9,39.0
4782,48.606093,7.643927,87.53,289.4,82.9,39.0
4783,48.606354,7.642805,87.53,289.4,82.8,40.0
4784,48.606615,7.641684,87.53,289.4,82.8,40.0
4785,48.606876,7.640562,87.53,289.4,82.8,40.0
4786,48.607137,7.63944,87.53,289.4,82.7,40.0
4787,48.607398,7.638318,87.53,289.4,82.7,40.0
4788,48.607659,7.637197,87.53,289.4,82.7,40.0
4789,48.60792,7.636075,87.53,289.4,82.6,40.0
4790,48.608181,7.634953,87.53,289.4,82.6,40.0
4791,48.608442,7.633831,87.53,289.4,82.6,40.0
4792,48.608703,7.63271,87.53,289.4,82.6,40.0
4793,48.608964,7.631588,87.53,289.4,82.5,40.0
4794,48.609225,7.630466,87.53,289.4,82.5,40.0
4795,48.609486,7.629345,87.52,289.4,82.5,40.0
4796,48.609747,7.628223,87.52,289.4,82.4,40.0
4797,48.610008,7.627101,87.52,289.4,82.4,40.0
4798,48.610269,7.625979,87.52,289.4,82.4,40.0
4799,48.61053,7.624858,87.52,289.4,82.3,40.0
4800,48.610791,7.623736,87.52,289.4,82.3,40.0
4801,48.611052,7.622614,87.52,289.4,82.3,41.0
4802,48.611313,7.621492,87.52,289.4,82.3,41.0
4803,48.611573,7.620371,87.52,289.4,82.2,41.0
4804,48.611834,7.619249,87.52,289.4,82.2,41.0
4805,48.612095,7.618127,87.52,289.4,82.2,41.0
4806,48.612356,7.617005,87.52,289.4,82.1,41.0
4807,48.612617,7.615884,87.52,289.4,82.1,41.0
4808,48.612878,7.614762,87.52,289.4,82.1,41.0
4809,48.613139,7.61364,87.52,289.4,82.0,41.0
4810,48.6134,7.612518,87.52,289.4,82.0,41.0
4811,48.613661,7.611397,87.52,289.4,82.0,41.0
4812,48.613922,7.610275,87.52,289.4,82.0,41.0
4813,48.614183,7.609153,87.52,289.4,81.9,41.0
4814,48.614444,7.608032,87.52,289.4,81.9,41.0
4815,48.614705,7.60691,87.52,289.4,81.9,41.0
4816,48.614966,7.605788,87.52,289.4,81.8,41.0
4817,48.615227,7.604666,87.52,289.4,81.8,41.0
4818,48.615488,7.603545,87.52,289.4,81.8,41.0
4819,48.615749,7.602423,87.52,289.4,81.7,42.0
4820,48.61601,7.601301,87.51,289.4,81.7,42.0
4821,48.616271,7.600179,87.51,289.4,81.7,42.0
4822,48.616532,7.599058,87.51,289.4,81.7,42.0
4823,48.616792,7.597936,87.51,289.4,81.6,42.0
4824,48.617053,7.596814,87.51,289.4,81.6,42.0
4825,48.617314,7.595692,87.51,289.4,81.6,42.0
4826,48.617575,7.594571,87.51,289.4,81.5,42.0
4827,48.617836,7.593449,87.51,289.4,81.5,42.0
4828,48.618097,7.592327,87.51,289.4,81.5,42.0
4829,48.618358,7.591206,87.51,289.4,81.4,42.0
4830,48.618619,7.590084,87.51,289.4,81.4,42.0
4831,48.61888,7.588962,87.51,289.4,81.4,42.0
4832,48.619141,7.58784,87.51,289.4,81.3,42.0
4833,48.619402,7.586719,87.51,289.4,81.3,42.0
4834,48.619663,7.585597,87.51,289.4,81.3,42.0
4835,48.619924,7.584475,87.51,289.4,81.3,42.0
4836,48.620185,7.583353,87.51,289.4,81.2,42.0
4837,48.620446,7.582232,87.51,289.4,81.2,43.0
4838,48.620707,7.58111,87.51,289.4,81.2,43.0
4839,48.620968,7.579988,87.51,289.4,81.1,43.0
4840,48.621229,7.578866,87.51,289.4,81.1,43.0
4841,48.62149,7.577745,87.51,289.4,81.1,43.0
4842,48.621751,7.576623,87.51,289.4,81.0,43.0
4843,48.622012,7.575501,87.51,289.4,81.0,43.0
4844,48.622272,7.574379,87.51,289.4,81.0,43.0
4845,48.622533,7.573258,87.5,289.4,80.9,43.0
4846,48.622794,7.572136,87.5,289.4,80.9,43.0
4847,48.623055,7.571014,87.5,289.4,80.9,43.0
4848,48.623316,7.569893,87.5,289.4,80.8,43.0
4849,48.623577,7.568771,87.5,289.4,80.8,43.0
4850,48.623838,7.567649,87.5,289.4,80.8,43.0
4851,48.624099,7.566527,87.5,289.4,80.8,43.0
4852,48.62436,7.565406,87.5,289.4,80.7,43.0
4853,48.624621,7.564284,87.5,289.4,80.7,43.0
4854,48.624882,7.563162,87.5,289.4,80.7,43.0
4855,48.625143,7.56204,87.5,289.4,80.6,44.0
4856,48.625404,7.560919,87.5,289.4,80.6,44.0
4857,48.625665,7.559797,87.5,289.4,80.6,44.0
4858,48.625926,7.558675,87.5,289.4,80.5,44.0
4859,48.626187,7.557553,87.5,289.4,80.5,44.0
4860,48.626448,7.556432,87.5,289.4,80.5,44.0
4861,48.626709,7.55531,87.5,289.4,80.4,44.0
4862,48.62697,7.554188,87.5,289.4,80.4,44.0
4863,48.627231,7.553067,87.5,289.4,80.4,44.0
4864,48.627492,7.551945,87.5,289.4,80.3,44.0
4865,48.627752,7.550823,87.5,289.4,80.3,44.0
4866,48.628013,7.549701,87.5,289.4,80.3,44.0
4867,48.628274,7.54858,87.5,289.4,80.3,44.0
4868,48.628535,7.547458,87.5,289.4,80.2,44.0
4869,48.628796,7.546336,87.5,289.4,80.2,44.0
4870,48.629057,7.545214,87.49,289.4,80.2,44.0
4871,48.629318,7.544093,87.49,289.4,80.1,44.0
4872,48.629579,7.542971,87.49,289.4,80.1,44.0
4873,48.62984,7.541849,87.49,289.4,80.1,45.0
4874,48.630101,7.540727,87.49,289.4,80.0,45.0
4875,48.630362,7.539606,87.49,289.4,80.0,45.0
4876,48.630623,7.538484,87.49,289.4,80.0,45.0
4877,48.630884,7.537362,87.49,289.4,79.9,45.0
4878,48.631145,7.53624,87.49,289.4,79.9,45.0
4879,48.631406,7.535119,87.49,289.4,79.9,45.0
4880,48.631667,7.533997,87.49,289.4,79.8,45.0
4881,48.631928,7.532875,87.49,289.4,79.8,45.0
4882,48.632189,7.531754,87.49,289.4,79.8,45.0
4883,48.63245,7.530632,87.49,289.4,79.7,45.0
4884,48.632711,7.52951,87.49,289.4,79.7,45.0
4885,48.632972,7.528388,87.49,289.4,79.7,45.0
4886,48.633232,7.527267,87.49,289.4,79.6,45.0
4887,48.633493,7.526145,87.49,289.4,79.6,45.0
4888,48.633754,7.525023,87.49,289.4,79.6,45.0
4889,48.634015,7.523901,87.49,289.4,79.5,45.0
4890,48.634276,7.52278,87.49,289.4,79.5,45.0
4891,48.634537,7.521658,87.49,289.4,79.5,46.0
4892,48.634798,7.520536,87.49,289.4,79.5,46.0
4893,48.635059,7.519414,87.49,289.4,79.4,46.0
4894,48.63532,7.518293,87.48,289.4,79.4,46.0
4895,48.635581,7.517171,87.48,289.4,79.4,46.0
4896,48.635842,7.516049,87.48,289.4,79.3,46.0
4897,48.636103,7.514928,87.48,289.4,79.3,46.0
4898,48.636364,7.513806,87.48,289.4,79.3,46.0
4899,48.636625,7.512684,87.48,289.4,79.2,46.0
4900,48.636886,7.511562,87.48,289.4,79.2,46.0
4901,48.637147,7.510441,87.48,289.4,79.2,46.0
4902,48.637408,7.509319,87.48,289.4,79.1,46.0
4903,48.637669,7.508197,87.48,289.4,79.1,46.0
4904,48.63793,7.507075,87.48,289.4,79.1,46.0
4905,48.638191,7.505954,87.48,289.4,79.0,46.0
4906,48.638452,7.504832,87.48,289.4,79.0,46.0
4907,48.638712,7.50371,87.48,289.4,79.0,46.0
4908,48.638973,7.502588,87.48,289.4,78.9,46.0
4909,48.639234,7.501467,87.48,289.4,78.9,47.0
4910,48.639495,7.500345,87.48,289.4,78.9,47.0
4911,48.639756,7.499223,87.48,289.4,78.8,47.0
4912,48.640017,7.498101,87.48,289.4,78.8,47.0
4913,48.640278,7.49698,87.48,289.4,78.8,47.0
4914,48.640539,7.495858,87.48,289.4,78.7,47.0
4915,48.6408,7.494736,87.48,289.4,78.7,47.0
4916,48.641061,7.493615,87.48,289.4,78.7,47.0
4917,48.641322,7.492493,87.48,289.4,78.6,47.0
4918,48.641583,7.491371,87.48,289.4,78.6,47.0
4919,48.641844,7.490249,87.47,289.4,78.6,47.0
4920,48.642105,7.489128,87.47,289.4,78.5,47.0
4921,48.642366,7.488006,87.47,289.4,78.5,47.0
4922,48.642627,7.486884,87.47,289.4,78.5,47.0
4923,48.642888,7.485762,87.47,289.4,78.4,47.0
4924,48.643149,7.484641,87.47,289.4,78.4,47.0
4925,48.64341,7.483519,87.47,289.4,78.4,47.0
4926,48.643671,7.482397,87.47,289.4,78.3,47.0
4927,48.643932,7.481275,87.47,289.4,78.3,48.0
4928,48.644192,7.480154,87.47,289.4,78.3,48.0
4929,48.644453,7.479032,87.47,289.4,78.2,48.0
4930,48.644714,7.47791,87.47,289.4,78.2,48.0
4931,48.644975,7.476789,87.47,289.4,78.2,48.0
4932,48.645236,7.475667,87.47,289.4,78.1,48.0
4933,48.645497,7.474545,87.47,289.4,78.1,48.0
4934,48.645758,7.473423,87.47,289.4,78.1,48.0
4935,48.646019,7.472302,87.47,289.4,78.0,48.0
4936,48.64628,7.47118,87.47,289.4,78.0,48.0
4937,48.646541,7.470058,87.47,289.4,78.0,48.0
4938,48.646802,7.468936,87.47,289.4,77.9,48.0
4939,48.647063,7.467815,87.47,289.4,77.9,48.0
4940,48.647324,7.466693,87.47,289.4,77.9,48.0
4941,48.647585,7.465571,87.47,289.4,77.8,48.0
4942,48.647846,7.464449,87.47,289.4,77.8,48.0
4943,48.648107,7.463328,87.47,289.4,77.8,48.0
4944,48.648368,7.462206,87.46,289.4,77.7,48.0
4945,48.648629,7.461084,87.46,289.4,77.7,49.0
4946,48.64889,7.459962,87.46,289.4,77.7,49.0
4947,48.649151,7.458841,87.46,289.4,77.6,49.0
4948,48.649412,7.457719,87.46,289.4,77.6,49.0
4949,48.649672,7.456597,87.46,289.4,77.6,49.0
4950,48.649933,7.455476,87.46,289.4,77.5,49.0
4951,48.650194,7.454354,87.46,289.4,77.5,49.0
4952,48.650455,7.453232,87.46,289.4,77.5,49.0
4953,48.650716,7.45211,87.46,289.4,77.4,49.0
4954,48.650977,7.450989,87.46,289.4,77.4,49.0
4955,48.651238,7.449867,87.46,289.4,77.4,49.0
4956,48.651499,7.448745,87.46,289.4,77.3,49.0
4957,48.65176,7.447623,87.46,289.4,77.3,49.0
4958,48.652021,7.446502,87.46,289.4,77.3,49.0
4959,48.652282,7.44538,87.46,289.4,77.2,49.0
4960,48.652543,7.444258,87.46,289.4,77.2,49.0
4961,48.652804,7.443136,87.46,289.4,77.2,49.0
4962,48.653065,7.442015,87.46,289.4,77.1,49.0
4963,48.653326,7.440893,87.46,289.4,77.1,50.0
4964,48.653587,7.439771,87.46,289.4,77.1,50.0
4965,48.653848,7.43865,87.46,289.4,77.0,50.0
4966,48.654109,7.437528,87.46,289.4,77.0,50.0
4967,48.65437,7.436406,87.46,289.4,77.0,50.0
4968,48.654631,7.435284,87.46,289.4,76.9,50.0
4969,48.654891,7.434163,87.45,289.4,76.9,50.0
4970,48.655152,7.433041,87.45,289.4,76.9,50.0
4971,48.655413,7.431919,87.45,289.4,76.8,50.0
4972,48.655674,7.430797,87.45,289.4,76.8,50.0
4973,48.655935,7.429676,87.45,289.4,76.8,50.0
4974,48.656196,7.428554,87.45,289.4,76.7,50.0
4975,48.656457,7.427432,87.45,289.4,76.7,50.0
4976,48.656718,7.42631,87.45,289.4,76.7,50.0
4977,48.656979,7.425189,87.45,289.4,76.6,50.0
4978,48.65724,7.424067,87.45,289.4,76.6,50.0
4979,48.657501,7.422945,87.45,289.4,76.6,50.0
4980,48.657762,7.421823,87.45,289.4,76.5,50.0
4981,48.658023,7.420702,87.45,289.4,76.5,51.0
4982,48.658284,7.41958,87.45,289.4,76.4,51.0
4983,48.658545,7.418458,87.45,289.4,76.4,51.0
4984,48.658806,7.417337,87.45,289.4,76.4,51.0
4985,48.659067,7.416215,87.45,289.4,76.3,51.0
4986,48.659328,7.415093,87.45,289.4,76.3,51.0
4987,48.659589,7.413971,87.45,289.4,76.3,51.0
4988,48.65985,7.41285,87.45,289.4,76.2,51.0
4989,48.660111,7.411728,87.45,289.4,76.2,51.0
4990,48.660371,7.410606,87.45,289.4,76.2,51.0
4991,48.660632,7.409484,87.45,289.4,76.1,51.0
4992,48.660893,7.408363,87.45,289.4,76.1,51.0
4993,48.661154,7.407241,87.45,289.4,76.1,51.0
4994,48.661415,7.406119,87.44,289.4,76.0,51.0
4995,48.661676,7.404997,87.44,289.4,76.0,51.0
4996,48.661937,7.403876,87.44,289.4,76.0,51.0
4997,48.662198,7.402754,87.44,289.4,75.9,51.0
4998,48.662459,7.401632,87.44,289.4,75.9,51.0
4999,48.66272,7.400511,87.44,289.4,75.9,51.0
5000,48.662981,7.399389,87.44,289.4,75.8,52.0
5001,48.663242,7.398267,87.44,289.4,75.8,52.0
5002,48.663503,7.397145,87.44,289.4,75.8,52.0
5003,48.663764,7.396024,87.44,289.4,75.7,52.0
5004,48.664025,7.394902,87.44,289.4,75.7,52.0
5005,48.664286,7.39378,87.44,289.4,75.7,52.0
5006,48.664547,7.392658,87.44,289.4,75.6,52.0
5007,48.664808,7.391537,87.44,289.4,75.6,52.0
5008,48.665069,7.390415,87.44,289.4,75.5,52.0
5009,48.66533,7.389293,87.44,289.4,75.5,52.0
5010,48.665591,7.388171,87.44,289.4,75.5,52.0
5011,48.665851,7.38705,87.44,289.4,75.4,52.0
5012,48.666112,7.385928,87.44,289.4,75.4,52.0
5013,48.666373,7.384806,87.44,289.4,75.4,52.0
5014,48.666634,7.383684,87.44,289.4,75.3,52.0
5015,48.666895,7.382563,87.44,289.4,75.3,52.0
5016,48.667156,7.381441,87.44,289.4,75.3,52.0
5017,48.667417,7.380319,87.44,289.4,75.2,52.0
5018,48.667678,7.379198,87.44,289.4,75.2,53.0
5019,48.667939,7.378076,87.43,289.4,75.2,53.0
5020,48.6682,7.376954,87.43,289.4,75.1,53.0
5021,48.668461,7.375832,87.43,289.4,75.1,53.0
5022,48.668722,7.374711,87.43,289.4,75.1,53.0
5023,48.668983,7.373589,87.43,289.4,75.0,53.0
5024,48.669244,7.372467,87.43,289.4,75.0,53.0
5025,48.669505,7.371345,87.43,289.4,75.0,53.0
5026,48.669766,7.370224,87.43,289.4,74.9,53.0
5027,48.670027,7.369102,87.43,289.4,74.9,53.0
5028,48.670288,7.36798,87.43,289.4,74.8,53.0
5029,48.670549,7.366858,87.43,289.4,74.8,53.0
5030,48.67081,7.365737,87.43,289.4,74.8,53.0
5031,48.671071,7.364615,87.43,289.4,74.7,53.0
5032,48.671331,7.363493,87.43,289.4,74.7,53.0
5033,48.671592,7.362372,87.43,289.4,74.7,53.0
5034,48.671853,7.36125,87.43,289.4,74.6,53.0
5035,48.672114,7.360128,87.43,289.4,74.6,53.0
5036,48.672375,7.359006,87.43,289.4,74.6,54.0
5037,48.672636,7.357885,87.43,289.4,74.5,54.0
5038,48.672897,7.356763,87.43,289.4,74.5,54.0
5039,48.673158,7.355641,87.43,289.4,74.5,54.0
5040,48.673419,7.354519,87.43,289.4,74.4,54.0
5041,48.67368,7.353398,87.43,289.4,74.4,54.0
5042,48.673941,7.352276,87.43,289.4,74.4,54.0
5043,48.674202,7.351154,87.42,289.4,74.3,54.0
5044,48.674463,7.350032,87.42,289.4,74.3,54.0
5045,48.674724,7.348911,87.42,289.4,74.2,54.0
5046,48.674985,7.347789,87.42,289.4,74.2,54.0
5047,48.675246,7.346667,87.42,289.4,74.2,54.0
5048,48.675507,7.345545,87.42,289.4,74.1,54.0
5049,48.675768,7.344424,87.42,289.4,74.1,54.0
5050,48.676029,7.343302,87.42,289.4,74.1,54.0
5051,48.67629,7.34218,87.42,289.4,74.0,54.0
5052,48.676551,7.341059,87.42,289.4,74.0,54.0
5053,48.676811,7.339937,87.42,289.4,74.0,54.0
5054,48.677072,7.338815,87.42,289.4,73.9,54.0
5055,48.677333,7.337693,87.42,289.4,73.9,55.0
5056,48.677594,7.336572,87.42,289.4,73.9,55.0
5057,48.677855,7.33545,87.42,289.4,73.8,55.0
5058,48.678116,7.334328,87.42,289.4,73.8,55.0
5059,48.678377,7.333206,87.42,289.4,73.7,55.0
5060,48.678638,7.332085,87.42,289.4,73.7,55.0
5061,48.678899,7.330963,87.42,289.4,73.7,55.0
5062,48.67916,7.329841,87.42,289.4,73.6,55.0
5063,48.679421,7.328719,87.42,289.4,73.6,55.0
5064,48.679682,7.327598,87.42,289.4,73.6,55.0
5065,48.679943,7.326476,87.42,289.4,73.5,55.0
5066,48.680204,7.325354,87.42,289.4,73.5,55.0
5067,48.680465,7.324233,87.42,289.4,73.5,55.0
5068,48.680726,7.323111,87.41,289.4,73.4,55.0
5069,48.680987,7.321989,87.41,289.4,73.4,55.0
5070,48.681248,7.320867,87.41,289.4,73.4,55.0
5071,48.681509,7.319746,87.41,289.4,73.3,55.0
5072,48.68177,7.318624,87.41,289.4,73.3,55.0
5073,48.682031,7.317502,87.41,289.4,73.2,56.0
5074,48.682291,7.31638,87.41,289.4,73.2,56.0
5075,48.682552,7.315259,87.41,289.4,73.2,56.0
5076,48.682813,7.314137,87.41,289.4,73.1,56.0
5077,48.683074,7.313015,87.41,289.4,73.1,56.0
5078,48.683335,7.311893,87.41,289.4,73.1,56.0
5079,48.683596,7.310772,87.41,289.4,73.0,56.0
5080,48.683857,7.30965,87.41,289.4,73.0,56.0
5081,48.684118,7.308528,87.41,289.4,73.0,56.0
5082,48.684379,7.307406,87.41,289.4,72.9,56.0
5083,48.68464,7.306285,87.41,289.4,72.9,56.0
5084,48.684901,7.305163,87.41,289.4,72.8,56.0
5085,48.685162,7.304041,87.41,289.4,72.8,56.0
5086,48.685423,7.30292,87.41,289.4,72.8,56.0
5087,48.685684,7.301798,87.41,289.4,72.7,56.0
5088,48.685945,7.300676,87.41,289.4,72.7,56.0
5089,48.686206,7.299554,87.41,289.4,72.7,56.0
5090,48.686467,7.298433,87.41,289.4,72.6,56.0
5091,48.686728,7.297311,87.41,289.4,72.6,56.0
5092,48.686989,7.296189,87.41,289.4,72.6,57.0
5093,48.68725,7.295067,87.4,289.4,72.5,57.0
5094,48.687511,7.293946,87.4,289.4,72.5,57.0
5095,48.687771,7.292824,87.4,289.4,72.4,57.0
5096,48.688032,7.291702,87.4,289.4,72.4,57.0
5097,48.688293,7.29058,87.4,289.4,72.4,57.0
5098,48.688554,7.289459,87.4,289.4,72.3,57.0
5099,48.688815,7.288337,87.4,289.4,72.3,57.0
5100,48.689076,7.287215,87.4,289.4,72.3,57.0
5101,48.689337,7.286094,87.4,289.4,72.2,57.0
5102,48.689598,7.284972,87.4,289.4,72.2,57.0
5103,48.689859,7.28385,87.4,289.4,72.2,57.0
5104,48.69012,7.282728,87.4,289.4,72.1,57.0
5105,48.690381,7.281607,87.4,289.4,72.1,57.0
5106,48.690642,7.280485,87.4,289.4,72.0,57.0
5107,48.690903,7.279363,87.4,289.4,72.0,57.0
5108,48.691164,7.278241,87.4,289.4,72.0,57.0
5109,48.691425,7.27712,87.4,289.4,71.9,57.0
5110,48.691686,7.275998,87.4,289.4,71.9,58.0
5111,48.691947,7.274876,87.4,289.4,71.9,58.0
5112,48.692208,7.273754,87.4,289.4,71.8,58.0
5113,48.692469,7.272633,87.4,289.4,71.8,58.0
5114,48.69273,7.271511,87.4,289.4,71.8,58.0
5115,48.69299,7.270389,87.4,289.4,71.7,58.0
5116,48.693251,7.269267,87.4,289.4,71.7,58.0
5117,48.693512,7.268146,87.4,289.4,71.6,58.0
5118,48.693773,7.267024,87.39,289.4,71.6,58.0
5119,48.694034,7.265902,87.39,289.4,71.6,58.0
5120,48.694295,7.264781,87.39,289.4,71.5,58.0
5121,48.694556,7.263659,87.39,289.4,71.5,58.0
5122,48.694817,7.262537,87.39,289.4,71.5,58.0
5123,48.695078,7.261415,87.39,289.4,71.4,58.0
5124,48.695339,7.260294,87.39,289.4,71.4,58.0
5125,48.6956,7.259172,87.39,289.4,71.4,58.0
5126,48.695861,7.25805,87.39,289.4,71.3,58.0
5127,48.696122,7.256928,87.39,289.4,71.3,58.0
5128,48.696383,7.255807,87.39,289.4,71.2,58.0
5129,48.696644,7.254685,87.39,289.4,71.2,59.0
5130,48.696905,7.253563,87.39,289.4,71.2,59.0
5131,48.697166,7.252441,87.39,289.4,71.1,59.0
5132,48.697427,7.25132,87.39,289.4,71.1,59.0
5133,48.697688,7.250198,87.39,289.4,71.1,59.0
5134,48.697949,7.249076,87.39,289.4,71.0,59.0
5135,48.69821,7.247955,87.39,289.4,71.0,59.0
5136,48.69847,7.246833,87.39,289.4,70.9,59.0
5137,48.698731,7.245711,87.39,289.4,70.9,59.0
5138,48.698992,7.244589,87.39,289.4,70.9,59.0
5139,48.699253,7.243468,87.39,289.4,70.8,59.0
5140,48.699514,7.242346,87.39,289.4,70.8,59.0
5141,48.699775,7.241224,87.39,289.4,70.8,59.0
5142,48.700036,7.240102,87.39,289.4,70.7,59.0
5143,48.700297,7.238981,87.38,289.4,70.7,59.0
5144,48.700558,7.237859,87.38,289.4,70.7,59.0
5145,48.700819,7.236737,87.38,289.4,70.6,59.0
5146,48.70108,7.235615,87.38,289.4,70.6,59.0
5147,48.701341,7.234494,87.38,289.4,70.5,59.0
5148,48.701602,7.233372,87.38,289.4,70.5,60.0
5149,48.701863,7.23225,87.38,289.4,70.5,60.0
5150,48.702124,7.231128,87.38,289.4,70.4,60.0
5151,48.702385,7.230007,87.38,289.4,70.4,60.0
5152,48.702646,7.228885,87.38,289.4,70.4,60.0
5153,48.702907,7.227763,87.38,289.4,70.3,60.0
5154,48.703168,7.226642,87.38,289.4,70.3,60.0
5155,48.703429,7.22552,87.38,289.4,70.2,60.0
5156,48.70369,7.224398,87.38,289.4,70.2,60.0
5157,48.70395,7.223276,87.38,289.4,70.2,60.0
5158,48.704211,7.222155,87.38,289.4,70.1,60.0
5159,48.704472,7.221033,87.38,289.4,70.1,60.0
5160,48.704733,7.219911,87.38,289.4,70.1,60.0
5161,48.704994,7.218789,87.38,289.4,70.0,60.0
5162,48.705255,7.217668,87.38,289.4,70.0,60.0
5163,48.705516,7.216546,87.38,289.4,69.9,60.0
5164,48.705777,7.215424,87.38,289.4,69.9,60.0
5165,48.706038,7.214302,87.38,289.4,69.9,60.0
5166,48.706299,7.213181,87.38,289.4,69.8,60.0
5167,48.70656,7.212059,87.38,289.4,69.8,61.0
5168,48.706821,7.210937,87.37,289.4,69.8,61.0
5169,48.707082,7.209816,87.37,289.4,69.7,61.0
5170,48.707343,7.208694,87.37,289.4,69.7,61.0
5171,48.707604,7.207572,87.37,289.4,69.6,61.0
5172,48.707865,7.20645,87.37,289.4,69.6,61.0
5173,48.708126,7.205329,87.37,289.4,69.6,61.0
5174,48.708387,7.204207,87.37,289.4,69.5,61.0
5175,48.708648,7.203085,87.37,289.4,69.5,61.0
5176,48.708909,7.201963,87.37,289.4,69.5,61.0
5177,48.70917,7.200842,87.37,289.4,69.4,61.0
5178,48.70943,7.19972,87.37,289.4,69.4,61.0
5179,48.709691,7.198598,87.37,289.4,69.3,61.0
5180,48.709952,7.197476,87.37,289.4,69.3,61.0
5181,48.710213,7.196355,87.37,289.4,69.3,61.0
5182,48.710474,7.195233,87.37,289.4,69.2,61.0
5183,48.710735,7.194111,87.37,289.4,69.2,61.0
5184,48.710996,7.192989,87.37,289.4,69.2,61.0
5185,48.711257,7.191868,87.37,289.4,69.1,61.0
5186,48.711518,7.190746,87.37,289.4,69.1,62.0
5187,48.711779,7.189624,87.37,289.4,69.0,62.0
5188,48.71204,7.188503,87.37,289.4,69.0,62.0
5189,48.712301,7.187381,87.37,289.4,69.0,62.0
5190,48.712562,7.186259,87.37,289.4,68.9,62.0
5191,48.712823,7.185137,87.37,289.4,68.9,62.0
5192,48.713084,7.184016,87.36,289.4,68.9,62.0
5193,48.713345,7.182894,87.36,289.4,68.8,62.0
5194,48.713606,7.181772,87.36,289.4,68.8,62.0
5195,48.713867,7.18065,87.36,289.4,68.7,62.0
5196,48.714128,7.179529,87.36,289.4,68.7,62.0
5197,48.714389,7.178407,87.36,289.4,68.7,62.0
5198,48.71465,7.177285,87.36,289.4,68.6,62.0
5199,48.71491,7.176163,87.36,289.4,68.6,62.0
5200,48.715171,7.175042,87.36,289.4,68.6,62.0
5201,48.715432,7.17392,87.36,289.4,68.5,62.0
5202,48.715693,7.172798,87.36,289.4,68.5,62.0
5203,48.715954,7.171676,87.36,289.4,68.4,62.0
5204,48.716215,7.170555,87.36,289.4,68.4,62.0
5205,48.716476,7.169433,87.36,289.4,68.4,63.0
5206,48.716737,7.168311,87.36,289.4,68.3,63.0
5207,48.716998,7.16719,87.36,289.4,68.3,63.0
5208,48.717259,7.166068,87.36,289.4,68.3,63.0
5209,48.71752,7.164946,87.36,289.4,68.2,63.0
5210,48.717781,7.163824,87.36,289.4,68.2,63.0
5211,48.718042,7.162703,87.36,289.4,68.1,63.0
5212,48.718303,7.161581,87.36,289.4,68.1,63.0
5213,48.718564,7.160459,87.36,289.4,68.1,63.0
5214,48.718825,7.159337,87.36,289.4,68.0,63.0
5215,48.719086,7.158216,87.36,289.4,68.0,63.0
5216,48.719347,7.157094,87.36,289.4,68.0,63.0
5217,48.719608,7.155972,87.35,289.4,67.9,63.0
5218,48.719869,7.15485,87.35,289.4,67.9,63.0
5219,48.72013,7.153729,87.35,289.4,67.8,63.0
5220,48.72039,7.152607,87.35,289.4,67.8,63.0
5221,48.720651,7.151485,87.35,289.4,67.8,63.0
5222,48.720912,7.150364,87.35,289.4,67.7,63.0
5223,48.721173,7.149242,87.35,289.4,67.7,63.0
5224,48.721434,7.14812,87.35,289.4,67.6,64.0
5225,48.721695,7.146998,87.35,289.4,67.6,64.0
5226,48.721956,7.145877,87.35,289.4,67.6,64.0
5227,48.722217,7.144755,87.35,289.4,67.5,64.0
5228,48.722478,7.143633,87.35,289.4,67.5,64.0
5229,48.722739,7.142511,87.35,289.4,67.5,64.0
5230,48.723,7.14139,87.35,289.4,67.4,64.0
5231,48.723261,7.140268,87.35,289.4,67.4,64.0
5232,48.723522,7.139146,87.35,289.4,67.3,64.0
5233,48.723783,7.138024,87.35,289.4,67.3,64.0
5234,48.724044,7.136903,87.35,289.4,67.3,64.0
5235,48.724305,7.135781,87.35,289.4,67.2,64.0
5236,48.724566,7.134659,87.35,289.4,67.2,64.0
5237,48.724827,7.133537,87.35,289.4,67.2,64.0
5238,48.725088,7.132416,87.35,289.4,67.1,64.0
5239,48.725349,7.131294,87.35,289.4,67.1,64.0
5240,48.72561,7.130172,87.35,289.4,67.0,64.0
5241,48.72587,7.129051,87.35,289.4,67.0,64.0
5242,48.726131,7.127929,87.34,289.4,67.0,64.0
5243,48.726392,7.126807,87.34,289.4,66.9,65.0
5244,48.726653,7.125685,87.34,289.4,66.9,65.0
5245,48.726914,7.124564,87.34,289.4,66.9,65.0
5246,48.727175,7.123442,87.34,289.4,66.8,65.0
5247,48.727436,7.12232,87.34,289.4,66.8,65.0
5248,48.727697,7.121198,87.34,289.4,66.7,65.0
5249,48.727958,7.120077,87.34,289.4,66.7,65.0
5250,48.728219,7.118955,87.34,289.4,66.7,65.0
5251,48.72848,7.117833,87.34,289.4,66.6,65.0
5252,48.728741,7.116711,87.34,289.4,66.6,65.0
5253,48.729002,7.11559,87.34,289.4,66.5,65.0
5254,48.729263,7.114468,87.34,289.4,66.5,65.0
5255,48.729524,7.113346,87.34,289.4,66.5,65.0
5256,48.729785,7.112225,87.34,289.4,66.4,65.0
5257,48.730046,7.111103,87.34,289.4,66.4,65.0
5258,48.730307,7.109981,87.34,289.4,66.4,65.0
5259,48.730568,7.108859,87.34,289.4,66.3,65.0
5260,48.730829,7.107738,87.34,289.4,66.3,65.0
5261,48.731089,7.106616,87.34,289.4,66.2,65.0
5262,48.73135,7.105494,87.34,289.4,66.2,66.0
5263,48.731611,7.104372,87.34,289.4,66.2,66.0
5264,48.731872,7.103251,87.34,289.4,66.1,66.0
5265,48.732133,7.102129,87.34,289.4,66.1,66.0
5266,48.732394,7.101007,87.34,289.4,66.0,66.0
5267,48.732655,7.099885,87.33,289.4,66.0,66.0
5268,48.732916,7.098764,87.33,289.4,66.0,66.0
5269,48.733177,7.097642,87.33,289.4,65.9,66.0
5270,48.733438,7.09652,87.33,289.4,65.9,66.0
5271,48.733699,7.095398,87.33,289.4,65.9,66.0
5272,48.73396,7.094277,87.33,289.4,65.8,66.0
5273,48.734221,7.093155,87.33,289.4,65.8,66.0
5274,48.734482,7.092033,87.33,289.4,65.7,66.0
5275,48.734743,7.090912,87.33,289.4,65.7,66.0
5276,48.735004,7.08979,87.33,289.4,65.7,66.0
5277,48.735265,7.088668,87.33,289.4,65.6,66.0
5278,48.735526,7.087546,87.33,289.4,65.6,66.0
5279,48.735787,7.086425,87.33,289.4,65.5,66.0
5280,48.736048,7.085303,87.33,289.4,65.5,66.0
5281,48.736309,7.084181,87.33,289.4,65.5,66.0
5282,48.736569,7.083059,87.33,289.4,65.4,67.0
5283,48.73683,7.081938,87.33,289.4,65.4,67.0
5284,48.737091,7.080816,87.33,289.4,65.4,67.0
5285,48.737352,7.079694,87.33,289.4,65.3,67.0
5286,48.737613,7.078572,87.33,289.4,65.3,67.0
5287,48.737874,7.077451,87.33,289.4,65.2,67.0
5288,48.738135,7.076329,87.33,289.4,65.2,67.0
5289,48.738396,7.075207,87.33,289.4,65.2,67.0
5290,48.738657,7.074086,87.33,289.4,65.1,67.0
5291,48.738918,7.072964,87.33,289.4,65.1,67.0
5292,48.739179,7.071842,87.32,289.4,65.0,67.0
5293,48.73944,7.07072,87.32,289.4,65.0,67.0
5294,48.739701,7.069599,87.32,289.4,65.0,67.0
5295,48.739962,7.068477,87.32,289.4,64.9,67.0
5296,48.740223,7.067355,87.32,289.4,64.9,67.0
5297,48.740484,7.066233,87.32,289.4,64.9,67.0
5298,48.740745,7.065112,87.32,289.4,64.8,67.0
5299,48.741006,7.06399,87.32,289.4,64.8,67.0
5300,48.741267,7.062868,87.32,289.4,64.7,67.0
5301,48.741528,7.061746,87.32,289.4,64.7,68.0
5302,48.741789,7.060625,87.32,289.4,64.7,68.0
5303,48.742049,7.059503,87.32,289.4,64.6,68.0
5304,48.74231,7.058381,87.32,289.4,64.6,68.0
5305,48.742571,7.057259,87.32,289.4,64.5,68.0
5306,48.742832,7.056138,87.32,289.4,64.5,68.0
5307,48.743093,7.055016,87.32,289.4,64.5,68.0
5308,48.743354,7.053894,87.32,289.4,64.4,68.0
5309,48.743615,7.052773,87.32,289.4,64.4,68.0
5310,48.743876,7.051651,87.32,289.4,64.4,68.0
5311,48.744137,7.050529,87.32,289.4,64.3,68.0
5312,48.744398,7.049407,87.32,289.4,64.3,68.0
5313,48.744659,7.048286,87.32,289.4,64.2,68.0
5314,48.74492,7.047164,87.32,289.4,64.2,68.0
5315,48.745181,7.046042,87.32,289.4,64.2,68.0
5316,48.745442,7.04492,87.31,289.4,64.1,68.0
5317,48.745703,7.043799,87.31,289.4,64.1,68.0
5318,48.745964,7.042677,87.31,289.4,64.0,68.0
5319,48.746225,7.041555,87.31,289.4,64.0,68.0
5320,48.746486,7.040433,87.31,289.4,64.0,68.0
5321,48.746747,7.039312,87.31,289.4,63.9,69.0
5322,48.747008,7.03819,87.31,289.4,63.9,69.0
5323,48.747269,7.037068,87.31,289.4,63.9,69.0
5324,48.747529,7.035947,87.31,289.4,63.8,69.0
5325,48.74779,7.034825,87.31,289.4,63.8,69.0
5326,48.748051,7.033703,87.31,289.4,63.7,69.0
5327,48.748312,7.032581,87.31,289.4,63.7,69.0
5328,48.748573,7.03146,87.31,289.4,63.7,69.0
5329,48.748834,7.030338,87.31,289.4,63.6,69.0
5330,48.749095,7.029216,87.31,289.4,63.6,69.0
5331,48.749356,7.028094,87.31,289.4,63.5,69.0
5332,48.749617,7.026973,87.31,289.4,63.5,69.0
5333,48.749878,7.025851,87.31,289.4,63.5,69.0
5334,48.750139,7.024729,87.31,289.4,63.4,69.0
5335,48.7504,7.023607,87.31,289.4,63.4,69.0
5336,48.750661,7.022486,87.31,289.4,63.4,69.0
5337,48.750922,7.021364,87.31,289.4,63.3,69.0
5338,48.751183,7.020242,87.31,289.4,63.3,69.0
5339,48.751444,7.01912,87.31,289.4,63.2,69.0
5340,48.751705,7.017999,87.31,289.4,63.2,69.0
5341,48.751966,7.016877,87.3,289.4,63.2,70.0
5342,48.752227,7.015755,87.3,289.4,63.1,70.0
5343,48.752488,7.014634,87.3,289.4,63.1,70.0
5344,48.752749,7.013512,87.3,289.4,63.0,70.0
5345,48.753009,7.01239,87.3,289.4,63.0,70.0
5346,48.75327,7.011268,87.3,289.4,63.0,70.0
5347,48.753531,7.010147,87.3,289.4,62.9,70.0
5348,48.753792,7.009025,87.3,289.4,62.9,70.0
5349,48.754053,7.007903,87.3,289.4,62.8,70.0
5350,48.754314,7.006781,87.3,289.4,62.8,70.0
5351,48.754575,7.00566,87.3,289.4,62.8,70.0
5352,48.754836,7.004538,87.3,289.4,62.7,70.0
5353,48.755097,7.003416,87.3,289.4,62.7,70.0
5354,48.755358,7.002294,87.3,289.4,62.7,70.0
5355,48.755619,7.001173,87.3,289.4,62.6,70.0
5356,48.75588,7.000051,87.3,289.4,62.6,70.0
5357,48.756141,6.998929,87.3,289.4,62.5,70.0
5358,48.756402,6.997808,87.3,289.4,62.5,70.0
5359,48.756663,6.996686,87.3,289.4,62.5,70.0
5360,48.756924,6.995564,87.3,289.4,62.4,71.0
5361,48.757185,6.994442,87.3,289.4,62.4,71.0
5362,48.757446,6.993321,87.3,289.4,62.3,71.0
5363,48.757707,6.992199,87.3,289.4,62.3,71.0
5364,48.757968,6.991077,87.3,289.4,62.3,71.0
5365,48.758229,6.989955,87.3,289.4,62.2,71.0
5366,48.758489,6.988834,87.29,289.4,62.2,71.0
5367,48.75875,6.987712,87.29,289.4,62.1,71.0
5368,48.759011,6.98659,87.29,289.4,62.1,71.0
5369,48.759272,6.985468,87.29,289.4,62.1,71.0
5370,48.759533,6.984347,87.29,289.4,62.0,71.0
5371,48.759794,6.983225,87.29,289.4,62.0,71.0
5372,48.760055,6.982103,87.29,289.4,62.0,71.0
5373,48.760316,6.980981,87.29,289.4,61.9,71.0
5374,48.760577,6.97986,87.29,289.4,61.9,71.0
5375,48.760838,6.978738,87.29,289.4,61.8,71.0
5376,48.761099,6.977616,87.29,289.4,61.8,71.0
5377,48.76136,6.976495,87.29,289.4,61.8,71.0
5378,48.761621,6.975373,87.29,289.4,61.7,71.0
5379,48.761882,6.974251,87.29,289.4,61.7,71.0
5380,48.762143,6.973129,87.29,289.4,61.6,72.0
5381,48.762404,6.972008,87.29,289.4,61.6,72.0
5382,48.762665,6.970886,87.29,289.4,61.6,72.0
5383,48.762926,6.969764,87.29,289.4,61.5,72.0
5384,48.763187,6.968642,87.29,289.4,61.5,72.0
5385,48.763448,6.967521,87.29,289.4,61.5,72.0
5386,48.763709,6.966399,87.29,289.4,61.4,72.0
5387,48.763969,6.965277,87.29,289.4,61.4,72.0
5388,48.76423,6.964155,87.29,289.4,61.3,72.0
5389,48.764491,6.963034,87.29,289.4,61.3,72.0
5390,48.764752,6.961912,87.29,289.4,61.3,72.0
5391,48.765013,6.96079,87.28,289.4,61.2,72.0
5392,48.765274,6.959669,87.28,289.4,61.2,72.0
5393,48.765535,6.958547,87.28,289.4,61.1,72.0
5394,48.765796,6.957425,87.28,289.4,61.1,72.0
5395,48.766057,6.956303,87.28,289.4,61.1,72.0
5396,48.766318,6.955182,87.28,289.4,61.0,72.0
5397,48.766579,6.95406,87.28,289.4,61.0,72.0
5398,48.76684,6.952938,87.28,289.4,60.9,72.0
5399,48.767101,6.951816,87.28,289.4,60.9,72.0
5400,48.767362,6.950695,87.28,289.4,60.9,73.0
5401,48.767623,6.949573,87.28,289.4,60.8,73.0
5402,48.767884,6.948451,87.28,289.4,60.8,73.0
5403,48.768145,6.947329,87.28,289.4,60.8,73.0
5404,48.768406,6.946208,87.28,289.4,60.7,73.0
5405,48.768667,6.945086,87.28,289.4,60.7,73.0
5406,48.768928,6.943964,87.28,289.4,60.6,73.0
5407,48.769188,6.942842,87.28,289.4,60.6,73.0
5408,48.769449,6.941721,87.28,289.4,60.6,73.0
5409,48.76971,6.940599,87.28,289.4,60.5,73.0
5410,48.769971,6.939477,87.28,289.4,60.5,73.0
5411,48.770232,6.938356,87.28,289.4,60.4,73.0
5412,48.770493,6.937234,87.28,289.4,60.4,73.0
5413,48.770754,6.936112,87.28,289.4,60.4,73.0
5414,48.771015,6.93499,87.28,289.4,60.3,73.0
5415,48.771276,6.933869,87.28,289.4,60.3,73.0
5416,48.771537,6.932747,87.27,289.4,60.2,73.0
5417,48.771798,6.931625,87.27,289.4,60.2,73.0
5418,48.772059,6.930503,87.27,289.4,60.2,73.0
5419,48.77232,6.929382,87.27,289.4,60.1,73.0
5420,48.772581,6.92826,87.27,289.4,60.1,73.0
5421,48.772842,6.927138,87.27,289.4,60.1,74.0
5422,48.773103,6.926016,87.27,289.4,60.0,74.0
5423,48.773364,6.924895,87.27,289.4,60.0,74.0
5424,48.773625,6.923773,87.27,289.4,59.9,74.0
5425,48.773886,6.922651,87.27,289.4,59.9,74.0
5426,48.774147,6.92153,87.27,289.4,59.9,74.0
5427,48.774408,6.920408,87.27,289.4,59.8,74.0
5428,48.774668,6.919286,87.27,289.4,59.8,74.0
5429,48.774929,6.918164,87.27,289.4,59.7,74.0
5430,48.77519,6.917043,87.27,289.4,59.7,74.0
5431,48.775451,6.915921,87.27,289.4,59.7,74.0
5432,48.775712,6.914799,87.27,289.4,59.6,74.0
5433,48.775973,6.913677,87.27,289.4,59.6,74.0
5434,48.776234,6.912556,87.27,289.4,59.5,74.0
5435,48.776495,6.911434,87.27,289.4,59.5,74.0
5436,48.776756,6.910312,87.27,289.4,59.5,74.0
5437,48.777017,6.90919,87.27,289.4,59.4,74.0
5438,48.777278,6.908069,87.27,289.4,59.4,74.0
5439,48.777539,6.906947,87.27,289.4,59.4,74.0
5440,48.7778,6.905825,87.26,289.4,59.3,74.0
5441,48.778061,6.904703,87.26,289.4,59.3,75.0
5442,48.778322,6.903582,87.26,289.4,59.2,75.0
5443,48.778583,6.90246,87.26,289.4,59.2,75.0
5444,48.778844,6.901338,87.26,289.4,59.2,75.0
5445,48.779105,6.900217,87.26,289.4,59.1,75.0
5446,48.779366,6.899095,87.26,289.4,59.1,75.0
5447,48.779627,6.897973,87.26,289.4,59.0,75.0
5448,48.779888,6.896851,87.26,289.4,59.0,75.0
5449,48.780148,6.89573,87.26,289.4,59.0,75.0
5450,48.780409,6.894608,87.26,289.4,58.9,75.0
5451,48.78067,6.893486,87.26,289.4,58.9,75.0
5452,48.780931,6.892364,87.26,289.4,58.8,75.0
5453,48.781192,6.891243,87.26,289.4,58.8,75.0
5454,48.781453,6.890121,87.26,289.4,58.8,75.0
5455,48.781714,6.888999,87.26,289.4,58.7,75.0
5456,48.781975,6.887877,87.26,289.4,58.7,75.0
5457,48.782236,6.886756,87.26,289.4,58.7,75.0
5458,48.782497,6.885634,87.26,289.4,58.6,75.0
5459,48.782758,6.884512,87.26,289.4,58.6,75.0
5460,48.783019,6.883391,87.26,289.4,58.5,75.0
5461,48.78328,6.882269,87.26,289.4,58.5,75.0
5462,48.783541,6.881147,87.26,289.4,58.5,76.0
5463,48.783802,6.880025,87.26,289.4,58.4,76.0
5464,48.784063,6.878904,87.26,289.4,58.4,76.0
5465,48.784324,6.877782,87.25,289.4,58.3,76.0
5466,48.784585,6.87666,87.25,289.4,58.3,76.0
5467,48.784846,6.875538,87.25,289.4,58.3,76.0
5468,48.785107,6.874417,87.25,289.4,58.2,76.0
5469,48.785368,6.873295,87.25,289.4,58.2,76.0
5470,48.785628,6.872173,87.25,289.4,58.1,76.0
5471,48.785889,6.871051,87.25,289.4,58.1,76.0
5472,48.78615,6.86993,87.25,289.4,58.1,76.0
5473,48.786411,6.868808,87.25,289.4,58.0,76.0
5474,48.786672,6.867686,87.25,289.4,58.0,76.0
5475,48.786933,6.866564,87.25,289.4,58.0,76.0
5476,48.787194,6.865443,87.25,289.4,57.9,76.0
5477,48.787455,6.864321,87.25,289.4,57.9,76.0
5478,48.787716,6.863199,87.25,289.4,57.8,76.0
5479,48.787977,6.862078,87.25,289.4,57.8,76.0
5480,48.788238,6.860956,87.25,289.4,57.8,76.0
5481,48.788499,6.859834,87.25,289.4,57.7,76.0
5482,48.78876,6.858712,87.25,289.4,57.7,77.0
5483,48.789021,6.857591,87.25,289.4,57.6,77.0
5484,48.789282,6.856469,87.25,289.4,57.6,77.0
5485,48.789543,6.855347,87.25,289.4,57.6,77.0
5486,48.789804,6.854225,87.25,289.4,57.5,77.0
5487,48.790065,6.853104,87.25,289.4,57.5,77.0
5488,48.790326,6.851982,87.25,289.4,57.4,77.0
5489,48.790587,6.85086,87.25,289.4,57.4,77.0
5490,48.790848,6.849738,87.24,289.4,57.4,77.0
5491,48.791108,6.848617,87.24,289.4,57.3,77.0
5492,48.791369,6.847495,87.24,289.4,57.3,77.0
5493,48.79163,6.846373,87.24,289.4,57.3,77.0
5494,48.791891,6.845252,87.24,289.4,57.2,77.0
5495,48.792152,6.84413,87.24,289.4,57.2,77.0
5496,48.792413,6.843008,87.24,289.4,57.1,77.0
5497,48.792674,6.841886,87.24,289.4,57.1,77.0
5498,48.792935,6.840765,87.24,289.4,57.1,77.0
5499,48.793196,6.839643,87.24,289.4,57.0,77.0
5500,48.793457,6.838521,87.24,289.4,57.0,77.0
5501,48.793718,6.837399,87.24,289.4,56.9,77.0
5502,48.793979,6.836278,87.24,289.4,56.9,77.0
5503,48.79424,6.835156,87.24,289.4,56.9,78.0
5504,48.794501,6.834034,87.24,289.4,56.8,78.0
5505,48.794762,6.832912,87.24,289.5,56.8,78.0
5506,48.795023,6.831791,87.24,289.5,56.7,78.0
5507,48.795284,6.830669,87.24,289.5,56.7,78.0
5508,48.795545,6.829547,87.24,289.5,56.7,78.0
5509,48.795806,6.828425,87.24,289.5,56.6,78.0
5510,48.796067,6.827304,87.24,289.5,56.6,78.0
5511,48.796328,6.826182,87.24,289.5,56.6,78.0
5512,48.796588,6.82506,87.24,289.5,56.5,78.0
5513,48.796849,6.823939,87.24,289.5,56.5,78.0
5514,48.79711,6.822817,87.24,289.5,56.4,78.0
5515,48.797371,6.821695,87.23,289.5,56.4,78.0
5516,48.797632,6.820573,87.23,289.5,56.4,78.0
5517,48.797893,6.819452,87.23,289.5,56.3,78.0
5518,48.798154,6.81833,87.23,289.5,56.3,78.0
5519,48.798415,6.817208,87.23,289.5,56.2,78.0
5520,48.798676,6.816086,87.23,289.5,56.2,78.0
5521,48.798937,6.814965,87.23,289.5,56.2,78.0
5522,48.799198,6.813843,87.23,289.5,56.1,78.0
5523,48.799459,6.812721,87.23,289.5,56.1,78.0
5524,48.79972,6.811599,87.23,289.5,56.1,79.0
5525,48.799981,6.810478,87.23,289.5,56.0,79.0
5526,48.800242,6.809356,87.23,289.5,56.0,79.0
5527,48.800503,6.808234,87.23,289.5,55.9,79.0
5528,48.800764,6.807113,87.23,289.5,55.9,79.0
5529,48.801025,6.805991,87.23,289.5,55.9,79.0
5530,48.801286,6.804869,87.23,289.5,55.8,79.0
5531,48.801547,6.803747,87.23,289.5,55.8,79.0
5532,48.801807,6.802626,87.23,289.5,55.7,79.0
5533,48.802068,6.801504,87.23,289.5,55.7,79.0
5534,48.802329,6.800382,87.23,289.5,55.7,79.0
5535,48.80259,6.79926,87.23,289.5,55.6,79.0
5536,48.802851,6.798139,87.23,289.5,55.6,79.0
5537,48.803112,6.797017,87.23,289.5,55.6,79.0
5538,48.803373,6.795895,87.23,289.5,55.5,79.0
5539,48.803634,6.794773,87.22,289.5,55.5,79.0
5540,48.803895,6.793652,87.22,289.5,55.4,79.0
5541,48.804156,6.79253,87.22,289.5,55.4,79.0
5542,48.804417,6.791408,87.22,289.5,55.4,79.0
5543,48.804678,6.790286,87.22,289.5,55.3,79.0
5544,48.804939,6.789165,87.22,289.5,55.3,79.0
5545,48.8052,6.788043,87.22,289.5,55.2,80.0
5546,48.805461,6.786921,87.22,289.5,55.2,80.0
5547,48.805722,6.7858,87.22,289.5,55.2,80.0
5548,48.805983,6.784678,87.22,289.5,55.1,80.0
5549,48.806244,6.783556,87.22,289.5,55.1,80.0
5550,48.806505,6.782434,87.22,289.5,55.1,80.0
5551,48.806766,6.781313,87.22,289.5,55.0,80.0
5552,48.807027,6.780191,87.22,289.5,55.0,80.0
5553,48.807287,6.779069,87.22,289.5,54.9,80.0
5554,48.807548,6.777947,87.22,289.5,54.9,80.0
5555,48.807809,6.776826,87.22,289.5,54.9,80.0
5556,48.80807,6.775704,87.22,289.5,54.8,80.0
5557,48.808331,6.774582,87.22,289.5,54.8,80.0
5558,48.808592,6.77346,87.22,289.5,54.7,80.0
5559,48.808853,6.772339,87.22,289.5,54.7,80.0
5560,48.809114,6.771217,87.22,289.5,54.7,80.0
5561,48.809375,6.770095,87.22,289.5,54.6,80.0
5562,48.809636,6.768974,87.22,289.5,54.6,80.0
5563,48.809897,6.767852,87.22,289.5,54.6,80.0
5564,48.810158,6.76673,87.21,289.5,54.5,80.0
5565,48.810419,6.765608,87.21,289.5,54.5,80.0
5566,48.81068,6.764487,87.21,289.5,54.4,80.0
5567,48.810941,6.763365,87.21,289.5,54.4,81.0
5568,48.811202,6.762243,87.21,289.5,54.4,81.0
5569,48.811463,6.761121,87.21,289.5,54.3,81.0
5570,48.811724,6.76,87.21,289.5,54.3,81.0
5571,48.811985,6.758878,87.21,289.5,54.2,81.0
5572,48.812246,6.757756,87.21,289.5,54.2,81.0
5573,48.812507,6.756634,87.21,289.5,54.2,81.0
5574,48.812767,6.755513,87.21,289.5,54.1,81.0
5575,48.813028,6.754391,87.21,289.5,54.1,81.0
5576,48.813289,6.753269,87.21,289.5,54.1,81.0
5577,48.81355,6.752147,87.21,289.5,54.0,81.0
5578,48.813811,6.751026,87.21,289.5,54.0,81.0
5579,48.814072,6.749904,87.21,289.5,53.9,81.0
5580,48.814333,6.748782,87.21,289.5,53.9,81.0
5581,48.814594,6.747661,87.21,289.5,53.9,81.0
5582,48.814855,6.746539,87.21,289.5,53.8,81.0
5583,48.815116,6.745417,87.21,289.5,53.8,81.0
5584,48.815377,6.744295,87.21,289.5,53.7,81.0
5585,48.815638,6.743174,87.21,289.5,53.7,81.0
5586,48.815899,6.742052,87.21,289.5,53.7,81.0
5587,48.81616,6.74093,87.21,289.5,53.6,81.0
5588,48.816421,6.739808,87.21,289.5,53.6,82.0
5589,48.816682,6.738687,87.2,289.5,53.6,82.0
5590,48.816943,6.737565,87.2,289.5,53.5,82.0
5591,48.817204,6.736443,87.2,289.5,53.5,82.0
5592,48.817465,6.735321,87.2,289.5,53.4,82.0
5593,48.817726,6.7342,87.2,289.5,53.4,82.0
5594,48.817987,6.733078,87.2,289.5,53.4,82.0
5595,48.818247,6.731956,87.2,289.5,53.3,82.0
5596,48.818508,6.730835,87.2,289.5,53.3,82.0
5597,48.818769,6.729713,87.2,289.5,53.2,82.0
5598,48.81903,6.728591,87.2,289.5,53.2,82.0
5599,48.819291,6.727469,87.2,289.5,53.2,82.0
5600,48.819552,6.726348,87.2,289.5,53.1,82.0
5601,48.819813,6.725226,87.2,289.5,53.1,82.0
5602,48.820074,6.724104,87.2,289.5,53.1,82.0
5603,48.820335,6.722982,87.2,289.5,53.0,82.0
5604,48.820596,6.721861,87.2,289.5,53.0,82.0
5605,48.820857,6.720739,87.2,289.5,52.9,82.0
5606,48.821118,6.719617,87.2,289.5,52.9,82.0
5607,48.821379,6.718495,87.2,289.5,52.9,82.0
5608,48.82164,6.717374,87.2,289.5,52.8,82.0
5609,48.821901,6.716252,87.2,289.5,52.8,82.0
5610,48.822162,6.71513,87.2,289.5,52.8,83.0
5611,48.822423,6.714008,87.2,289.5,52.7,83.0
5612,48.822684,6.712887,87.2,289.5,52.7,83.0
5613,48.822945,6.711765,87.2,289.5,52.6,83.0
5614,48.823206,6.710643,87.19,289.5,52.6,83.0
5615,48.823467,6.709522,87.19,289.5,52.6,83.0
5616,48.823727,6.7084,87.19,289.5,52.5,83.0
5617,48.823988,6.707278,87.19,289.5,52.5,83.0
5618,48.824249,6.706156,87.19,289.5,52.4,83.0
5619,48.82451,6.705035,87.19,289.5,52.4,83.0
5620,48.824771,6.703913,87.19,289.5,52.4,83.0
5621,48.825032,6.702791,87.19,289.5,52.3,83.0
5622,48.825293,6.701669,87.19,289.5,52.3,83.0
5623,48.825554,6.700548,87.19,289.5,52.3,83.0
5624,48.825815,6.699426,87.19,289.5,52.2,83.0
5625,48.826076,6.698304,87.19,289.5,52.2,83.0
5626,48.826337,6.697182,87.19,289.5,52.1,83.0
5627,48.826598,6.696061,87.19,289.5,52.1,83.0
5628,48.826859,6.694939,87.19,289.5,52.1,83.0
5629,48.82712,6.693817,87.19,289.5,52.0,83.0
5630,48.827381,6.692695,87.19,289.5,52.0,83.0
5631,48.827642,6.691574,87.19,289.5,52.0,83.0
5632,48.827903,6.690452,87.19,289.5,51.9,84.0
5633,48.828164,6.68933,87.19,289.5,51.9,84.0
5634,48.828425,6.688209,87.19,289.5,51.8,84.0
5635,48.828686,6.687087,87.19,289.5,51.8,84.0
5636,48.828947,6.685965,87.19,289.5,51.8,84.0
5637,48.829207,6.684843,87.19,289.5,51.7,84.0
5638,48.829468,6.683722,87.19,289.5,51.7,84.0
5639,48.829729,6.6826,87.18,289.5,51.7,84.0
5640,48.82999,6.681478,87.18,289.5,51.6,84.0
5641,48.830251,6.680356,87.18,289.5,51.6,84.0
5642,48.830512,6.679235,87.18,289.5,51.5,84.0
5643,48.830773,6.678113,87.18,289.5,51.5,84.0
5644,48.831034,6.676991,87.18,289.5,51.5,84.0
5645,48.831295,6.675869,87.18,289.5,51.4,84.0
5646,48.831556,6.674748,87.18,289.5,51.4,84.0
5647,48.831817,6.673626,87.18,289.5,51.4,84.0
5648,48.832078,6.672504,87.18,289.5,51.3,84.0
5649,48.832339,6.671383,87.18,289.5,51.3,84.0
5650,48.8326,6.670261,87.18,289.5,51.2,84.0
5651,48.832861,6.669139,87.18,289.5,51.2,84.0
5652,48.833122,6.668017,87.18,289.5,51.2,84.0
5653,48.833383,6.666896,87.18,289.5,51.1,84.0
5654,48.833644,6.665774,87.18,289.5,51.1,85.0
5655,48.833905,6.664652,87.18,289.5,51.1,85.0
5656,48.834166,6.66353,87.18,289.5,51.0,85.0
5657,48.834427,6.662409,87.18,289.5,51.0,85.0
5658,48.834687,6.661287,87.18,289.5,50.9,85.0
5659,48.834948,6.660165,87.18,289.5,50.9,85.0
5660,48.835209,6.659043,87.18,289.5,50.9,85.0
5661,48.83547,6.657922,87.18,289.5,50.8,85.0
5662,48.835731,6.6568,87.18,289.5,50.8,85.0
5663,48.835992,6.655678,87.17,289.5,50.8,85.0
5664,48.836253,6.654556,87.17,289.5,50.7,85.0
5665,48.836514,6.653435,87.17,289.5,50.7,85.0
5666,48.836775,6.652313,87.17,289.5,50.6,85.0
5667,48.837036,6.651191,87.17,289.5,50.6,85.0
5668,48.837297,6.65007,87.17,289.5,50.6,85.0
5669,48.837558,6.648948,87.17,289.5,50.5,85.0
5670,48.837819,6.647826,87.17,289.5,50.5,85.0
5671,48.83808,6.646704,87.17,289.5,50.5,85.0
5672,48.838341,6.645583,87.17,289.5,50.4,85.0
5673,48.838602,6.644461,87.17,289.5,50.4,85.0
5674,48.838863,6.643339,87.17,289.5,50.3,85.0
5675,48.839124,6.642217,87.17,289.5,50.3,85.0
5676,48.839385,6.641096,87.17,289.5,50.3,85.0
5677,48.839646,6.639974,87.17,289.5,50.2,86.0
5678,48.839906,6.638852,87.17,289.5,50.2,86.0
5679,48.840167,6.63773,87.17,289.5,50.2,86.0
5680,48.840428,6.636609,87.17,289.5,50.1,86.0
5681,48.840689,6.635487,87.17,289.5,50.1,86.0
5682,48.84095,6.634365,87.17,289.5,50.0,86.0
5683,48.841211,6.633244,87.17,289.5,50.0,86.0
5684,48.841472,6.632122,87.17,289.5,50.0,86.0
5685,48.841733,6.631,87.17,289.5,49.9,86.0
5686,48.841994,6.629878,87.17,289.5,49.9,86.0
5687,48.842255,6.628757,87.17,289.5,49.9,86.0
5688,48.842516,6.627635,87.16,289.5,49.8,86.0
5689,48.842777,6.626513,87.16,289.5,49.8,86.0
5690,48.843038,6.625391,87.16,289.5,49.7,86.0
5691,48.843299,6.62427,87.16,289.5,49.7,86.0
5692,48.84356,6.623148,87.16,289.5,49.7,86.0
5693,48.843821,6.622026,87.16,289.5,49.6,86.0
5694,48.844082,6.620904,87.16,289.5,49.6,86.0
5695,48.844343,6.619783,87.16,289.5,49.6,86.0
5696,48.844604,6.618661,87.16,289.5,49.5,86.0
5697,48.844865,6.617539,87.16,289.5,49.5,86.0
5698,48.845126,6.616417,87.16,289.5,49.4,86.0
5699,48.845386,6.615296,87.16,289.5,49.4,86.0
5700,48.845647,6.614174,87.16,289.5,49.4,87.0
5701,48.845908,6.613052,87.16,289.5,49.3,87.0
5702,48.846169,6.611931,87.16,289.5,49.3,87.0
5703,48.84643,6.610809,87.16,289.5,49.3,87.0
5704,48.846691,6.609687,87.16,289.5,49.2,87.0
5705,48.846952,6.608565,87.16,289.5,49.2,87.0
5706,48.847213,6.607444,87.16,289.5,49.1,87.0
5707,48.847474,6.606322,87.16,289.5,49.1,87.0
5708,48.847735,6.6052,87.16,289.5,49.1,87.0
5709,48.847996,6.604078,87.16,289.5,49.0,87.0
5710,48.848257,6.602957,87.16,289.5,49.0,87.0
5711,48.848518,6.601835,87.16,289.5,49.0,87.0
5712,48.848779,6.600713,87.16,289.5,48.9,87.0
5713,48.84904,6.599591,87.15,289.5,48.9,87.0
5714,48.849301,6.59847,87.15,289.5,48.9,87.0
5715,48.849562,6.597348,87.15,289.5,48.8,87.0
5716,48.849823,6.596226,87.15,289.5,48.8,87.0
5717,48.850084,6.595105,87.15,289.5,48.7,87.0
5718,48.850345,6.593983,87.15,289.5,48.7,87.0
5719,48.850606,6.592861,87.15,289.5,48.7,87.0
5720,48.850866,6.591739,87.15,289.5,48.6,87.0
5721,48.851127,6.590618,87.15,289.5,48.6,87.0
5722,48.851388,6.589496,87.15,289.5,48.6,88.0
5723,48.851649,6.588374,87.15,289.5,48.5,88.0
5724,48.85191,6.587252,87.15,289.5,48.5,88.0
5725,48.852171,6.586131,87.15,289.5,48.4,88.0
5726,48.852432,6.585009,87.15,289.5,48.4,88.0
5727,48.852693,6.583887,87.15,289.5,48.4,88.0
5728,48.852954,6.582765,87.15,289.5,48.3,88.0
5729,48.853215,6.581644,87.15,289.5,48.3,88.0
5730,48.853476,6.580522,87.15,289.5,48.3,88.0
5731,48.853737,6.5794,87.15,289.5,48.2,88.0
5732,48.853998,6.578278,87.15,289.5,48.2,88.0
5733,48.854259,6.577157,87.15,289.5,48.2,88.0
5734,48.85452,6.576035,87.15,289.5,48.1,88.0
5735,48.854781,6.574913,87.15,289.5,48.1,88.0
5736,48.855042,6.573792,87.15,289.5,48.0,88.0
5737,48.855303,6.57267,87.15,289.5,48.0,88.0
5738,48.855564,6.571548,87.14,289.5,48.0,88.0
5739,48.855825,6.570426,87.14,289.5,47.9,88.0
5740,48.856086,6.569305,87.14,289.5,47.9,88.0
5741,48.856346,6.568183,87.14,289.5,47.9,88.0
5742,48.856607,6.567061,87.14,289.5,47.8,88.0
5743,48.856868,6.565939,87.14,289.5,47.8,88.0
5744,48.857129,6.564818,87.14,289.5,47.8,88.0
5745,48.85739,6.563696,87.14,289.5,47.7,88.0
5746,48.857651,6.562574,87.14,289.5,47.7,89.0
5747,48.857912,6.561452,87.14,289.5,47.6,89.0
5748,48.858173,6.560331,87.14,289.5,47.6,89.0
5749,48.858434,6.559209,87.14,289.5,47.6,89.0
5750,48.858695,6.558087,87.14,289.5,47.5,89.0
5751,48.858956,6.556966,87.14,289.5,47.5,89.0
5752,48.859217,6.555844,87.14,289.5,47.5,89.0
5753,48.859478,6.554722,87.14,289.5,47.4,89.0
5754,48.859739,6.5536,87.14,289.5,47.4,89.0
5755,48.86,6.552479,87.14,289.5,47.4,89.0
5756,48.860261,6.551357,87.14,289.5,47.3,89.0
5757,48.860522,6.550235,87.14,289.5,47.3,89.0
5758,48.860783,6.549113,87.14,289.5,47.2,89.0
5759,48.861044,6.547992,87.14,289.5,47.2,89.0
5760,48.861305,6.54687,87.14,289.5,47.2,89.0
5761,48.861566,6.545748,87.14,289.5,47.1,89.0
5762,48.861826,6.544626,87.13,289.5,47.1,89.0
5763,48.862087,6.543505,87.13,289.5,47.1,89.0
5764,48.862348,6.542383,87.13,289.5,47.0,89.0
5765,48.862609,6.541261,87.13,289.5,47.0,89.0
5766,48.86287,6.540139,87.13,289.5,47.0,89.0
5767,48.863131,6.539018,87.13,289.5,46.9,89.0
5768,48.863392,6.537896,87.13,289.5,46.9,89.0
5769,48.863653,6.536774,87.13,289.5,46.8,90.0
5770,48.863914,6.535653,87.13,289.5,46.8,90.0
5771,48.864175,6.534531,87.13,289.5,46.8,90.0
5772,48.864436,6.533409,87.13,289.5,46.7,90.0
5773,48.864697,6.532287,87.13,289.5,46.7,90.0
5774,48.864958,6.531166,87.13,289.5,46.7,90.0
5775,48.865219,6.530044,87.13,289.5,46.6,90.0
5776,48.86548,6.528922,87.13,289.5,46.6,90.0
5777,48.865741,6.5278,87.13,289.5,46.6,90.0
5778,48.866002,6.526679,87.13,289.5,46.5,90.0
5779,48.866263,6.525557,87.13,289.5,46.5,90.0
5780,48.866524,6.524435,87.13,289.5,46.5,90.0
5781,48.866785,6.523313,87.13,289.5,46.4,90.0
5782,48.867046,6.522192,87.13,289.5,46.4,90.0
5783,48.867306,6.52107,87.13,289.5,46.3,90.0
5784,48.867567,6.519948,87.13,289.5,46.3,90.0
5785,48.867828,6.518827,87.13,289.5,46.3,90.0
5786,48.868089,6.517705,87.13,289.5,46.2,90.0
5787,48.86835,6.516583,87.12,289.5,46.2,90.0
5788,48.868611,6.515461,87.12,289.5,46.2,90.0
5789,48.868872,6.51434,87.12,289.5,46.1,90.0
5790,48.869133,6.513218,87.12,289.5,46.1,90.0
5791,48.869394,6.512096,87.12,289.5,46.1,90.0
5792,48.869655,6.510974,87.12,289.5,46.0,90.0
5793,48.869916,6.509853,87.12,289.5,46.0,91.0
5794,48.870177,6.508731,87.12,289.5,46.0,91.0
5795,48.870438,6.507609,87.12,289.5,45.9,91.0
5796,48.870699,6.506487,87.12,289.5,45.9,91.0
5797,48.87096,6.505366,87.12,289.5,45.8,91.0
5798,48.871221,6.504244,87.12,289.5,45.8,91.0
5799,48.871482,6.503122,87.12,289.5,45.8,91.0
5800,48.871743,6.502,87.12,289.5,45.7,91.0
5801,48.872004,6.500879,87.12,289.5,45.7,91.0
5802,48.872265,6.499757,87.12,289.5,45.7,91.0
5803,48.872526,6.498635,87.12,289.5,45.6,91.0
5804,48.872786,6.497514,87.12,289.5,45.6,91.0
5805,48.873047,6.496392,87.12,289.5,45.6,91.0
5806,48.873308,6.49527,87.12,289.5,45.5,91.0
5807,48.873569,6.494148,87.12,289.5,45.5,91.0
5808,48.87383,6.493027,87.12,289.5,45.5,91.0
5809,48.874091,6.491905,87.12,289.5,45.4,91.0
5810,48.874352,6.490783,87.12,289.5,45.4,91.0
5811,48.874613,6.489661,87.12,289.5,45.3,91.0
5812,48.874874,6.48854,87.11,289.5,45.3,91.0
5813,48.875135,6.487418,87.11,289.5,45.3,91.0
5814,48.875396,6.486296,87.11,289.5,45.2,91.0
5815,48.875657,6.485174,87.11,289.5,45.2,91.0
5816,48.875918,6.484053,87.11,289.5,45.2,91.0
5817,48.876179,6.482931,87.11,289.5,45.1,92.0
5818,48.87644,6.481809,87.11,289.5,45.1,92.0
5819,48.876701,6.480688,87.11,289.5,45.1,92.0
5820,48.876962,6.479566,87.11,289.5,45.0,92.0
5821,48.877223,6.478444,87.11,289.5,45.0,92.0
5822,48.877484,6.477322,87.11,289.5,45.0,92.0
5823,48.877745,6.476201,87.11,289.5,44.9,92.0
5824,48.878005,6.475079,87.11,289.5,44.9,92.0
5825,48.878266,6.473957,87.11,289.5,44.9,92.0
5826,48.878527,6.472835,87.11,289.5,44.8,92.0
5827,48.878788,6.471714,87.11,289.5,44.8,92.0
5828,48.879049,6.470592,87.11,289.5,44.8,92.0
5829,48.87931,6.46947,87.11,289.5,44.7,92.0
5830,48.879571,6.468348,87.11,289.5,44.7,92.0
5831,48.879832,6.467227,87.11,289.5,44.6,92.0
5832,48.880093,6.466105,87.11,289.5,44.6,92.0
5833,48.880354,6.464983,87.11,289.5,44.6,92.0
5834,48.880615,6.463861,87.11,289.5,44.5,92.0
5835,48.880876,6.46274,87.11,289.5,44.5,92.0
5836,48.881137,6.461618,87.11,289.5,44.5,92.0
5837,48.881398,6.460496,87.1,289.5,44.4,92.0
5838,48.881659,6.459375,87.1,289.5,44.4,92.0
5839,48.88192,6.458253,87.1,289.5,44.4,92.0
5840,48.882181,6.457131,87.1,289.5,44.3,92.0
5841,48.882442,6.456009,87.1,289.5,44.3,92.0
5842,48.882703,6.454888,87.1,289.5,44.3,93.0
5843,48.882964,6.453766,87.1,289.5,44.2,93.0
5844,48.883225,6.452644,87.1,289.5,44.2,93.0
5845,48.883485,6.451522,87.1,289.5,44.2,93.0
5846,48.883746,6.450401,87.1,289.5,44.1,93.0
5847,48.884007,6.449279,87.1,289.5,44.1,93.0
5848,48.884268,6.448157,87.1,289.5,44.1,93.0
5849,48.884529,6.447035,87.1,289.5,44.0,93.0
5850,48.88479,6.445914,87.1,289.5,44.0,93.0
5851,48.885051,6.444792,87.1,289.5,44.0,93.0
5852,48.885312,6.44367,87.1,289.5,43.9,93.0
5853,48.885573,6.442549,87.1,289.5,43.9,93.0
5854,48.885834,6.441427,87.1,289.5,43.8,93.0
5855,48.886095,6.440305,87.1,289.5,43.8,93.0
5856,48.886356,6.439183,87.1,289.5,43.8,93.0
5857,48.886617,6.438062,87.1,289.5,43.7,93.0
5858,48.886878,6.43694,87.1,289.5,43.7,93.0
5859,48.887139,6.435818,87.1,289.5,43.7,93.0
5860,48.8874,6.434696,87.1,289.5,43.6,93.0
5861,48.887661,6.433575,87.09,289.5,43.6,93.0
5862,48.887922,6.432453,87.09,289.5,43.6,93.0
5863,48.888183,6.431331,87.09,289.5,43.5,93.0
5864,48.888444,6.430209,87.09,289.5,43.5,93.0
5865,48.888705,6.429088,87.09,289.5,43.5,93.0
5866,48.888965,6.427966,87.09,289.5,43.4,93.0
5867,48.889226,6.426844,87.09,289.5,43.4,94.0
5868,48.889487,6.425722,87.09,289.5,43.4,94.0
5869,48.889748,6.424601,87.09,289.5,43.3,94.0
5870,48.890009,6.423479,87.09,289.5,43.3,94.0
5871,48.89027,6.422357,87.09,289.5,43.3,94.0
5872,48.890531,6.421236,87.09,289.5,43.2,94.0
5873,48.890792,6.420114,87.09,289.5,43.2,94.0
5874,48.891053,6.418992,87.09,289.5,43.2,94.0
5875,48.891314,6.41787,87.09,289.5,43.1,94.0
5876,48.891575,6.416749,87.09,289.5,43.1,94.0
5877,48.891836,6.415627,87.09,289.5,43.1,94.0
5878,48.892097,6.414505,87.09,289.5,43.0,94.0
5879,48.892358,6.413383,87.09,289.5,43.0,94.0
5880,48.892619,6.412262,87.09,289.5,43.0,94.0
5881,48.89288,6.41114,87.09,289.5,42.9,94.0
5882,48.893141,6.410018,87.09,289.5,42.9,94.0
5883,48.893402,6.408896,87.09,289.5,42.9,94.0
5884,48.893663,6.407775,87.09,289.5,42.8,94.0
5885,48.893924,6.406653,87.09,289.5,42.8,94.0
5886,48.894185,6.405531,87.08,289.5,42.8,94.0
5887,48.894445,6.40441,87.08,289.5,42.7,94.0
5888,48.894706,6.403288,87.08,289.5,42.7,94.0
5889,48.894967,6.402166,87.08,289.5,42.7,94.0
5890,48.895228,6.401044,87.08,289.5,42.6,94.0
5891,48.895489,6.399923,87.08,289.5,42.6,94.0
5892,48.89575,6.398801,87.08,289.5,42.6,95.0
5893,48.896011,6.397679,87.08,289.5,42.5,95.0
5894,48.896272,6.396557,87.08,289.5,42.5,95.0
5895,48.896533,6.395436,87.08,289.5,42.5,95.0
5896,48.896794,6.394314,87.08,289.5,42.4,95.0
5897,48.897055,6.393192,87.08,289.5,42.4,95.0
5898,48.897316,6.39207,87.08,289.5,42.3,95.0
5899,48.897577,6.390949,87.08,289.5,42.3,95.0
5900,48.897838,6.389827,87.08,289.5,42.3,95.0
5901,48.898099,6.388705,87.08,289.5,42.2,95.0
5902,48.89836,6.387583,87.08,289.5,42.2,95.0
5903,48.898621,6.386462,87.08,289.5,42.2,95.0
5904,48.898882,6.38534,87.08,289.5,42.1,95.0
5905,48.899143,6.384218,87.08,289.5,42.1,95.0
5906,48.899404,6.383097,87.08,289.5,42.1,95.0
5907,48.899665,6.381975,87.08,289.5,42.0,95.0
5908,48.899925,6.380853,87.08,289.5,42.0,95.0
5909,48.900186,6.379731,87.08,289.5,42.0,95.0
5910,48.900447,6.37861,87.08,289.5,41.9,95.0
5911,48.900708,6.377488,87.07,289.5,41.9,95.0
5912,48.900969,6.376366,87.07,289.5,41.9,95.0
5913,48.90123,6.375244,87.07,289.5,41.8,95.0
5914,48.901491,6.374123,87.07,289.5,41.8,95.0
5915,48.901752,6.373001,87.07,289.5,41.8,95.0
5916,48.902013,6.371879,87.07,289.5,41.7,95.0
5917,48.902274,6.370757,87.07,289.5,41.7,95.0
5918,48.902535,6.369636,87.07,289.5,41.7,96.0
5919,48.902796,6.368514,87.07,289.5,41.6,96.0
5920,48.903057,6.367392,87.07,289.5,41.6,96.0
5921,48.903318,6.366271,87.07,289.5,41.6,96.0
5922,48.903579,6.365149,87.07,289.5,41.6,96.0
5923,48.90384,6.364027,87.07,289.5,41.5,96.0
5924,48.904101,6.362905,87.07,289.5,41.5,96.0
5925,48.904362,6.361784,87.07,289.5,41.5,96.0
5926,48.904623,6.360662,87.07,289.5,41.4,96.0
5927,48.904884,6.35954,87.07,289.5,41.4,96.0
5928,48.905145,6.358418,87.07,289.5,41.4,96.0
5929,48.905405,6.357297,87.07,289.5,41.3,96.0
5930,48.905666,6.356175,87.07,289.5,41.3,96.0
5931,48.905927,6.355053,87.07,289.5,41.3,96.0
5932,48.906188,6.353931,87.07,289.5,41.2,96.0
5933,48.906449,6.35281,87.07,289.5,41.2,96.0
5934,48.90671,6.351688,87.07,289.5,41.2,96.0
5935,48.906971,6.350566,87.07,289.5,41.1,96.0
5936,48.907232,6.349444,87.06,289.5,41.1,96.0
5937,48.907493,6.348323,87.06,289.5,41.1,96.0
5938,48.907754,6.347201,87.06,289.5,41.0,96.0
5939,48.908015,6.346079,87.06,289.5,41.0,96.0
5940,48.908276,6.344958,87.06,289.5,41.0,96.0
5941,48.908537,6.343836,87.06,289.5,40.9,96.0
5942,48.908798,6.342714,87.06,289.5,40.9,96.0
5943,48.909059,6.341592,87.06,289.5,40.9,96.0
5944,48.90932,6.340471,87.06,289.5,40.8,97.0
5945,48.909581,6.339349,87.06,289.5,40.8,97.0
5946,48.909842,6.338227,87.06,289.5,40.8,97.0
5947,48.910103,6.337105,87.06,289.5,40.7,97.0
5948,48.910364,6.335984,87.06,289.5,40.7,97.0
5949,48.910625,6.334862,87.06,289.5,40.7,97.0
5950,48.910885,6.33374,87.06,289.5,40.6,97.0
5951,48.911146,6.332618,87.06,289.5,40.6,97.0
5952,48.911407,6.331497,87.06,289.5,40.6,97.0
5953,48.911668,6.330375,87.06,289.5,40.5,97.0
5954,48.911929,6.329253,87.06,289.5,40.5,97.0
5955,48.91219,6.328132,87.06,289.5,40.5,97.0
5956,48.912451,6.32701,87.06,289.5,40.4,97.0
5957,48.912712,6.325888,87.06,289.5,40.4,97.0
5958,48.912973,6.324766,87.06,289.5,40.4,97.0
5959,48.913234,6.323645,87.06,289.5,40.3,97.0
5960,48.913495,6.322523,87.05,289.5,40.3,97.0
5961,48.913756,6.321401,87.05,289.5,40.3,97.0
5962,48.914017,6.320279,87.05,289.5,40.2,97.0
5963,48.914278,6.319158,87.05,289.5,40.2,97.0
5964,48.914539,6.318036,87.05,289.5,40.2,97.0
5965,48.9148,6.316914,87.05,289.5,40.2,97.0
5966,48.915061,6.315792,87.05,289.5,40.1,97.0
5967,48.915322,6.314671,87.05,289.5,40.1,97.0
5968,48.915583,6.313549,87.05,289.5,40.1,97.0
5969,48.915844,6.312427,87.05,289.5,40.0,97.0
5970,48.916104,6.311305,87.05,289.5,40.0,98.0
5971,48.916365,6.310184,87.05,289.5,40.0,98.0
5972,48.916626,6.309062,87.05,289.5,39.9,98.0
5973,48.916887,6.30794,87.05,289.5,39.9,98.0
5974,48.917148,6.306819,87.05,289.5,39.9,98.0
5975,48.917409,6.305697,87.05,289.5,39.8,98.0
5976,48.91767,6.304575,87.05,289.5,39.8,98.0
5977,48.917931,6.303453,87.05,289.5,39.8,98.0
5978,48.918192,6.302332,87.05,289.5,39.7,98.0
5979,48.918453,6.30121,87.05,289.5,39.7,98.0
5980,48.918714,6.300088,87.05,289.5,39.7,98.0
5981,48.918975,6.298966,87.05,289.5,39.6,98.0
5982,48.919236,6.297845,87.05,289.5,39.6,98.0
5983,48.919497,6.296723,87.05,289.5,39.6,98.0
5984,48.919758,6.295601,87.05,289.5,39.5,98.0
5985,48.920019,6.294479,87.04,289.5,39.5,98.0
5986,48.92028,6.293358,87.04,289.5,39.5,98.0
5987,48.920541,6.292236,87.04,289.5,39.5,98.0
5988,48.920802,6.291114,87.04,289.5,39.4,98.0
5989,48.921063,6.289993,87.04,289.5,39.4,98.0
5990,48.921324,6.288871,87.04,289.5,39.4,98.0
5991,48.921584,6.287749,87.04,289.5,39.3,98.0
5992,48.921845,6.286627,87.04,289.5,39.3,98.0
5993,48.922106,6.285506,87.04,289.5,39.3,98.0
5994,48.922367,6.284384,87.04,289.5,39.2,98.0
5995,48.922628,6.283262,87.04,289.5,39.2,98.0
5996,48.922889,6.28214,87.04,289.5,39.2,98.0
5997,48.92315,6.281019,87.04,289.5,39.1,98.0
5998,48.923411,6.279897,87.04,289.5,39.1,99.0
5999,48.923672,6.278775,87.04,289.5,39.1,99.0
6000,48.923933,6.277653,87.04,289.5,39.0,99.0
6001,48.924194,6.276532,87.04,289.5,39.0,99.0
6002,48.924455,6.27541,87.04,289.5,39.0,99.0
6003,48.924716,6.274288,87.04,289.5,39.0,99.0
6004,48.924977,6.273166,87.04,289.5,38.9,99.0
6005,48.925238,6.272045,87.04,289.5,38.9,99.0
6006,48.925499,6.270923,87.04,289.5,38.9,99.0
6007,48.92576,6.269801,87.04,289.5,38.8,99.0
6008,48.926021,6.26868,87.04,289.5,38.8,99.0
6009,48.926282,6.267558,87.04,289.5,38.8,99.0
6010,48.926543,6.266436,87.03,289.5,38.7,99.0
6011,48.926804,6.265314,87.03,289.5,38.7,99.0
6012,48.927064,6.264193,87.03,289.5,38.7,99.0
6013,48.927325,6.263071,87.03,289.5,38.6,99.0
6014,48.927586,6.261949,87.03,289.5,38.6,99.0
6015,48.927847,6.260827,87.03,289.5,38.6,99.0
6016,48.928108,6.259706,87.03,289.5,38.6,99.0
6017,48.928369,6.258584,87.03,289.5,38.5,99.0
6018,48.92863,6.257462,87.03,289.5,38.5,99.0
6019,48.928891,6.25634,87.03,289.5,38.5,99.0
6020,48.929152,6.255219,87.03,289.5,38.4,99.0
6021,48.929413,6.254097,87.03,289.5,38.4,99.0
6022,48.929674,6.252975,87.03,289.5,38.4,99.0
6023,48.929935,6.251854,87.03,289.5,38.3,99.0
6024,48.930196,6.250732,87.03,289.5,38.3,99.0
6025,48.930457,6.24961,87.03,289.5,38.3,100.0
6026,48.930718,6.248488,87.03,289.5,38.2,100.0
6027,48.930979,6.247367,87.03,289.5,38.2,100.0
6028,48.93124,6.246245,87.03,289.5,38.2,100.0
6029,48.931501,6.245123,87.03,289.5,38.2,100.0
6030,48.931762,6.244001,87.03,289.5,38.1,100.0
6031,48.932023,6.24288,87.03,289.5,38.1,100.0
6032,48.932284,6.241758,87.03,289.5,38.1,100.0
6033,48.932544,6.240636,87.03,289.5,38.0,100.0
6034,48.932805,6.239514,87.03,289.5,38.0,100.0
6035,48.933066,6.238393,87.02,289.5,38.0,100.0
6036,48.933327,6.237271,87.02,289.5,37.9,100.0
6037,48.933588,6.236149,87.02,289.5,37.9,100.0
6038,48.933849,6.235027,87.02,289.5,37.9,100.0
6039,48.93411,6.233906,87.02,289.5,37.9,100.0
6040,48.934371,6.232784,87.02,289.5,37.8,100.0
6041,48.934632,6.231662,87.02,289.5,37.8,100.0
6042,48.934893,6.230541,87.02,289.5,37.8,100.0
6043,48.935154,6.229419,87.02,289.5,37.7,100.0
6044,48.935415,6.228297,87.02,289.5,37.7,100.0
6045,48.935676,6.227175,87.02,289.5,37.7,100.0
6046,48.935937,6.226054,87.02,289.5,37.6,100.0
6047,48.936198,6.224932,87.02,289.5,37.6,100.0
6048,48.936459,6.22381,87.02,289.5,37.6,100.0
6049,48.93672,6.222688,87.02,289.5,37.6,100.0
6050,48.936981,6.221567,87.02,289.5,37.5,100.0
6051,48.937242,6.220445,87.02,289.5,37.5,100.0
6052,48.937503,6.219323,87.02,289.5,37.5,100.0
6053,48.937764,6.218201,87.02,289.5,37.4,100.0
6054,48.938024,6.21708,87.02,289.5,37.4,101.0
6055,48.938285,6.215958,87.02,289.5,37.4,101.0
6056,48.938546,6.214836,87.02,289.5,37.3,101.0
6057,48.938807,6.213715,87.02,289.5,37.3,101.0
6058,48.939068,6.212593,87.02,289.5,37.3,101.0
6059,48.939329,6.211471,87.01,289.5,37.3,101.0
6060,48.93959,6.210349,87.01,289.5,37.2,101.0
6061,48.939851,6.209228,87.01,289.5,37.2,101.0
6062,48.940112,6.208106,87.01,289.5,37.2,101.0
6063,48.940373,6.206984,87.01,289.5,37.1,101.0
6064,48.940634,6.205862,87.01,289.5,37.1,101.0
6065,48.940895,6.204741,87.01,289.5,37.1,101.0
6066,48.941156,6.203619,87.01,289.5,37.0,101.0
6067,48.941417,6.202497,87.01,289.5,37.0,101.0
6068,48.941678,6.201375,87.01,289.5,37.0,101.0
6069,48.941939,6.200254,87.01,289.5,37.0,101.0
6070,48.9422,6.199132,87.01,289.5,36.9,101.0
6071,48.942461,6.19801,87.01,289.5,36.9,101.0
6072,48.942722,6.196888,87.01,289.5,36.9,101.0
6073,48.942983,6.195767,87.01,289.5,36.8,101.0
6074,48.943244,6.194645,87.01,289.5,36.8,101.0
6075,48.943504,6.193523,87.01,289.5,36.8,101.0
6076,48.943765,6.192402,87.01,289.5,36.8,101.0
6077,48.944026,6.19128,87.01,289.5,36.7,101.0
6078,48.944287,6.190158,87.01,289.5,36.7,101.0
6079,48.944548,6.189036,87.01,289.5,36.7,101.0
6080,48.944809,6.187915,87.01,289.5,36.6,101.0
6081,48.94507,6.186793,87.01,289.5,36.6,101.0
6082,48.945331,6.185671,87.01,289.5,36.6,101.0
6083,48.945592,6.184549,87.01,289.5,36.6,102.0
6084,48.945853,6.183428,87.0,289.5,36.5,102.0
6085,48.946114,6.182306,87.0,289.5,36.5,102.0
6086,48.946375,6.181184,87.0,289.5,36.5,102.0
6087,48.946636,6.180062,87.0,289.5,36.4,102.0
6088,48.946897,6.178941,87.0,289.5,36.4,102.0
6089,48.947158,6.177819,87.0,289.5,36.4,102.0
6090,48.947419,6.176697,87.0,289.5,36.4,102.0
6091,48.94768,6.175575,87.0,289.5,36.3,102.0
6092,48.947941,6.174454,87.0,289.5,36.3,102.0
6093,48.948202,6.173332,87.0,289.5,36.3,102.0
6094,48.948463,6.17221,87.0,289.5,36.2,102.0
6095,48.948724,6.171089,87.0,289.5,36.2,102.0
6096,48.948984,6.169967,87.0,289.5,36.2,102.0
6097,48.949044,6.168782,86.87,274.4,36.2,102.0
6098,48.949092,6.167593,87.06,273.5,36.1,102.0
6099,48.949139,6.166405,87.06,273.5,36.1,102.0
6100,48.949186,6.165216,87.06,273.5,36.1,102.0
6101,48.949233,6.164027,87.06,273.5,36.0,102.0
6102,48.949281,6.162839,87.06,273.5,36.0,102.0
6103,48.949328,6.16165,87.06,273.5,36.0,102.0
6104,48.949375,6.160461,87.06,273.5,36.0,102.0
6105,48.949422,6.159272,87.06,273.5,35.9,102.0
6106,48.94947,6.158084,87.06,273.5,35.9,102.0
6107,48.949517,6.156895,87.06,273.5,35.9,102.0
6108,48.949564,6.155706,87.06,273.5,35.8,102.0
6109,48.949611,6.154518,87.06,273.5,35.8,102.0
6110,48.949659,6.153329,87.06,273.5,35.8,102.0
6111,48.949706,6.15214,87.06,273.5,35.8,102.0
6112,48.949753,6.150952,87.06,273.5,35.7,103.0
6113,48.9498,6.149763,87.06,273.5,35.7,103.0
6114,48.949848,6.148574,87.06,273.5,35.7,103.0
6115,48.949895,6.147385,87.06,273.5,35.6,103.0
6116,48.949942,6.146197,87.06,273.5,35.6,103.0
6117,48.949989,6.145008,87.06,273.5,35.6,103.0
6118,48.950037,6.143819,87.06,273.5,35.6,103.0
6119,48.950084,6.142631,87.06,273.5,35.5,103.0
6120,48.950131,6.141442,87.06,273.5,35.5,103.0
6121,48.950178,6.140253,87.06,273.5,35.5,103.0
6122,48.950226,6.139064,87.06,273.5,35.4,103.0
6123,48.950273,6.137876,87.06,273.5,35.4,103.0
6124,48.95032,6.136687,87.06,273.5,35.4,103.0
6125,48.950367,6.135498,87.06,273.5,35.4,103.0
6126,48.950415,6.13431,87.06,273.5,35.3,103.0
6127,48.950462,6.133121,87.06,273.5,35.3,103.0
6128,48.950509,6.131932,87.06,273.5,35.3,103.0
6129,48.950556,6.130743,87.06,273.5,35.3,103.0
6130,48.950604,6.129555,87.06,273.5,35.2,103.0
6131,48.950651,6.128366,87.06,273.5,35.2,103.0
6132,48.950698,6.127177,87.06,273.5,35.2,103.0
6133,48.950745,6.125989,87.06,273.5,35.1,103.0
6134,48.950793,6.1248,87.06,273.5,35.1,103.0
6135,48.95084,6.123611,87.06,273.5,35.1,103.0
6136,48.950887,6.122423,87.06,273.5,35.1,103.0
6137,48.950934,6.121234,87.06,273.5,35.0,103.0
6138,48.950982,6.120045,87.06,273.5,35.0,103.0
6139,48.951029,6.118856,87.06,273.5,35.0,103.0
6140,48.951076,6.117668,87.06,273.5,35.0,103.0
6141,48.951123,6.116479,87.06,273.5,34.9,103.0
6142,48.951171,6.11529,87.06,273.5,34.9,103.0
6143,48.951218,6.114102,87.06,273.5,34.9,104.0
6144,48.951265,6.112913,87.06,273.5,34.8,104.0
6145,48.951312,6.111724,87.06,273.5,34.8,104.0
6146,48.95136,6.110535,87.06,273.5,34.8,104.0
6147,48.951407,6.109347,87.06,273.5,34.8,104.0
6148,48.951454,6.108158,87.06,273.5,34.7,104.0
6149,48.951501,6.106969,87.06,273.5,34.7,104.0
6150,48.951548,6.105781,87.06,273.5,34.7,104.0
6151,48.951596,6.104592,87.06,273.5,34.7,104.0
6152,48.951643,6.103403,87.06,273.5,34.6,104.0
6153,48.95169,6.102215,87.06,273.5,34.6,104.0
6154,48.951737,6.101026,87.06,273.5,34.6,104.0
6155,48.951785,6.099837,87.06,273.5,34.6,104.0
6156,48.951832,6.098648,87.06,273.5,34.5,104.0
6157,48.951879,6.09746,87.06,273.5,34.5,104.0
6158,48.951926,6.096271,87.06,273.5,34.5,104.0
6159,48.951974,6.095082,87.06,273.5,34.4,104.0
6160,48.952021,6.093894,87.06,273.5,34.4,104.0
6161,48.952068,6.092705,87.06,273.5,34.4,104.0
6162,48.952115,6.091516,87.06,273.5,34.4,104.0
6163,48.952163,6.090327,87.06,273.5,34.3,104.0
6164,48.95221,6.089139,87.06,273.5,34.3,104.0
6165,48.952257,6.08795,87.06,273.5,34.3,104.0
6166,48.952304,6.086761,87.06,273.5,34.3,104.0
6167,48.952352,6.085573,87.06,273.5,34.2,104.0
6168,48.952399,6.084384,87.06,273.5,34.2,104.0
6169,48.952446,6.083195,87.06,273.5,34.2,104.0
6170,48.952493,6.082007,87.06,273.5,34.2,104.0
6171,48.952541,6.080818,87.06,273.5,34.1,104.0
6172,48.952588,6.079629,87.06,273.5,34.1,104.0
6173,48.952635,6.07844,87.06,273.5,34.1,104.0
6174,48.952682,6.077252,87.06,273.5,34.0,105.0
6175,48.95273,6.076063,87.06,273.5,34.0,105.0
6176,48.952777,6.074874,87.06,273.5,34.0,105.0
6177,48.952824,6.073686,87.06,273.5,34.0,105.0
6178,48.952871,6.072497,87.06,273.5,33.9,105.0
6179,48.952919,6.071308,87.06,273.5,33.9,105.0
6180,48.952966,6.070119,87.06,273.5,33.9,105.0
6181,48.953013,6.068931,87.06,273.5,33.9,105.0
6182,48.95306,6.067742,87.06,273.5,33.8,105.0
6183,48.953108,6.066553,87.05,273.5,33.8,105.0
6184,48.953155,6.065365,87.05,273.5,33.8,105.0
6185,48.953202,6.064176,87.05,273.5,33.8,105.0
6186,48.953249,6.062987,87.05,273.5,33.7,105.0
6187,48.953297,6.061799,87.05,273.5,33.7,105.0
6188,48.953344,6.06061,87.05,273.5,33.7,105.0
6189,48.953391,6.059421,87.05,273.5,33.7,105.0
6190,48.953438,6.058232,87.05,273.5,33.6,105.0
6191,48.953486,6.057044,87.05,273.5,33.6,105.0
6192,48.953533,6.055855,87.05,273.5,33.6,105.0
6193,48.95358,6.054666,87.05,273.5,33.6,105.0
6194,48.953627,6.053478,87.05,273.5,33.5,105.0
6195,48.953675,6.052289,87.05,273.5,33.5,105.0
6196,48.953722,6.0511,87.05,273.5,33.5,105.0
6197,48.953769,6.049911,87.05,273.5,33.5,105.0
6198,48.953816,6.048723,87.05,273.5,33.4,105.0
6199,48.953864,6.047534,87.05,273.5,33.4,105.0
6200,48.953911,6.046345,87.05,273.5,33.4,105.0
6201,48.953958,6.045157,87.05,273.5,33.4,105.0
6202,48.954005,6.043968,87.05,273.5,33.3,105.0
6203,48.954053,6.042779,87.05,273.5,33.3,105.0
6204,48.9541,6.04159,87.05,273.5,33.3,105.0
6205,48.954147,6.040402,87.05,273.5,33.3,105.0
6206,48.954194,6.039213,87.05,273.5,33.2,106.0
6207,48.954242,6.038024,87.05,273.5,33.2,106.0
6208,48.954289,6.036836,87.05,273.5,33.2,106.0
6209,48.954336,6.035647,87.05,273.5,33.2,106.0
6210,48.954383,6.034458,87.05,273.5,33.1,106.0
6211,48.954431,6.03327,87.05,273.5,33.1,106.0
6212,48.954478,6.032081,87.05,273.5,33.1,106.0
6213,48.954525,6.030892,87.05,273.5,33.1,106.0
6214,48.954572,6.029703,87.05,273.5,33.0,106.0
6215,48.95462,6.028515,87.05,273.5,33.0,106.0
6216,48.954667,6.027326,87.05,273.5,33.0,106.0
6217,48.954714,6.026137,87.05,273.5,33.0,106.0
6218,48.954761,6.024949,87.05,273.5,32.9,106.0
6219,48.954809,6.02376,87.05,273.5,32.9,106.0
6220,48.954856,6.022571,87.05,273.5,32.9,106.0
6221,48.954903,6.021382,87.05,273.5,32.9,106.0
6222,48.95495,6.020194,87.05,273.5,32.8,106.0
6223,48.954997,6.019005,87.05,273.5,32.8,106.0
6224,48.955045,6.017816,87.05,273.5,32.8,106.0
6225,48.955092,6.016628,87.05,273.5,32.8,106.0
6226,48.955139,6.015439,87.05,273.5,32.7,106.0
6227,48.955186,6.01425,87.05,273.5,32.7,106.0
6228,48.955234,6.013062,87.05,273.5,32.7,106.0
6229,48.955281,6.011873,87.05,273.5,32.7,106.0
6230,48.955328,6.010684,87.05,273.5,32.6,106.0
6231,48.955375,6.009495,87.05,273.5,32.6,106.0
6232,48.955423,6.008307,87.05,273.5,32.6,106.0
6233,48.95547,6.007118,87.05,273.5,32.6,106.0
6234,48.955517,6.005929,87.05,273.5,32.5,106.0
6235,48.955564,6.004741,87.05,273.5,32.5,106.0
6236,48.955612,6.003552,87.05,273.5,32.5,106.0
6237,48.955659,6.002363,87.05,273.5,32.5,106.0
6238,48.955706,6.001174,87.05,273.5,32.4,106.0
6239,48.955753,5.999986,87.05,273.5,32.4,107.0
6240,48.955801,5.998797,87.05,273.5,32.4,107.0
6241,48.955848,5.997608,87.05,273.5,32.4,107.0
6242,48.955895,5.99642,87.05,273.5,32.4,107.0
6243,48.955942,5.995231,87.05,273.5,32.3,107.0
6244,48.95599,5.994042,87.05,273.5,32.3,107.0
6245,48.956037,5.992854,87.05,273.5,32.3,107.0
6246,48.956084,5.991665,87.05,273.5,32.3,107.0
6247,48.956131,5.990476,87.05,273.5,32.2,107.0
6248,48.956179,5.989287,87.05,273.5,32.2,107.0
6249,48.956226,5.988099,87.05,273.5,32.2,107.0
6250,48.956273,5.98691,87.05,273.5,32.2,107.0
6251,48.95632,5.985721,87.05,273.5,32.1,107.0
6252,48.956368,5.984533,87.05,273.5,32.1,107.0
6253,48.956415,5.983344,87.05,273.5,32.1,107.0
6254,48.956462,5.982155,87.05,273.5,32.1,107.0
6255,48.956509,5.980966,87.05,273.5,32.0,107.0
6256,48.956557,5.979778,87.05,273.5,32.0,107.0
6257,48.956604,5.978589,87.05,273.5,32.0,107.0
6258,48.956651,5.9774,87.05,273.5,32.0,107.0
6259,48.956698,5.976212,87.05,273.5,32.0,107.0
6260,48.956746,5.975023,87.05,273.5,31.9,107.0
6261,48.956793,5.973834,87.05,273.5,31.9,107.0
6262,48.95684,5.972645,87.05,273.5,31.9,107.0
6263,48.956887,5.971457,87.05,273.5,31.9,107.0
6264,48.956935,5.970268,87.05,273.5,31.8,107.0
6265,48.956982,5.969079,87.05,273.5,31.8,107.0
6266,48.957029,5.967891,87.05,273.5,31.8,107.0
6267,48.957076,5.966702,87.05,273.5,31.8,107.0
6268,48.957124,5.965513,87.05,273.5,31.7,107.0
6269,48.957171,5.964325,87.05,273.5,31.7,107.0
6270,48.957218,5.963136,87.05,273.5,31.7,107.0
6271,48.957265,5.961947,87.05,273.5,31.7,107.0
6272,48.957313,5.960758,87.05,273.5,31.7,107.0
6273,48.95736,5.95957,87.05,273.5,31.6,107.0
6274,48.957407,5.958381,87.05,273.5,31.6,108.0
6275,48.957454,5.957192,87.05,273.5,31.6,108.0
6276,48.957502,5.956004,87.05,273.5,31.6,108.0
6277,48.957549,5.954815,87.05,273.5,31.5,108.0
6278,48.957596,5.953626,87.05,273.5,31.5,108.0
6279,48.957643,5.952437,87.05,273.5,31.5,108.0
6280,48.957691,5.951249,87.05,273.5,31.5,108.0
6281,48.957738,5.95006,87.05,273.5,31.4,108.0
6282,48.957785,5.948871,87.05,273.5,31.4,108.0
6283,48.957832,5.947683,87.05,273.5,31.4,108.0
6284,48.95788,5.946494,87.05,273.5,31.4,108.0
6285,48.957927,5.945305,87.05,273.5,31.4,108.0
6286,48.957974,5.944117,87.05,273.5,31.3,108.0
6287,48.958021,5.942928,87.05,273.5,31.3,108.0
6288,48.958069,5.941739,87.05,273.5,31.3,108.0
6289,48.958116,5.94055,87.05,273.5,31.3,108.0
6290,48.958163,5.939362,87.05,273.5,31.2,108.0
6291,48.95821,5.938173,87.05,273.5,31.2,108.0
6292,48.958258,5.936984,87.05,273.5,31.2,108.0
6293,48.958305,5.935796,87.05,273.5,31.2,108.0
6294,48.958352,5.934607,87.05,273.5,31.2,108.0
6295,48.958399,5.933418,87.05,273.5,31.1,108.0
6296,48.958446,5.932229,87.05,273.5,31.1,108.0
6297,48.958494,5.931041,87.05,273.5,31.1,108.0
6298,48.958541,5.929852,87.05,273.5,31.1,108.0
6299,48.958588,5.928663,87.05,273.5,31.0,108.0
6300,48.958635,5.927475,87.05,273.5,31.0,108.0
6301,48.958683,5.926286,87.05,273.5,31.0,108.0
6302,48.95873,5.925097,87.05,273.5,31.0,108.0
6303,48.958777,5.923909,87.05,273.5,31.0,108.0
6304,48.958824,5.92272,87.05,273.5,30.9,108.0
6305,48.958872,5.921531,87.04,273.5,30.9,108.0
6306,48.958919,5.920342,87.04,273.5,30.9,108.0
6307,48.958966,5.919154,87.04,273.5,30.9,108.0
6308,48.959013,5.917965,87.04,273.5,30.9,108.0
6309,48.959061,5.916776,87.04,273.5,30.8,109.0
6310,48.959108,5.915588,87.04,273.5,30.8,109.0
6311,48.959155,5.914399,87.04,273.5,30.8,109.0
6312,48.959202,5.91321,87.04,273.5,30.8,109.0
6313,48.95925,5.912021,87.04,273.5,30.7,109.0
6314,48.959297,5.910833,87.04,273.5,30.7,109.0
6315,48.959344,5.909644,87.04,273.5,30.7,109.0
6316,48.959391,5.908455,87.04,273.5,30.7,109.0
6317,48.959439,5.907267,87.04,273.5,30.7,109.0
6318,48.959486,5.906078,87.04,273.5,30.6,109.0
6319,48.959533,5.904889,87.04,273.5,30.6,109.0
6320,48.95958,5.903701,87.04,273.5,30.6,109.0
6321,48.959628,5.902512,87.04,273.5,30.6,109.0
6322,48.959675,5.901323,87.04,273.5,30.6,109.0
6323,48.959722,5.900134,87.04,273.5,30.5,109.0
6324,48.959769,5.898946,87.04,273.5,30.5,109.0
6325,48.959817,5.897757,87.04,273.5,30.5,109.0
6326,48.959864,5.896568,87.04,273.5,30.5,109.0
6327,48.959911,5.89538,87.04,273.5,30.5,109.0
6328,48.959958,5.894191,87.04,273.5,30.4,109.0
6329,48.960006,5.893002,87.04,273.5,30.4,109.0
6330,48.960053,5.891813,87.04,273.5,30.4,109.0
6331,48.9601,5.890625,87.04,273.5,30.4,109.0
6332,48.960147,5.889436,87.04,273.5,30.3,109.0
6333,48.960195,5.888247,87.04,273.5,30.3,109.0
6334,48.960242,5.887059,87.04,273.5,30.3,109.0
6335,48.960289,5.88587,87.04,273.5,30.3,109.0
6336,48.960336,5.884681,87.04,273.5,30.3,109.0
6337,48.960384,5.883492,87.04,273.5,30.2,109.0
6338,48.960431,5.882304,87.04,273.5,30.2,109.0
6339,48.960478,5.881115,87.04,273.5,30.2,109.0
6340,48.960525,5.879926,87.04,273.5,30.2,109.0
6341,48.960573,5.878738,87.04,273.5,30.2,109.0
6342,48.96062,5.877549,87.04,273.5,30.1,109.0
6343,48.960667,5.87636,87.04,273.5,30.1,109.0
6344,48.960714,5.875172,87.04,273.5,30.1,109.0
6345,48.960762,5.873983,87.04,273.5,30.1,109.0
6346,48.960809,5.872794,87.04,273.5,30.1,110.0
6347,48.960856,5.871605,87.04,273.5,30.0,110.0
6348,48.960903,5.870417,87.04,273.5,30.0,110.0
6349,48.960951,5.869228,87.04,273.5,30.0,110.0
6350,48.960998,5.868039,87.04,273.5,30.0,110.0
6351,48.961045,5.866851,87.04,273.5,30.0,110.0
6352,48.961092,5.865662,87.04,273.5,29.9,110.0
6353,48.96114,5.864473,87.04,273.5,29.9,110.0
6354,48.961187,5.863284,87.04,273.5,29.9,110.0
6355,48.961234,5.862096,87.04,273.5,29.9,110.0
6356,48.961281,5.860907,87.04,273.5,29.9,110.0
6357,48.961329,5.859718,87.04,273.5,29.8,110.0
6358,48.961376,5.85853,87.04,273.5,29.8,110.0
6359,48.961423,5.857341,87.04,273.5,29.8,110.0
6360,48.96147,5.856152,87.04,273.5,29.8,110.0
6361,48.961518,5.854964,87.04,273.5,29.8,110.0
6362,48.961565,5.853775,87.04,273.5,29.7,110.0
6363,48.961612,5.852586,87.04,273.5,29.7,110.0
6364,48.961659,5.851397,87.04,273.5,29.7,110.0
6365,48.961707,5.850209,87.04,273.5,29.7,110.0
6366,48.961754,5.84902,87.04,273.5,29.7,110.0
6367,48.961801,5.847831,87.04,273.5,29.6,110.0
6368,48.961848,5.846643,87.04,273.5,29.6,110.0
6369,48.961895,5.845454,87.04,273.5,29.6,110.0
6370,48.961943,5.844265,87.04,273.5,29.6,110.0
6371,48.96199,5.843076,87.04,273.5,29.6,110.0
6372,48.962037,5.841888,87.04,273.5,29.5,110.0
6373,48.962084,5.840699,87.04,273.5,29.5,110.0
6374,48.962132,5.83951,87.04,273.5,29.5,110.0
6375,48.962179,5.838322,87.04,273.5,29.5,110.0
6376,48.962226,5.837133,87.04,273.5,29.5,110.0
6377,48.962273,5.835944,87.04,273.5,29.5,110.0
6378,48.962321,5.834756,87.04,273.5,29.4,110.0
6379,48.962368,5.833567,87.04,273.5,29.4,110.0
6380,48.962415,5.832378,87.04,273.5,29.4,110.0
6381,48.962462,5.831189,87.04,273.5,29.4,110.0
6382,48.96251,5.830001,87.04,273.5,29.4,110.0
6383,48.962557,5.828812,87.04,273.5,29.3,110.0
6384,48.962604,5.827623,87.04,273.5,29.3,110.0
6385,48.962651,5.826435,87.04,273.5,29.3,111.0
6386,48.962699,5.825246,87.04,273.5,29.3,111.0
6387,48.962746,5.824057,87.04,273.5,29.3,111.0
6388,48.962793,5.822868,87.04,273.5,29.2,111.0
6389,48.96284,5.82168,87.04,273.5,29.2,111.0
6390,48.962888,5.820491,87.04,273.5,29.2,111.0
6391,48.962935,5.819302,87.04,273.5,29.2,111.0
6392,48.962982,5.818114,87.04,273.5,29.2,111.0
6393,48.963029,5.816925,87.04,273.5,29.2,111.0
6394,48.963077,5.815736,87.04,273.5,29.1,111.0
6395,48.963124,5.814548,87.04,273.5,29.1,111.0
6396,48.963171,5.813359,87.04,273.5,29.1,111.0
6397,48.963218,5.81217,87.04,273.5,29.1,111.0
6398,48.963266,5.810981,87.04,273.5,29.1,111.0
6399,48.963313,5.809793,87.04,273.5,29.0,111.0
6400,48.96336,5.808604,87.04,273.5,29.0,111.0
6401,48.963407,5.807415,87.04,273.5,29.0,111.0
6402,48.963455,5.806227,87.04,273.5,29.0,111.0
6403,48.963502,5.805038,87.04,273.5,29.0,111.0
6404,48.963549,5.803849,87.04,273.5,29.0,111.0
6405,48.963596,5.80266,87.04,273.5,28.9,111.0
6406,48.963644,5.801472,87.04,273.5,28.9,111.0
6407,48.963691,5.800283,87.04,273.5,28.9,111.0
6408,48.963738,5.799094,87.04,273.5,28.9,111.0
6409,48.963785,5.797906,87.04,273.5,28.9,111.0
6410,48.963833,5.796717,87.04,273.5,28.8,111.0
6411,48.96388,5.795528,87.04,273.5,28.8,111.0
6412,48.963927,5.794339,87.04,273.5,28.8,111.0
6413,48.963974,5.793151,87.04,273.5,28.8,111.0
6414,48.964022,5.791962,87.04,273.5,28.8,111.0
6415,48.964069,5.790773,87.04,273.5,28.8,111.0
6416,48.964116,5.789585,87.04,273.5,28.7,111.0
6417,48.964163,5.788396,87.04,273.5,28.7,111.0
6418,48.964211,5.787207,87.04,273.5,28.7,111.0
6419,48.964258,5.786019,87.04,273.5,28.7,111.0
6420,48.964305,5.78483,87.04,273.5,28.7,111.0
6421,48.964352,5.783641,87.04,273.5,28.7,111.0
6422,48.9644,5.782452,87.04,273.5,28.6,111.0
6423,48.964447,5.781264,87.04,273.5,28.6,111.0
6424,48.964494,5.780075,87.04,273.5,28.6,111.0
6425,48.964541,5.778886,87.04,273.5,28.6,111.0
6426,48.964589,5.777698,87.03,273.5,28.6,112.0
6427,48.964636,5.776509,87.03,273.5,28.6,112.0
6428,48.964683,5.77532,87.03,273.5,28.5,112.0
6429,48.96473,5.774131,87.03,273.5,28.5,112.0
6430,48.964778,5.772943,87.03,273.5,28.5,112.0
6431,48.964825,5.771754,87.03,273.5,28.5,112.0
6432,48.964872,5.770565,87.03,273.5,28.5,112.0
6433,48.964919,5.769377,87.03,273.5,28.5,112.0
6434,48.964967,5.768188,87.03,273.5,28.4,112.0
6435,48.965014,5.766999,87.03,273.5,28.4,112.0
6436,48.965061,5.765811,87.03,273.5,28.4,112.0
6437,48.965108,5.764622,87.03,273.5,28.4,112.0
6438,48.965155,5.763433,87.03,273.5,28.4,112.0
6439,48.965203,5.762244,87.03,273.5,28.4,112.0
6440,48.96525,5.761056,87.03,273.5,28.3,112.0
6441,48.965297,5.759867,87.03,273.5,28.3,112.0
6442,48.965344,5.758678,87.03,273.5,28.3,112.0
6443,48.965392,5.75749,87.03,273.5,28.3,112.0
6444,48.965439,5.756301,87.03,273.5,28.3,112.0
6445,48.965486,5.755112,87.03,273.5,28.3,112.0
6446,48.965533,5.753923,87.03,273.5,28.2,112.0
6447,48.965581,5.752735,87.03,273.5,28.2,112.0
6448,48.965628,5.751546,87.03,273.5,28.2,112.0
6449,48.965675,5.750357,87.03,273.5,28.2,112.0
6450,48.965722,5.749169,87.03,273.5,28.2,112.0
6451,48.96577,5.74798,87.03,273.5,28.2,112.0
6452,48.965817,5.746791,87.03,273.5,28.1,112.0
6453,48.965864,5.745603,87.03,273.5,28.1,112.0
6454,48.965911,5.744414,87.03,273.5,28.1,112.0
6455,48.965959,5.743225,87.03,273.5,28.1,112.0
6456,48.966006,5.742036,87.03,273.5,28.1,112.0
6457,48.966053,5.740848,87.03,273.5,28.1,112.0
6458,48.9661,5.739659,87.03,273.5,28.0,112.0
6459,48.966148,5.73847,87.03,273.5,28.0,112.0
6460,48.966195,5.737282,87.03,273.5,28.0,112.0
6461,48.966242,5.736093,87.03,273.5,28.0,112.0
6462,48.966289,5.734904,87.03,273.5,28.0,112.0
6463,48.966337,5.733715,87.03,273.5,28.0,112.0
6464,48.966384,5.732527,87.03,273.5,27.9,112.0
6465,48.966431,5.731338,87.03,273.5,27.9,112.0
6466,48.966478,5.730149,87.03,273.5,27.9,112.0
6467,48.966526,5.728961,87.03,273.5,27.9,112.0
6468,48.966573,5.727772,87.03,273.5,27.9,112.0
6469,48.96662,5.726583,87.03,273.5,27.9,113.0
6470,48.966667,5.725395,87.03,273.5,27.9,113.0
6471,48.966715,5.724206,87.03,273.5,27.8,113.0
6472,48.966762,5.723017,87.03,273.5,27.8,113.0
6473,48.966809,5.721828,87.03,273.5,27.8,113.0
6474,48.966856,5.72064,87.03,273.5,27.8,113.0
6475,48.966904,5.719451,87.03,273.5,27.8,113.0
6476,48.966951,5.718262,87.03,273.5,27.8,113.0
6477,48.966998,5.717074,87.03,273.5,27.7,113.0
6478,48.967045,5.715885,87.03,273.5,27.7,113.0
6479,48.967093,5.714696,87.03,273.5,27.7,113.0
6480,48.96714,5.713507,87.03,273.5,27.7,113.0
6481,48.967187,5.712319,87.03,273.5,27.7,113.0
6482,48.967234,5.71113,87.03,273.5,27.7,113.0
6483,48.967282,5.709941,87.03,273.5,27.7,113.0
6484,48.967329,5.708753,87.03,273.5,27.6,113.0
6485,48.967376,5.707564,87.03,273.5,27.6,113.0
6486,48.967423,5.706375,87.03,273.5,27.6,113.0
6487,48.967471,5.705186,87.03,273.5,27.6,113.0
6488,48.967518,5.703998,87.03,273.5,27.6,113.0
6489,48.967565,5.702809,87.03,273.5,27.6,113.0
6490,48.967612,5.70162,87.03,273.5,27.6,113.0
6491,48.96766,5.700432,87.03,273.5,27.5,113.0
6492,48.967707,5.699243,87.03,273.5,27.5,113.0
6493,48.967754,5.698054,87.03,273.5,27.5,113.0
6494,48.967801,5.696866,87.03,273.5,27.5,113.0
6495,48.967849,5.695677,87.03,273.5,27.5,113.0
6496,48.967896,5.694488,87.03,273.5,27.5,113.0
6497,48.967943,5.693299,87.03,273.5,27.5,113.0
6498,48.96799,5.692111,87.03,273.5,27.4,113.0
6499,48.968038,5.690922,87.03,273.5,27.4,113.0
6500,48.968085,5.689733,87.03,273.5,27.4,113.0
6501,48.968132,5.688545,87.03,273.5,27.4,113.0
6502,48.968179,5.687356,87.03,273.5,27.4,113.0
6503,48.968227,5.686167,87.03,273.5,27.4,113.0
6504,48.968274,5.684978,87.03,273.5,27.4,113.0
6505,48.968321,5.68379,87.03,273.5,27.3,113.0
6506,48.968368,5.682601,87.03,273.5,27.3,113.0
6507,48.968416,5.681412,87.03,273.5,27.3,113.0
6508,48.968463,5.680224,87.03,273.5,27.3,113.0
6509,48.96851,5.679035,87.03,273.5,27.3,113.0
6510,48.968557,5.677846,87.03,273.5,27.3,113.0
6511,48.968604,5.676658,87.03,273.5,27.3,113.0
6512,48.968652,5.675469,87.03,273.5,27.2,113.0
6513,48.968699,5.67428,87.03,273.5,27.2,113.0
6514,48.968746,5.673091,87.03,273.5,27.2,113.0
6515,48.968793,5.671903,87.03,273.5,27.2,114.0
6516,48.968841,5.670714,87.03,273.5,27.2,114.0
6517,48.968888,5.669525,87.03,273.5,27.2,114.0
6518,48.968935,5.668337,87.03,273.5,27.2,114.0
6519,48.968982,5.667148,87.03,273.5,27.1,114.0
6520,48.96903,5.665959,87.03,273.5,27.1,114.0
6521,48.969077,5.66477,87.03,273.5,27.1,114.0
6522,48.969124,5.663582,87.03,273.5,27.1,114.0
6523,48.969171,5.662393,87.03,273.5,27.1,114.0
6524,48.969219,5.661204,87.03,273.5,27.1,114.0
6525,48.969266,5.660016,87.03,273.5,27.1,114.0
6526,48.969313,5.658827,87.03,273.5,27.1,114.0
6527,48.96936,5.657638,87.03,273.5,27.0,114.0
6528,48.969408,5.65645,87.03,273.5,27.0,114.0
6529,48.969455,5.655261,87.03,273.5,27.0,114.0
6530,48.969502,5.654072,87.03,273.5,27.0,114.0
6531,48.969549,5.652883,87.03,273.5,27.0,114.0
6532,48.969597,5.651695,87.03,273.5,27.0,114.0
6533,48.969644,5.650506,87.03,273.5,27.0,114.0
6534,48.969691,5.649317,87.03,273.5,27.0,114.0
6535,48.969738,5.648129,87.03,273.5,26.9,114.0
6536,48.969786,5.64694,87.03,273.5,26.9,114.0
6537,48.969833,5.645751,87.03,273.5,26.9,114.0
6538,48.96988,5.644562,87.03,273.5,26.9,114.0
6539,48.969927,5.643374,87.03,273.5,26.9,114.0
6540,48.969975,5.642185,87.03,273.5,26.9,114.0
6541,48.970022,5.640996,87.03,273.5,26.9,114.0
6542,48.970069,5.639808,87.03,273.5,26.9,114.0
6543,48.970116,5.638619,87.03,273.5,26.8,114.0
6544,48.970164,5.63743,87.03,273.5,26.8,114.0
6545,48.970211,5.636242,87.03,273.5,26.8,114.0
6546,48.970258,5.635053,87.03,273.5,26.8,114.0
6547,48.970305,5.633864,87.03,273.5,26.8,114.0
6548,48.970353,5.632675,87.02,273.5,26.8,114.0
6549,48.9704,5.631487,87.02,273.5,26.8,114.0
6550,48.970447,5.630298,87.02,273.5,26.8,114.0
6551,48.970494,5.629109,87.02,273.5,26.7,114.0
6552,48.970542,5.627921,87.02,273.5,26.7,114.0
6553,48.970589,5.626732,87.02,273.5,26.7,114.0
6554,48.970636,5.625543,87.02,273.5,26.7,114.0
6555,48.970683,5.624354,87.02,273.5,26.7,114.0
6556,48.970731,5.623166,87.02,273.5,26.7,114.0
6557,48.970778,5.621977,87.02,273.5,26.7,114.0
6558,48.970825,5.620788,87.02,273.5,26.7,114.0
6559,48.970872,5.6196,87.02,273.5,26.6,114.0
6560,48.97092,5.618411,87.02,273.5,26.6,114.0
6561,48.970967,5.617222,87.02,273.5,26.6,114.0
6562,48.971014,5.616033,87.02,273.5,26.6,114.0
6563,48.971061,5.614845,87.02,273.5,26.6,114.0
6564,48.971109,5.613656,87.02,273.5,26.6,114.0
6565,48.971156,5.612467,87.02,273.5,26.6,115.0
6566,48.971203,5.611279,87.02,273.5,26.6,115.0
6567,48.97125,5.61009,87.02,273.5,26.6,115.0
6568,48.971298,5.608901,87.02,273.5,26.5,115.0
6569,48.971345,5.607713,87.02,273.5,26.5,115.0
6570,48.971392,5.606524,87.02,273.5,26.5,115.0
6571,48.971439,5.605335,87.02,273.5,26.5,115.0
6572,48.971487,5.604146,87.02,273.5,26.5,115.0
6573,48.971534,5.602958,87.02,273.5,26.5,115.0
6574,48.971581,5.601769,87.02,273.5,26.5,115.0
6575,48.971628,5.60058,87.02,273.5,26.5,115.0
6576,48.971676,5.599392,87.02,273.5,26.5,115.0
6577,48.971723,5.598203,87.02,273.5,26.4,115.0
6578,48.97177,5.597014,87.02,273.5,26.4,115.0
6579,48.971817,5.595825,87.02,273.5,26.4,115.0
6580,48.971865,5.594637,87.02,273.5,26.4,115.0
6581,48.971912,5.593448,87.02,273.5,26.4,115.0
6582,48.971959,5.592259,87.02,273.5,26.4,115.0
6583,48.972006,5.591071,87.02,273.5,26.4,115.0
6584,48.972053,5.589882,87.02,273.5,26.4,115.0
6585,48.972101,5.588693,87.02,273.5,26.4,115.0
6586,48.972148,5.587505,87.02,273.5,26.3,115.0
6587,48.972195,5.586316,87.02,273.5,26.3,115.0
6588,48.972242,5.585127,87.02,273.5,26.3,115.0
6589,48.97229,5.583938,87.02,273.5,26.3,115.0
6590,48.972337,5.58275,87.02,273.5,26.3,115.0
6591,48.972384,5.581561,87.02,273.5,26.3,115.0
6592,48.972431,5.580372,87.02,273.5,26.3,115.0
6593,48.972479,5.579184,87.02,273.5,26.3,115.0
6594,48.972526,5.577995,87.02,273.5,26.3,115.0
6595,48.972573,5.576806,87.02,273.5,26.2,115.0
6596,48.97262,5.575617,87.02,273.5,26.2,115.0
6597,48.972668,5.574429,87.02,273.5,26.2,115.0
6598,48.972715,5.57324,87.02,273.5,26.2,115.0
6599,48.972762,5.572051,87.02,273.5,26.2,115.0
6600,48.972809,5.570863,87.02,273.5,26.2,115.0
6601,48.972857,5.569674,87.02,273.5,26.2,115.0
6602,48.972904,5.568485,87.02,273.5,26.2,115.0
6603,48.972951,5.567297,87.02,273.5,26.2,115.0
6604,48.972998,5.566108,87.02,273.5,26.2,115.0
6605,48.973046,5.564919,87.02,273.5,26.1,115.0
6606,48.973093,5.56373,87.02,273.5,26.1,115.0
6607,48.97314,5.562542,87.02,273.5,26.1,115.0
6608,48.973187,5.561353,87.02,273.5,26.1,115.0
6609,48.973235,5.560164,87.02,273.5,26.1,115.0
6610,48.973282,5.558976,87.02,273.5,26.1,115.0
6611,48.973329,5.557787,87.02,273.5,26.1,115.0
6612,48.973376,5.556598,87.02,273.5,26.1,115.0
6613,48.973424,5.555409,87.02,273.5,26.1,115.0
6614,48.973471,5.554221,87.02,273.5,26.1,115.0
6615,48.973518,5.553032,87.02,273.5,26.1,115.0
6616,48.973565,5.551843,87.02,273.5,26.0,115.0
6617,48.973613,5.550655,87.02,273.5,26.0,115.0
6618,48.97366,5.549466,87.02,273.5,26.0,115.0
6619,48.973707,5.548277,87.02,273.5,26.0,116.0
6620,48.973754,5.547089,87.02,273.5,26.0,116.0
6621,48.973802,5.5459,87.02,273.5,26.0,116.0
6622,48.973849,5.544711,87.02,273.5,26.0,116.0
6623,48.973896,5.543522,87.02,273.5,26.0,116.0
6624,48.973943,5.542334,87.02,273.5,26.0,116.0
6625,48.973991,5.541145,87.02,273.5,26.0,116.0
6626,48.974038,5.539956,87.02,273.5,25.9,116.0
6627,48.974085,5.538768,87.02,273.5,25.9,116.0
6628,48.974132,5.537579,87.02,273.5,25.9,116.0
6629,48.97418,5.53639,87.02,273.5,25.9,116.0
6630,48.974227,5.535201,87.02,273.5,25.9,116.0
6631,48.974274,5.534013,87.02,273.5,25.9,116.0
6632,48.974321,5.532824,87.02,273.5,25.9,116.0
6633,48.974369,5.531635,87.02,273.5,25.9,116.0
6634,48.974416,5.530447,87.02,273.5,25.9,116.0
6635,48.974463,5.529258,87.02,273.5,25.9,116.0
6636,48.97451,5.528069,87.02,273.5,25.9,116.0
6637,48.974558,5.52688,87.02,273.5,25.9,116.0
6638,48.974605,5.525692,87.02,273.5,25.8,116.0
6639,48.974652,5.524503,87.02,273.5,25.8,116.0
6640,48.974699,5.523314,87.02,273.5,25.8,116.0
6641,48.974747,5.522126,87.02,273.5,25.8,116.0
6642,48.974794,5.520937,87.02,273.5,25.8,116.0
6643,48.974841,5.519748,87.02,273.5,25.8,116.0
6644,48.974888,5.51856,87.02,273.5,25.8,116.0
6645,48.974936,5.517371,87.02,273.5,25.8,116.0
6646,48.974983,5.516182,87.02,273.5,25.8,116.0
6647,48.97503,5.514993,87.02,273.5,25.8,116.0
6648,48.975077,5.513805,87.02,273.5,25.8,116.0
6649,48.975125,5.512616,87.02,273.5,25.8,116.0
6650,48.975172,5.511427,87.02,273.5,25.7,116.0
6651,48.975219,5.510239,87.02,273.5,25.7,116.0
6652,48.975266,5.50905,87.02,273.5,25.7,116.0
6653,48.975314,5.507861,87.02,273.5,25.7,116.0
6654,48.975361,5.506672,87.02,273.5,25.7,116.0
6655,48.975408,5.505484,87.02,273.5,25.7,116.0
6656,48.975455,5.504295,87.02,273.5,25.7,116.0
6657,48.975502,5.503106,87.02,273.5,25.7,116.0
6658,48.97555,5.501918,87.02,273.5,25.7,116.0
6659,48.975597,5.500729,87.02,273.5,25.7,116.0
6660,48.975644,5.49954,87.02,273.5,25.7,116.0
6661,48.975691,5.498352,87.02,273.5,25.7,116.0
6662,48.975739,5.497163,87.02,273.5,25.7,116.0
6663,48.975786,5.495974,87.02,273.5,25.6,116.0
6664,48.975833,5.494785,87.02,273.5,25.6,116.0
6665,48.97588,5.493597,87.02,273.5,25.6,116.0
6666,48.975928,5.492408,87.02,273.5,25.6,116.0
6667,48.975975,5.491219,87.02,273.5,25.6,116.0
6668,48.976022,5.490031,87.02,273.5,25.6,116.0
6669,48.976069,5.488842,87.02,273.5,25.6,116.0
6670,48.976117,5.487653,87.01,273.5,25.6,116.0
6671,48.976164,5.486464,87.01,273.5,25.6,116.0
6672,48.976211,5.485276,87.01,273.5,25.6,116.0
6673,48.976258,5.484087,87.01,273.5,25.6,116.0
6674,48.976306,5.482898,87.01,273.5,25.6,116.0
6675,48.976353,5.48171,87.01,273.5,25.6,116.0
6676,48.9764,5.480521,87.01,273.5,25.6,116.0
6677,48.976447,5.479332,87.01,273.5,25.5,116.0
6678,48.976495,5.478144,87.01,273.5,25.5,116.0
6679,48.976542,5.476955,87.01,273.5,25.5,117.0
6680,48.976589,5.475766,87.01,273.5,25.5,117.0
6681,48.976636,5.474577,87.01,273.5,25.5,117.0
6682,48.976684,5.473389,87.01,273.5,25.5,117.0
6683,48.976731,5.4722,87.01,273.5,25.5,117.0
6684,48.976778,5.471011,87.01,273.5,25.5,117.0
6685,48.976825,5.469823,87.01,273.5,25.5,117.0
6686,48.976873,5.468634,87.01,273.5,25.5,117.0
6687,48.97692,5.467445,87.01,273.5,25.5,117.0
6688,48.976967,5.466256,87.01,273.5,25.5,117.0
6689,48.977014,5.465068,87.01,273.5,25.5,117.0
6690,48.977062,5.463879,87.01,273.5,25.5,117.0
6691,48.977109,5.46269,87.01,273.5,25.5,117.0
6692,48.977156,5.461502,87.01,273.5,25.4,117.0
6693,48.977203,5.460313,87.01,273.5,25.4,117.0
6694,48.977251,5.459124,87.01,273.5,25.4,117.0
6695,48.977298,5.457935,87.01,273.5,25.4,117.0
6696,48.977345,5.456747,87.01,273.5,25.4,117.0
6697,48.977392,5.455558,87.01,273.5,25.4,117.0
6698,48.97744,5.454369,87.01,273.5,25.4,117.0
6699,48.977487,5.453181,87.01,273.5,25.4,117.0
6700,48.977534,5.451992,87.01,273.5,25.4,117.0
6701,48.977581,5.450803,87.01,273.5,25.4,117.0
6702,48.977629,5.449615,87.01,273.5,25.4,117.0
6703,48.977676,5.448426,87.01,273.5,25.4,117.0
6704,48.977723,5.447237,87.01,273.5,25.4,117.0
6705,48.97777,5.446048,87.01,273.5,25.4,117.0
6706,48.977818,5.44486,87.01,273.5,25.4,117.0
6707,48.977865,5.443671,87.01,273.5,25.4,117.0
6708,48.977912,5.442482,87.01,273.5,25.4,117.0
6709,48.977959,5.441294,87.01,273.5,25.3,117.0
6710,48.978007,5.440105,87.01,273.5,25.3,117.0
6711,48.978054,5.438916,87.01,273.5,25.3,117.0
6712,48.978101,5.437727,87.01,273.5,25.3,117.0
6713,48.978148,5.436539,87.01,273.5,25.3,117.0
6714,48.978196,5.43535,87.01,273.5,25.3,117.0
6715,48.978243,5.434161,87.01,273.5,25.3,117.0
6716,48.97829,5.432973,87.01,273.5,25.3,117.0
6717,48.978337,5.431784,87.01,273.5,25.3,117.0
6718,48.978385,5.430595,87.01,273.5,25.3,117.0
6719,48.978432,5.429407,87.01,273.5,25.3,117.0
6720,48.978479,5.428218,87.01,273.5,25.3,117.0
6721,48.978526,5.427029,87.01,273.5,25.3,117.0
6722,48.978574,5.42584,87.01,273.5,25.3,117.0
6723,48.978621,5.424652,87.01,273.5,25.3,117.0
6724,48.978668,5.423463,87.01,273.5,25.3,117.0
6725,48.978715,5.422274,87.01,273.5,25.3,117.0
6726,48.978762,5.421086,87.01,273.5,25.3,117.0
6727,48.97881,5.419897,87.01,273.5,25.3,117.0
6728,48.978857,5.418708,87.01,273.5,25.3,117.0
6729,48.978904,5.417519,87.01,273.5,25.2,117.0
6730,48.978951,5.416331,87.01,273.5,25.2,117.0
6731,48.978999,5.415142,87.01,273.5,25.2,117.0
6732,48.979046,5.413953,87.01,273.5,25.2,117.0
6733,48.979093,5.412765,87.01,273.5,25.2,117.0
6734,48.97914,5.411576,87.01,273.5,25.2,117.0
6735,48.979188,5.410387,87.01,273.5,25.2,117.0
6736,48.979235,5.409199,87.01,273.5,25.2,117.0
6737,48.979282,5.40801,87.01,273.5,25.2,117.0
6738,48.979329,5.406821,87.01,273.5,25.2,117.0
6739,48.979377,5.405632,87.01,273.5,25.2,117.0
6740,48.979424,5.404444,87.01,273.5,25.2,117.0
6741,48.979471,5.403255,87.01,273.5,25.2,117.0
6742,48.979518,5.402066,87.01,273.5,25.2,117.0
6743,48.979566,5.400878,87.01,273.5,25.2,117.0
6744,48.979613,5.399689,87.01,273.5,25.2,117.0
6745,48.97966,5.3985,87.01,273.5,25.2,117.0
6746,48.979707,5.397311,87.01,273.5,25.2,117.0
6747,48.979755,5.396123,87.01,273.5,25.2,117.0
6748,48.979802,5.394934,87.01,273.5,25.2,117.0
6749,48.979849,5.393745,87.01,273.5,25.2,118.0
6750,48.979896,5.392557,87.01,273.5,25.2,118.0
6751,48.979944,5.391368,87.01,273.5,25.2,118.0
6752,48.979991,5.390179,87.01,273.5,25.2,118.0
6753,48.980038,5.388991,87.01,273.5,25.1,118.0
6754,48.980085,5.387802,87.01,273.5,25.1,118.0
6755,48.980133,5.386613,87.01,273.5,25.1,118.0
6756,48.98018,5.385424,87.01,273.5,25.1,118.0
6757,48.980227,5.384236,87.01,273.5,25.1,118.0
6758,48.980274,5.383047,87.01,273.5,25.1,118.0
6759,48.980322,5.381858,87.01,273.5,25.1,118.0
6760,48.980369,5.38067,87.01,273.5,25.1,118.0
6761,48.980416,5.379481,87.01,273.5,25.1,118.0
6762,48.980463,5.378292,87.01,273.5,25.1,118.0
6763,48.980511,5.377103,87.01,273.5,25.1,118.0
6764,48.980558,5.375915,87.01,273.5,25.1,118.0
6765,48.980605,5.374726,87.01,273.5,25.1,118.0
6766,48.980652,5.373537,87.01,273.5,25.1,118.0
6767,48.9807,5.372349,87.01,273.5,25.1,118.0
6768,48.980747,5.37116,87.01,273.5,25.1,118.0
6769,48.980794,5.369971,87.01,273.5,25.1,118.0
6770,48.980841,5.368782,87.01,273.5,25.1,118.0
6771,48.980889,5.367594,87.01,273.5,25.1,118.0
6772,48.980936,5.366405,87.01,273.5,25.1,118.0
6773,48.980983,5.365216,87.01,273.5,25.1,118.0
6774,48.98103,5.364028,87.01,273.5,25.1,118.0
6775,48.981078,5.362839,87.01,273.5,25.1,118.0
6776,48.981125,5.36165,87.01,273.5,25.1,118.0
6777,48.981172,5.360462,87.01,273.5,25.1,118.0
6778,48.981219,5.359273,87.01,273.5,25.1,118.0
6779,48.981267,5.358084,87.01,273.5,25.1,118.0
6780,48.981314,5.356895,87.01,273.5,25.1,118.0
6781,48.981361,5.355707,87.01,273.5,25.1,118.0
6782,48.981408,5.354518,87.01,273.5,25.1,118.0
6783,48.981456,5.353329,87.01,273.5,25.1,118.0
6784,48.981503,5.352141,87.01,273.5,25.1,118.0
6785,48.98155,5.350952,87.01,273.5,25.1,118.0
6786,48.981597,5.349763,87.01,273.5,25.1,118.0
6787,48.981645,5.348574,87.01,273.5,25.1,118.0
6788,48.981692,5.347386,87.01,273.5,25.0,118.0
6789,48.981739,5.346197,87.01,273.5,25.0,118.0
6790,48.981786,5.345008,87.01,273.5,25.0,118.0
6791,48.981834,5.34382,87.0,273.5,25.0,118.0
6792,48.981881,5.342631,87.0,273.5,25.0,118.0
6793,48.981928,5.341442,87.0,273.5,25.0,118.0
6794,48.981975,5.340254,87.0,273.5,25.0,118.0
6795,48.982023,5.339065,87.0,273.5,25.0,118.0
6796,48.98207,5.337876,87.0,273.5,25.0,118.0
6797,48.982117,5.336687,87.0,273.5,25.0,118.0
6798,48.982164,5.335499,87.0,273.5,25.0,118.0
6799,48.982211,5.33431,87.0,273.5,25.0,118.0
6800,48.982259,5.333121,87.0,273.5,25.0,118.0
6801,48.982306,5.331933,87.0,273.5,25.0,118.0
6802,48.982353,5.330744,87.0,273.5,25.0,118.0
6803,48.9824,5.329555,87.0,273.5,25.0,118.0
6804,48.982448,5.328366,87.0,273.5,25.0,118.0
6805,48.982495,5.327178,87.0,273.5,25.0,118.0
6806,48.982542,5.325989,87.0,273.5,25.0,118.0
6807,48.982589,5.3248,87.0,273.5,25.0,118.0
6808,48.982637,5.323612,87.0,273.5,25.0,118.0
6809,48.982684,5.322423,87.0,273.5,25.0,118.0
6810,48.982731,5.321234,87.0,273.5,25.0,118.0
6811,48.982778,5.320046,87.0,273.5,25.0,118.0
6812,48.982826,5.318857,87.0,273.5,25.0,118.0
6813,48.982873,5.317668,87.0,273.5,25.0,118.0
6814,48.98292,5.316479,87.0,273.5,25.0,118.0
6815,48.982967,5.315291,87.0,273.5,25.0,118.0
6816,48.983015,5.314102,87.0,273.5,25.0,118.0
6817,48.983062,5.312913,87.0,273.5,25.0,118.0
6818,48.983109,5.311725,87.0,273.5,25.0,118.0
6819,48.983156,5.310536,87.0,273.5,25.0,118.0
6820,48.983204,5.309347,87.0,273.5,25.0,118.0
6821,48.983251,5.308158,87.0,273.5,25.0,118.0
6822,48.983298,5.30697,87.0,273.5,25.0,118.0
6823,48.983345,5.305781,87.0,273.5,25.0,118.0
6824,48.983393,5.304592,87.0,273.5,25.0,118.0
6825,48.98344,5.303404,87.0,273.5,25.0,118.0
6826,48.983487,5.302215,87.0,273.5,25.0,118.0
6827,48.983534,5.301026,87.0,273.5,25.0,118.0
6828,48.983582,5.299838,87.0,273.5,25.0,118.0
6829,48.983629,5.298649,87.0,273.5,25.0,118.0
6830,48.983676,5.29746,87.0,273.5,25.0,118.0
6831,48.983723,5.296271,87.0,273.5,25.0,118.0
6832,48.983771,5.295083,87.0,273.5,25.0,118.0
6833,48.983818,5.293894,87.0,273.5,25.0,118.0
6834,48.983865,5.292705,87.0,273.5,25.0,119.0
6835,48.983912,5.291517,87.0,273.5,25.0,119.0
6836,48.98396,5.290328,87.0,273.5,25.0,119.0
6837,48.984007,5.289139,87.0,273.5,25.0,119.0
6838,48.984054,5.28795,87.0,273.5,25.0,119.0
6839,48.984101,5.286762,87.0,273.5,25.0,119.0
6840,48.984149,5.285573,87.0,273.5,25.0,119.0
6841,48.984196,5.284384,87.0,273.5,25.0,119.0
6842,48.984243,5.283196,87.0,273.5,25.0,119.0
6843,48.98429,5.282007,87.0,273.5,25.0,119.0
6844,48.984338,5.280818,87.0,273.5,25.0,119.0
6845,48.984385,5.279629,87.0,273.5,25.0,119.0
6846,48.984432,5.278441,87.0,273.5,25.0,119.0
6847,48.984479,5.277252,87.0,273.5,25.0,119.0
6848,48.984527,5.276063,87.0,273.5,25.0,119.0
6849,48.984574,5.274875,87.0,273.5,25.0,119.0
6850,48.984621,5.273686,87.0,273.5,25.0,119.0
6851,48.984668,5.272497,87.0,273.5,25.0,119.0
6852,48.984769,5.27132,86.7,277.4,25.0,119.0
6853,48.984979,5.270168,87.38,285.5,25.0,119.0
6854,48.985188,5.269015,87.38,285.5,25.0,119.0
6855,48.985398,5.267863,87.38,285.5,25.0,119.0
6856,48.985608,5.26671,87.38,285.5,25.0,119.0
6857,48.985817,5.265557,87.37,285.5,25.0,119.0
6858,48.986027,5.264405,87.37,285.5,25.0,119.0
6859,48.986236,5.263252,87.37,285.5,25.0,119.0
6860,48.986446,5.2621,87.37,285.5,25.0,119.0
6861,48.986656,5.260947,87.37,285.5,25.0,119.0
6862,48.986865,5.259794,87.37,285.5,25.0,119.0
6863,48.987075,5.258642,87.37,285.5,25.0,119.0
6864,48.987285,5.257489,87.37,285.5,25.0,119.0
6865,48.987494,5.256337,87.37,285.5,25.0,119.0
6866,48.987704,5.255184,87.37,285.5,25.0,119.0
6867,48.987913,5.254031,87.37,285.5,25.0,119.0
6868,48.988123,5.252879,87.37,285.5,25.0,119.0
6869,48.988333,5.251726,87.37,285.5,25.0,119.0
6870,48.988542,5.250574,87.37,285.5,25.0,119.0
6871,48.988752,5.249421,87.37,285.5,25.0,119.0
6872,48.988962,5.248268,87.37,285.5,25.0,119.0
6873,48.989171,5.247116,87.37,285.5,25.0,119.0
6874,48.989381,5.245963,87.37,285.5,25.0,119.0
6875,48.989591,5.244811,87.37,285.5,25.0,119.0
6876,48.9898,5.243658,87.37,285.5,25.0,119.0
6877,48.99001,5.242506,87.37,285.5,25.0,119.0
6878,48.990219,5.241353,87.37,285.5,25.0,119.0
6879,48.990429,5.2402,87.37,285.5,25.0,119.0
6880,48.990639,5.239048,87.37,285.5,25.0,119.0
6881,48.990848,5.237895,87.37,285.5,25.0,119.0
6882,48.991058,5.236743,87.37,285.5,25.0,119.0
6883,48.991268,5.23559,87.37,285.5,25.0,119.0
6884,48.991477,5.234437,87.37,285.5,25.0,119.0
6885,48.991687,5.233285,87.37,285.5,25.1,119.0
6886,48.991896,5.232132,87.37,285.5,25.1,119.0
6887,48.992106,5.23098,87.36,285.5,25.1,119.0
6888,48.992316,5.229827,87.36,285.5,25.1,119.0
6889,48.992525,5.228674,87.36,285.5,25.1,119.0
6890,48.992735,5.227522,87.36,285.5,25.1,119.0
6891,48.992945,5.226369,87.36,285.5,25.1,119.0
6892,48.993154,5.225217,87.36,285.5,25.1,119.0
6893,48.993364,5.224064,87.36,285.5,25.1,119.0
6894,48.993573,5.222911,87.36,285.5,25.1,119.0
6895,48.993783,5.221759,87.36,285.5,25.1,119.0
6896,48.993993,5.220606,87.36,285.5,25.1,119.0
6897,48.994202,5.219454,87.36,285.5,25.1,119.0
6898,48.994412,5.218301,87.36,285.5,25.1,119.0
6899,48.994622,5.217148,87.36,285.5,25.1,119.0
6900,48.994831,5.215996,87.36,285.5,25.1,119.0
6901,48.995041,5.214843,87.36,285.5,25.1,119.0
6902,48.99525,5.213691,87.36,285.5,25.1,119.0
6903,48.99546,5.212538,87.36,285.5,25.1,119.0
6904,48.99567,5.211385,87.36,285.5,25.1,119.0
6905,48.995879,5.210233,87.36,285.5,25.1,119.0
6906,48.996089,5.20908,87.36,285.5,25.1,119.0
6907,48.996299,5.207928,87.36,285.5,25.1,119.0
6908,48.996508,5.206775,87.36,285.5,25.1,119.0
6909,48.996718,5.205622,87.36,285.5,25.1,119.0
6910,48.996928,5.20447,87.36,285.5,25.1,119.0
6911,48.997137,5.203317,87.36,285.5,25.1,119.0
6912,48.997347,5.202165,87.36,285.5,25.1,119.0
6913,48.997556,5.201012,87.36,285.5,25.1,119.0
6914,48.997766,5.199859,87.36,285.5,25.1,119.0
6915,48.997976,5.198707,87.36,285.5,25.1,119.0
6916,48.998185,5.197554,87.35,285.5,25.1,119.0
6917,48.998395,5.196402,87.35,285.5,25.1,119.0
6918,48.998605,5.195249,87.35,285.5,25.1,119.0
6919,48.998814,5.194096,87.35,285.5,25.1,119.0
6920,48.999024,5.192944,87.35,285.5,25.2,119.0
6921,48.999233,5.191791,87.35,285.5,25.2,119.0
6922,48.999443,5.190639,87.35,285.5,25.2,119.0
6923,48.999653,5.189486,87.35,285.5,25.2,119.0
6924,48.999862,5.188333,87.35,285.5,25.2,119.0
6925,49.000072,5.187181,87.35,285.5,25.2,119.0
6926,49.000282,5.186028,87.35,285.5,25.2,119.0
6927,49.000491,5.184876,87.35,285.5,25.2,119.0
6928,49.000701,5.183723,87.35,285.5,25.2,119.0
6929,49.00091,5.18257,87.35,285.5,25.2,119.0
6930,49.00112,5.181418,87.35,285.5,25.2,119.0
6931,49.00133,5.180265,87.35,285.5,25.2,119.0
6932,49.001539,5.179113,87.35,285.5,25.2,119.0
6933,49.001749,5.17796,87.35,285.5,25.2,119.0
6934,49.001959,5.176807,87.35,285.5,25.2,119.0
6935,49.002168,5.175655,87.35,285.5,25.2,119.0
6936,49.002378,5.174502,87.35,285.5,25.2,119.0
6937,49.002588,5.17335,87.35,285.5,25.2,119.0
6938,49.002797,5.172197,87.35,285.5,25.2,119.0
6939,49.003007,5.171044,87.35,285.5,25.2,119.0
6940,49.003216,5.169892,87.35,285.5,25.2,119.0
6941,49.003426,5.168739,87.35,285.5,25.2,119.0
6942,49.003636,5.167587,87.35,285.5,25.2,119.0
6943,49.003845,5.166434,87.35,285.5,25.2,119.0
6944,49.004055,5.165281,87.35,285.5,25.3,119.0
6945,49.004265,5.164129,87.34,285.5,25.3,119.0
6946,49.004474,5.162976,87.34,285.5,25.3,119.0
6947,49.004684,5.161824,87.34,285.5,25.3,119.0
6948,49.004893,5.160671,87.34,285.5,25.3,119.0
6949,49.005103,5.159519,87.34,285.5,25.3,119.0
6950,49.005313,5.158366,87.34,285.5,25.3,119.0
6951,49.005522,5.157213,87.34,285.5,25.3,119.0
6952,49.005732,5.156061,87.34,285.5,25.3,119.0
6953,49.005942,5.154908,87.34,285.5,25.3,119.0
6954,49.006151,5.153756,87.34,285.5,25.3,119.0
6955,49.006361,5.152603,87.34,285.5,25.3,119.0
6956,49.00657,5.15145,87.34,285.5,25.3,119.0
6957,49.00678,5.150298,87.34,285.5,25.3,119.0
6958,49.00699,5.149145,87.34,285.5,25.3,120.0
6959,49.007199,5.147993,87.34,285.5,25.3,120.0
6960,49.007409,5.14684,87.34,285.5,25.3,120.0
6961,49.007619,5.145687,87.34,285.5,25.3,120.0
6962,49.007828,5.144535,87.34,285.5,25.3,120.0
6963,49.008038,5.143382,87.34,285.5,25.3,120.0
6964,49.008247,5.14223,87.34,285.5,25.4,120.0
6965,49.008457,5.141077,87.34,285.5,25.4,120.0
6966,49.008667,5.139924,87.34,285.5,25.4,120.0
6967,49.008876,5.138772,87.34,285.5,25.4,120.0
6968,49.009086,5.137619,87.34,285.5,25.4,120.0
6969,49.009296,5.136467,87.34,285.5,25.4,120.0
6970,49.009505,5.135314,87.34,285.5,25.4,120.0
6971,49.009715,5.134161,87.34,285.5,25.4,120.0
6972,49.009925,5.133009,87.34,285.5,25.4,120.0
6973,49.010134,5.131856,87.34,285.5,25.4,120.0
6974,49.010344,5.130704,87.33,285.5,25.4,120.0
6975,49.010553,5.129551,87.33,285.5,25.4,120.0
6976,49.010763,5.128398,87.33,285.5,25.4,120.0
6977,49.010973,5.127246,87.33,285.5,25.4,120.0
6978,49.011182,5.126093,87.33,285.5,25.4,120.0
6979,49.011392,5.124941,87.33,285.5,25.4,120.0
6980,49.011602,5.123788,87.33,285.5,25.4,120.0
6981,49.011811,5.122635,87.33,285.5,25.5,120.0
6982,49.012021,5.121483,87.33,285.5,25.5,120.0
6983,49.01223,5.12033,87.33,285.5,25.5,120.0
6984,49.01244,5.119178,87.33,285.5,25.5,120.0
6985,49.01265,5.118025,87.33,285.5,25.5,120.0
6986,49.012859,5.116872,87.33,285.5,25.5,120.0
6987,49.013069,5.11572,87.33,285.5,25.5,120.0
6988,49.013279,5.114567,87.33,285.5,25.5,120.0
6989,49.013488,5.113415,87.33,285.5,25.5,120.0
6990,49.013698,5.112262,87.33,285.5,25.5,120.0
6991,49.013907,5.111109,87.33,285.5,25.5,120.0
6992,49.014117,5.109957,87.33,285.5,25.5,120.0
6993,49.014327,5.108804,87.33,285.5,25.5,120.0
6994,49.014536,5.107652,87.33,285.5,25.5,120.0
6995,49.014746,5.106499,87.33,285.5,25.5,120.0
6996,49.014956,5.105346,87.33,285.5,25.6,120.0
6997,49.015165,5.104194,87.33,285.5,25.6,120.0
6998,49.015375,5.103041,87.33,285.5,25.6,120.0
6999,49.015585,5.101889,87.33,285.5,25.6,120.0
7000,49.015794,5.100736,87.33,285.5,25.6,120.0
7001,49.016004,5.099583,87.33,285.5,25.6,120.0
7002,49.016213,5.098431,87.33,285.5,25.6,120.0
7003,49.016423,5.097278,87.33,285.5,25.6,120.0
7004,49.016633,5.096126,87.32,285.5,25.6,120.0
7005,49.016842,5.094973,87.32,285.5,25.6,120.0
7006,49.017052,5.09382,87.32,285.5,25.6,120.0
7007,49.017262,5.092668,87.32,285.5,25.6,120.0
7008,49.017471,5.091515,87.32,285.5,25.6,120.0
7009,49.017681,5.090363,87.32,285.5,25.6,120.0
7010,49.01789,5.08921,87.32,285.5,25.7,120.0
7011,49.0181,5.088057,87.32,285.5,25.7,120.0
7012,49.01831,5.086905,87.32,285.5,25.7,120.0
7013,49.018519,5.085752,87.32,285.5,25.7,120.0
7014,49.018729,5.0846,87.32,285.5,25.7,120.0
7015,49.018939,5.083447,87.32,285.5,25.7,120.0
7016,49.019148,5.082294,87.32,285.5,25.7,120.0
7017,49.019358,5.081142,87.32,285.5,25.7,120.0
7018,49.019567,5.079989,87.32,285.5,25.7,120.0
7019,49.019777,5.078837,87.32,285.5,25.7,120.0
7020,49.019987,5.077684,87.32,285.5,25.7,120.0
7021,49.020196,5.076532,87.32,285.5,25.7,120.0
7022,49.020406,5.075379,87.32,285.5,25.7,120.0
7023,49.020616,5.074226,87.32,285.5,25.8,120.0
7024,49.020825,5.073074,87.32,285.5,25.8,120.0
7025,49.021035,5.071921,87.32,285.5,25.8,120.0
7026,49.021245,5.070769,87.32,285.5,25.8,120.0
7027,49.021454,5.069616,87.32,285.5,25.8,120.0
7028,49.021664,5.068463,87.32,285.5,25.8,120.0
7029,49.021873,5.067311,87.32,285.5,25.8,120.0
7030,49.022083,5.066158,87.32,285.5,25.8,120.0
7031,49.022293,5.065006,87.32,285.5,25.8,120.0
7032,49.022502,5.063853,87.32,285.5,25.8,120.0
7033,49.022712,5.0627,87.31,285.5,25.8,120.0
7034,49.022922,5.061548,87.31,285.5,25.8,120.0
7035,49.023131,5.060395,87.31,285.5,25.9,120.0
7036,49.023341,5.059243,87.31,285.5,25.9,120.0
7037,49.02355,5.05809,87.31,285.5,25.9,120.0
7038,49.02376,5.056937,87.31,285.5,25.9,120.0
7039,49.02397,5.055785,87.31,285.5,25.9,120.0
7040,49.024179,5.054632,87.31,285.5,25.9,120.0
7041,49.024389,5.05348,87.31,285.5,25.9,120.0
7042,49.024599,5.052327,87.31,285.5,25.9,120.0
7043,49.024808,5.051174,87.31,285.5,25.9,120.0
7044,49.025018,5.050022,87.31,285.5,25.9,120.0
7045,49.025227,5.048869,87.31,285.5,25.9,120.0
7046,49.025437,5.047717,87.31,285.5,25.9,120.0
7047,49.025647,5.046564,87.31,285.5,26.0,120.0
7048,49.025856,5.045411,87.31,285.5,26.0,120.0
7049,49.026066,5.044259,87.31,285.5,26.0,120.0
7050,49.026276,5.043106,87.31,285.5,26.0,120.0
7051,49.026485,5.041954,87.31,285.5,26.0,120.0
7052,49.026695,5.040801,87.31,285.5,26.0,120.0
7053,49.026904,5.039648,87.31,285.5,26.0,120.0
7054,49.027114,5.038496,87.31,285.5,26.0,120.0
7055,49.027324,5.037343,87.31,285.5,26.0,120.0
7056,49.027533,5.036191,87.31,285.5,26.0,120.0
7057,49.027743,5.035038,87.31,285.5,26.0,120.0
7058,49.027953,5.033885,87.31,285.5,26.1,120.0
7059,49.028162,5.032733,87.31,285.5,26.1,120.0
7060,49.028372,5.03158,87.31,285.5,26.1,120.0
7061,49.028582,5.030428,87.31,285.5,26.1,120.0
7062,49.028791,5.029275,87.3,285.5,26.1,120.0
7063,49.029001,5.028122,87.3,285.5,26.1,120.0
7064,49.02921,5.02697,87.3,285.5,26.1,120.0
7065,49.02942,5.025817,87.3,285.5,26.1,120.0
7066,49.02963,5.024665,87.3,285.5,26.1,120.0
7067,49.029839,5.023512,87.3,285.5,26.1,120.0
7068,49.030049,5.022359,87.3,285.5,26.2,120.0
7069,49.030259,5.021207,87.3,285.5,26.2,120.0
7070,49.030468,5.020054,87.3,285.5,26.2,120.0
7071,49.030678,5.018902,87.3,285.5,26.2,120.0
7072,49.030887,5.017749,87.3,285.5,26.2,120.0
7073,49.031097,5.016596,87.3,285.5,26.2,120.0
7074,49.031307,5.015444,87.3,285.5,26.2,120.0
7075,49.031516,5.014291,87.3,285.5,26.2,120.0
7076,49.031726,5.013139,87.3,285.5,26.2,120.0
7077,49.031936,5.011986,87.3,285.5,26.2,120.0
7078,49.032145,5.010833,87.3,285.5,26.3,120.0
7079,49.032355,5.009681,87.3,285.5,26.3,120.0
7080,49.032564,5.008528,87.3,285.5,26.3,120.0
7081,49.032774,5.007376,87.3,285.5,26.3,120.0
7082,49.032984,5.006223,87.3,285.5,26.3,120.0
7083,49.033193,5.00507,87.3,285.5,26.3,120.0
7084,49.033403,5.003918,87.3,285.5,26.3,120.0
7085,49.033613,5.002765,87.3,285.5,26.3,120.0
7086,49.033822,5.001613,87.3,285.5,26.3,120.0
7087,49.034032,5.00046,87.3,285.5,26.4,120.0
7088,49.034242,4.999307,87.3,285.5,26.4,120.0
7089,49.034451,4.998155,87.3,285.5,26.4,120.0
7090,49.034661,4.997002,87.3,285.5,26.4,120.0
7091,49.03487,4.99585,87.3,285.5,26.4,120.0
7092,49.03508,4.994697,87.29,285.5,26.4,120.0
7093,49.03529,4.993544,87.29,285.5,26.4,120.0
7094,49.035499,4.992392,87.29,285.5,26.4,120.0
7095,49.035709,4.991239,87.29,285.5,26.4,120.0
7096,49.035919,4.990087,87.29,285.5,26.5,120.0
7097,49.036128,4.988934,87.29,285.5,26.5,120.0
7098,49.036338,4.987782,87.29,285.5,26.5,120.0
7099,49.036547,4.986629,87.29,285.5,26.5,120.0
7100,49.036757,4.985476,87.29,285.5,26.5,120.0
7101,49.036967,4.984324,87.29,285.5,26.5,120.0
7102,49.037176,4.983171,87.29,285.5,26.5,120.0
7103,49.037386,4.982019,87.29,285.5,26.5,120.0
7104,49.037596,4.980866,87.29,285.5,26.5,120.0
7105,49.037805,4.979713,87.29,285.5,26.6,120.0
7106,49.038015,4.978561,87.29,285.5,26.6,120.0
7107,49.038224,4.977408,87.29,285.5,26.6,120.0
7108,49.038434,4.976256,87.29,285.5,26.6,120.0
7109,49.038644,4.975103,87.29,285.5,26.6,120.0
7110,49.038853,4.97395,87.29,285.5,26.6,120.0
7111,49.039063,4.972798,87.29,285.5,26.6,120.0
7112,49.039273,4.971645,87.29,285.5,26.6,120.0
7113,49.039482,4.970493,87.29,285.5,26.6,120.0
7114,49.039692,4.96934,87.29,285.5,26.7,120.0
7115,49.039901,4.968187,87.29,285.5,26.7,120.0
7116,49.040111,4.967035,87.29,285.5,26.7,120.0
7117,49.040321,4.965882,87.29,285.5,26.7,120.0
7118,49.04053,4.96473,87.29,285.5,26.7,120.0
7119,49.04074,4.963577,87.29,285.5,26.7,120.0
7120,49.04095,4.962424,87.29,285.5,26.7,120.0
7121,49.041159,4.961272,87.28,285.5,26.7,120.0
7122,49.041369,4.960119,87.28,285.5,26.8,120.0
7123,49.041579,4.958967,87.28,285.5,26.8,120.0
7124,49.041788,4.957814,87.28,285.5,26.8,120.0
7125,49.041998,4.956661,87.28,285.5,26.8,120.0
7126,49.042207,4.955509,87.28,285.5,26.8,120.0
7127,49.042417,4.954356,87.28,285.5,26.8,120.0
7128,49.042627,4.953204,87.28,285.5,26.8,120.0
7129,49.042836,4.952051,87.28,285.5,26.8,120.0
7130,49.043046,4.950898,87.28,285.5,26.9,120.0
7131,49.043256,4.949746,87.28,285.5,26.9,120.0
7132,49.043465,4.948593,87.28,285.5,26.9,120.0
7133,49.043675,4.947441,87.28,285.5,26.9,120.0
7134,49.043884,4.946288,87.28,285.5,26.9,120.0
7135,49.044094,4.945135,87.28,285.5,26.9,120.0
7136,49.044304,4.943983,87.28,285.5,26.9,120.0
7137,49.044513,4.94283,87.28,285.5,26.9,120.0
7138,49.044723,4.941678,87.28,285.5,27.0,120.0
7139,49.044933,4.940525,87.28,285.5,27.0,120.0
7140,49.045142,4.939372,87.28,285.5,27.0,120.0
7141,49.045352,4.93822,87.28,285.5,27.0,120.0
7142,49.045561,4.937067,87.28,285.5,27.0,120.0
7143,49.045771,4.935915,87.28,285.5,27.0,120.0
7144,49.045981,4.934762,87.28,285.5,27.0,120.0
7145,49.04619,4.933609,87.28,285.5,27.0,120.0
7146,49.0464,4.932457,87.28,285.5,27.1,120.0
7147,49.04661,4.931304,87.28,285.5,27.1,120.0
7148,49.046819,4.930152,87.28,285.5,27.1,120.0
7149,49.047029,4.928999,87.28,285.5,27.1,120.0
7150,49.047239,4.927846,87.27,285.5,27.1,120.0
7151,49.047448,4.926694,87.27,285.5,27.1,120.0
7152,49.047658,4.925541,87.27,285.5,27.1,120.0
7153,49.047867,4.924389,87.27,285.5,27.1,120.0
7154,49.048077,4.923236,87.27,285.5,27.2,120.0
7155,49.048287,4.922083,87.27,285.5,27.2,120.0
7156,49.048496,4.920931,87.27,285.5,27.2,120.0
7157,49.048706,4.919778,87.27,285.5,27.2,120.0
7158,49.048916,4.918626,87.27,285.5,27.2,120.0
7159,49.049125,4.917473,87.27,285.5,27.2,120.0
7160,49.049335,4.91632,87.27,285.5,27.2,120.0
7161,49.049544,4.915168,87.27,285.5,27.3,120.0
7162,49.049754,4.914015,87.27,285.5,27.3,120.0
7163,49.049964,4.912863,87.27,285.5,27.3,120.0
7164,49.050173,4.91171,87.27,285.5,27.3,120.0
7165,49.050383,4.910557,87.27,285.5,27.3,120.0
7166,49.050593,4.909405,87.27,285.5,27.3,120.0
7167,49.050802,4.908252,87.27,285.5,27.3,120.0
7168,49.051012,4.9071,87.27,285.5,27.4,120.0
7169,49.051221,4.905947,87.27,285.5,27.4,120.0
7170,49.051431,4.904795,87.27,285.5,27.4,120.0
7171,49.051641,4.903642,87.27,285.5,27.4,120.0
7172,49.05185,4.902489,87.27,285.5,27.4,120.0
7173,49.05206,4.901337,87.27,285.5,27.4,120.0
7174,49.05227,4.900184,87.27,285.5,27.4,120.0
7175,49.052479,4.899032,87.27,285.5,27.5,120.0
7176,49.052689,4.897879,87.27,285.5,27.5,120.0
7177,49.052899,4.896726,87.27,285.5,27.5,120.0
7178,49.053108,4.895574,87.27,285.5,27.5,120.0
7179,49.053318,4.894421,87.26,285.5,27.5,120.0
7180,49.053527,4.893269,87.26,285.5,27.5,120.0
7181,49.053737,4.892116,87.26,285.5,27.5,120.0
7182,49.053947,4.890963,87.26,285.5,27.6,120.0
7183,49.054156,4.889811,87.26,285.5,27.6,120.0
7184,49.054366,4.888658,87.26,285.5,27.6,120.0
7185,49.054576,4.887506,87.26,285.5,27.6,120.0
7186,49.054785,4.886353,87.26,285.5,27.6,120.0
7187,49.054995,4.8852,87.26,285.5,27.6,120.0
7188,49.055204,4.884048,87.26,285.5,27.6,120.0
7189,49.055414,4.882895,87.26,285.5,27.7,120.0
7190,49.055624,4.881743,87.26,285.5,27.7,120.0
7191,49.055833,4.88059,87.26,285.5,27.7,120.0
7192,49.056043,4.879437,87.26,285.5,27.7,120.0
7193,49.056253,4.878285,87.26,285.5,27.7,120.0
7194,49.056462,4.877132,87.26,285.5,27.7,120.0
7195,49.056672,4.87598,87.26,285.5,27.7,120.0
7196,49.056881,4.874827,87.26,285.5,27.8,120.0
7197,49.057091,4.873674,87.26,285.5,27.8,120.0
7198,49.057301,4.872522,87.26,285.5,27.8,120.0
7199,49.05751,4.871369,87.26,285.5,27.8,120.0
7200,49.05772,4.870217,87.26,285.5,27.8,120.0
