timestamp,latitude,longitude,speed,heading,pax_load,delay_s
0,48.88094,2.35528,83.0,0.0,90.2,108.0
1,48.88165,2.355627,83.0,17.8,90.2,108.0
2,48.88236,2.355974,83.0,17.8,90.2,108.0
3,48.88307,2.356321,83.0,17.8,90.2,108.0
4,48.883779,2.356668,83.0,17.8,90.1,108.0
5,48.884489,2.357014,83.0,17.8,90.1,108.0
6,48.885199,2.357361,83.0,17.8,90.1,108.0
7,48.885909,2.357708,83.0,17.8,90.1,107.0
8,48.886619,2.358055,83.0,17.8,90.1,107.0
9,48.887329,2.358402,83.0,17.8,90.0,107.0
10,48.888038,2.358749,83.0,17.8,90.0,107.0
11,48.888748,2.359096,83.0,17.8,90.0,107.0
12,48.889458,2.359443,83.0,17.8,90.0,107.0
13,48.890168,2.359789,83.0,17.8,90.0,107.0
14,48.890878,2.360136,83.0,17.8,89.9,107.0
15,48.891588,2.360483,83.0,17.8,89.9,107.0
16,48.892298,2.36083,83.0,17.8,89.9,107.0
17,48.893007,2.361177,83.0,17.8,89.9,107.0
18,48.893717,2.361524,83.0,17.8,89.9,107.0
19,48.894427,2.361871,83.0,17.8,89.8,107.0
20,48.895137,2.362218,83.0,17.8,89.8,107.0
21,48.895847,2.362564,83.0,17.8,89.8,107.0
22,48.896557,2.362911,83.0,17.8,89.8,107.0
23,48.897266,2.363258,83.0,17.8,89.8,107.0
24,48.897976,2.363605,83.0,17.8,89.7,107.0
25,48.898686,2.363952,83.0,17.8,89.7,107.0
26,48.899396,2.364299,83.0,17.8,89.7,107.0
27,48.900106,2.364646,83.0,17.8,89.7,107.0
28,48.900816,2.364993,83.0,17.8,89.6,107.0
29,48.901526,2.365339,83.0,17.8,89.6,107.0
30,48.902235,2.365686,83.0,17.8,89.6,107.0
31,48.902945,2.366033,83.0,17.8,89.6,107.0
32,48.903655,2.36638,83.0,17.8,89.6,107.0
33,48.904365,2.366727,83.0,17.8,89.5,107.0
34,48.905075,2.367074,83.0,17.8,89.5,107.0
35,48.905785,2.367421,83.0,17.8,89.5,107.0
36,48.906494,2.367768,83.0,17.8,89.5,107.0
37,48.907204,2.368114,83.0,17.8,89.5,107.0
38,48.907914,2.368461,83.0,17.8,89.4,107.0
39,48.908624,2.368808,83.0,17.8,89.4,107.0
40,48.909334,2.369155,83.0,17.8,89.4,107.0
41,48.910044,2.369502,83.0,17.8,89.4,106.0
42,48.910753,2.369849,83.0,17.8,89.4,106.0
43,48.911463,2.370196,83.0,17.8,89.3,106.0
44,48.912173,2.370543,83.0,17.8,89.3,106.0
45,48.912883,2.37089,83.0,17.8,89.3,106.0
46,48.913593,2.371236,82.99,17.8,89.3,106.0
47,48.914303,2.371583,82.99,17.8,89.2,106.0
48,48.915013,2.37193,82.99,17.8,89.2,106.0
49,48.915722,2.372277,82.99,17.8,89.2,106.0
50,48.916432,2.372624,82.99,17.8,89.2,106.0
51,48.917142,2.372971,82.99,17.8,89.2,106.0
52,48.917852,2.373318,82.99,17.8,89.1,106.0
53,48.918562,2.373665,82.99,17.8,89.1,106.0
54,48.919272,2.374011,82.99,17.8,89.1,106.0
55,48.919981,2.374358,82.99,17.8,89.1,106.0
56,48.920691,2.374705,82.99,17.8,89.1,106.0
57,48.921401,2.375052,82.99,17.8,89.0,106.0
58,48.922111,2.375399,82.99,17.8,89.0,106.0
59,48.922821,2.375746,82.99,17.8,89.0,106.0
60,48.923531,2.376093,82.99,17.8,89.0,106.0
61,48.924241,2.37644,82.99,17.8,88.9,106.0
62,48.92495,2.376786,82.99,17.8,88.9,106.0
63,48.92566,2.377133,82.99,17.8,88.9,106.0
64,48.92637,2.37748,82.99,17.8,88.9,106.0
65,48.92708,2.377827,82.99,17.8,88.9,106.0
66,48.92779,2.378174,82.99,17.8,88.8,106.0
67,48.9285,2.378521,82.99,17.8,88.8,106.0
68,48.929209,2.378868,82.99,17.8,88.8,106.0
69,48.929919,2.379215,82.99,17.8,88.8,106.0
70,48.930629,2.379561,82.99,17.8,88.7,106.0
71,48.931339,2.379908,82.99,17.8,88.7,106.0
72,48.932049,2.380255,82.99,17.8,88.7,106.0
73,48.932759,2.380602,82.99,17.8,88.7,106.0
74,48.933469,2.380949,82.99,17.8,88.7,106.0
75,48.934178,2.381296,82.99,17.8,88.6,105.0
76,48.934888,2.381643,82.99,17.8,88.6,105.0
77,48.935598,2.38199,82.99,17.8,88.6,105.0
78,48.936308,2.382336,82.99,17.8,88.6,105.0
79,48.937018,2.382683,82.99,17.8,88.5,105.0
80,48.937728,2.38303,82.99,17.8,88.5,105.0
81,48.938437,2.383377,82.99,17.8,88.5,105.0
82,48.939147,2.383724,82.99,17.8,88.5,105.0
83,48.939857,2.384071,82.99,17.8,88.5,105.0
84,48.940567,2.384418,82.99,17.8,88.4,105.0
85,48.941277,2.384765,82.99,17.8,88.4,105.0
86,48.941987,2.385112,82.99,17.8,88.4,105.0
87,48.942697,2.385458,82.99,17.8,88.4,105.0
88,48.943406,2.385805,82.99,17.8,88.3,105.0
89,48.944116,2.386152,82.99,17.8,88.3,105.0
90,48.944826,2.386499,82.99,17.8,88.3,105.0
91,48.945536,2.386846,82.99,17.8,88.3,105.0
92,48.946246,2.387193,82.99,17.8,88.3,105.0
93,48.946956,2.38754,82.99,17.8,88.2,105.0
94,48.947665,2.387887,82.99,17.8,88.2,105.0
95,48.948375,2.388233,82.99,17.8,88.2,105.0
96,48.949085,2.38858,82.99,17.8,88.2,105.0
97,48.949795,2.388927,82.99,17.8,88.1,105.0
98,48.950505,2.389274,82.99,17.8,88.1,105.0
99,48.951215,2.389621,82.99,17.8,88.1,105.0
100,48.951924,2.389968,82.99,17.8,88.1,105.0
101,48.952634,2.390315,82.99,17.8,88.0,105.0
102,48.953344,2.390662,82.99,17.8,88.0,105.0
103,48.954054,2.391008,82.99,17.8,88.0,105.0
104,48.954764,2.391355,82.99,17.8,88.0,105.0
105,48.955474,2.391702,82.99,17.8,88.0,105.0
106,48.956184,2.392049,82.99,17.8,87.9,105.0
107,48.956893,2.392396,82.99,17.8,87.9,104.0
108,48.957603,2.392743,82.99,17.8,87.9,104.0
109,48.958313,2.39309,82.99,17.8,87.9,104.0
110,48.959023,2.393437,82.99,17.8,87.8,104.0
111,48.959733,2.393783,82.99,17.8,87.8,104.0
112,48.960443,2.39413,82.99,17.8,87.8,104.0
113,48.961152,2.394477,82.99,17.8,87.8,104.0
114,48.961862,2.394824,82.99,17.8,87.7,104.0
115,48.962572,2.395171,82.99,17.8,87.7,104.0
116,48.963282,2.395518,82.99,17.8,87.7,104.0
117,48.963992,2.395865,82.99,17.8,87.7,104.0
118,48.964702,2.396212,82.99,17.8,87.6,104.0
119,48.965412,2.396559,82.99,17.8,87.6,104.0
120,48.966121,2.396905,82.99,17.8,87.6,104.0
121,48.966831,2.397252,82.99,17.8,87.6,104.0
122,48.967541,2.397599,82.99,17.8,87.5,104.0
123,48.968251,2.397946,82.99,17.8,87.5,104.0
124,48.968961,2.398293,82.99,17.8,87.5,104.0
125,48.969671,2.39864,82.99,17.8,87.5,104.0
126,48.97038,2.398987,82.99,17.8,87.5,104.0
127,48.97109,2.399334,82.99,17.8,87.4,104.0
128,48.9718,2.39968,82.99,17.8,87.4,104.0
129,48.97251,2.400027,82.99,17.8,87.4,104.0
130,48.97322,2.400374,82.99,17.8,87.4,104.0
131,48.97393,2.400721,82.99,17.8,87.3,104.0
132,48.97464,2.401068,82.99,17.8,87.3,104.0
133,48.975349,2.401415,82.99,17.8,87.3,104.0
134,48.976059,2.401762,82.99,17.8,87.3,104.0
135,48.976769,2.402109,82.99,17.8,87.2,104.0
136,48.977479,2.402455,82.99,17.8,87.2,104.0
137,48.978189,2.402802,82.98,17.8,87.2,104.0
138,48.978899,2.403149,82.98,17.8,87.2,103.0
139,48.979608,2.403496,82.98,17.8,87.1,103.0
140,48.980318,2.403843,82.98,17.8,87.1,103.0
141,48.981028,2.40419,82.98,17.8,87.1,103.0
142,48.981738,2.404537,82.98,17.8,87.1,103.0
143,48.982448,2.404884,82.98,17.8,87.0,103.0
144,48.983158,2.40523,82.98,17.8,87.0,103.0
145,48.983868,2.405577,82.98,17.8,87.0,103.0
146,48.984577,2.405924,82.98,17.8,87.0,103.0
147,48.985287,2.406271,82.98,17.8,86.9,103.0
148,48.985997,2.406618,82.98,17.8,86.9,103.0
149,48.986707,2.406965,82.98,17.8,86.9,103.0
150,48.987417,2.407312,82.98,17.8,86.9,103.0
151,48.988127,2.407659,82.98,17.8,86.8,103.0
152,48.988836,2.408005,82.98,17.8,86.8,103.0
153,48.989546,2.408352,82.98,17.8,86.8,103.0
154,48.990256,2.408699,82.98,17.8,86.8,103.0
155,48.990966,2.409046,82.98,17.8,86.7,103.0
156,48.991676,2.409393,82.98,17.8,86.7,103.0
157,48.992386,2.40974,82.98,17.8,86.7,103.0
158,48.993096,2.410087,82.98,17.8,86.7,103.0
159,48.993805,2.410434,82.98,17.8,86.6,103.0
160,48.994515,2.410781,82.98,17.8,86.6,103.0
161,48.995225,2.411127,82.98,17.8,86.6,103.0
162,48.995935,2.411474,82.98,17.8,86.6,103.0
163,48.996645,2.411821,82.98,17.8,86.5,103.0
164,48.997355,2.412168,82.98,17.8,86.5,103.0
165,48.998064,2.412515,82.98,17.8,86.5,103.0
166,48.998774,2.412862,82.98,17.8,86.5,103.0
167,48.999484,2.413209,82.98,17.8,86.4,103.0
168,49.000194,2.413556,82.98,17.8,86.4,102.0
169,49.000904,2.413902,82.98,17.8,86.4,102.0
170,49.001614,2.414249,82.98,17.8,86.4,102.0
171,49.002323,2.414596,82.98,17.8,86.3,102.0
172,49.003033,2.414943,82.98,17.8,86.3,102.0
173,49.003743,2.41529,82.98,17.8,86.3,102.0
174,49.004453,2.415637,82.98,17.8,86.3,102.0
175,49.005163,2.415984,82.98,17.8,86.2,102.0
176,49.005873,2.416331,82.98,17.8,86.2,102.0
177,49.006583,2.416677,82.98,17.8,86.2,102.0
178,49.007292,2.417024,82.98,17.8,86.2,102.0
179,49.008002,2.417371,82.98,17.8,86.1,102.0
180,49.008712,2.417718,82.98,17.8,86.1,102.0
181,49.009422,2.418065,82.98,17.8,86.1,102.0
182,49.010132,2.418412,82.98,17.8,86.0,102.0
183,49.010842,2.418759,82.98,17.8,86.0,102.0
184,49.011551,2.419106,82.98,17.8,86.0,102.0
185,49.012261,2.419452,82.98,17.8,86.0,102.0
186,49.012971,2.419799,82.98,17.8,85.9,102.0
187,49.013681,2.420146,82.98,17.8,85.9,102.0
188,49.014391,2.420493,82.98,17.8,85.9,102.0
189,49.015101,2.42084,82.98,17.8,85.9,102.0
190,49.015811,2.421187,82.98,17.8,85.8,102.0
191,49.01652,2.421534,82.98,17.8,85.8,102.0
192,49.01723,2.421881,82.98,17.8,85.8,102.0
193,49.01794,2.422227,82.98,17.8,85.8,102.0
194,49.01865,2.422574,82.98,17.8,85.7,102.0
195,49.01936,2.422921,82.98,17.8,85.7,102.0
196,49.02007,2.423268,82.98,17.8,85.7,102.0
197,49.020779,2.423615,82.98,17.8,85.7,102.0
198,49.021489,2.423962,82.98,17.8,85.6,101.0
199,49.022199,2.424309,82.98,17.8,85.6,101.0
200,49.022909,2.424656,82.98,17.8,85.6,101.0
201,49.023619,2.425003,82.98,17.8,85.5,101.0
202,49.024329,2.425349,82.98,17.8,85.5,101.0
203,49.025039,2.425696,82.98,17.8,85.5,101.0
204,49.025748,2.426043,82.98,17.8,85.5,101.0
205,49.026458,2.42639,82.98,17.8,85.4,101.0
206,49.027168,2.426737,82.98,17.8,85.4,101.0
207,49.027878,2.427084,82.98,17.8,85.4,101.0
208,49.028588,2.427431,82.98,17.8,85.4,101.0
209,49.029298,2.427778,82.98,17.8,85.3,101.0
210,49.030007,2.428124,82.98,17.8,85.3,101.0
211,49.030717,2.428471,82.98,17.8,85.3,101.0
212,49.031427,2.428818,82.98,17.8,85.3,101.0
213,49.032137,2.429165,82.98,17.8,85.2,101.0
214,49.032847,2.429512,82.98,17.8,85.2,101.0
215,49.033557,2.429859,82.98,17.8,85.2,101.0
216,49.034267,2.430206,82.98,17.8,85.1,101.0
217,49.034976,2.430553,82.98,17.8,85.1,101.0
218,49.035686,2.430899,82.98,17.8,85.1,101.0
219,49.036396,2.431246,82.98,17.8,85.1,101.0
220,49.037106,2.431593,82.98,17.8,85.0,101.0
221,49.037816,2.43194,82.98,17.8,85.0,101.0
222,49.038526,2.432287,82.98,17.8,85.0,101.0
223,49.039235,2.432634,82.98,17.8,85.0,101.0
224,49.039945,2.432981,82.98,17.8,84.9,101.0
225,49.040655,2.433328,82.98,17.8,84.9,101.0
226,49.041365,2.433674,82.98,17.8,84.9,101.0
227,49.042075,2.434021,82.97,17.8,84.8,100.0
228,49.042785,2.434368,82.97,17.8,84.8,100.0
229,49.043494,2.434715,82.97,17.8,84.8,100.0
230,49.044204,2.435062,82.97,17.8,84.8,100.0
231,49.044914,2.435409,82.97,17.8,84.7,100.0
232,49.045624,2.435756,82.97,17.8,84.7,100.0
233,49.046334,2.436103,82.97,17.8,84.7,100.0
234,49.047044,2.436449,82.97,17.8,84.7,100.0
235,49.047754,2.436796,82.97,17.8,84.6,100.0
236,49.048463,2.437143,82.97,17.8,84.6,100.0
237,49.049173,2.43749,82.97,17.8,84.6,100.0
238,49.049883,2.437837,82.97,17.8,84.5,100.0
239,49.050593,2.438184,82.97,17.8,84.5,100.0
240,49.051303,2.438531,82.97,17.8,84.5,100.0
241,49.052013,2.438878,82.97,17.8,84.5,100.0
242,49.052722,2.439225,82.97,17.8,84.4,100.0
243,49.053432,2.439571,82.97,17.8,84.4,100.0
244,49.054142,2.439918,82.97,17.8,84.4,100.0
245,49.054852,2.440265,82.97,17.8,84.3,100.0
246,49.055562,2.440612,82.97,17.8,84.3,100.0
247,49.056272,2.440959,82.97,17.8,84.3,100.0
248,49.056982,2.441306,82.97,17.8,84.3,100.0
249,49.057691,2.441653,82.97,17.8,84.2,100.0
250,49.058401,2.442,82.97,17.8,84.2,100.0
251,49.059111,2.442346,82.97,17.8,84.2,100.0
252,49.059821,2.442693,82.97,17.8,84.2,100.0
253,49.060531,2.44304,82.97,17.8,84.1,100.0
254,49.061241,2.443387,82.97,17.8,84.1,100.0
255,49.06195,2.443734,82.97,17.8,84.1,99.0
256,49.06266,2.444081,82.97,17.8,84.0,99.0
257,49.06337,2.444428,82.97,17.8,84.0,99.0
258,49.06408,2.444775,82.97,17.8,84.0,99.0
259,49.06479,2.445121,82.97,17.8,84.0,99.0
260,49.0655,2.445468,82.97,17.8,83.9,99.0
261,49.06621,2.445815,82.97,17.8,83.9,99.0
262,49.066919,2.446162,82.97,17.8,83.9,99.0
263,49.067629,2.446509,82.97,17.8,83.8,99.0
264,49.068339,2.446856,82.97,17.8,83.8,99.0
265,49.069049,2.447203,82.97,17.8,83.8,99.0
266,49.069759,2.44755,82.97,17.8,83.8,99.0
267,49.070469,2.447896,82.97,17.8,83.7,99.0
268,49.071178,2.448243,82.97,17.8,83.7,99.0
269,49.071888,2.44859,82.97,17.8,83.7,99.0
270,49.072598,2.448937,82.97,17.8,83.6,99.0
271,49.073308,2.449284,82.97,17.8,83.6,99.0
272,49.074018,2.449631,82.97,17.8,83.6,99.0
273,49.074728,2.449978,82.97,17.8,83.6,99.0
274,49.075438,2.450325,82.97,17.8,83.5,99.0
275,49.076147,2.450672,82.97,17.8,83.5,99.0
276,49.076857,2.451018,82.97,17.7,83.5,99.0
277,49.077567,2.451365,82.97,17.7,83.4,99.0
278,49.078277,2.451712,82.97,17.7,83.4,99.0
279,49.078987,2.452059,82.97,17.7,83.4,99.0
280,49.079697,2.452406,82.97,17.7,83.4,99.0
281,49.080406,2.452753,82.97,17.7,83.3,99.0
282,49.081116,2.4531,82.97,17.7,83.3,99.0
283,49.081826,2.453447,82.97,17.7,83.3,98.0
284,49.082536,2.453793,82.97,17.7,83.2,98.0
285,49.083246,2.45414,82.97,17.7,83.2,98.0
286,49.083956,2.454487,82.97,17.7,83.2,98.0
287,49.084665,2.454834,82.97,17.7,83.1,98.0
288,49.085375,2.455181,82.97,17.7,83.1,98.0
289,49.086085,2.455528,82.97,17.7,83.1,98.0
290,49.086795,2.455875,82.97,17.7,83.1,98.0
291,49.087505,2.456222,82.97,17.7,83.0,98.0
292,49.088215,2.456568,82.97,17.7,83.0,98.0
293,49.088925,2.456915,82.97,17.7,83.0,98.0
294,49.089634,2.457262,82.97,17.7,82.9,98.0
295,49.090344,2.457609,82.97,17.7,82.9,98.0
296,49.091054,2.457956,82.97,17.7,82.9,98.0
297,49.091764,2.458303,82.97,17.7,82.9,98.0
298,49.092474,2.45865,82.97,17.7,82.8,98.0
299,49.093184,2.458997,82.97,17.7,82.8,98.0
300,49.093893,2.459343,82.97,17.7,82.8,98.0
301,49.094603,2.45969,82.97,17.7,82.7,98.0
302,49.095313,2.460037,82.97,17.7,82.7,98.0
303,49.096023,2.460384,82.97,17.7,82.7,98.0
304,49.096733,2.460731,82.97,17.7,82.6,98.0
305,49.097443,2.461078,82.97,17.7,82.6,98.0
306,49.098153,2.461425,82.97,17.7,82.6,98.0
307,49.098862,2.461772,82.97,17.7,82.6,98.0
308,49.099572,2.462118,82.97,17.7,82.5,98.0
309,49.100282,2.462465,82.97,17.7,82.5,98.0
310,49.100992,2.462812,82.97,17.7,82.5,97.0
311,49.101702,2.463159,82.97,17.7,82.4,97.0
312,49.102412,2.463506,82.97,17.7,82.4,97.0
313,49.103121,2.463853,82.97,17.7,82.4,97.0
314,49.103831,2.4642,82.97,17.7,82.4,97.0
315,49.104541,2.464547,82.97,17.7,82.3,97.0
316,49.105251,2.464894,82.97,17.7,82.3,97.0
317,49.105961,2.46524,82.97,17.7,82.3,97.0
318,49.106671,2.465587,82.96,17.7,82.2,97.0
319,49.107381,2.465934,82.96,17.7,82.2,97.0
320,49.10809,2.466281,82.96,17.7,82.2,97.0
321,49.1088,2.466628,82.96,17.7,82.1,97.0
322,49.10951,2.466975,82.96,17.7,82.1,97.0
323,49.11022,2.467322,82.96,17.7,82.1,97.0
324,49.11093,2.467669,82.96,17.7,82.1,97.0
325,49.11164,2.468015,82.96,17.7,82.0,97.0
326,49.112349,2.468362,82.96,17.7,82.0,97.0
327,49.113059,2.468709,82.96,17.7,82.0,97.0
328,49.113769,2.469056,82.96,17.7,81.9,97.0
329,49.114479,2.469403,82.96,17.7,81.9,97.0
330,49.115189,2.46975,82.96,17.7,81.9,97.0
331,49.115899,2.470097,82.96,17.7,81.8,97.0
332,49.116609,2.470444,82.96,17.7,81.8,97.0
333,49.117318,2.47079,82.96,17.7,81.8,97.0
334,49.118028,2.471137,82.96,17.7,81.7,97.0
335,49.118738,2.471484,82.96,17.7,81.7,97.0
336,49.119448,2.471831,82.96,17.7,81.7,97.0
337,49.120158,2.472178,82.96,17.7,81.7,96.0
338,49.120868,2.472525,82.96,17.7,81.6,96.0
339,49.121577,2.472872,82.96,17.7,81.6,96.0
340,49.122287,2.473219,82.96,17.7,81.6,96.0
341,49.122997,2.473565,82.96,17.7,81.5,96.0
342,49.123707,2.473912,82.96,17.7,81.5,96.0
343,49.124417,2.474259,82.96,17.7,81.5,96.0
344,49.125127,2.474606,82.96,17.7,81.4,96.0
345,49.125837,2.474953,82.96,17.7,81.4,96.0
346,49.126546,2.4753,82.96,17.7,81.4,96.0
347,49.127256,2.475647,82.96,17.7,81.3,96.0
348,49.127966,2.475994,82.96,17.7,81.3,96.0
349,49.128676,2.47634,82.96,17.7,81.3,96.0
350,49.129386,2.476687,82.96,17.7,81.3,96.0
351,49.130096,2.477034,82.96,17.7,81.2,96.0
352,49.130805,2.477381,82.96,17.7,81.2,96.0
353,49.131515,2.477728,82.96,17.7,81.2,96.0
354,49.132225,2.478075,82.96,17.7,81.1,96.0
355,49.132935,2.478422,82.96,17.7,81.1,96.0
356,49.133645,2.478769,82.96,17.7,81.1,96.0
357,49.134355,2.479116,82.96,17.7,81.0,96.0
358,49.135064,2.479462,82.96,17.7,81.0,96.0
359,49.135774,2.479809,82.96,17.7,81.0,96.0
360,49.136484,2.480156,82.96,17.7,80.9,96.0
361,49.137194,2.480503,82.96,17.7,80.9,96.0
362,49.137904,2.48085,82.96,17.7,80.9,96.0
363,49.138614,2.481197,82.96,17.7,80.9,95.0
364,49.139324,2.481544,82.96,17.7,80.8,95.0
365,49.140033,2.481891,82.96,17.7,80.8,95.0
366,49.140743,2.482237,82.96,17.7,80.8,95.0
367,49.141453,2.482584,82.96,17.7,80.7,95.0
368,49.142163,2.482931,82.96,17.7,80.7,95.0
369,49.142873,2.483278,82.96,17.7,80.7,95.0
370,49.143583,2.483625,82.96,17.7,80.6,95.0
371,49.144292,2.483972,82.96,17.7,80.6,95.0
372,49.145002,2.484319,82.96,17.7,80.6,95.0
373,49.145712,2.484666,82.96,17.7,80.5,95.0
374,49.146422,2.485012,82.96,17.7,80.5,95.0
375,49.147132,2.485359,82.96,17.7,80.5,95.0
376,49.147842,2.485706,82.96,17.7,80.4,95.0
377,49.148552,2.486053,82.96,17.7,80.4,95.0
378,49.149261,2.4864,82.96,17.7,80.4,95.0
379,49.149971,2.486747,82.96,17.7,80.3,95.0
380,49.150681,2.487094,82.96,17.7,80.3,95.0
381,49.151391,2.487441,82.96,17.7,80.3,95.0
382,49.152101,2.487787,82.96,17.7,80.3,95.0
383,49.152811,2.488134,82.96,17.7,80.2,95.0
384,49.15352,2.488481,82.96,17.7,80.2,95.0
385,49.15423,2.488828,82.96,17.7,80.2,95.0
386,49.15494,2.489175,82.96,17.7,80.1,95.0
387,49.15565,2.489522,82.96,17.7,80.1,95.0
388,49.15636,2.489869,82.96,17.7,80.1,95.0
389,49.15707,2.490216,82.96,17.7,80.0,94.0
390,49.15778,2.490562,82.96,17.7,80.0,94.0
391,49.158489,2.490909,82.96,17.7,80.0,94.0
392,49.159199,2.491256,82.96,17.7,79.9,94.0
393,49.159909,2.491603,82.96,17.7,79.9,94.0
394,49.160619,2.49195,82.96,17.7,79.9,94.0
395,49.161329,2.492297,82.96,17.7,79.8,94.0
396,49.162039,2.492644,82.96,17.7,79.8,94.0
397,49.162748,2.492991,82.96,17.7,79.8,94.0
398,49.163458,2.493338,82.96,17.7,79.7,94.0
399,49.164168,2.493684,82.96,17.7,79.7,94.0
400,49.164878,2.494031,82.96,17.7,79.7,94.0
401,49.165588,2.494378,82.96,17.7,79.6,94.0
402,49.166298,2.494725,82.96,17.7,79.6,94.0
403,49.167008,2.495072,82.96,17.7,79.6,94.0
404,49.167717,2.495419,82.96,17.7,79.6,94.0
405,49.168427,2.495766,82.96,17.7,79.5,94.0
406,49.169137,2.496113,82.96,17.7,79.5,94.0
407,49.169847,2.496459,82.96,17.7,79.5,94.0
408,49.170557,2.496806,82.96,17.7,79.4,94.0
409,49.171267,2.497153,82.95,17.7,79.4,94.0
410,49.171976,2.4975,82.95,17.7,79.4,94.0
411,49.172686,2.497847,82.95,17.7,79.3,94.0
412,49.173396,2.498194,82.95,17.7,79.3,94.0
413,49.174106,2.498541,82.95,17.7,79.3,94.0
414,49.174816,2.498888,82.95,17.7,79.2,93.0
415,49.175526,2.499234,82.95,17.7,79.2,93.0
416,49.176235,2.499581,82.95,17.7,79.2,93.0
417,49.176945,2.499928,82.95,17.7,79.1,93.0
418,49.177655,2.500275,82.95,17.7,79.1,93.0
419,49.178365,2.500622,82.95,17.7,79.1,93.0
420,49.179075,2.500969,82.95,17.7,79.0,93.0
421,49.179785,2.501316,82.95,17.7,79.0,93.0
422,49.180495,2.501663,82.95,17.7,79.0,93.0
423,49.181204,2.502009,82.95,17.7,78.9,93.0
424,49.181914,2.502356,82.95,17.7,78.9,93.0
425,49.182624,2.502703,82.95,17.7,78.9,93.0
426,49.183334,2.50305,82.95,17.7,78.8,93.0
427,49.184044,2.503397,82.95,17.7,78.8,93.0
428,49.184754,2.503744,82.95,17.7,78.8,93.0
429,49.185463,2.504091,82.95,17.7,78.7,93.0
430,49.186173,2.504438,82.95,17.7,78.7,93.0
431,49.186883,2.504785,82.95,17.7,78.7,93.0
432,49.187593,2.505131,82.95,17.7,78.6,93.0
433,49.188303,2.505478,82.95,17.7,78.6,93.0
434,49.189013,2.505825,82.95,17.7,78.6,93.0
435,49.189723,2.506172,82.95,17.7,78.5,93.0
436,49.190432,2.506519,82.95,17.7,78.5,93.0
437,49.191142,2.506866,82.95,17.7,78.5,93.0
438,49.191852,2.507213,82.95,17.7,78.4,93.0
439,49.192562,2.50756,82.95,17.7,78.4,92.0
440,49.193272,2.507906,82.95,17.7,78.4,92.0
441,49.193982,2.508253,82.95,17.7,78.3,92.0
442,49.194691,2.5086,82.95,17.7,78.3,92.0
443,49.195401,2.508947,82.95,17.7,78.3,92.0
444,49.196111,2.509294,82.95,17.7,78.2,92.0
445,49.196821,2.509641,82.95,17.7,78.2,92.0
446,49.197531,2.509988,82.95,17.7,78.2,92.0
447,49.198241,2.510335,82.95,17.7,78.1,92.0
448,49.198951,2.510681,82.95,17.7,78.1,92.0
449,49.19966,2.511028,82.95,17.7,78.1,92.0
450,49.20037,2.511375,82.95,17.7,78.0,92.0
451,49.20108,2.511722,82.95,17.7,78.0,92.0
452,49.20179,2.512069,82.95,17.7,78.0,92.0
453,49.2025,2.512416,82.95,17.7,77.9,92.0
454,49.20321,2.512763,82.95,17.7,77.9,92.0
455,49.203919,2.51311,82.95,17.7,77.9,92.0
456,49.204629,2.513456,82.95,17.7,77.8,92.0
457,49.205339,2.513803,82.95,17.7,77.8,92.0
458,49.206049,2.51415,82.95,17.7,77.8,92.0
459,49.206759,2.514497,82.95,17.7,77.7,92.0
460,49.207469,2.514844,82.95,17.7,77.7,92.0
461,49.208179,2.515191,82.95,17.7,77.7,92.0
462,49.208888,2.515538,82.95,17.7,77.6,92.0
463,49.209598,2.515885,82.95,17.7,77.6,91.0
464,49.210308,2.516231,82.95,17.7,77.6,91.0
465,49.211018,2.516578,82.95,17.7,77.5,91.0
466,49.211728,2.516925,82.95,17.7,77.5,91.0
467,49.212438,2.517272,82.95,17.7,77.5,91.0
468,49.213147,2.517619,82.95,17.7,77.4,91.0
469,49.213857,2.517966,82.95,17.7,77.4,91.0
470,49.214567,2.518313,82.95,17.7,77.4,91.0
471,49.215277,2.51866,82.95,17.7,77.3,91.0
472,49.215987,2.519007,82.95,17.7,77.3,91.0
473,49.216697,2.519353,82.95,17.7,77.3,91.0
474,49.217407,2.5197,82.95,17.7,77.2,91.0
475,49.218116,2.520047,82.95,17.7,77.2,91.0
476,49.218826,2.520394,82.95,17.7,77.2,91.0
477,49.219536,2.520741,82.95,17.7,77.1,91.0
478,49.220246,2.521088,82.95,17.7,77.1,91.0
479,49.220956,2.521435,82.95,17.7,77.1,91.0
480,49.221666,2.521782,82.95,17.7,77.0,91.0
481,49.222375,2.522128,82.95,17.7,77.0,91.0
482,49.223085,2.522475,82.95,17.7,77.0,91.0
483,49.223795,2.522822,82.95,17.7,76.9,91.0
484,49.224505,2.523169,82.95,17.7,76.9,91.0
485,49.225215,2.523516,82.95,17.7,76.9,91.0
486,49.225925,2.523863,82.95,17.7,76.8,91.0
487,49.226634,2.52421,82.95,17.7,76.8,91.0
488,49.227344,2.524557,82.95,17.7,76.8,90.0
489,49.228054,2.524903,82.95,17.7,76.7,90.0
490,49.228764,2.52525,82.95,17.7,76.7,90.0
491,49.229474,2.525597,82.95,17.7,76.7,90.0
492,49.230184,2.525944,82.95,17.7,76.6,90.0
493,49.230894,2.526291,82.95,17.7,76.6,90.0
494,49.231603,2.526638,82.95,17.7,76.6,90.0
495,49.232313,2.526985,82.95,17.7,76.5,90.0
496,49.233023,2.527332,82.95,17.7,76.5,90.0
497,49.233733,2.527678,82.95,17.7,76.5,90.0
498,49.234443,2.528025,82.95,17.7,76.4,90.0
499,49.235153,2.528372,82.95,17.7,76.4,90.0
500,49.235862,2.528719,82.94,17.7,76.3,90.0
501,49.236572,2.529066,82.94,17.7,76.3,90.0
502,49.237282,2.529413,82.94,17.7,76.3,90.0
503,49.237992,2.52976,82.94,17.7,76.2,90.0
504,49.238702,2.530107,82.94,17.7,76.2,90.0
505,49.239412,2.530453,82.94,17.7,76.2,90.0
506,49.240122,2.5308,82.94,17.7,76.1,90.0
507,49.240831,2.531147,82.94,17.7,76.1,90.0
508,49.241541,2.531494,82.94,17.7,76.1,90.0
509,49.242251,2.531841,82.94,17.7,76.0,90.0
510,49.242961,2.532188,82.94,17.7,76.0,90.0
511,49.243671,2.532535,82.94,17.7,76.0,89.0
512,49.244381,2.532882,82.94,17.7,75.9,89.0
513,49.24509,2.533229,82.94,17.7,75.9,89.0
514,49.2458,2.533575,82.94,17.7,75.9,89.0
515,49.24651,2.533922,82.94,17.7,75.8,89.0
516,49.24722,2.534269,82.94,17.7,75.8,89.0
517,49.24793,2.534616,82.94,17.7,75.8,89.0
518,49.24864,2.534963,82.94,17.7,75.7,89.0
519,49.24935,2.53531,82.94,17.7,75.7,89.0
520,49.250059,2.535657,82.94,17.7,75.7,89.0
521,49.250769,2.536004,82.94,17.7,75.6,89.0
522,49.251479,2.53635,82.94,17.7,75.6,89.0
523,49.252189,2.536697,82.94,17.7,75.6,89.0
524,49.252899,2.537044,82.94,17.7,75.5,89.0
525,49.253609,2.537391,82.94,17.7,75.5,89.0
526,49.254318,2.537738,82.94,17.7,75.4,89.0
527,49.255028,2.538085,82.94,17.7,75.4,89.0
528,49.255738,2.538432,82.94,17.7,75.4,89.0
529,49.256448,2.538779,82.94,17.7,75.3,89.0
530,49.257158,2.539125,82.94,17.7,75.3,89.0
531,49.257868,2.539472,82.94,17.7,75.3,89.0
532,49.258578,2.539819,82.94,17.7,75.2,89.0
533,49.259287,2.540166,82.94,17.7,75.2,89.0
534,49.259997,2.540513,82.94,17.7,75.2,89.0
535,49.260707,2.54086,82.94,17.7,75.1,88.0
536,49.261417,2.541207,82.94,17.7,75.1,88.0
537,49.262127,2.541554,82.94,17.7,75.1,88.0
538,49.262837,2.5419,82.94,17.7,75.0,88.0
539,49.263546,2.542247,82.94,17.7,75.0,88.0
540,49.264256,2.542594,82.94,17.7,75.0,88.0
541,49.264966,2.542941,82.94,17.7,74.9,88.0
542,49.265676,2.543288,82.94,17.7,74.9,88.0
543,49.266386,2.543635,82.94,17.7,74.9,88.0
544,49.267096,2.543982,82.94,17.7,74.8,88.0
545,49.267805,2.544329,82.94,17.7,74.8,88.0
546,49.268515,2.544675,82.94,17.7,74.7,88.0
547,49.269225,2.545022,82.94,17.7,74.7,88.0
548,49.269935,2.545369,82.94,17.7,74.7,88.0
549,49.270645,2.545716,82.94,17.7,74.6,88.0
550,49.271355,2.546063,82.94,17.7,74.6,88.0
551,49.272065,2.54641,82.94,17.7,74.6,88.0
552,49.272774,2.546757,82.94,17.7,74.5,88.0
553,49.273484,2.547104,82.94,17.7,74.5,88.0
554,49.274194,2.547451,82.94,17.7,74.5,88.0
555,49.274904,2.547797,82.94,17.7,74.4,88.0
556,49.275614,2.548144,82.94,17.7,74.4,88.0
557,49.276324,2.548491,82.94,17.7,74.4,88.0
558,49.277033,2.548838,82.94,17.7,74.3,87.0
559,49.277743,2.549185,82.94,17.7,74.3,87.0
560,49.278453,2.549532,82.94,17.7,74.3,87.0
561,49.279163,2.549879,82.94,17.7,74.2,87.0
562,49.279873,2.550226,82.94,17.7,74.2,87.0
563,49.280583,2.550572,82.94,17.7,74.1,87.0
564,49.281293,2.550919,82.94,17.7,74.1,87.0
565,49.282002,2.551266,82.94,17.7,74.1,87.0
566,49.282712,2.551613,82.94,17.7,74.0,87.0
567,49.283422,2.55196,82.94,17.7,74.0,87.0
568,49.284132,2.552307,82.94,17.7,74.0,87.0
569,49.284842,2.552654,82.94,17.7,73.9,87.0
570,49.285552,2.553001,82.94,17.7,73.9,87.0
571,49.286261,2.553347,82.94,17.7,73.9,87.0
572,49.286971,2.553694,82.94,17.7,73.8,87.0
573,49.287681,2.554041,82.94,17.7,73.8,87.0
574,49.288391,2.554388,82.94,17.7,73.8,87.0
575,49.289101,2.554735,82.94,17.7,73.7,87.0
576,49.289811,2.555082,82.94,17.7,73.7,87.0
577,49.290521,2.555429,82.94,17.7,73.6,87.0
578,49.29123,2.555776,82.94,17.7,73.6,87.0
579,49.29194,2.556122,82.94,17.7,73.6,87.0
580,49.29265,2.556469,82.94,17.7,73.5,87.0
581,49.29336,2.556816,82.94,17.7,73.5,86.0
582,49.29407,2.557163,82.94,17.7,73.5,86.0
583,49.29478,2.55751,82.94,17.7,73.4,86.0
584,49.295489,2.557857,82.94,17.7,73.4,86.0
585,49.296199,2.558204,82.94,17.7,73.4,86.0
586,49.296909,2.558551,82.94,17.7,73.3,86.0
587,49.297619,2.558898,82.94,17.7,73.3,86.0
588,49.298329,2.559244,82.94,17.7,73.3,86.0
589,49.299039,2.559591,82.94,17.7,73.2,86.0
590,49.299749,2.559938,82.93,17.7,73.2,86.0
591,49.300458,2.560285,82.93,17.7,73.1,86.0
592,49.301168,2.560632,82.93,17.7,73.1,86.0
593,49.301878,2.560979,82.93,17.7,73.1,86.0
594,49.302588,2.561326,82.93,17.7,73.0,86.0
595,49.303298,2.561673,82.93,17.7,73.0,86.0
596,49.304008,2.562019,82.93,17.7,73.0,86.0
597,49.304717,2.562366,82.93,17.7,72.9,86.0
598,49.305427,2.562713,82.93,17.7,72.9,86.0
599,49.306137,2.56306,82.93,17.7,72.9,86.0
600,49.306847,2.563407,82.93,17.7,72.8,86.0
601,49.307557,2.563754,82.93,17.7,72.8,86.0
602,49.308267,2.564101,82.93,17.7,72.7,86.0
603,49.308976,2.564448,82.93,17.7,72.7,86.0
604,49.309686,2.564794,82.93,17.7,72.7,85.0
605,49.310396,2.565141,82.93,17.7,72.6,85.0
606,49.311106,2.565488,82.93,17.7,72.6,85.0
607,49.311816,2.565835,82.93,17.7,72.6,85.0
608,49.312526,2.566182,82.93,17.7,72.5,85.0
609,49.313236,2.566529,82.93,17.7,72.5,85.0
610,49.313945,2.566876,82.93,17.7,72.5,85.0
611,49.314655,2.567223,82.93,17.7,72.4,85.0
612,49.315365,2.567569,82.93,17.7,72.4,85.0
613,49.316075,2.567916,82.93,17.7,72.3,85.0
614,49.316785,2.568263,82.93,17.7,72.3,85.0
615,49.317495,2.56861,82.93,17.7,72.3,85.0
616,49.318204,2.568957,82.93,17.7,72.2,85.0
617,49.318914,2.569304,82.93,17.7,72.2,85.0
618,49.319624,2.569651,82.93,17.7,72.2,85.0
619,49.320334,2.569998,82.93,17.7,72.1,85.0
620,49.321044,2.570344,82.93,17.7,72.1,85.0
621,49.321754,2.570691,82.93,17.7,72.1,85.0
622,49.322464,2.571038,82.93,17.7,72.0,85.0
623,49.323173,2.571385,82.93,17.7,72.0,85.0
624,49.323883,2.571732,82.93,17.7,71.9,85.0
625,49.324593,2.572079,82.93,17.7,71.9,85.0
626,49.325303,2.572426,82.93,17.7,71.9,84.0
627,49.326013,2.572773,82.93,17.7,71.8,84.0
628,49.326723,2.57312,82.93,17.7,71.8,84.0
629,49.327432,2.573466,82.93,17.7,71.8,84.0
630,49.328142,2.573813,82.93,17.7,71.7,84.0
631,49.328852,2.57416,82.93,17.7,71.7,84.0
632,49.329562,2.574507,82.93,17.7,71.7,84.0
633,49.330272,2.574854,82.93,17.7,71.6,84.0
634,49.330982,2.575201,82.93,17.7,71.6,84.0
635,49.331692,2.575548,82.93,17.7,71.5,84.0
636,49.332401,2.575895,82.93,17.7,71.5,84.0
637,49.333111,2.576241,82.93,17.7,71.5,84.0
638,49.333821,2.576588,82.93,17.7,71.4,84.0
639,49.334531,2.576935,82.93,17.7,71.4,84.0
640,49.335241,2.577282,82.93,17.7,71.4,84.0
641,49.335951,2.577629,82.93,17.7,71.3,84.0
642,49.33666,2.577976,82.93,17.7,71.3,84.0
643,49.33737,2.578323,82.93,17.7,71.2,84.0
644,49.33808,2.57867,82.93,17.7,71.2,84.0
645,49.33879,2.579016,82.93,17.7,71.2,84.0
646,49.3395,2.579363,82.93,17.7,71.1,84.0
647,49.34021,2.57971,82.93,17.7,71.1,84.0
648,49.34092,2.580057,82.93,17.7,71.1,84.0
649,49.341629,2.580404,82.93,17.7,71.0,83.0
650,49.342339,2.580751,82.93,17.7,71.0,83.0
651,49.343049,2.581098,82.93,17.7,71.0,83.0
652,49.343759,2.581445,82.93,17.7,70.9,83.0
653,49.344469,2.581791,82.93,17.7,70.9,83.0
654,49.345179,2.582138,82.93,17.7,70.8,83.0
655,49.345888,2.582485,82.93,17.7,70.8,83.0
656,49.346598,2.582832,82.93,17.7,70.8,83.0
657,49.347308,2.583179,82.93,17.7,70.7,83.0
658,49.348018,2.583526,82.93,17.7,70.7,83.0
659,49.348728,2.583873,82.93,17.7,70.7,83.0
660,49.349438,2.58422,82.93,17.7,70.6,83.0
661,49.350148,2.584566,82.93,17.7,70.6,83.0
662,49.350857,2.584913,82.93,17.7,70.5,83.0
663,49.351567,2.58526,82.93,17.7,70.5,83.0
664,49.352277,2.585607,82.93,17.7,70.5,83.0
665,49.352987,2.585954,82.93,17.7,70.4,83.0
666,49.353697,2.586301,82.93,17.7,70.4,83.0
667,49.354407,2.586648,82.93,17.7,70.4,83.0
668,49.355116,2.586995,82.93,17.7,70.3,83.0
669,49.355826,2.587342,82.93,17.7,70.3,83.0
670,49.356536,2.587688,82.93,17.7,70.2,83.0
671,49.357246,2.588035,82.93,17.7,70.2,82.0
672,49.357956,2.588382,82.93,17.7,70.2,82.0
673,49.358666,2.588729,82.93,17.7,70.1,82.0
674,49.359375,2.589076,82.93,17.7,70.1,82.0
675,49.360085,2.589423,82.93,17.7,70.1,82.0
676,49.360795,2.58977,82.93,17.7,70.0,82.0
677,49.361505,2.590117,82.93,17.7,70.0,82.0
678,49.362215,2.590463,82.93,17.7,69.9,82.0
679,49.362925,2.59081,82.93,17.7,69.9,82.0
680,49.363635,2.591157,82.93,17.7,69.9,82.0
681,49.364344,2.591504,82.92,17.7,69.8,82.0
682,49.365054,2.591851,82.92,17.7,69.8,82.0
683,49.365764,2.592198,82.92,17.7,69.8,82.0
684,49.366474,2.592545,82.92,17.7,69.7,82.0
685,49.367184,2.592892,82.92,17.7,69.7,82.0
686,49.367894,2.593238,82.92,17.7,69.7,82.0
687,49.368603,2.593585,82.92,17.7,69.6,82.0
688,49.369313,2.593932,82.92,17.7,69.6,82.0
689,49.370023,2.594279,82.92,17.7,69.5,82.0
690,49.370733,2.594626,82.92,17.7,69.5,82.0
691,49.371443,2.594973,82.92,17.7,69.5,82.0
692,49.372153,2.59532,82.92,17.7,69.4,81.0
693,49.372863,2.595667,82.92,17.7,69.4,81.0
694,49.373572,2.596013,82.92,17.7,69.4,81.0
695,49.374282,2.59636,82.92,17.6,69.3,81.0
696,49.374992,2.596707,82.92,17.6,69.3,81.0
697,49.375702,2.597054,82.92,17.6,69.2,81.0
698,49.376412,2.597401,82.92,17.6,69.2,81.0
699,49.377122,2.597748,82.92,17.6,69.2,81.0
700,49.377831,2.598095,82.92,17.6,69.1,81.0
701,49.378541,2.598442,82.92,17.6,69.1,81.0
702,49.379251,2.598788,82.92,17.6,69.1,81.0
703,49.379961,2.599135,82.92,17.6,69.0,81.0
704,49.380671,2.599482,82.92,17.6,69.0,81.0
705,49.381381,2.599829,82.92,17.6,68.9,81.0
706,49.382091,2.600176,82.92,17.6,68.9,81.0
707,49.3828,2.600523,82.92,17.6,68.9,81.0
708,49.38351,2.60087,82.92,17.6,68.8,81.0
709,49.38422,2.601217,82.92,17.6,68.8,81.0
710,49.38493,2.601564,82.92,17.6,68.8,81.0
711,49.38564,2.60191,82.92,17.6,68.7,81.0
712,49.38635,2.602257,82.92,17.6,68.7,81.0
713,49.387059,2.602604,82.92,17.6,68.6,81.0
714,49.387769,2.602951,82.92,17.6,68.6,80.0
715,49.388479,2.603298,82.92,17.6,68.6,80.0
716,49.389189,2.603645,82.92,17.6,68.5,80.0
717,49.389899,2.603992,82.92,17.6,68.5,80.0
718,49.390609,2.604339,82.92,17.6,68.4,80.0
719,49.391319,2.604685,82.92,17.6,68.4,80.0
720,49.392028,2.605032,82.92,17.6,68.4,80.0
721,49.392738,2.605379,82.92,17.6,68.3,80.0
722,49.393448,2.605726,82.92,17.6,68.3,80.0
723,49.394158,2.606073,82.92,17.6,68.3,80.0
724,49.394868,2.60642,82.92,17.6,68.2,80.0
725,49.395578,2.606767,82.92,17.6,68.2,80.0
726,49.396287,2.607114,82.92,17.6,68.1,80.0
727,49.396997,2.60746,82.92,17.6,68.1,80.0
728,49.397707,2.607807,82.92,17.6,68.1,80.0
729,49.398417,2.608154,82.92,17.6,68.0,80.0
730,49.399127,2.608501,82.92,17.6,68.0,80.0
731,49.399837,2.608848,82.92,17.6,68.0,80.0
732,49.400546,2.609195,82.92,17.6,67.9,80.0
733,49.401256,2.609542,82.92,17.6,67.9,80.0
734,49.401966,2.609889,82.92,17.6,67.8,80.0
735,49.402676,2.610235,82.92,17.6,67.8,79.0
736,49.403386,2.610582,82.92,17.6,67.8,79.0
737,49.404096,2.610929,82.92,17.6,67.7,79.0
738,49.404806,2.611276,82.92,17.6,67.7,79.0
739,49.405515,2.611623,82.92,17.6,67.7,79.0
740,49.406225,2.61197,82.92,17.6,67.6,79.0
741,49.406935,2.612317,82.92,17.6,67.6,79.0
742,49.407645,2.612664,82.92,17.6,67.5,79.0
743,49.408355,2.613011,82.92,17.6,67.5,79.0
744,49.409065,2.613357,82.92,17.6,67.5,79.0
745,49.409774,2.613704,82.92,17.6,67.4,79.0
746,49.410484,2.614051,82.92,17.6,67.4,79.0
747,49.411194,2.614398,82.92,17.6,67.4,79.0
748,49.411904,2.614745,82.92,17.6,67.3,79.0
749,49.412614,2.615092,82.92,17.6,67.3,79.0
750,49.413324,2.615439,82.92,17.6,67.2,79.0
751,49.414034,2.615786,82.92,17.6,67.2,79.0
752,49.414743,2.616132,82.92,17.6,67.2,79.0
753,49.415453,2.616479,82.92,17.6,67.1,79.0
754,49.416163,2.616826,82.92,17.6,67.1,79.0
755,49.416873,2.617173,82.92,17.6,67.0,79.0
756,49.417583,2.61752,82.92,17.6,67.0,78.0
757,49.418293,2.617867,82.92,17.6,67.0,78.0
758,49.419002,2.618214,82.92,17.6,66.9,78.0
759,49.419712,2.618561,82.92,17.6,66.9,78.0
760,49.420422,2.618907,82.92,17.6,66.9,78.0
761,49.421132,2.619254,82.92,17.6,66.8,78.0
762,49.421842,2.619601,82.92,17.6,66.8,78.0
763,49.422552,2.619948,82.92,17.6,66.7,78.0
764,49.423262,2.620295,82.92,17.6,66.7,78.0
765,49.423971,2.620642,82.92,17.6,66.7,78.0
766,49.424681,2.620989,82.92,17.6,66.6,78.0
767,49.425391,2.621336,82.92,17.6,66.6,78.0
768,49.426101,2.621682,82.92,17.6,66.6,78.0
769,49.426811,2.622029,82.92,17.6,66.5,78.0
770,49.427521,2.622376,82.92,17.6,66.5,78.0
771,49.42823,2.622723,82.92,17.6,66.4,78.0
772,49.42894,2.62307,82.91,17.6,66.4,78.0
773,49.42965,2.623417,82.91,17.6,66.4,78.0
774,49.43036,2.623764,82.91,17.6,66.3,78.0
775,49.43107,2.624111,82.91,17.6,66.3,78.0
776,49.43178,2.624457,82.91,17.6,66.2,78.0
777,49.43249,2.624804,82.91,17.6,66.2,77.0
778,49.433199,2.625151,82.91,17.6,66.2,77.0
779,49.433909,2.625498,82.91,17.6,66.1,77.0
780,49.434619,2.625845,82.91,17.6,66.1,77.0
781,49.435329,2.626192,82.91,17.6,66.1,77.0
782,49.436039,2.626539,82.91,17.6,66.0,77.0
783,49.436749,2.626886,82.91,17.6,66.0,77.0
784,49.437458,2.627233,82.91,17.6,65.9,77.0
785,49.438168,2.627579,82.91,17.6,65.9,77.0
786,49.438878,2.627926,82.91,17.6,65.9,77.0
787,49.439588,2.628273,82.91,17.6,65.8,77.0
788,49.440298,2.62862,82.91,17.6,65.8,77.0
789,49.441008,2.628967,82.91,17.6,65.7,77.0
790,49.441718,2.629314,82.91,17.6,65.7,77.0
791,49.442427,2.629661,82.91,17.6,65.7,77.0
792,49.443137,2.630008,82.91,17.6,65.6,77.0
793,49.443847,2.630354,82.91,17.6,65.6,77.0
794,49.444557,2.630701,82.91,17.6,65.6,77.0
795,49.445267,2.631048,82.91,17.6,65.5,77.0
796,49.445977,2.631395,82.91,17.6,65.5,77.0
797,49.446686,2.631742,82.91,17.6,65.4,77.0
798,49.447396,2.632089,82.91,17.6,65.4,76.0
799,49.448106,2.632436,82.91,17.6,65.4,76.0
800,49.448816,2.632783,82.91,17.6,65.3,76.0
801,49.449526,2.633129,82.91,17.6,65.3,76.0
802,49.450236,2.633476,82.91,17.6,65.2,76.0
803,49.450945,2.633823,82.91,17.6,65.2,76.0
804,49.451655,2.63417,82.91,17.6,65.2,76.0
805,49.452365,2.634517,82.91,17.6,65.1,76.0
806,49.453075,2.634864,82.91,17.6,65.1,76.0
807,49.453785,2.635211,82.91,17.6,65.1,76.0
808,49.454495,2.635558,82.91,17.6,65.0,76.0
809,49.455205,2.635904,82.91,17.6,65.0,76.0
810,49.455914,2.636251,82.91,17.6,64.9,76.0
811,49.456624,2.636598,82.91,17.6,64.9,76.0
812,49.457334,2.636945,82.91,17.6,64.9,76.0
813,49.458044,2.637292,82.91,17.6,64.8,76.0
814,49.458754,2.637639,82.91,17.6,64.8,76.0
815,49.459464,2.637986,82.91,17.6,64.7,76.0
816,49.460173,2.638333,82.91,17.6,64.7,76.0
817,49.460883,2.638679,82.91,17.6,64.7,76.0
818,49.461593,2.639026,82.91,17.6,64.6,76.0
819,49.462303,2.639373,82.91,17.6,64.6,75.0
820,49.463013,2.63972,82.91,17.6,64.6,75.0
821,49.463723,2.640067,82.91,17.6,64.5,75.0
822,49.464433,2.640414,82.91,17.6,64.5,75.0
823,49.465142,2.640761,82.91,17.6,64.4,75.0
824,49.465852,2.641108,82.91,17.6,64.4,75.0
825,49.466562,2.641455,82.91,17.6,64.4,75.0
826,49.467272,2.641801,82.91,17.6,64.3,75.0
827,49.467982,2.642148,82.91,17.6,64.3,75.0
828,49.468692,2.642495,82.91,17.6,64.2,75.0
829,49.469401,2.642842,82.91,17.6,64.2,75.0
830,49.470111,2.643189,82.91,17.6,64.2,75.0
831,49.470821,2.643536,82.91,17.6,64.1,75.0
832,49.471531,2.643883,82.91,17.6,64.1,75.0
833,49.472241,2.64423,82.91,17.6,64.1,75.0
834,49.472951,2.644576,82.91,17.6,64.0,75.0
835,49.473661,2.644923,82.91,17.6,64.0,75.0
836,49.47437,2.64527,82.91,17.6,63.9,75.0
837,49.47508,2.645617,82.91,17.6,63.9,75.0
838,49.47579,2.645964,82.91,17.6,63.9,75.0
839,49.4765,2.646311,82.91,17.6,63.8,75.0
840,49.47721,2.646658,82.91,17.6,63.8,74.0
841,49.47792,2.647005,82.91,17.6,63.7,74.0
842,49.478629,2.647351,82.91,17.6,63.7,74.0
843,49.479339,2.647698,82.91,17.6,63.7,74.0
844,49.480049,2.648045,82.91,17.6,63.6,74.0
845,49.480759,2.648392,82.91,17.6,63.6,74.0
846,49.481469,2.648739,82.91,17.6,63.5,74.0
847,49.482179,2.649086,82.91,17.6,63.5,74.0
848,49.482889,2.649433,82.91,17.6,63.5,74.0
849,49.483598,2.64978,82.91,17.6,63.4,74.0
850,49.484308,2.650126,82.91,17.6,63.4,74.0
851,49.485018,2.650473,82.91,17.6,63.4,74.0
852,49.485728,2.65082,82.91,17.6,63.3,74.0
853,49.486438,2.651167,82.91,17.6,63.3,74.0
854,49.487148,2.651514,82.91,17.6,63.2,74.0
855,49.487857,2.651861,82.91,17.6,63.2,74.0
856,49.488567,2.652208,82.91,17.6,63.2,74.0
857,49.489277,2.652555,82.91,17.6,63.1,74.0
858,49.489987,2.652901,82.91,17.6,63.1,74.0
859,49.490697,2.653248,82.91,17.6,63.0,74.0
860,49.491407,2.653595,82.91,17.6,63.0,73.0
861,49.492116,2.653942,82.91,17.6,63.0,73.0
862,49.492826,2.654289,82.91,17.6,62.9,73.0
863,49.493536,2.654636,82.9,17.6,62.9,73.0
864,49.494246,2.654983,82.9,17.6,62.9,73.0
865,49.494956,2.65533,82.9,17.6,62.8,73.0
866,49.495666,2.655677,82.9,17.6,62.8,73.0
867,49.496376,2.656023,82.9,17.6,62.7,73.0
868,49.497085,2.65637,82.9,17.6,62.7,73.0
869,49.497795,2.656717,82.9,17.6,62.7,73.0
870,49.498505,2.657064,82.9,17.6,62.6,73.0
871,49.499215,2.657411,82.9,17.6,62.6,73.0
872,49.499925,2.657758,82.9,17.6,62.5,73.0
873,49.500635,2.658105,82.9,17.6,62.5,73.0
874,49.501344,2.658452,82.9,17.6,62.5,73.0
875,49.502054,2.658798,82.9,17.6,62.4,73.0
876,49.502764,2.659145,82.9,17.6,62.4,73.0
877,49.503474,2.659492,82.9,17.6,62.3,73.0
878,49.504184,2.659839,82.9,17.6,62.3,73.0
879,49.504894,2.660186,82.9,17.6,62.3,73.0
880,49.505604,2.660533,82.9,17.6,62.2,72.0
881,49.506313,2.66088,82.9,17.6,62.2,72.0
882,49.507023,2.661227,82.9,17.6,62.2,72.0
883,49.507733,2.661573,82.9,17.6,62.1,72.0
884,49.508443,2.66192,82.9,17.6,62.1,72.0
885,49.509153,2.662267,82.9,17.6,62.0,72.0
886,49.509863,2.662614,82.9,17.6,62.0,72.0
887,49.510572,2.662961,82.9,17.6,62.0,72.0
888,49.511282,2.663308,82.9,17.6,61.9,72.0
889,49.511992,2.663655,82.9,17.6,61.9,72.0
890,49.512702,2.664002,82.9,17.6,61.8,72.0
891,49.513412,2.664348,82.9,17.6,61.8,72.0
892,49.514122,2.664695,82.9,17.6,61.8,72.0
893,49.514832,2.665042,82.9,17.6,61.7,72.0
894,49.515541,2.665389,82.9,17.6,61.7,72.0
895,49.516251,2.665736,82.9,17.6,61.6,72.0
896,49.516961,2.666083,82.9,17.6,61.6,72.0
897,49.517671,2.66643,82.9,17.6,61.6,72.0
898,49.518381,2.666777,82.9,17.6,61.5,72.0
899,49.519091,2.667124,82.9,17.6,61.5,72.0
900,49.5198,2.66747,82.9,17.6,61.5,71.0
901,49.52051,2.667817,82.9,17.6,61.4,71.0
902,49.52122,2.668164,82.9,17.6,61.4,71.0
903,49.52193,2.668511,82.9,17.6,61.3,71.0
904,49.52264,2.668858,82.9,17.6,61.3,71.0
905,49.52335,2.669205,82.9,17.6,61.3,71.0
906,49.52406,2.669552,82.9,17.6,61.2,71.0
907,49.524769,2.669899,82.9,17.6,61.2,71.0
908,49.525479,2.670245,82.9,17.6,61.1,71.0
909,49.526189,2.670592,82.9,17.6,61.1,71.0
910,49.526899,2.670939,82.9,17.6,61.1,71.0
911,49.527609,2.671286,82.9,17.6,61.0,71.0
912,49.528319,2.671633,82.9,17.6,61.0,71.0
913,49.529028,2.67198,82.9,17.6,61.0,71.0
914,49.529738,2.672327,82.9,17.6,60.9,71.0
915,49.530448,2.672674,82.9,17.6,60.9,71.0
916,49.531158,2.67302,82.9,17.6,60.8,71.0
917,49.531868,2.673367,82.9,17.6,60.8,71.0
918,49.532578,2.673714,82.9,17.6,60.8,71.0
919,49.533288,2.674061,82.9,17.6,60.7,71.0
920,49.533997,2.674408,82.9,17.6,60.7,70.0
921,49.534707,2.674755,82.9,17.6,60.6,70.0
922,49.535417,2.675102,82.9,17.6,60.6,70.0
923,49.536127,2.675449,82.9,17.6,60.6,70.0
924,49.536837,2.675795,82.9,17.6,60.5,70.0
925,49.537547,2.676142,82.9,17.6,60.5,70.0
926,49.538256,2.676489,82.9,17.6,60.4,70.0
927,49.538966,2.676836,82.9,17.6,60.4,70.0
928,49.539676,2.677183,82.9,17.6,60.4,70.0
929,49.540386,2.67753,82.9,17.6,60.3,70.0
930,49.541096,2.677877,82.9,17.6,60.3,70.0
931,49.541806,2.678224,82.9,17.6,60.3,70.0
932,49.542515,2.67857,82.9,17.6,60.2,70.0
933,49.543225,2.678917,82.9,17.6,60.2,70.0
934,49.543935,2.679264,82.9,17.6,60.1,70.0
935,49.544645,2.679611,82.9,17.6,60.1,70.0
936,49.545355,2.679958,82.9,17.6,60.1,70.0
937,49.546065,2.680305,82.9,17.6,60.0,70.0
938,49.546775,2.680652,82.9,17.6,60.0,70.0
939,49.547484,2.680999,82.9,17.6,59.9,70.0
940,49.548194,2.681346,82.9,17.6,59.9,69.0
941,49.548904,2.681692,82.9,17.6,59.9,69.0
942,49.549614,2.682039,82.9,17.6,59.8,69.0
943,49.550324,2.682386,82.9,17.6,59.8,69.0
944,49.551034,2.682733,82.9,17.6,59.7,69.0
945,49.551743,2.68308,82.9,17.6,59.7,69.0
946,49.552453,2.683427,82.9,17.6,59.7,69.0
947,49.553163,2.683774,82.9,17.6,59.6,69.0
948,49.553873,2.684121,82.9,17.6,59.6,69.0
949,49.554583,2.684467,82.9,17.6,59.6,69.0
950,49.555293,2.684814,82.9,17.6,59.5,69.0
951,49.556003,2.685161,82.9,17.6,59.5,69.0
952,49.556712,2.685508,82.9,17.6,59.4,69.0
953,49.557422,2.685855,82.9,17.6,59.4,69.0
954,49.558132,2.686202,82.89,17.6,59.4,69.0
955,49.558842,2.686549,82.89,17.6,59.3,69.0
956,49.559552,2.686896,82.89,17.6,59.3,69.0
957,49.560262,2.687242,82.89,17.6,59.2,69.0
958,49.560971,2.687589,82.89,17.6,59.2,69.0
959,49.561681,2.687936,82.89,17.6,59.2,69.0
960,49.562391,2.688283,82.89,17.6,59.1,68.0
961,49.563101,2.68863,82.89,17.6,59.1,68.0
962,49.563811,2.688977,82.89,17.6,59.0,68.0
963,49.564521,2.689324,82.89,17.6,59.0,68.0
964,49.565231,2.689671,82.89,17.6,59.0,68.0
965,49.56594,2.690017,82.89,17.6,58.9,68.0
966,49.56665,2.690364,82.89,17.6,58.9,68.0
967,49.56736,2.690711,82.89,17.6,58.9,68.0
968,49.56807,2.691058,82.89,17.6,58.8,68.0
969,49.56878,2.691405,82.89,17.6,58.8,68.0
970,49.56949,2.691752,82.89,17.6,58.7,68.0
971,49.570199,2.692099,82.89,17.6,58.7,68.0
972,49.570909,2.692446,82.89,17.6,58.7,68.0
973,49.571619,2.692792,82.89,17.6,58.6,68.0
974,49.572329,2.693139,82.89,17.6,58.6,68.0
975,49.573039,2.693486,82.89,17.6,58.5,68.0
976,49.573749,2.693833,82.89,17.6,58.5,68.0
977,49.574459,2.69418,82.89,17.6,58.5,68.0
978,49.575168,2.694527,82.89,17.6,58.4,68.0
979,49.575878,2.694874,82.89,17.6,58.4,67.0
980,49.576588,2.695221,82.89,17.6,58.3,67.0
981,49.577298,2.695568,82.89,17.6,58.3,67.0
982,49.578008,2.695914,82.89,17.6,58.3,67.0
983,49.578718,2.696261,82.89,17.6,58.2,67.0
984,49.579427,2.696608,82.89,17.6,58.2,67.0
985,49.580137,2.696955,82.89,17.6,58.2,67.0
986,49.580847,2.697302,82.89,17.6,58.1,67.0
987,49.581557,2.697649,82.89,17.6,58.1,67.0
988,49.582267,2.697996,82.89,17.6,58.0,67.0
989,49.582977,2.698343,82.89,17.6,58.0,67.0
990,49.583686,2.698689,82.89,17.6,58.0,67.0
991,49.584396,2.699036,82.89,17.6,57.9,67.0
992,49.585106,2.699383,82.89,17.6,57.9,67.0
993,49.585816,2.69973,82.89,17.6,57.8,67.0
994,49.586526,2.700077,82.89,17.6,57.8,67.0
995,49.587236,2.700424,82.89,17.6,57.8,67.0
996,49.587946,2.700771,82.89,17.6,57.7,67.0
997,49.588655,2.701118,82.89,17.6,57.7,67.0
998,49.589365,2.701464,82.89,17.6,57.6,67.0
999,49.590075,2.701811,82.89,17.6,57.6,66.0
1000,49.590785,2.702158,82.89,17.6,57.6,66.0
1001,49.591495,2.702505,82.89,17.6,57.5,66.0
1002,49.592205,2.702852,82.89,17.6,57.5,66.0
1003,49.592914,2.703199,82.89,17.6,57.5,66.0
1004,49.593624,2.703546,82.89,17.6,57.4,66.0
1005,49.594334,2.703893,82.89,17.6,57.4,66.0
1006,49.595044,2.704239,82.89,17.6,57.3,66.0
1007,49.595754,2.704586,82.89,17.6,57.3,66.0
1008,49.596464,2.704933,82.89,17.6,57.3,66.0
1009,49.597174,2.70528,82.89,17.6,57.2,66.0
1010,49.597883,2.705627,82.89,17.6,57.2,66.0
1011,49.598593,2.705974,82.89,17.6,57.1,66.0
1012,49.599303,2.706321,82.89,17.6,57.1,66.0
1013,49.600013,2.706668,82.89,17.6,57.1,66.0
1014,49.600723,2.707014,82.89,17.6,57.0,66.0
1015,49.601433,2.707361,82.89,17.6,57.0,66.0
1016,49.602142,2.707708,82.89,17.6,56.9,66.0
1017,49.602852,2.708055,82.89,17.6,56.9,66.0
1018,49.603562,2.708402,82.89,17.6,56.9,65.0
1019,49.604272,2.708749,82.89,17.6,56.8,65.0
1020,49.604982,2.709096,82.89,17.6,56.8,65.0
1021,49.605692,2.709443,82.89,17.6,56.8,65.0
1022,49.606402,2.70979,82.89,17.6,56.7,65.0
1023,49.607111,2.710136,82.89,17.6,56.7,65.0
1024,49.607821,2.710483,82.89,17.6,56.6,65.0
1025,49.608531,2.71083,82.89,17.6,56.6,65.0
1026,49.609241,2.711177,82.89,17.6,56.6,65.0
1027,49.609951,2.711524,82.89,17.6,56.5,65.0
1028,49.610661,2.711871,82.89,17.6,56.5,65.0
1029,49.61137,2.712218,82.89,17.6,56.4,65.0
1030,49.61208,2.712565,82.89,17.6,56.4,65.0
1031,49.61279,2.712911,82.89,17.6,56.4,65.0
1032,49.6135,2.713258,82.89,17.6,56.3,65.0
1033,49.61421,2.713605,82.89,17.6,56.3,65.0
1034,49.61492,2.713952,82.89,17.6,56.3,65.0
1035,49.61563,2.714299,82.89,17.6,56.2,65.0
1036,49.616339,2.714646,82.89,17.6,56.2,65.0
1037,49.617049,2.714993,82.89,17.6,56.1,65.0
1038,49.617759,2.71534,82.89,17.6,56.1,64.0
1039,49.618469,2.715686,82.89,17.6,56.1,64.0
1040,49.619179,2.716033,82.89,17.6,56.0,64.0
1041,49.619889,2.71638,82.89,17.6,56.0,64.0
1042,49.620598,2.716727,82.89,17.6,55.9,64.0
1043,49.621308,2.717074,82.89,17.6,55.9,64.0
1044,49.622018,2.717421,82.89,17.6,55.9,64.0
1045,49.622728,2.717768,82.88,17.6,55.8,64.0
1046,49.623438,2.718115,82.88,17.6,55.8,64.0
1047,49.624148,2.718461,82.88,17.6,55.7,64.0
1048,49.624857,2.718808,82.88,17.6,55.7,64.0
1049,49.625567,2.719155,82.88,17.6,55.7,64.0
1050,49.626277,2.719502,82.88,17.6,55.6,64.0
1051,49.626987,2.719849,82.88,17.6,55.6,64.0
1052,49.627697,2.720196,82.88,17.6,55.6,64.0
1053,49.628407,2.720543,82.88,17.6,55.5,64.0
1054,49.629117,2.72089,82.88,17.6,55.5,64.0
1055,49.629826,2.721237,82.88,17.6,55.4,64.0
1056,49.630536,2.721583,82.88,17.6,55.4,64.0
1057,49.631246,2.72193,82.88,17.6,55.4,63.0
1058,49.631956,2.722277,82.88,17.6,55.3,63.0
1059,49.632666,2.722624,82.88,17.6,55.3,63.0
1060,49.633376,2.722971,82.88,17.6,55.2,63.0
1061,49.634085,2.723318,82.88,17.6,55.2,63.0
1062,49.634795,2.723665,82.88,17.6,55.2,63.0
1063,49.635505,2.724012,82.88,17.6,55.1,63.0
1064,49.636215,2.724358,82.88,17.6,55.1,63.0
1065,49.636925,2.724705,82.88,17.6,55.1,63.0
1066,49.637635,2.725052,82.88,17.6,55.0,63.0
1067,49.638345,2.725399,82.88,17.6,55.0,63.0
1068,49.639054,2.725746,82.88,17.6,54.9,63.0
1069,49.639764,2.726093,82.88,17.6,54.9,63.0
1070,49.640474,2.72644,82.88,17.6,54.9,63.0
1071,49.641184,2.726787,82.88,17.6,54.8,63.0
1072,49.641894,2.727133,82.88,17.6,54.8,63.0
1073,49.642604,2.72748,82.88,17.6,54.7,63.0
1074,49.643313,2.727827,82.88,17.6,54.7,63.0
1075,49.644023,2.728174,82.88,17.6,54.7,63.0
1076,49.644733,2.728521,82.88,17.6,54.6,62.0
1077,49.645443,2.728868,82.88,17.6,54.6,62.0
1078,49.646153,2.729215,82.88,17.6,54.6,62.0
1079,49.646863,2.729562,82.88,17.6,54.5,62.0
1080,49.647573,2.729908,82.88,17.6,54.5,62.0
1081,49.648282,2.730255,82.88,17.6,54.4,62.0
1082,49.648992,2.730602,82.88,17.6,54.4,62.0
1083,49.649702,2.730949,82.88,17.6,54.4,62.0
1084,49.650412,2.731296,82.88,17.6,54.3,62.0
1085,49.651122,2.731643,82.88,17.6,54.3,62.0
1086,49.651832,2.73199,82.88,17.6,54.2,62.0
1087,49.652541,2.732337,82.88,17.6,54.2,62.0
1088,49.653251,2.732683,82.88,17.6,54.2,62.0
1089,49.653961,2.73303,82.88,17.6,54.1,62.0
1090,49.654671,2.733377,82.88,17.6,54.1,62.0
1091,49.655381,2.733724,82.88,17.6,54.1,62.0
1092,49.656091,2.734071,82.88,17.6,54.0,62.0
1093,49.656801,2.734418,82.88,17.6,54.0,62.0
1094,49.65751,2.734765,82.88,17.6,53.9,62.0
1095,49.65822,2.735112,82.88,17.6,53.9,61.0
1096,49.65893,2.735459,82.88,17.6,53.9,61.0
1097,49.65964,2.735805,82.88,17.6,53.8,61.0
1098,49.66035,2.736152,82.88,17.6,53.8,61.0
1099,49.66106,2.736499,82.88,17.6,53.8,61.0
1100,49.661769,2.736846,82.88,17.6,53.7,61.0
1101,49.662479,2.737193,82.88,17.6,53.7,61.0
1102,49.663189,2.73754,82.88,17.6,53.6,61.0
1103,49.663899,2.737887,82.88,17.6,53.6,61.0
1104,49.664609,2.738234,82.88,17.6,53.6,61.0
1105,49.665319,2.73858,82.88,17.6,53.5,61.0
1106,49.666029,2.738927,82.88,17.6,53.5,61.0
1107,49.666738,2.739274,82.88,17.6,53.4,61.0
1108,49.667448,2.739621,82.88,17.6,53.4,61.0
1109,49.668158,2.739968,82.88,17.6,53.4,61.0
1110,49.668868,2.740315,82.88,17.6,53.3,61.0
1111,49.669578,2.740662,82.88,17.6,53.3,61.0
1112,49.670288,2.741009,82.88,17.5,53.3,61.0
1113,49.670997,2.741355,82.88,17.5,53.2,61.0
1114,49.671707,2.741702,82.88,17.5,53.2,60.0
1115,49.672417,2.742049,82.88,17.5,53.1,60.0
1116,49.673127,2.742396,82.88,17.5,53.1,60.0
1117,49.673837,2.742743,82.88,17.5,53.1,60.0
1118,49.674547,2.74309,82.88,17.5,53.0,60.0
1119,49.675256,2.743437,82.88,17.5,53.0,60.0
1120,49.675966,2.743784,82.88,17.5,52.9,60.0
1121,49.676676,2.74413,82.88,17.5,52.9,60.0
1122,49.677386,2.744477,82.88,17.5,52.9,60.0
1123,49.678096,2.744824,82.88,17.5,52.8,60.0
1124,49.678806,2.745171,82.88,17.5,52.8,60.0
1125,49.679516,2.745518,82.88,17.5,52.8,60.0
1126,49.680225,2.745865,82.88,17.5,52.7,60.0
1127,49.680935,2.746212,82.88,17.5,52.7,60.0
1128,49.681645,2.746559,82.88,17.5,52.6,60.0
1129,49.682355,2.746905,82.88,17.5,52.6,60.0
1130,49.683065,2.747252,82.88,17.5,52.6,60.0
1131,49.683775,2.747599,82.88,17.5,52.5,60.0
1132,49.684484,2.747946,82.88,17.5,52.5,60.0
1133,49.685194,2.748293,82.88,17.5,52.5,59.0
1134,49.685904,2.74864,82.88,17.5,52.4,59.0
1135,49.686614,2.748987,82.88,17.5,52.4,59.0
1136,49.687324,2.749334,82.87,17.5,52.3,59.0
1137,49.688034,2.749681,82.87,17.5,52.3,59.0
1138,49.688744,2.750027,82.87,17.5,52.3,59.0
1139,49.689453,2.750374,82.87,17.5,52.2,59.0
1140,49.690163,2.750721,82.87,17.5,52.2,59.0
1141,49.690873,2.751068,82.87,17.5,52.2,59.0
1142,49.691583,2.751415,82.87,17.5,52.1,59.0
1143,49.692293,2.751762,82.87,17.5,52.1,59.0
1144,49.693003,2.752109,82.87,17.5,52.0,59.0
1145,49.693712,2.752456,82.87,17.5,52.0,59.0
1146,49.694422,2.752802,82.87,17.5,52.0,59.0
1147,49.695132,2.753149,82.87,17.5,51.9,59.0
1148,49.695842,2.753496,82.87,17.5,51.9,59.0
1149,49.696552,2.753843,82.87,17.5,51.8,59.0
1150,49.697262,2.75419,82.87,17.5,51.8,59.0
1151,49.697972,2.754537,82.87,17.5,51.8,59.0
1152,49.698681,2.754884,82.87,17.5,51.7,58.0
1153,49.699391,2.755231,82.87,17.5,51.7,58.0
1154,49.700101,2.755577,82.87,17.5,51.7,58.0
1155,49.700811,2.755924,82.87,17.5,51.6,58.0
1156,49.701521,2.756271,82.87,17.5,51.6,58.0
1157,49.702231,2.756618,82.87,17.5,51.5,58.0
1158,49.70294,2.756965,82.87,17.5,51.5,58.0
1159,49.70365,2.757312,82.87,17.5,51.5,58.0
1160,49.70436,2.757659,82.87,17.5,51.4,58.0
1161,49.70507,2.758006,82.87,17.5,51.4,58.0
1162,49.70578,2.758352,82.87,17.5,51.4,58.0
1163,49.70649,2.758699,82.87,17.5,51.3,58.0
1164,49.7072,2.759046,82.87,17.5,51.3,58.0
1165,49.707909,2.759393,82.87,17.5,51.2,58.0
1166,49.708619,2.75974,82.87,17.5,51.2,58.0
1167,49.709329,2.760087,82.87,17.5,51.2,58.0
1168,49.710039,2.760434,82.87,17.5,51.1,58.0
1169,49.710749,2.760781,82.87,17.5,51.1,58.0
1170,49.711459,2.761127,82.87,17.5,51.1,57.0
1171,49.712168,2.761474,82.87,17.5,51.0,57.0
1172,49.712878,2.761821,82.87,17.5,51.0,57.0
1173,49.713588,2.762168,82.87,17.5,50.9,57.0
1174,49.714298,2.762515,82.87,17.5,50.9,57.0
1175,49.715008,2.762862,82.87,17.5,50.9,57.0
1176,49.715718,2.763209,82.87,17.5,50.8,57.0
1177,49.716427,2.763556,82.87,17.5,50.8,57.0
1178,49.717137,2.763903,82.87,17.5,50.8,57.0
1179,49.717847,2.764249,82.87,17.5,50.7,57.0
1180,49.718557,2.764596,82.87,17.5,50.7,57.0
1181,49.719267,2.764943,82.87,17.5,50.6,57.0
1182,49.719977,2.76529,82.87,17.5,50.6,57.0
1183,49.720687,2.765637,82.87,17.5,50.6,57.0
1184,49.721396,2.765984,82.87,17.5,50.5,57.0
1185,49.722106,2.766331,82.87,17.5,50.5,57.0
1186,49.722816,2.766678,82.87,17.5,50.5,57.0
1187,49.723526,2.767024,82.87,17.5,50.4,57.0
1188,49.724236,2.767371,82.87,17.5,50.4,57.0
1189,49.724946,2.767718,82.87,17.5,50.3,56.0
1190,49.725655,2.768065,82.87,17.5,50.3,56.0
1191,49.726365,2.768412,82.87,17.5,50.3,56.0
1192,49.727075,2.768759,82.87,17.5,50.2,56.0
1193,49.727785,2.769106,82.87,17.5,50.2,56.0
1194,49.728495,2.769453,82.87,17.5,50.2,56.0
1195,49.729205,2.769799,82.87,17.5,50.1,56.0
1196,49.729915,2.770146,82.87,17.5,50.1,56.0
1197,49.730624,2.770493,82.87,17.5,50.0,56.0
1198,49.731334,2.77084,82.87,17.5,50.0,56.0
1199,49.732044,2.771187,82.87,17.5,50.0,56.0
1200,49.732754,2.771534,82.87,17.5,49.9,56.0
1201,49.733464,2.771881,82.87,17.5,49.9,56.0
1202,49.734174,2.772228,82.87,17.5,49.9,56.0
1203,49.734883,2.772574,82.87,17.5,49.8,56.0
1204,49.735593,2.772921,82.87,17.5,49.8,56.0
1205,49.736303,2.773268,82.87,17.5,49.7,56.0
1206,49.737013,2.773615,82.87,17.5,49.7,56.0
1207,49.737723,2.773962,82.87,17.5,49.7,55.0
1208,49.738433,2.774309,82.87,17.5,49.6,55.0
1209,49.739143,2.774656,82.87,17.5,49.6,55.0
1210,49.739852,2.775003,82.87,17.5,49.6,55.0
1211,49.740562,2.77535,82.87,17.5,49.5,55.0
1212,49.741272,2.775696,82.87,17.5,49.5,55.0
1213,49.741982,2.776043,82.87,17.5,49.5,55.0
1214,49.742692,2.77639,82.87,17.5,49.4,55.0
1215,49.743402,2.776737,82.87,17.5,49.4,55.0
1216,49.744111,2.777084,82.87,17.5,49.3,55.0
1217,49.744821,2.777431,82.87,17.5,49.3,55.0
1218,49.745531,2.777778,82.87,17.5,49.3,55.0
1219,49.746241,2.778125,82.87,17.5,49.2,55.0
1220,49.746951,2.778471,82.87,17.5,49.2,55.0
1221,49.747661,2.778818,82.87,17.5,49.2,55.0
1222,49.748371,2.779165,82.87,17.5,49.1,55.0
1223,49.74908,2.779512,82.87,17.5,49.1,55.0
1224,49.74979,2.779859,82.87,17.5,49.0,55.0
1225,49.7505,2.780206,82.87,17.5,49.0,55.0
1226,49.75121,2.780553,82.87,17.5,49.0,54.0
1227,49.75192,2.7809,82.86,17.5,48.9,54.0
1228,49.75263,2.781246,82.86,17.5,48.9,54.0
1229,49.753339,2.781593,82.86,17.5,48.9,54.0
1230,49.754049,2.78194,82.86,17.5,48.8,54.0
1231,49.754759,2.782287,82.86,17.5,48.8,54.0
1232,49.755469,2.782634,82.86,17.5,48.7,54.0
1233,49.756179,2.782981,82.86,17.5,48.7,54.0
1234,49.756889,2.783328,82.86,17.5,48.7,54.0
1235,49.757599,2.783675,82.86,17.5,48.6,54.0
1236,49.758308,2.784021,82.86,17.5,48.6,54.0
1237,49.759018,2.784368,82.86,17.5,48.6,54.0
1238,49.759728,2.784715,82.86,17.5,48.5,54.0
1239,49.760438,2.785062,82.86,17.5,48.5,54.0
1240,49.761148,2.785409,82.86,17.5,48.5,54.0
1241,49.761858,2.785756,82.86,17.5,48.4,54.0
1242,49.762567,2.786103,82.86,17.5,48.4,54.0
1243,49.763277,2.78645,82.86,17.5,48.3,54.0
1244,49.763987,2.786796,82.86,17.5,48.3,53.0
1245,49.764697,2.787143,82.86,17.5,48.3,53.0
1246,49.765407,2.78749,82.86,17.5,48.2,53.0
1247,49.766117,2.787837,82.86,17.5,48.2,53.0
1248,49.766826,2.788184,82.86,17.5,48.2,53.0
1249,49.767536,2.788531,82.86,17.5,48.1,53.0
1250,49.768246,2.788878,82.86,17.5,48.1,53.0
1251,49.768956,2.789225,82.86,17.5,48.1,53.0
1252,49.769666,2.789572,82.86,17.5,48.0,53.0
1253,49.770376,2.789918,82.86,17.5,48.0,53.0
1254,49.771086,2.790265,82.86,17.5,47.9,53.0
1255,49.771795,2.790612,82.86,17.5,47.9,53.0
1256,49.772505,2.790959,82.86,17.5,47.9,53.0
1257,49.773215,2.791306,82.86,17.5,47.8,53.0
1258,49.773925,2.791653,82.86,17.5,47.8,53.0
1259,49.774635,2.792,82.86,17.5,47.8,53.0
1260,49.775345,2.792347,82.86,17.5,47.7,53.0
1261,49.776054,2.792693,82.86,17.5,47.7,53.0
1262,49.776764,2.79304,82.86,17.5,47.6,53.0
1263,49.777474,2.793387,82.86,17.5,47.6,52.0
1264,49.778184,2.793734,82.86,17.5,47.6,52.0
1265,49.778894,2.794081,82.86,17.5,47.5,52.0
1266,49.779604,2.794428,82.86,17.5,47.5,52.0
1267,49.780314,2.794775,82.86,17.5,47.5,52.0
1268,49.781023,2.795122,82.86,17.5,47.4,52.0
1269,49.781733,2.795468,82.86,17.5,47.4,52.0
1270,49.782443,2.795815,82.86,17.5,47.4,52.0
1271,49.783153,2.796162,82.86,17.5,47.3,52.0
1272,49.783863,2.796509,82.86,17.5,47.3,52.0
1273,49.784573,2.796856,82.86,17.5,47.3,52.0
1274,49.785282,2.797203,82.86,17.5,47.2,52.0
1275,49.785992,2.79755,82.86,17.5,47.2,52.0
1276,49.786702,2.797897,82.86,17.5,47.1,52.0
1277,49.787412,2.798243,82.86,17.5,47.1,52.0
1278,49.788122,2.79859,82.86,17.5,47.1,52.0
1279,49.788832,2.798937,82.86,17.5,47.0,52.0
1280,49.789542,2.799284,82.86,17.5,47.0,52.0
1281,49.790251,2.799631,82.86,17.5,47.0,51.0
1282,49.790961,2.799978,82.86,17.5,46.9,51.0
1283,49.791671,2.800325,82.86,17.5,46.9,51.0
1284,49.792381,2.800672,82.86,17.5,46.9,51.0
1285,49.793091,2.801018,82.86,17.5,46.8,51.0
1286,49.793801,2.801365,82.86,17.5,46.8,51.0
1287,49.79451,2.801712,82.86,17.5,46.7,51.0
1288,49.79522,2.802059,82.86,17.5,46.7,51.0
1289,49.79593,2.802406,82.86,17.5,46.7,51.0
1290,49.79664,2.802753,82.86,17.5,46.6,51.0
1291,49.79735,2.8031,82.86,17.5,46.6,51.0
1292,49.79806,2.803447,82.86,17.5,46.6,51.0
1293,49.79877,2.803794,82.86,17.5,46.5,51.0
1294,49.799479,2.80414,82.86,17.5,46.5,51.0
1295,49.800189,2.804487,82.86,17.5,46.5,51.0
1296,49.800899,2.804834,82.86,17.5,46.4,51.0
1297,49.801609,2.805181,82.86,17.5,46.4,51.0
1298,49.802319,2.805528,82.86,17.5,46.4,51.0
1299,49.803029,2.805875,82.86,17.5,46.3,50.0
1300,49.803738,2.806222,82.86,17.5,46.3,50.0
1301,49.804448,2.806569,82.86,17.5,46.2,50.0
1302,49.805158,2.806915,82.86,17.5,46.2,50.0
1303,49.805868,2.807262,82.86,17.5,46.2,50.0
1304,49.806578,2.807609,82.86,17.5,46.1,50.0
1305,49.807288,2.807956,82.86,17.5,46.1,50.0
1306,49.807997,2.808303,82.86,17.5,46.1,50.0
1307,49.808707,2.80865,82.86,17.5,46.0,50.0
1308,49.809417,2.808997,82.86,17.5,46.0,50.0
1309,49.810127,2.809344,82.86,17.5,46.0,50.0
1310,49.810837,2.80969,82.86,17.5,45.9,50.0
1311,49.811547,2.810037,82.86,17.5,45.9,50.0
1312,49.812257,2.810384,82.86,17.5,45.9,50.0
1313,49.812966,2.810731,82.86,17.5,45.8,50.0
1314,49.813676,2.811078,82.86,17.5,45.8,50.0
1315,49.814386,2.811425,82.86,17.5,45.7,50.0
1316,49.815096,2.811772,82.86,17.5,45.7,50.0
1317,49.815806,2.812119,82.86,17.5,45.7,50.0
1318,49.816516,2.812465,82.85,17.5,45.6,49.0
1319,49.817225,2.812812,82.85,17.5,45.6,49.0
1320,49.817935,2.813159,82.85,17.5,45.6,49.0
1321,49.818645,2.813506,82.85,17.5,45.5,49.0
1322,49.819355,2.813853,82.85,17.5,45.5,49.0
1323,49.820065,2.8142,82.85,17.5,45.5,49.0
1324,49.820775,2.814547,82.85,17.5,45.4,49.0
1325,49.821485,2.814894,82.85,17.5,45.4,49.0
1326,49.822194,2.81524,82.85,17.5,45.4,49.0
1327,49.822904,2.815587,82.85,17.5,45.3,49.0
1328,49.823614,2.815934,82.85,17.5,45.3,49.0
1329,49.824324,2.816281,82.85,17.5,45.2,49.0
1330,49.825034,2.816628,82.85,17.5,45.2,49.0
1331,49.825744,2.816975,82.85,17.5,45.2,49.0
1332,49.826453,2.817322,82.85,17.5,45.1,49.0
1333,49.827163,2.817669,82.85,17.5,45.1,49.0
1334,49.827873,2.818016,82.85,17.5,45.1,49.0
1335,49.828583,2.818362,82.85,17.5,45.0,49.0
1336,49.829293,2.818709,82.85,17.5,45.0,48.0
1337,49.830003,2.819056,82.85,17.5,45.0,48.0
1338,49.830713,2.819403,82.85,17.5,44.9,48.0
1339,49.831422,2.81975,82.85,17.5,44.9,48.0
1340,49.832132,2.820097,82.85,17.5,44.9,48.0
1341,49.832842,2.820444,82.85,17.5,44.8,48.0
1342,49.833552,2.820791,82.85,17.5,44.8,48.0
1343,49.834262,2.821137,82.85,17.5,44.8,48.0
1344,49.834972,2.821484,82.85,17.5,44.7,48.0
1345,49.835681,2.821831,82.85,17.5,44.7,48.0
1346,49.836391,2.822178,82.85,17.5,44.7,48.0
1347,49.837101,2.822525,82.85,17.5,44.6,48.0
1348,49.837811,2.822872,82.85,17.5,44.6,48.0
1349,49.838521,2.823219,82.85,17.5,44.5,48.0
1350,49.839231,2.823566,82.85,17.5,44.5,48.0
1351,49.839941,2.823912,82.85,17.5,44.5,48.0
1352,49.84065,2.824259,82.85,17.5,44.4,48.0
1353,49.84136,2.824606,82.85,17.5,44.4,48.0
1354,49.84207,2.824953,82.85,17.5,44.4,47.0
1355,49.84278,2.8253,82.85,17.5,44.3,47.0
1356,49.84349,2.825647,82.85,17.5,44.3,47.0
1357,49.8442,2.825994,82.85,17.5,44.3,47.0
1358,49.844909,2.826341,82.85,17.5,44.2,47.0
1359,49.845619,2.826687,82.85,17.5,44.2,47.0
1360,49.846329,2.827034,82.85,17.5,44.2,47.0
1361,49.847039,2.827381,82.85,17.5,44.1,47.0
1362,49.847749,2.827728,82.85,17.5,44.1,47.0
1363,49.848459,2.828075,82.85,17.5,44.1,47.0
1364,49.849168,2.828422,82.85,17.5,44.0,47.0
1365,49.849878,2.828769,82.85,17.5,44.0,47.0
1366,49.850588,2.829116,82.85,17.5,44.0,47.0
1367,49.851298,2.829463,82.85,17.5,43.9,47.0
1368,49.852008,2.829809,82.85,17.5,43.9,47.0
1369,49.852718,2.830156,82.85,17.5,43.9,47.0
1370,49.853428,2.830503,82.85,17.5,43.8,47.0
1371,49.854137,2.83085,82.85,17.5,43.8,47.0
1372,49.854847,2.831197,82.85,17.5,43.7,46.0
1373,49.855557,2.831544,82.85,17.5,43.7,46.0
1374,49.856267,2.831891,82.85,17.5,43.7,46.0
1375,49.856979,2.832225,82.82,16.8,43.6,46.0
1376,49.85771,2.832452,83.0,11.3,43.6,46.0
1377,49.858441,2.83268,83.0,11.3,43.6,46.0
1378,49.859172,2.832907,83.0,11.3,43.5,46.0
1379,49.859903,2.833135,83.0,11.3,43.5,46.0
1380,49.860634,2.833362,83.0,11.3,43.5,46.0
1381,49.861365,2.83359,83.0,11.3,43.4,46.0
1382,49.862096,2.833817,83.0,11.3,43.4,46.0
1383,49.862827,2.834044,83.0,11.3,43.4,46.0
1384,49.863558,2.834272,83.0,11.3,43.3,46.0
1385,49.864289,2.834499,83.0,11.3,43.3,46.0
1386,49.86502,2.834727,83.0,11.3,43.3,46.0
1387,49.865751,2.834954,83.0,11.3,43.2,46.0
1388,49.866483,2.835182,83.0,11.3,43.2,46.0
1389,49.867214,2.835409,83.0,11.3,43.2,46.0
1390,49.867945,2.835637,83.0,11.3,43.1,45.0
1391,49.868676,2.835864,83.0,11.3,43.1,45.0
1392,49.869407,2.836092,83.0,11.3,43.1,45.0
1393,49.870138,2.836319,83.0,11.3,43.0,45.0
1394,49.870869,2.836547,83.0,11.3,43.0,45.0
1395,49.8716,2.836774,83.0,11.3,43.0,45.0
1396,49.872331,2.837002,83.0,11.3,42.9,45.0
1397,49.873062,2.837229,83.0,11.3,42.9,45.0
1398,49.873793,2.837457,83.0,11.3,42.9,45.0
1399,49.874524,2.837684,83.0,11.3,42.8,45.0
1400,49.875255,2.837912,83.0,11.3,42.8,45.0
1401,49.875986,2.838139,83.0,11.3,42.8,45.0
1402,49.876717,2.838367,83.0,11.3,42.7,45.0
1403,49.877448,2.838594,83.0,11.3,42.7,45.0
1404,49.878179,2.838822,83.0,11.3,42.7,45.0
1405,49.87891,2.839049,83.0,11.3,42.6,45.0
1406,49.879641,2.839277,83.0,11.3,42.6,45.0
1407,49.880372,2.839504,83.0,11.3,42.6,45.0
1408,49.881103,2.839732,83.0,11.3,42.5,44.0
1409,49.881834,2.839959,83.0,11.3,42.5,44.0
1410,49.882565,2.840187,83.0,11.3,42.5,44.0
1411,49.883296,2.840414,83.0,11.3,42.4,44.0
1412,49.884027,2.840642,83.0,11.3,42.4,44.0
1413,49.884758,2.840869,83.0,11.3,42.4,44.0
1414,49.885489,2.841096,83.0,11.3,42.3,44.0
1415,49.88622,2.841324,83.0,11.3,42.3,44.0
1416,49.886951,2.841551,83.0,11.3,42.3,44.0
1417,49.887682,2.841779,83.0,11.3,42.2,44.0
1418,49.888413,2.842006,83.0,11.3,42.2,44.0
1419,49.889144,2.842234,83.0,11.3,42.2,44.0
1420,49.889876,2.842461,83.0,11.3,42.1,44.0
1421,49.890607,2.842689,83.0,11.3,42.1,44.0
1422,49.891338,2.842916,83.0,11.3,42.1,44.0
1423,49.892069,2.843144,83.0,11.3,42.0,44.0
1424,49.8928,2.843371,83.0,11.3,42.0,44.0
1425,49.893531,2.843599,83.0,11.3,42.0,44.0
1426,49.894262,2.843826,83.0,11.3,41.9,43.0
1427,49.894993,2.844054,83.0,11.3,41.9,43.0
1428,49.895724,2.844281,83.0,11.3,41.9,43.0
1429,49.896455,2.844509,83.0,11.3,41.8,43.0
1430,49.897186,2.844736,83.0,11.3,41.8,43.0
1431,49.897917,2.844964,83.0,11.3,41.8,43.0
1432,49.898648,2.845191,83.0,11.3,41.7,43.0
1433,49.899379,2.845419,83.0,11.3,41.7,43.0
1434,49.90011,2.845646,83.0,11.3,41.7,43.0
1435,49.900841,2.845874,83.0,11.3,41.6,43.0
1436,49.901572,2.846101,83.0,11.3,41.6,43.0
1437,49.902303,2.846329,83.0,11.3,41.6,43.0
1438,49.903034,2.846556,83.0,11.3,41.5,43.0
1439,49.903765,2.846784,83.0,11.3,41.5,43.0
1440,49.904496,2.847011,83.0,11.3,41.5,43.0
1441,49.905227,2.847239,83.0,11.3,41.4,43.0
1442,49.905958,2.847466,83.0,11.3,41.4,43.0
1443,49.906689,2.847694,83.0,11.3,41.4,43.0
1444,49.90742,2.847921,83.0,11.3,41.3,42.0
1445,49.908151,2.848148,83.0,11.3,41.3,42.0
1446,49.908882,2.848376,83.0,11.3,41.3,42.0
1447,49.909613,2.848603,83.0,11.3,41.2,42.0
1448,49.910344,2.848831,83.0,11.3,41.2,42.0
1449,49.911075,2.849058,83.0,11.3,41.2,42.0
1450,49.911806,2.849286,83.0,11.3,41.1,42.0
1451,49.912538,2.849513,83.0,11.3,41.1,42.0
1452,49.913269,2.849741,83.0,11.3,41.1,42.0
1453,49.914,2.849968,83.0,11.3,41.0,42.0
1454,49.914731,2.850196,83.0,11.3,41.0,42.0
1455,49.915462,2.850423,83.0,11.3,41.0,42.0
1456,49.916193,2.850651,83.0,11.3,40.9,42.0
1457,49.916924,2.850878,83.0,11.3,40.9,42.0
1458,49.917655,2.851106,83.0,11.3,40.9,42.0
1459,49.918386,2.851333,83.0,11.3,40.8,42.0
1460,49.919117,2.851561,83.0,11.3,40.8,42.0
1461,49.919848,2.851788,83.0,11.3,40.8,42.0
1462,49.920579,2.852016,83.0,11.3,40.7,41.0
1463,49.92131,2.852243,83.0,11.3,40.7,41.0
1464,49.922041,2.852471,83.0,11.3,40.7,41.0
1465,49.922772,2.852698,83.0,11.3,40.6,41.0
1466,49.923503,2.852926,83.0,11.3,40.6,41.0
1467,49.924234,2.853153,83.0,11.3,40.6,41.0
1468,49.924965,2.853381,83.0,11.3,40.5,41.0
1469,49.925696,2.853608,83.0,11.3,40.5,41.0
1470,49.926427,2.853836,83.0,11.3,40.5,41.0
1471,49.927158,2.854063,83.0,11.3,40.4,41.0
1472,49.927889,2.854291,83.0,11.3,40.4,41.0
1473,49.92862,2.854518,83.0,11.3,40.4,41.0
1474,49.929351,2.854746,83.0,11.3,40.3,41.0
1475,49.930082,2.854973,83.0,11.3,40.3,41.0
1476,49.930813,2.855201,83.0,11.3,40.3,41.0
1477,49.931544,2.855428,83.0,11.3,40.3,41.0
1478,49.932275,2.855655,82.99,11.3,40.2,41.0
1479,49.933006,2.855883,82.99,11.3,40.2,41.0
1480,49.933737,2.85611,82.99,11.3,40.2,40.0
1481,49.934468,2.856338,82.99,11.3,40.1,40.0
1482,49.9352,2.856565,82.99,11.3,40.1,40.0
1483,49.935931,2.856793,82.99,11.3,40.1,40.0
1484,49.936662,2.85702,82.99,11.3,40.0,40.0
1485,49.937393,2.857248,82.99,11.3,40.0,40.0
1486,49.938124,2.857475,82.99,11.3,40.0,40.0
1487,49.938855,2.857703,82.99,11.3,39.9,40.0
1488,49.939586,2.85793,82.99,11.3,39.9,40.0
1489,49.940317,2.858158,82.99,11.3,39.9,40.0
1490,49.941048,2.858385,82.99,11.3,39.8,40.0
1491,49.941779,2.858613,82.99,11.3,39.8,40.0
1492,49.94251,2.85884,82.99,11.3,39.8,40.0
1493,49.943241,2.859068,82.99,11.3,39.7,40.0
1494,49.943972,2.859295,82.99,11.3,39.7,40.0
1495,49.944703,2.859523,82.99,11.3,39.7,40.0
1496,49.945434,2.85975,82.99,11.3,39.6,40.0
1497,49.946165,2.859978,82.99,11.3,39.6,40.0
1498,49.946896,2.860205,82.99,11.3,39.6,39.0
1499,49.947627,2.860433,82.99,11.3,39.6,39.0
1500,49.948358,2.86066,82.99,11.3,39.5,39.0
1501,49.949089,2.860888,82.99,11.3,39.5,39.0
1502,49.94982,2.861115,82.99,11.3,39.5,39.0
1503,49.950551,2.861343,82.99,11.3,39.4,39.0
1504,49.951282,2.86157,82.99,11.3,39.4,39.0
1505,49.952013,2.861798,82.99,11.3,39.4,39.0
1506,49.952744,2.862025,82.99,11.3,39.3,39.0
1507,49.953475,2.862253,82.99,11.3,39.3,39.0
1508,49.954206,2.86248,82.99,11.3,39.3,39.0
1509,49.954937,2.862707,82.99,11.3,39.2,39.0
1510,49.955668,2.862935,82.99,11.3,39.2,39.0
1511,49.956399,2.863162,82.99,11.3,39.2,39.0
1512,49.95713,2.86339,82.99,11.3,39.1,39.0
1513,49.957862,2.863617,82.99,11.3,39.1,39.0
1514,49.958593,2.863845,82.99,11.3,39.1,39.0
1515,49.959324,2.864072,82.99,11.3,39.0,39.0
1516,49.960055,2.8643,82.99,11.3,39.0,38.0
1517,49.960786,2.864527,82.99,11.3,39.0,38.0
1518,49.961517,2.864755,82.99,11.3,39.0,38.0
1519,49.962248,2.864982,82.99,11.3,38.9,38.0
1520,49.962979,2.86521,82.99,11.3,38.9,38.0
1521,49.96371,2.865437,82.99,11.3,38.9,38.0
1522,49.964441,2.865665,82.99,11.3,38.8,38.0
1523,49.965172,2.865892,82.99,11.3,38.8,38.0
1524,49.965903,2.86612,82.99,11.3,38.8,38.0
1525,49.966634,2.866347,82.99,11.3,38.7,38.0
1526,49.967365,2.866575,82.99,11.3,38.7,38.0
1527,49.968096,2.866802,82.99,11.3,38.7,38.0
1528,49.968827,2.86703,82.99,11.3,38.6,38.0
1529,49.969558,2.867257,82.99,11.3,38.6,38.0
1530,49.970289,2.867485,82.99,11.3,38.6,38.0
1531,49.97102,2.867712,82.99,11.3,38.6,38.0
1532,49.971751,2.86794,82.99,11.3,38.5,38.0
1533,49.972482,2.868167,82.99,11.3,38.5,38.0
1534,49.973213,2.868395,82.99,11.3,38.5,37.0
1535,49.973944,2.868622,82.99,11.3,38.4,37.0
1536,49.974675,2.86885,82.99,11.3,38.4,37.0
1537,49.975406,2.869077,82.99,11.3,38.4,37.0
1538,49.976137,2.869305,82.99,11.3,38.3,37.0
1539,49.976868,2.869532,82.99,11.3,38.3,37.0
1540,49.977599,2.869759,82.99,11.3,38.3,37.0
1541,49.97833,2.869987,82.99,11.3,38.2,37.0
1542,49.979061,2.870214,82.99,11.3,38.2,37.0
1543,49.979792,2.870442,82.99,11.3,38.2,37.0
1544,49.980524,2.870669,82.99,11.3,38.2,37.0
1545,49.981255,2.870897,82.99,11.3,38.1,37.0
1546,49.981986,2.871124,82.99,11.3,38.1,37.0
1547,49.982717,2.871352,82.99,11.3,38.1,37.0
1548,49.983448,2.871579,82.99,11.3,38.0,37.0
1549,49.984179,2.871807,82.99,11.3,38.0,37.0
1550,49.98491,2.872034,82.99,11.3,38.0,37.0
1551,49.985641,2.872262,82.99,11.3,37.9,36.0
1552,49.986372,2.872489,82.99,11.3,37.9,36.0
1553,49.987103,2.872717,82.99,11.3,37.9,36.0
1554,49.987834,2.872944,82.99,11.3,37.9,36.0
1555,49.988565,2.873172,82.99,11.3,37.8,36.0
1556,49.989296,2.873399,82.99,11.3,37.8,36.0
1557,49.990027,2.873627,82.99,11.3,37.8,36.0
1558,49.990758,2.873854,82.99,11.3,37.7,36.0
1559,49.991489,2.874082,82.99,11.3,37.7,36.0
1560,49.99222,2.874309,82.99,11.3,37.7,36.0
1561,49.992951,2.874537,82.99,11.3,37.6,36.0
1562,49.993682,2.874764,82.99,11.3,37.6,36.0
1563,49.994413,2.874992,82.99,11.3,37.6,36.0
1564,49.995144,2.875219,82.99,11.3,37.6,36.0
1565,49.995875,2.875447,82.99,11.3,37.5,36.0
1566,49.996606,2.875674,82.99,11.3,37.5,36.0
1567,49.997337,2.875902,82.99,11.3,37.5,36.0
1568,49.998068,2.876129,82.99,11.3,37.4,36.0
1569,49.998799,2.876357,82.99,11.3,37.4,35.0
1570,49.99953,2.876584,82.99,11.3,37.4,35.0
1571,50.000261,2.876811,82.99,11.3,37.3,35.0
1572,50.000992,2.877039,82.99,11.3,37.3,35.0
1573,50.001723,2.877266,82.99,11.3,37.3,35.0
1574,50.002454,2.877494,82.99,11.3,37.3,35.0
1575,50.003186,2.877721,82.99,11.3,37.2,35.0
1576,50.003917,2.877949,82.99,11.3,37.2,35.0
1577,50.004648,2.878176,82.99,11.3,37.2,35.0
1578,50.005379,2.878404,82.99,11.3,37.1,35.0
1579,50.00611,2.878631,82.99,11.3,37.1,35.0
1580,50.006841,2.878859,82.99,11.3,37.1,35.0
1581,50.007572,2.879086,82.99,11.3,37.1,35.0
1582,50.008303,2.879314,82.99,11.3,37.0,35.0
1583,50.009034,2.879541,82.99,11.3,37.0,35.0
1584,50.009765,2.879769,82.99,11.3,37.0,35.0
1585,50.010496,2.879996,82.99,11.3,36.9,35.0
1586,50.011227,2.880224,82.99,11.3,36.9,35.0
1587,50.011958,2.880451,82.99,11.3,36.9,34.0
1588,50.012689,2.880679,82.99,11.3,36.8,34.0
1589,50.01342,2.880906,82.99,11.3,36.8,34.0
1590,50.014151,2.881134,82.99,11.3,36.8,34.0
1591,50.014882,2.881361,82.99,11.3,36.8,34.0
1592,50.015613,2.881589,82.99,11.3,36.7,34.0
1593,50.016344,2.881816,82.99,11.3,36.7,34.0
1594,50.017075,2.882044,82.99,11.3,36.7,34.0
1595,50.017806,2.882271,82.99,11.3,36.6,34.0
1596,50.018537,2.882499,82.99,11.3,36.6,34.0
1597,50.019268,2.882726,82.99,11.3,36.6,34.0
1598,50.019999,2.882954,82.99,11.3,36.6,34.0
1599,50.02073,2.883181,82.99,11.3,36.5,34.0
1600,50.021461,2.883409,82.99,11.3,36.5,34.0
1601,50.022192,2.883636,82.99,11.3,36.5,34.0
1602,50.022923,2.883864,82.99,11.3,36.4,34.0
1603,50.023654,2.884091,82.99,11.3,36.4,34.0
1604,50.024385,2.884318,82.99,11.3,36.4,34.0
1605,50.025116,2.884546,82.99,11.3,36.4,33.0
1606,50.025848,2.884773,82.99,11.3,36.3,33.0
1607,50.026579,2.885001,82.99,11.3,36.3,33.0
1608,50.02731,2.885228,82.99,11.3,36.3,33.0
1609,50.028041,2.885456,82.99,11.3,36.2,33.0
1610,50.028772,2.885683,82.99,11.3,36.2,33.0
1611,50.029503,2.885911,82.99,11.3,36.2,33.0
1612,50.030234,2.886138,82.99,11.3,36.2,33.0
1613,50.030965,2.886366,82.99,11.3,36.1,33.0
1614,50.031696,2.886593,82.99,11.3,36.1,33.0
1615,50.032427,2.886821,82.99,11.3,36.1,33.0
1616,50.033158,2.887048,82.99,11.3,36.0,33.0
1617,50.033889,2.887276,82.99,11.3,36.0,33.0
1618,50.03462,2.887503,82.99,11.3,36.0,33.0
1619,50.035351,2.887731,82.99,11.3,36.0,33.0
1620,50.036082,2.887958,82.99,11.3,35.9,33.0
1621,50.036813,2.888186,82.99,11.3,35.9,33.0
1622,50.037544,2.888413,82.99,11.3,35.9,33.0
1623,50.038275,2.888641,82.99,11.3,35.8,32.0
1624,50.039006,2.888868,82.99,11.3,35.8,32.0
1625,50.039737,2.889096,82.99,11.3,35.8,32.0
1626,50.040468,2.889323,82.99,11.3,35.8,32.0
1627,50.041199,2.889551,82.99,11.3,35.7,32.0
1628,50.04193,2.889778,82.99,11.3,35.7,32.0
1629,50.042661,2.890006,82.99,11.3,35.7,32.0
1630,50.043392,2.890233,82.99,11.3,35.6,32.0
1631,50.044123,2.890461,82.99,11.3,35.6,32.0
1632,50.044854,2.890688,82.99,11.3,35.6,32.0
1633,50.045585,2.890916,82.99,11.3,35.6,32.0
1634,50.046316,2.891143,82.99,11.3,35.5,32.0
1635,50.047047,2.89137,82.99,11.3,35.5,32.0
1636,50.047778,2.891598,82.99,11.3,35.5,32.0
1637,50.04851,2.891825,82.99,11.3,35.5,32.0
1638,50.049241,2.892053,82.99,11.3,35.4,32.0
1639,50.049972,2.89228,82.99,11.3,35.4,32.0
1640,50.050703,2.892508,82.99,11.3,35.4,31.0
1641,50.051434,2.892735,82.99,11.3,35.3,31.0
1642,50.052165,2.892963,82.99,11.3,35.3,31.0
1643,50.052896,2.89319,82.99,11.3,35.3,31.0
1644,50.053627,2.893418,82.99,11.3,35.3,31.0
1645,50.054358,2.893645,82.99,11.3,35.2,31.0
1646,50.055089,2.893873,82.99,11.3,35.2,31.0
1647,50.05582,2.8941,82.99,11.3,35.2,31.0
1648,50.056551,2.894328,82.99,11.3,35.1,31.0
1649,50.057282,2.894555,82.99,11.3,35.1,31.0
1650,50.058013,2.894783,82.99,11.3,35.1,31.0
1651,50.058744,2.89501,82.99,11.3,35.1,31.0
1652,50.059475,2.895238,82.99,11.3,35.0,31.0
1653,50.060206,2.895465,82.99,11.3,35.0,31.0
1654,50.060937,2.895693,82.99,11.3,35.0,31.0
1655,50.061668,2.89592,82.99,11.3,35.0,31.0
1656,50.062399,2.896148,82.99,11.3,34.9,31.0
1657,50.06313,2.896375,82.99,11.3,34.9,31.0
1658,50.063861,2.896603,82.99,11.3,34.9,30.0
1659,50.064592,2.89683,82.99,11.3,34.9,30.0
1660,50.065323,2.897058,82.99,11.3,34.8,30.0
1661,50.066054,2.897285,82.99,11.3,34.8,30.0
1662,50.066785,2.897513,82.99,11.3,34.8,30.0
1663,50.067516,2.89774,82.99,11.3,34.7,30.0
1664,50.068247,2.897968,82.99,11.3,34.7,30.0
1665,50.068978,2.898195,82.99,11.3,34.7,30.0
1666,50.069709,2.898422,82.99,11.3,34.7,30.0
1667,50.07044,2.89865,82.99,11.3,34.6,30.0
1668,50.071172,2.898877,82.99,11.3,34.6,30.0
1669,50.071903,2.899105,82.99,11.3,34.6,30.0
1670,50.072634,2.899332,82.99,11.3,34.6,30.0
1671,50.073365,2.89956,82.99,11.3,34.5,30.0
1672,50.074096,2.899787,82.99,11.3,34.5,30.0
1673,50.074827,2.900015,82.99,11.3,34.5,30.0
1674,50.075558,2.900242,82.99,11.3,34.4,30.0
1675,50.076289,2.90047,82.99,11.3,34.4,30.0
1676,50.07702,2.900697,82.99,11.3,34.4,29.0
1677,50.077751,2.900925,82.99,11.3,34.4,29.0
1678,50.078482,2.901152,82.99,11.3,34.3,29.0
1679,50.079213,2.90138,82.99,11.3,34.3,29.0
1680,50.079944,2.901607,82.99,11.3,34.3,29.0
1681,50.080675,2.901835,82.99,11.3,34.3,29.0
1682,50.081406,2.902062,82.99,11.3,34.2,29.0
1683,50.082137,2.90229,82.99,11.3,34.2,29.0
1684,50.082868,2.902517,82.98,11.3,34.2,29.0
1685,50.083599,2.902745,82.98,11.3,34.2,29.0
1686,50.08433,2.902972,82.98,11.3,34.1,29.0
1687,50.085061,2.9032,82.98,11.3,34.1,29.0
1688,50.085792,2.903427,82.98,11.3,34.1,29.0
1689,50.086523,2.903655,82.98,11.3,34.1,29.0
1690,50.087254,2.903882,82.98,11.3,34.0,29.0
1691,50.087985,2.90411,82.98,11.3,34.0,29.0
1692,50.088716,2.904337,82.98,11.3,34.0,29.0
1693,50.089447,2.904565,82.98,11.3,33.9,29.0
1694,50.090178,2.904792,82.98,11.3,33.9,28.0
1695,50.090909,2.90502,82.98,11.3,33.9,28.0
1696,50.09164,2.905247,82.98,11.3,33.9,28.0
1697,50.092371,2.905474,82.98,11.3,33.8,28.0
1698,50.093102,2.905702,82.98,11.3,33.8,28.0
1699,50.093834,2.905929,82.98,11.3,33.8,28.0
1700,50.094565,2.906157,82.98,11.3,33.8,28.0
1701,50.095296,2.906384,82.98,11.3,33.7,28.0
1702,50.096027,2.906612,82.98,11.3,33.7,28.0
1703,50.096758,2.906839,82.98,11.3,33.7,28.0
1704,50.097489,2.907067,82.98,11.3,33.7,28.0
1705,50.09822,2.907294,82.98,11.3,33.6,28.0
1706,50.098951,2.907522,82.98,11.3,33.6,28.0
1707,50.099682,2.907749,82.98,11.3,33.6,28.0
1708,50.100413,2.907977,82.98,11.3,33.6,28.0
1709,50.101144,2.908204,82.98,11.3,33.5,28.0
1710,50.101875,2.908432,82.98,11.3,33.5,28.0
1711,50.102606,2.908659,82.98,11.3,33.5,27.0
1712,50.103337,2.908887,82.98,11.3,33.5,27.0
1713,50.104068,2.909114,82.98,11.3,33.4,27.0
1714,50.104799,2.909342,82.98,11.3,33.4,27.0
1715,50.10553,2.909569,82.98,11.3,33.4,27.0
1716,50.106261,2.909797,82.98,11.3,33.4,27.0
1717,50.106992,2.910024,82.98,11.3,33.3,27.0
1718,50.107723,2.910252,82.98,11.3,33.3,27.0
1719,50.108454,2.910479,82.98,11.3,33.3,27.0
1720,50.109185,2.910707,82.98,11.3,33.3,27.0
1721,50.109916,2.910934,82.98,11.3,33.2,27.0
1722,50.110647,2.911162,82.98,11.3,33.2,27.0
1723,50.111378,2.911389,82.98,11.3,33.2,27.0
1724,50.112109,2.911617,82.98,11.3,33.2,27.0
1725,50.11284,2.911844,82.98,11.3,33.1,27.0
1726,50.113571,2.912072,82.98,11.3,33.1,27.0
1727,50.114302,2.912299,82.98,11.3,33.1,27.0
1728,50.115033,2.912527,82.98,11.3,33.1,27.0
1729,50.115764,2.912754,82.98,11.3,33.0,26.0
1730,50.116495,2.912981,82.98,11.3,33.0,26.0
1731,50.117227,2.913209,82.98,11.3,33.0,26.0
1732,50.117958,2.913436,82.98,11.3,33.0,26.0
1733,50.118689,2.913664,82.98,11.3,32.9,26.0
1734,50.11942,2.913891,82.98,11.3,32.9,26.0
1735,50.120151,2.914119,82.98,11.3,32.9,26.0
1736,50.120882,2.914346,82.98,11.3,32.9,26.0
1737,50.121613,2.914574,82.98,11.3,32.8,26.0
1738,50.122344,2.914801,82.98,11.3,32.8,26.0
1739,50.123075,2.915029,82.98,11.3,32.8,26.0
1740,50.123806,2.915256,82.98,11.3,32.8,26.0
1741,50.124537,2.915484,82.98,11.3,32.7,26.0
1742,50.125268,2.915711,82.98,11.3,32.7,26.0
1743,50.125999,2.915939,82.98,11.3,32.7,26.0
1744,50.12673,2.916166,82.98,11.3,32.7,26.0
1745,50.127461,2.916394,82.98,11.3,32.6,26.0
1746,50.128192,2.916621,82.98,11.3,32.6,26.0
1747,50.128923,2.916849,82.98,11.3,32.6,25.0
1748,50.129654,2.917076,82.98,11.3,32.6,25.0
1749,50.130385,2.917304,82.98,11.3,32.5,25.0
1750,50.131116,2.917531,82.98,11.3,32.5,25.0
1751,50.131847,2.917759,82.98,11.3,32.5,25.0
1752,50.132578,2.917986,82.98,11.3,32.5,25.0
1753,50.133309,2.918214,82.98,11.3,32.4,25.0
1754,50.13404,2.918441,82.98,11.3,32.4,25.0
1755,50.134771,2.918669,82.98,11.3,32.4,25.0
1756,50.135502,2.918896,82.98,11.3,32.4,25.0
1757,50.136233,2.919124,82.98,11.3,32.4,25.0
1758,50.136964,2.919351,82.98,11.3,32.3,25.0
1759,50.137695,2.919579,82.98,11.3,32.3,25.0
1760,50.138426,2.919806,82.98,11.3,32.3,25.0
1761,50.139157,2.920033,82.98,11.3,32.3,25.0
1762,50.139889,2.920261,82.98,11.3,32.2,25.0
1763,50.14062,2.920488,82.98,11.3,32.2,25.0
1764,50.141351,2.920716,82.98,11.3,32.2,25.0
1765,50.142082,2.920943,82.98,11.3,32.2,24.0
1766,50.142813,2.921171,82.98,11.3,32.1,24.0
1767,50.143544,2.921398,82.98,11.3,32.1,24.0
1768,50.144275,2.921626,82.98,11.3,32.1,24.0
1769,50.145006,2.921853,82.98,11.3,32.1,24.0
1770,50.145737,2.922081,82.98,11.3,32.0,24.0
1771,50.146468,2.922308,82.98,11.3,32.0,24.0
1772,50.147199,2.922536,82.98,11.3,32.0,24.0
1773,50.14793,2.922763,82.98,11.3,32.0,24.0
1774,50.148661,2.922991,82.98,11.3,32.0,24.0
1775,50.149392,2.923218,82.98,11.3,31.9,24.0
1776,50.150123,2.923446,82.98,11.3,31.9,24.0
1777,50.150854,2.923673,82.98,11.3,31.9,24.0
1778,50.151585,2.923901,82.98,11.3,31.9,24.0
1779,50.152316,2.924128,82.98,11.3,31.8,24.0
1780,50.153047,2.924356,82.98,11.3,31.8,24.0
1781,50.153778,2.924583,82.98,11.3,31.8,24.0
1782,50.154509,2.924811,82.98,11.3,31.8,24.0
1783,50.15524,2.925038,82.98,11.3,31.7,23.0
1784,50.155971,2.925266,82.98,11.3,31.7,23.0
1785,50.156702,2.925493,82.98,11.3,31.7,23.0
1786,50.157433,2.925721,82.98,11.3,31.7,23.0
1787,50.158164,2.925948,82.98,11.3,31.7,23.0
1788,50.158895,2.926176,82.98,11.3,31.6,23.0
1789,50.159626,2.926403,82.98,11.3,31.6,23.0
1790,50.160357,2.926631,82.98,11.3,31.6,23.0
1791,50.161088,2.926858,82.98,11.3,31.6,23.0
1792,50.161819,2.927085,82.98,11.3,31.5,23.0
1793,50.162551,2.927313,82.98,11.3,31.5,23.0
1794,50.163282,2.92754,82.98,11.3,31.5,23.0
1795,50.164013,2.927768,82.98,11.3,31.5,23.0
1796,50.164744,2.927995,82.98,11.3,31.5,23.0
1797,50.165475,2.928223,82.98,11.3,31.4,23.0
1798,50.166206,2.92845,82.98,11.3,31.4,23.0
1799,50.166937,2.928678,82.98,11.3,31.4,23.0
1800,50.167668,2.928905,82.98,11.3,31.4,23.0
1801,50.168399,2.929133,82.98,11.3,31.3,22.0
1802,50.16913,2.92936,82.98,11.3,31.3,22.0
1803,50.169861,2.929588,82.98,11.3,31.3,22.0
1804,50.170592,2.929815,82.98,11.3,31.3,22.0
1805,50.171323,2.930043,82.98,11.3,31.2,22.0
1806,50.172054,2.93027,82.98,11.3,31.2,22.0
1807,50.172785,2.930498,82.98,11.3,31.2,22.0
1808,50.173516,2.930725,82.98,11.3,31.2,22.0
1809,50.174247,2.930953,82.98,11.3,31.2,22.0
1810,50.174978,2.93118,82.98,11.3,31.1,22.0
1811,50.175709,2.931408,82.98,11.3,31.1,22.0
1812,50.17644,2.931635,82.98,11.3,31.1,22.0
1813,50.177171,2.931863,82.98,11.3,31.1,22.0
1814,50.177902,2.93209,82.98,11.3,31.1,22.0
1815,50.178633,2.932318,82.98,11.3,31.0,22.0
1816,50.179364,2.932545,82.98,11.3,31.0,22.0
1817,50.180095,2.932773,82.98,11.3,31.0,22.0
1818,50.180826,2.933,82.98,11.3,31.0,21.0
1819,50.181557,2.933228,82.98,11.3,30.9,21.0
1820,50.182288,2.933455,82.98,11.3,30.9,21.0
1821,50.183019,2.933683,82.98,11.3,30.9,21.0
1822,50.18375,2.93391,82.98,11.3,30.9,21.0
1823,50.184481,2.934137,82.98,11.3,30.9,21.0
1824,50.185213,2.934365,82.98,11.3,30.8,21.0
1825,50.185944,2.934592,82.98,11.3,30.8,21.0
1826,50.186675,2.93482,82.98,11.3,30.8,21.0
1827,50.187406,2.935047,82.98,11.3,30.8,21.0
1828,50.188137,2.935275,82.98,11.3,30.7,21.0
1829,50.188868,2.935502,82.98,11.3,30.7,21.0
1830,50.189599,2.93573,82.98,11.3,30.7,21.0
1831,50.19033,2.935957,82.98,11.3,30.7,21.0
1832,50.191061,2.936185,82.98,11.3,30.7,21.0
1833,50.191792,2.936412,82.98,11.3,30.6,21.0
1834,50.192523,2.93664,82.98,11.3,30.6,21.0
1835,50.193254,2.936867,82.98,11.3,30.6,21.0
1836,50.193985,2.937095,82.98,11.3,30.6,20.0
1837,50.194716,2.937322,82.98,11.3,30.6,20.0
1838,50.195447,2.93755,82.98,11.3,30.5,20.0
1839,50.196178,2.937777,82.98,11.3,30.5,20.0
1840,50.196909,2.938005,82.98,11.3,30.5,20.0
1841,50.19764,2.938232,82.98,11.3,30.5,20.0
1842,50.198371,2.93846,82.98,11.3,30.5,20.0
1843,50.199102,2.938687,82.98,11.3,30.4,20.0
1844,50.199833,2.938915,82.98,11.3,30.4,20.0
1845,50.200564,2.939142,82.98,11.3,30.4,20.0
1846,50.201295,2.93937,82.98,11.3,30.4,20.0
1847,50.202026,2.939597,82.98,11.3,30.3,20.0
1848,50.202757,2.939825,82.98,11.3,30.3,20.0
1849,50.203488,2.940052,82.98,11.3,30.3,20.0
1850,50.204219,2.94028,82.98,11.3,30.3,20.0
1851,50.20495,2.940507,82.98,11.3,30.3,20.0
1852,50.205681,2.940735,82.98,11.3,30.2,20.0
1853,50.206412,2.940962,82.98,11.3,30.2,20.0
1854,50.207143,2.94119,82.98,11.3,30.2,19.0
1855,50.207875,2.941417,82.98,11.3,30.2,19.0
1856,50.208606,2.941644,82.98,11.3,30.2,19.0
1857,50.209337,2.941872,82.98,11.3,30.1,19.0
1858,50.210068,2.942099,82.98,11.3,30.1,19.0
1859,50.210799,2.942327,82.98,11.3,30.1,19.0
1860,50.21153,2.942554,82.98,11.3,30.1,19.0
1861,50.212261,2.942782,82.98,11.3,30.1,19.0
1862,50.212992,2.943009,82.98,11.3,30.0,19.0
1863,50.213723,2.943237,82.98,11.3,30.0,19.0
1864,50.214454,2.943464,82.98,11.3,30.0,19.0
1865,50.215185,2.943692,82.98,11.3,30.0,19.0
1866,50.215916,2.943919,82.98,11.3,30.0,19.0
1867,50.216647,2.944147,82.98,11.3,29.9,19.0
1868,50.217378,2.944374,82.98,11.3,29.9,19.0
1869,50.218109,2.944602,82.98,11.3,29.9,19.0
1870,50.21884,2.944829,82.98,11.3,29.9,19.0
1871,50.219571,2.945057,82.98,11.3,29.9,19.0
1872,50.220302,2.945284,82.98,11.3,29.8,18.0
1873,50.221033,2.945512,82.98,11.3,29.8,18.0
1874,50.221764,2.945739,82.98,11.3,29.8,18.0
1875,50.222495,2.945967,82.98,11.3,29.8,18.0
1876,50.223226,2.946194,82.98,11.3,29.8,18.0
1877,50.223957,2.946422,82.98,11.3,29.7,18.0
1878,50.224688,2.946649,82.98,11.3,29.7,18.0
1879,50.225419,2.946877,82.98,11.3,29.7,18.0
1880,50.22615,2.947104,82.98,11.3,29.7,18.0
1881,50.226881,2.947332,82.98,11.3,29.7,18.0
1882,50.227612,2.947559,82.98,11.3,29.6,18.0
1883,50.228343,2.947787,82.98,11.3,29.6,18.0
1884,50.229074,2.948014,82.98,11.3,29.6,18.0
1885,50.229805,2.948242,82.98,11.3,29.6,18.0
1886,50.230537,2.948469,82.98,11.3,29.6,18.0
1887,50.231268,2.948696,82.98,11.3,29.6,18.0
1888,50.231999,2.948924,82.98,11.3,29.5,18.0
1889,50.23273,2.949151,82.98,11.3,29.5,18.0
1890,50.233461,2.949379,82.97,11.3,29.5,17.0
1891,50.234192,2.949606,82.97,11.3,29.5,17.0
1892,50.234923,2.949834,82.97,11.3,29.5,17.0
1893,50.235654,2.950061,82.97,11.3,29.4,17.0
1894,50.236385,2.950289,82.97,11.3,29.4,17.0
1895,50.237116,2.950516,82.97,11.3,29.4,17.0
1896,50.237847,2.950744,82.97,11.3,29.4,17.0
1897,50.238578,2.950971,82.97,11.3,29.4,17.0
1898,50.239309,2.951199,82.97,11.3,29.3,17.0
1899,50.24004,2.951426,82.97,11.3,29.3,17.0
1900,50.240771,2.951654,82.97,11.3,29.3,17.0
1901,50.241502,2.951881,82.97,11.3,29.3,17.0
1902,50.242233,2.952109,82.97,11.3,29.3,17.0
1903,50.242964,2.952336,82.97,11.3,29.3,17.0
1904,50.243695,2.952564,82.97,11.3,29.2,17.0
1905,50.244426,2.952791,82.97,11.3,29.2,17.0
1906,50.245157,2.953019,82.97,11.3,29.2,17.0
1907,50.245888,2.953246,82.97,11.3,29.2,17.0
1908,50.246619,2.953474,82.97,11.3,29.2,16.0
1909,50.24735,2.953701,82.97,11.3,29.1,16.0
1910,50.248081,2.953929,82.97,11.3,29.1,16.0
1911,50.248812,2.954156,82.97,11.3,29.1,16.0
1912,50.249543,2.954384,82.97,11.3,29.1,16.0
1913,50.250274,2.954611,82.97,11.3,29.1,16.0
1914,50.251005,2.954839,82.97,11.3,29.0,16.0
1915,50.251736,2.955066,82.97,11.3,29.0,16.0
1916,50.252467,2.955294,82.97,11.3,29.0,16.0
1917,50.253199,2.955521,82.97,11.3,29.0,16.0
1918,50.25393,2.955748,82.97,11.3,29.0,16.0
1919,50.254661,2.955976,82.97,11.3,29.0,16.0
1920,50.255392,2.956203,82.97,11.3,28.9,16.0
1921,50.256123,2.956431,82.97,11.3,28.9,16.0
1922,50.256854,2.956658,82.97,11.3,28.9,16.0
1923,50.257585,2.956886,82.97,11.3,28.9,16.0
1924,50.258316,2.957113,82.97,11.3,28.9,16.0
1925,50.259047,2.957341,82.97,11.3,28.9,16.0
1926,50.259778,2.957568,82.97,11.3,28.8,15.0
1927,50.260509,2.957796,82.97,11.3,28.8,15.0
1928,50.26124,2.958023,82.97,11.3,28.8,15.0
1929,50.261971,2.958251,82.97,11.3,28.8,15.0
1930,50.262702,2.958478,82.97,11.3,28.8,15.0
1931,50.263433,2.958706,82.97,11.3,28.7,15.0
1932,50.264164,2.958933,82.97,11.3,28.7,15.0
1933,50.264895,2.959161,82.97,11.3,28.7,15.0
1934,50.265626,2.959388,82.97,11.3,28.7,15.0
1935,50.266357,2.959616,82.97,11.3,28.7,15.0
1936,50.267088,2.959843,82.97,11.2,28.7,15.0
1937,50.267819,2.960071,82.97,11.2,28.6,15.0
1938,50.26855,2.960298,82.97,11.2,28.6,15.0
1939,50.269281,2.960526,82.97,11.2,28.6,15.0
1940,50.270012,2.960753,82.97,11.2,28.6,15.0
1941,50.270743,2.960981,82.97,11.2,28.6,15.0
1942,50.271474,2.961208,82.97,11.2,28.6,15.0
1943,50.272205,2.961436,82.97,11.2,28.5,15.0
1944,50.272936,2.961663,82.97,11.2,28.5,14.0
1945,50.273667,2.961891,82.97,11.2,28.5,14.0
1946,50.274398,2.962118,82.97,11.2,28.5,14.0
1947,50.275129,2.962346,82.97,11.2,28.5,14.0
1948,50.275861,2.962573,82.97,11.2,28.5,14.0
1949,50.276592,2.9628,82.97,11.2,28.4,14.0
1950,50.277323,2.963028,82.97,11.2,28.4,14.0
1951,50.278054,2.963255,82.97,11.2,28.4,14.0
1952,50.278785,2.963483,82.97,11.2,28.4,14.0
1953,50.279516,2.96371,82.97,11.2,28.4,14.0
1954,50.280247,2.963938,82.97,11.2,28.4,14.0
1955,50.280978,2.964165,82.97,11.2,28.3,14.0
1956,50.281709,2.964393,82.97,11.2,28.3,14.0
1957,50.28244,2.96462,82.97,11.2,28.3,14.0
1958,50.283171,2.964848,82.97,11.2,28.3,14.0
1959,50.283902,2.965075,82.97,11.2,28.3,14.0
1960,50.284633,2.965303,82.97,11.2,28.3,14.0
1961,50.285364,2.96553,82.97,11.2,28.2,14.0
1962,50.286095,2.965758,82.97,11.2,28.2,13.0
1963,50.286826,2.965985,82.97,11.2,28.2,13.0
1964,50.287557,2.966213,82.97,11.2,28.2,13.0
1965,50.288288,2.96644,82.97,11.2,28.2,13.0
1966,50.289019,2.966668,82.97,11.2,28.2,13.0
1967,50.28975,2.966895,82.97,11.2,28.1,13.0
1968,50.290481,2.967123,82.97,11.2,28.1,13.0
1969,50.291212,2.96735,82.97,11.2,28.1,13.0
1970,50.291943,2.967578,82.97,11.2,28.1,13.0
1971,50.292674,2.967805,82.97,11.2,28.1,13.0
1972,50.293405,2.968033,82.97,11.2,28.1,13.0
1973,50.294136,2.96826,82.97,11.2,28.0,13.0
1974,50.294867,2.968488,82.97,11.2,28.0,13.0
1975,50.295598,2.968715,82.97,11.2,28.0,13.0
1976,50.296329,2.968943,82.97,11.2,28.0,13.0
1977,50.29706,2.96917,82.97,11.2,28.0,13.0
1978,50.297791,2.969398,82.97,11.2,28.0,13.0
1979,50.298523,2.969625,82.97,11.2,27.9,13.0
1980,50.299254,2.969853,82.97,11.2,27.9,12.0
1981,50.299985,2.97008,82.97,11.2,27.9,12.0
1982,50.300716,2.970307,82.97,11.2,27.9,12.0
1983,50.301447,2.970535,82.97,11.2,27.9,12.0
1984,50.302178,2.970762,82.97,11.2,27.9,12.0
1985,50.302909,2.97099,82.97,11.2,27.9,12.0
1986,50.30364,2.971217,82.97,11.2,27.8,12.0
1987,50.304371,2.971445,82.97,11.2,27.8,12.0
1988,50.305102,2.971672,82.97,11.2,27.8,12.0
1989,50.305833,2.9719,82.97,11.2,27.8,12.0
1990,50.306564,2.972127,82.97,11.2,27.8,12.0
1991,50.307295,2.972355,82.97,11.2,27.8,12.0
1992,50.308026,2.972582,82.97,11.2,27.8,12.0
1993,50.308757,2.97281,82.97,11.2,27.7,12.0
1994,50.309488,2.973037,82.97,11.2,27.7,12.0
1995,50.310219,2.973265,82.97,11.2,27.7,12.0
1996,50.31095,2.973492,82.97,11.2,27.7,12.0
1997,50.311681,2.97372,82.97,11.2,27.7,12.0
1998,50.312412,2.973947,82.97,11.2,27.7,11.0
1999,50.313143,2.974175,82.97,11.2,27.6,11.0
2000,50.313874,2.974402,82.97,11.2,27.6,11.0
2001,50.314605,2.97463,82.97,11.2,27.6,11.0
2002,50.315336,2.974857,82.97,11.2,27.6,11.0
2003,50.316067,2.975085,82.97,11.2,27.6,11.0
2004,50.316798,2.975312,82.97,11.2,27.6,11.0
2005,50.317529,2.97554,82.97,11.2,27.6,11.0
2006,50.31826,2.975767,82.97,11.2,27.5,11.0
2007,50.318991,2.975995,82.97,11.2,27.5,11.0
2008,50.319722,2.976222,82.97,11.2,27.5,11.0
2009,50.320453,2.97645,82.97,11.2,27.5,11.0
2010,50.321184,2.976677,82.97,11.2,27.5,11.0
2011,50.321916,2.976905,82.97,11.2,27.5,11.0
2012,50.322647,2.977132,82.97,11.2,27.5,11.0
2013,50.323378,2.977359,82.97,11.2,27.4,11.0
2014,50.324109,2.977587,82.97,11.2,27.4,11.0
2015,50.32484,2.977814,82.97,11.2,27.4,11.0
2016,50.325571,2.978042,82.97,11.2,27.4,10.0
2017,50.326302,2.978269,82.97,11.2,27.4,10.0
2018,50.327033,2.978497,82.97,11.2,27.4,10.0
2019,50.327764,2.978724,82.97,11.2,27.4,10.0
2020,50.328495,2.978952,82.97,11.2,27.3,10.0
2021,50.329226,2.979179,82.97,11.2,27.3,10.0
2022,50.329957,2.979407,82.97,11.2,27.3,10.0
2023,50.330688,2.979634,82.97,11.2,27.3,10.0
2024,50.331419,2.979862,82.97,11.2,27.3,10.0
2025,50.33215,2.980089,82.97,11.2,27.3,10.0
2026,50.332881,2.980317,82.97,11.2,27.3,10.0
2027,50.333612,2.980544,82.97,11.2,27.2,10.0
2028,50.334343,2.980772,82.97,11.2,27.2,10.0
2029,50.335074,2.980999,82.97,11.2,27.2,10.0
2030,50.335805,2.981227,82.97,11.2,27.2,10.0
2031,50.336536,2.981454,82.97,11.2,27.2,10.0
2032,50.337267,2.981682,82.97,11.2,27.2,10.0
2033,50.337998,2.981909,82.97,11.2,27.2,10.0
2034,50.338729,2.982137,82.97,11.2,27.2,10.0
2035,50.33946,2.982364,82.97,11.2,27.1,9.0
2036,50.340191,2.982592,82.97,11.2,27.1,9.0
2037,50.340922,2.982819,82.97,11.2,27.1,9.0
2038,50.341653,2.983047,82.97,11.2,27.1,9.0
2039,50.342384,2.983274,82.97,11.2,27.1,9.0
2040,50.343115,2.983502,82.97,11.2,27.1,9.0
2041,50.343846,2.983729,82.97,11.2,27.1,9.0
2042,50.344578,2.983957,82.97,11.2,27.0,9.0
2043,50.345309,2.984184,82.97,11.2,27.0,9.0
2044,50.34604,2.984411,82.97,11.2,27.0,9.0
2045,50.346771,2.984639,82.97,11.2,27.0,9.0
2046,50.347502,2.984866,82.97,11.2,27.0,9.0
2047,50.348233,2.985094,82.97,11.2,27.0,9.0
2048,50.348964,2.985321,82.97,11.2,27.0,9.0
2049,50.349695,2.985549,82.97,11.2,27.0,9.0
2050,50.350426,2.985776,82.97,11.2,26.9,9.0
2051,50.351157,2.986004,82.97,11.2,26.9,9.0
2052,50.351888,2.986231,82.97,11.2,26.9,9.0
2053,50.352619,2.986459,82.97,11.2,26.9,8.0
2054,50.35335,2.986686,82.97,11.2,26.9,8.0
2055,50.354081,2.986914,82.97,11.2,26.9,8.0
2056,50.354812,2.987141,82.97,11.2,26.9,8.0
2057,50.355543,2.987369,82.97,11.2,26.9,8.0
2058,50.356274,2.987596,82.97,11.2,26.8,8.0
2059,50.357005,2.987824,82.97,11.2,26.8,8.0
2060,50.357736,2.988051,82.97,11.2,26.8,8.0
2061,50.358467,2.988279,82.97,11.2,26.8,8.0
2062,50.359198,2.988506,82.97,11.2,26.8,8.0
2063,50.359929,2.988734,82.97,11.2,26.8,8.0
2064,50.36066,2.988961,82.97,11.2,26.8,8.0
2065,50.361391,2.989189,82.97,11.2,26.8,8.0
2066,50.362122,2.989416,82.97,11.2,26.7,8.0
2067,50.362853,2.989644,82.97,11.2,26.7,8.0
2068,50.363584,2.989871,82.97,11.2,26.7,8.0
2069,50.364315,2.990099,82.97,11.2,26.7,8.0
2070,50.365046,2.990326,82.97,11.2,26.7,8.0
2071,50.365777,2.990554,82.97,11.2,26.7,7.0
2072,50.366508,2.990781,82.97,11.2,26.7,7.0
2073,50.36724,2.991009,82.97,11.2,26.7,7.0
2074,50.367971,2.991236,82.97,11.2,26.6,7.0
2075,50.368702,2.991463,82.97,11.2,26.6,7.0
2076,50.369433,2.991691,82.97,11.2,26.6,7.0
2077,50.370164,2.991918,82.97,11.2,26.6,7.0
2078,50.370895,2.992146,82.97,11.2,26.6,7.0
2079,50.371626,2.992373,82.97,11.2,26.6,7.0
2080,50.372357,2.992601,82.97,11.2,26.6,7.0
2081,50.373088,2.992828,82.97,11.2,26.6,7.0
2082,50.373819,2.993056,82.97,11.2,26.6,7.0
2083,50.37455,2.993283,82.97,11.2,26.5,7.0
2084,50.375281,2.993511,82.97,11.2,26.5,7.0
2085,50.376012,2.993738,82.97,11.2,26.5,7.0
2086,50.376743,2.993966,82.97,11.2,26.5,7.0
2087,50.377474,2.994193,82.97,11.2,26.5,7.0
2088,50.378205,2.994421,82.97,11.2,26.5,7.0
2089,50.378936,2.994648,82.97,11.2,26.5,7.0
2090,50.379667,2.994876,82.97,11.2,26.5,6.0
2091,50.380398,2.995103,82.97,11.2,26.5,6.0
2092,50.381129,2.995331,82.97,11.2,26.4,6.0
2093,50.38186,2.995558,82.97,11.2,26.4,6.0
2094,50.382591,2.995786,82.97,11.2,26.4,6.0
2095,50.383322,2.996013,82.97,11.2,26.4,6.0
2096,50.384053,2.996241,82.97,11.2,26.4,6.0
2097,50.384784,2.996468,82.96,11.2,26.4,6.0
2098,50.385515,2.996696,82.96,11.2,26.4,6.0
2099,50.386246,2.996923,82.96,11.2,26.4,6.0
2100,50.386977,2.997151,82.96,11.2,26.4,6.0
2101,50.387708,2.997378,82.96,11.2,26.3,6.0
2102,50.388439,2.997606,82.96,11.2,26.3,6.0
2103,50.38917,2.997833,82.96,11.2,26.3,6.0
2104,50.389902,2.998061,82.96,11.2,26.3,6.0
2105,50.390633,2.998288,82.96,11.2,26.3,6.0
2106,50.391364,2.998516,82.96,11.2,26.3,6.0
2107,50.392095,2.998743,82.96,11.2,26.3,6.0
2108,50.392826,2.99897,82.96,11.2,26.3,5.0
2109,50.393557,2.999198,82.96,11.2,26.3,5.0
2110,50.394288,2.999425,82.96,11.2,26.2,5.0
2111,50.395019,2.999653,82.96,11.2,26.2,5.0
2112,50.39575,2.99988,82.96,11.2,26.2,5.0
2113,50.396481,3.000108,82.96,11.2,26.2,5.0
2114,50.397212,3.000335,82.96,11.2,26.2,5.0
2115,50.397943,3.000563,82.96,11.2,26.2,5.0
2116,50.398674,3.00079,82.96,11.2,26.2,5.0
2117,50.399405,3.001018,82.96,11.2,26.2,5.0
2118,50.400136,3.001245,82.96,11.2,26.2,5.0
2119,50.400867,3.001473,82.96,11.2,26.2,5.0
2120,50.401598,3.0017,82.96,11.2,26.1,5.0
2121,50.402329,3.001928,82.96,11.2,26.1,5.0
2122,50.40306,3.002155,82.96,11.2,26.1,5.0
2123,50.403791,3.002383,82.96,11.2,26.1,5.0
2124,50.404522,3.00261,82.96,11.2,26.1,5.0
2125,50.405253,3.002838,82.96,11.2,26.1,5.0
2126,50.405984,3.003065,82.96,11.2,26.1,5.0
2127,50.406715,3.003293,82.96,11.2,26.1,4.0
2128,50.407446,3.00352,82.96,11.2,26.1,4.0
2129,50.408177,3.003748,82.96,11.2,26.1,4.0
2130,50.408908,3.003975,82.96,11.2,26.1,4.0
2131,50.409639,3.004203,82.96,11.2,26.0,4.0
2132,50.41037,3.00443,82.96,11.2,26.0,4.0
2133,50.411101,3.004658,82.96,11.2,26.0,4.0
2134,50.411832,3.004885,82.96,11.2,26.0,4.0
2135,50.412564,3.005113,82.96,11.2,26.0,4.0
2136,50.413295,3.00534,82.96,11.2,26.0,4.0
2137,50.414026,3.005568,82.96,11.2,26.0,4.0
2138,50.414757,3.005795,82.96,11.2,26.0,4.0
2139,50.415488,3.006022,82.96,11.2,26.0,4.0
2140,50.416219,3.00625,82.96,11.2,26.0,4.0
2141,50.41695,3.006477,82.96,11.2,25.9,4.0
2142,50.417681,3.006705,82.96,11.2,25.9,4.0
2143,50.418412,3.006932,82.96,11.2,25.9,4.0
2144,50.419143,3.00716,82.96,11.2,25.9,4.0
2145,50.419874,3.007387,82.96,11.2,25.9,3.0
2146,50.420605,3.007615,82.96,11.2,25.9,3.0
2147,50.421336,3.007842,82.96,11.2,25.9,3.0
2148,50.422067,3.00807,82.96,11.2,25.9,3.0
2149,50.422798,3.008297,82.96,11.2,25.9,3.0
2150,50.423529,3.008525,82.96,11.2,25.9,3.0
2151,50.42426,3.008752,82.96,11.2,25.9,3.0
2152,50.424991,3.00898,82.96,11.2,25.9,3.0
2153,50.425722,3.009207,82.96,11.2,25.8,3.0
2154,50.426453,3.009435,82.96,11.2,25.8,3.0
2155,50.427184,3.009662,82.96,11.2,25.8,3.0
2156,50.427915,3.00989,82.96,11.2,25.8,3.0
2157,50.428646,3.010117,82.96,11.2,25.8,3.0
2158,50.429377,3.010345,82.96,11.2,25.8,3.0
2159,50.430108,3.010572,82.96,11.2,25.8,3.0
2160,50.430839,3.0108,82.96,11.2,25.8,3.0
2161,50.43157,3.011027,82.96,11.2,25.8,3.0
2162,50.432301,3.011255,82.96,11.2,25.8,3.0
2163,50.433032,3.011482,82.96,11.2,25.8,3.0
2164,50.433763,3.01171,82.96,11.2,25.8,2.0
2165,50.434494,3.011937,82.96,11.2,25.7,2.0
2166,50.435226,3.012165,82.96,11.2,25.7,2.0
2167,50.435957,3.012392,82.96,11.2,25.7,2.0
2168,50.436688,3.01262,82.96,11.2,25.7,2.0
2169,50.437419,3.012847,82.96,11.2,25.7,2.0
2170,50.43815,3.013074,82.96,11.2,25.7,2.0
2171,50.438881,3.013302,82.96,11.2,25.7,2.0
2172,50.439612,3.013529,82.96,11.2,25.7,2.0
2173,50.440343,3.013757,82.96,11.2,25.7,2.0
2174,50.441074,3.013984,82.96,11.2,25.7,2.0
2175,50.441805,3.014212,82.96,11.2,25.7,2.0
2176,50.442536,3.014439,82.96,11.2,25.7,2.0
2177,50.443267,3.014667,82.96,11.2,25.7,2.0
2178,50.443998,3.014894,82.96,11.2,25.6,2.0
2179,50.444729,3.015122,82.96,11.2,25.6,2.0
2180,50.44546,3.015349,82.96,11.2,25.6,2.0
2181,50.446191,3.015577,82.96,11.2,25.6,2.0
2182,50.446922,3.015804,82.96,11.2,25.6,2.0
2183,50.447653,3.016032,82.96,11.2,25.6,1.0
2184,50.448384,3.016259,82.96,11.2,25.6,1.0
2185,50.449115,3.016487,82.96,11.2,25.6,1.0
2186,50.449846,3.016714,82.96,11.2,25.6,1.0
2187,50.450577,3.016942,82.96,11.2,25.6,1.0
2188,50.451308,3.017169,82.96,11.2,25.6,1.0
2189,50.452039,3.017397,82.96,11.2,25.6,1.0
2190,50.45277,3.017624,82.96,11.2,25.6,1.0
2191,50.453501,3.017852,82.96,11.2,25.6,1.0
2192,50.454232,3.018079,82.96,11.2,25.5,1.0
2193,50.454963,3.018307,82.96,11.2,25.5,1.0
2194,50.455694,3.018534,82.96,11.2,25.5,1.0
2195,50.456425,3.018762,82.96,11.2,25.5,1.0
2196,50.457156,3.018989,82.96,11.2,25.5,1.0
2197,50.457888,3.019217,82.96,11.2,25.5,1.0
2198,50.458619,3.019444,82.96,11.2,25.5,1.0
2199,50.45935,3.019672,82.96,11.2,25.5,1.0
2200,50.460081,3.019899,82.96,11.2,25.5,1.0
2201,50.460812,3.020126,82.96,11.2,25.5,0.0
2202,50.461543,3.020354,82.96,11.2,25.5,0.0
2203,50.462274,3.020581,82.96,11.2,25.5,0.0
2204,50.463005,3.020809,82.96,11.2,25.5,0.0
2205,50.463736,3.021036,82.96,11.2,25.5,0.0
2206,50.464467,3.021264,82.96,11.2,25.5,0.0
2207,50.465198,3.021491,82.96,11.2,25.4,0.0
2208,50.465929,3.021719,82.96,11.2,25.4,0.0
2209,50.46666,3.021946,82.96,11.2,25.4,0.0
2210,50.467391,3.022174,82.96,11.2,25.4,0.0
2211,50.468122,3.022401,82.96,11.2,25.4,0.0
2212,50.468853,3.022629,82.96,11.2,25.4,0.0
2213,50.469584,3.022856,82.96,11.2,25.4,0.0
2214,50.470315,3.023084,82.96,11.2,25.4,0.0
2215,50.471046,3.023311,82.96,11.2,25.4,0.0
2216,50.471777,3.023539,82.96,11.2,25.4,0.0
2217,50.472508,3.023766,82.96,11.2,25.4,0.0
2218,50.473239,3.023994,82.96,11.2,25.4,0.0
2219,50.47397,3.024221,82.96,11.2,25.4,0.0
2220,50.474701,3.024449,82.96,11.2,25.4,0.0
2221,50.475432,3.024676,82.96,11.2,25.4,0.0
2222,50.476163,3.024904,82.96,11.2,25.4,0.0
2223,50.476894,3.025131,82.96,11.2,25.4,0.0
2224,50.477625,3.025359,82.96,11.2,25.3,0.0
2225,50.478356,3.025586,82.96,11.2,25.3,0.0
2226,50.479087,3.025814,82.96,11.2,25.3,0.0
2227,50.479818,3.026041,82.96,11.2,25.3,0.0
2228,50.48055,3.026269,82.96,11.2,25.3,0.0
2229,50.481281,3.026496,82.96,11.2,25.3,0.0
2230,50.482012,3.026724,82.96,11.2,25.3,0.0
2231,50.482743,3.026951,82.96,11.2,25.3,0.0
2232,50.483474,3.027179,82.96,11.2,25.3,0.0
2233,50.484205,3.027406,82.96,11.2,25.3,0.0
2234,50.484936,3.027633,82.96,11.2,25.3,0.0
2235,50.485667,3.027861,82.96,11.2,25.3,0.0
2236,50.486398,3.028088,82.96,11.2,25.3,0.0
2237,50.487129,3.028316,82.96,11.2,25.3,0.0
2238,50.48786,3.028543,82.96,11.2,25.3,0.0
2239,50.488591,3.028771,82.96,11.2,25.3,0.0
2240,50.489322,3.028998,82.96,11.2,25.3,0.0
2241,50.490053,3.029226,82.96,11.2,25.3,0.0
2242,50.490784,3.029453,82.96,11.2,25.3,0.0
2243,50.491515,3.029681,82.96,11.2,25.3,0.0
2244,50.492246,3.029908,82.96,11.2,25.2,0.0
2245,50.492977,3.030136,82.96,11.2,25.2,0.0
2246,50.493708,3.030363,82.96,11.2,25.2,0.0
2247,50.494439,3.030591,82.96,11.2,25.2,0.0
2248,50.49517,3.030818,82.96,11.2,25.2,0.0
2249,50.495901,3.031046,82.96,11.2,25.2,0.0
2250,50.496632,3.031273,82.96,11.2,25.2,0.0
2251,50.497363,3.031501,82.96,11.2,25.2,0.0
2252,50.498094,3.031728,82.96,11.2,25.2,0.0
2253,50.498825,3.031956,82.96,11.2,25.2,0.0
2254,50.499556,3.032183,82.96,11.2,25.2,0.0
2255,50.500287,3.032411,82.96,11.2,25.2,0.0
2256,50.501018,3.032638,82.96,11.2,25.2,0.0
2257,50.501749,3.032866,82.96,11.2,25.2,0.0
2258,50.50248,3.033093,82.96,11.2,25.2,0.0
2259,50.503212,3.033321,82.96,11.2,25.2,0.0
2260,50.503943,3.033548,82.96,11.2,25.2,0.0
2261,50.504674,3.033776,82.96,11.2,25.2,0.0
2262,50.505405,3.034003,82.96,11.2,25.2,0.0
2263,50.506136,3.034231,82.96,11.2,25.2,0.0
2264,50.506867,3.034458,82.96,11.2,25.2,0.0
2265,50.507598,3.034685,82.96,11.2,25.2,0.0
2266,50.508329,3.034913,82.96,11.2,25.2,0.0
2267,50.50906,3.03514,82.96,11.2,25.2,0.0
2268,50.509791,3.035368,82.96,11.2,25.1,0.0
2269,50.510522,3.035595,82.96,11.2,25.1,0.0
2270,50.511253,3.035823,82.96,11.2,25.1,0.0
2271,50.511984,3.03605,82.96,11.2,25.1,0.0
2272,50.512715,3.036278,82.96,11.2,25.1,0.0
2273,50.513446,3.036505,82.96,11.2,25.1,0.0
2274,50.514177,3.036733,82.96,11.2,25.1,0.0
2275,50.514908,3.03696,82.96,11.2,25.1,0.0
2276,50.515639,3.037188,82.96,11.2,25.1,0.0
2277,50.51637,3.037415,82.96,11.2,25.1,0.0
2278,50.517101,3.037643,82.96,11.2,25.1,0.0
2279,50.517832,3.03787,82.96,11.2,25.1,0.0
2280,50.518563,3.038098,82.96,11.2,25.1,0.0
2281,50.519294,3.038325,82.96,11.2,25.1,0.0
2282,50.520025,3.038553,82.96,11.2,25.1,0.0
2283,50.520756,3.03878,82.96,11.2,25.1,0.0
2284,50.521487,3.039008,82.96,11.2,25.1,0.0
2285,50.522218,3.039235,82.96,11.2,25.1,0.0
2286,50.522949,3.039463,82.96,11.2,25.1,0.0
2287,50.52368,3.03969,82.96,11.2,25.1,0.0
2288,50.524411,3.039918,82.96,11.2,25.1,0.0
2289,50.525142,3.040145,82.96,11.2,25.1,0.0
2290,50.525873,3.040373,82.96,11.2,25.1,0.0
2291,50.526605,3.0406,82.96,11.2,25.1,0.0
2292,50.527336,3.040828,82.96,11.2,25.1,0.0
2293,50.528067,3.041055,82.96,11.2,25.1,0.0
2294,50.528798,3.041283,82.96,11.2,25.1,0.0
2295,50.529529,3.04151,82.96,11.2,25.1,0.0
2296,50.53026,3.041737,82.96,11.2,25.1,0.0
2297,50.530991,3.041965,82.96,11.2,25.1,0.0
2298,50.531722,3.042192,82.96,11.2,25.1,0.0
2299,50.532453,3.04242,82.96,11.2,25.1,0.0
2300,50.533184,3.042647,82.96,11.2,25.1,0.0
2301,50.533915,3.042875,82.96,11.2,25.1,0.0
2302,50.534646,3.043102,82.96,11.2,25.1,0.0
2303,50.535377,3.04333,82.95,11.2,25.1,0.0
2304,50.536108,3.043557,82.95,11.2,25.0,0.0
2305,50.536839,3.043785,82.95,11.2,25.0,0.0
2306,50.53757,3.044012,82.95,11.2,25.0,0.0
2307,50.538301,3.04424,82.95,11.2,25.0,0.0
2308,50.539032,3.044467,82.95,11.2,25.0,0.0
2309,50.539763,3.044695,82.95,11.2,25.0,0.0
2310,50.540494,3.044922,82.95,11.2,25.0,0.0
2311,50.541225,3.04515,82.95,11.2,25.0,0.0
2312,50.541956,3.045377,82.95,11.2,25.0,0.0
2313,50.542687,3.045605,82.95,11.2,25.0,0.0
2314,50.543418,3.045832,82.95,11.2,25.0,0.0
2315,50.544149,3.04606,82.95,11.2,25.0,0.0
2316,50.54488,3.046287,82.95,11.2,25.0,0.0
2317,50.545611,3.046515,82.95,11.2,25.0,0.0
2318,50.546342,3.046742,82.95,11.2,25.0,0.0
2319,50.547073,3.04697,82.95,11.2,25.0,0.0
2320,50.547804,3.047197,82.95,11.2,25.0,0.0
2321,50.548535,3.047425,82.95,11.2,25.0,0.0
2322,50.549267,3.047652,82.95,11.2,25.0,0.0
2323,50.549998,3.04788,82.95,11.2,25.0,0.0
2324,50.550729,3.048107,82.95,11.2,25.0,0.0
2325,50.55146,3.048335,82.95,11.2,25.0,0.0
2326,50.552191,3.048562,82.95,11.2,25.0,0.0
2327,50.552922,3.048789,82.95,11.2,25.0,0.0
2328,50.553653,3.049017,82.95,11.2,25.0,0.0
2329,50.554384,3.049244,82.95,11.2,25.0,0.0
2330,50.555115,3.049472,82.95,11.2,25.0,0.0
2331,50.555846,3.049699,82.95,11.2,25.0,0.0
2332,50.556577,3.049927,82.95,11.2,25.0,0.0
2333,50.557308,3.050154,82.95,11.2,25.0,0.0
2334,50.558039,3.050382,82.95,11.2,25.0,0.0
2335,50.55877,3.050609,82.95,11.2,25.0,0.0
2336,50.559501,3.050837,82.95,11.2,25.0,0.0
2337,50.560232,3.051064,82.95,11.2,25.0,0.0
2338,50.560963,3.051292,82.95,11.2,25.0,0.0
2339,50.561694,3.051519,82.95,11.2,25.0,0.0
2340,50.562425,3.051747,82.95,11.2,25.0,0.0
2341,50.563156,3.051974,82.95,11.2,25.0,0.0
2342,50.563887,3.052202,82.95,11.2,25.0,0.0
2343,50.564618,3.052429,82.95,11.2,25.0,0.0
2344,50.565349,3.052657,82.95,11.2,25.0,0.0
2345,50.56608,3.052884,82.95,11.2,25.0,0.0
2346,50.566811,3.053112,82.95,11.2,25.0,0.0
2347,50.567542,3.053339,82.95,11.2,25.0,0.0
2348,50.568273,3.053567,82.95,11.2,25.0,0.0
2349,50.569004,3.053794,82.95,11.2,25.0,0.0
2350,50.569735,3.054022,82.95,11.2,25.0,0.0
2351,50.570466,3.054249,82.95,11.2,25.0,0.0
2352,50.571197,3.054477,82.95,11.2,25.0,0.0
2353,50.571929,3.054704,82.95,11.2,25.0,0.0
2354,50.57266,3.054932,82.95,11.2,25.0,0.0
2355,50.573391,3.055159,82.95,11.2,25.0,0.0
2356,50.574122,3.055387,82.95,11.2,25.0,0.0
2357,50.574853,3.055614,82.95,11.2,25.0,0.0
2358,50.575584,3.055842,82.95,11.2,25.0,0.0
2359,50.576315,3.056069,82.95,11.2,25.0,0.0
2360,50.577046,3.056296,82.95,11.2,25.0,0.0
2361,50.577777,3.056524,82.95,11.2,25.0,0.0
2362,50.578508,3.056751,82.95,11.2,25.0,0.0
2363,50.579239,3.056979,82.95,11.2,25.0,0.0
2364,50.57997,3.057206,82.95,11.2,25.0,0.0
2365,50.580701,3.057434,82.95,11.2,25.0,0.0
2366,50.581432,3.057661,82.95,11.2,25.0,0.0
2367,50.582163,3.057889,82.95,11.2,25.0,0.0
2368,50.582894,3.058116,82.95,11.2,25.0,0.0
2369,50.583625,3.058344,82.95,11.2,25.0,0.0
2370,50.584356,3.058571,82.95,11.2,25.0,0.0
2371,50.585087,3.058799,82.95,11.2,25.0,0.0
2372,50.585818,3.059026,82.95,11.2,25.0,0.0
2373,50.586549,3.059254,82.95,11.2,25.0,0.0
2374,50.58728,3.059481,82.95,11.2,25.0,0.0
2375,50.588011,3.059709,82.95,11.2,25.0,0.0
2376,50.588742,3.059936,82.95,11.2,25.0,0.0
2377,50.589473,3.060164,82.95,11.2,25.0,0.0
2378,50.590204,3.060391,82.95,11.2,25.0,0.0
2379,50.590935,3.060619,82.95,11.2,25.0,0.0
2380,50.591666,3.060846,82.95,11.2,25.0,0.0
2381,50.592397,3.061074,82.95,11.2,25.0,0.0
2382,50.593128,3.061301,82.95,11.2,25.0,0.0
2383,50.593859,3.061529,82.95,11.2,25.0,0.0
2384,50.594591,3.061756,82.95,11.2,25.0,0.0
2385,50.595322,3.061984,82.95,11.2,25.0,0.0
2386,50.596053,3.062211,82.95,11.2,25.0,0.0
2387,50.596784,3.062439,82.95,11.2,25.0,0.0
2388,50.597515,3.062666,82.95,11.2,25.0,0.0
2389,50.598246,3.062894,82.95,11.2,25.0,0.0
2390,50.598977,3.063121,82.95,11.2,25.0,0.0
2391,50.599708,3.063348,82.95,11.2,25.0,0.0
2392,50.600439,3.063576,82.95,11.2,25.0,0.0
2393,50.60117,3.063803,82.95,11.2,25.0,0.0
2394,50.601901,3.064031,82.95,11.2,25.0,0.0
2395,50.602632,3.064258,82.95,11.2,25.0,0.0
2396,50.603363,3.064486,82.95,11.2,25.0,0.0
2397,50.604094,3.064713,82.95,11.2,25.0,0.0
2398,50.604825,3.064941,82.95,11.2,25.0,0.0
2399,50.605556,3.065168,82.95,11.2,25.0,0.0
2400,50.606287,3.065396,82.95,11.2,25.1,0.0
2401,50.607018,3.065623,82.95,11.2,25.1,0.0
2402,50.607749,3.065851,82.95,11.2,25.1,0.0
2403,50.60848,3.066078,82.95,11.2,25.1,0.0
2404,50.609211,3.066306,82.95,11.2,25.1,0.0
2405,50.609942,3.066533,82.95,11.2,25.1,0.0
2406,50.610673,3.066761,82.95,11.2,25.1,0.0
2407,50.611404,3.066988,82.95,11.2,25.1,0.0
2408,50.612135,3.067216,82.95,11.2,25.1,0.0
2409,50.612866,3.067443,82.95,11.2,25.1,0.0
2410,50.613597,3.067671,82.95,11.2,25.1,0.0
2411,50.614328,3.067898,82.95,11.2,25.1,0.0
2412,50.615059,3.068126,82.95,11.2,25.1,0.0
2413,50.61579,3.068353,82.95,11.2,25.1,0.0
2414,50.616521,3.068581,82.95,11.2,25.1,0.0
2415,50.617253,3.068808,82.95,11.2,25.1,0.0
2416,50.617984,3.069036,82.95,11.2,25.1,0.0
2417,50.618715,3.069263,82.95,11.2,25.1,0.0
2418,50.619446,3.069491,82.95,11.2,25.1,0.0
2419,50.620177,3.069718,82.95,11.2,25.1,0.0
2420,50.620908,3.069946,82.95,11.2,25.1,0.0
2421,50.621639,3.070173,82.95,11.2,25.1,0.0
2422,50.62237,3.0704,82.95,11.2,25.1,0.0
2423,50.623101,3.070628,82.95,11.2,25.1,0.0
2424,50.623832,3.070855,82.95,11.2,25.1,0.0
2425,50.624563,3.071083,82.95,11.2,25.1,0.0
2426,50.625294,3.07131,82.95,11.2,25.1,0.0
2427,50.626025,3.071538,82.95,11.2,25.1,0.0
2428,50.626756,3.071765,82.95,11.2,25.1,0.0
2429,50.627487,3.071993,82.95,11.2,25.1,0.0
2430,50.628218,3.07222,82.95,11.2,25.1,0.0
2431,50.628949,3.072448,82.95,11.2,25.1,0.0
2432,50.62968,3.072675,82.95,11.2,25.1,0.0
2433,50.630411,3.072903,82.95,11.2,25.1,0.0
2434,50.631142,3.07313,82.95,11.2,25.1,0.0
2435,50.631873,3.073358,82.95,11.2,25.2,0.0
2436,50.632604,3.073585,82.95,11.2,25.2,0.0
2437,50.633335,3.073813,82.95,11.2,25.2,0.0
2438,50.634066,3.07404,82.95,11.2,25.2,0.0
2439,50.634797,3.074268,82.95,11.2,25.2,0.0
2440,50.635528,3.074495,82.95,11.2,25.2,0.0
2441,50.636259,3.074723,82.95,11.2,25.2,0.0
2442,50.63699,3.07495,82.95,11.2,25.2,0.0
2443,50.637721,3.075178,82.95,11.2,25.2,0.0
2444,50.638452,3.075405,82.95,11.2,25.2,0.0
2445,50.639183,3.075633,82.95,11.2,25.2,0.0
2446,50.63957,3.074917,66.37,310.5,25.2,0.0
2447,50.639813,3.073806,83.0,289.0,25.2,0.0
2448,50.640055,3.072694,83.0,289.0,25.2,0.0
2449,50.640297,3.071582,83.0,289.0,25.2,0.0
2450,50.640539,3.07047,83.0,289.0,25.2,0.0
2451,50.640781,3.069358,83.0,289.0,25.2,0.0
2452,50.641024,3.068246,83.0,289.0,25.2,0.0
2453,50.641266,3.067134,83.0,289.0,25.2,0.0
2454,50.641508,3.066022,83.0,289.0,25.2,0.0
2455,50.64175,3.06491,83.0,289.0,25.2,0.0
2456,50.641992,3.063798,83.0,289.0,25.2,0.0
2457,50.642235,3.062687,83.0,289.0,25.2,0.0
2458,50.642477,3.061575,83.0,289.0,25.2,0.0
2459,50.642719,3.060463,82.99,289.0,25.3,0.0
2460,50.642961,3.059351,82.99,289.0,25.3,0.0
2461,50.643203,3.058239,82.99,289.0,25.3,0.0
2462,50.643446,3.057127,82.99,289.0,25.3,0.0
2463,50.643688,3.056015,82.99,289.0,25.3,0.0
2464,50.64393,3.054903,82.99,289.0,25.3,0.0
2465,50.644172,3.053791,82.99,289.0,25.3,0.0
2466,50.644414,3.052679,82.99,289.0,25.3,0.0
2467,50.644656,3.051568,82.99,289.0,25.3,0.0
2468,50.644899,3.050456,82.99,289.0,25.3,0.0
2469,50.645141,3.049344,82.99,289.0,25.3,0.0
2470,50.645383,3.048232,82.99,289.0,25.3,0.0
2471,50.645625,3.04712,82.99,289.0,25.3,0.0
2472,50.645867,3.046008,82.99,289.0,25.3,0.0
2473,50.64611,3.044896,82.99,289.0,25.3,0.0
2474,50.646352,3.043784,82.99,289.0,25.3,0.0
2475,50.646594,3.042672,82.99,289.0,25.3,0.0
2476,50.646836,3.04156,82.99,289.0,25.3,0.0
2477,50.647078,3.040448,82.99,289.0,25.3,0.0
2478,50.647321,3.039337,82.99,289.0,25.3,0.0
2479,50.647563,3.038225,82.99,289.0,25.4,0.0
2480,50.647805,3.037113,82.99,289.0,25.4,0.0
2481,50.648047,3.036001,82.99,289.0,25.4,0.0
2482,50.648289,3.034889,82.99,289.0,25.4,0.0
2483,50.648532,3.033777,82.99,289.0,25.4,0.0
2484,50.648774,3.032665,82.99,289.0,25.4,0.0
2485,50.649016,3.031553,82.98,289.0,25.4,0.0
2486,50.649258,3.030441,82.98,289.0,25.4,0.0
2487,50.6495,3.029329,82.98,289.0,25.4,0.0
2488,50.649743,3.028218,82.98,289.0,25.4,0.0
2489,50.649985,3.027106,82.98,289.0,25.4,0.0
2490,50.650227,3.025994,82.98,289.0,25.4,0.0
2491,50.650469,3.024882,82.98,289.0,25.4,0.0
2492,50.650711,3.02377,82.98,289.0,25.4,0.0
2493,50.650953,3.022658,82.98,289.0,25.4,0.0
2494,50.651196,3.021546,82.98,289.0,25.4,0.0
2495,50.651438,3.020434,82.98,289.0,25.4,0.0
2496,50.65168,3.019322,82.98,289.0,25.5,0.0
2497,50.651922,3.01821,82.98,289.0,25.5,0.0
2498,50.652164,3.017099,82.98,289.0,25.5,0.0
2499,50.652407,3.015987,82.98,289.0,25.5,0.0
2500,50.652649,3.014875,82.98,289.0,25.5,0.0
2501,50.652891,3.013763,82.98,289.0,25.5,0.0
2502,50.653133,3.012651,82.98,289.0,25.5,0.0
2503,50.653375,3.011539,82.98,289.0,25.5,0.0
2504,50.653618,3.010427,82.98,289.0,25.5,0.0
2505,50.65386,3.009315,82.98,289.0,25.5,0.0
2506,50.654102,3.008203,82.98,289.0,25.5,0.0
2507,50.654344,3.007091,82.98,289.0,25.5,0.0
2508,50.654586,3.00598,82.98,289.0,25.5,0.0
2509,50.654829,3.004868,82.98,289.0,25.5,0.0
2510,50.655071,3.003756,82.98,289.0,25.5,0.0
2511,50.655313,3.002644,82.97,289.0,25.6,0.0
2512,50.655555,3.001532,82.97,289.0,25.6,0.0
2513,50.655797,3.00042,82.97,289.0,25.6,0.0
2514,50.65604,2.999308,82.97,289.0,25.6,0.0
2515,50.656282,2.998196,82.97,289.0,25.6,0.0
2516,50.656524,2.997084,82.97,289.0,25.6,0.0
2517,50.656766,2.995972,82.97,289.0,25.6,0.0
2518,50.657008,2.994861,82.97,289.0,25.6,0.0
2519,50.65725,2.993749,82.97,289.0,25.6,0.0
2520,50.657493,2.992637,82.97,289.0,25.6,0.0
2521,50.657735,2.991525,82.97,289.0,25.6,0.0
2522,50.657977,2.990413,82.97,289.0,25.6,0.0
2523,50.658219,2.989301,82.97,289.0,25.6,0.0
2524,50.658461,2.988189,82.97,289.0,25.6,0.0
2525,50.658704,2.987077,82.97,289.0,25.7,0.0
2526,50.658946,2.985965,82.97,289.0,25.7,0.0
2527,50.659188,2.984853,82.97,289.0,25.7,0.0
2528,50.65943,2.983742,82.97,289.0,25.7,0.0
2529,50.659672,2.98263,82.97,289.0,25.7,0.0
2530,50.659915,2.981518,82.97,289.0,25.7,0.0
2531,50.660157,2.980406,82.97,289.0,25.7,0.0
2532,50.660399,2.979294,82.97,289.0,25.7,0.0
2533,50.660641,2.978182,82.97,289.0,25.7,0.0
2534,50.660883,2.97707,82.97,289.0,25.7,0.0
2535,50.661126,2.975958,82.97,289.0,25.7,0.0
2536,50.661368,2.974846,82.97,289.0,25.7,0.0
2537,50.66161,2.973734,82.96,289.0,25.7,0.0
2538,50.661852,2.972623,82.96,289.0,25.8,0.0
2539,50.662094,2.971511,82.96,289.0,25.8,0.0
2540,50.662336,2.970399,82.96,289.0,25.8,0.0
2541,50.662579,2.969287,82.96,289.0,25.8,0.0
2542,50.662821,2.968175,82.96,289.0,25.8,0.0
2543,50.663063,2.967063,82.96,289.0,25.8,0.0
2544,50.663305,2.965951,82.96,289.0,25.8,0.0
2545,50.663547,2.964839,82.96,289.0,25.8,0.0
2546,50.66379,2.963727,82.96,289.0,25.8,0.0
2547,50.664032,2.962615,82.96,289.0,25.8,0.0
2548,50.664274,2.961504,82.96,289.0,25.8,0.0
2549,50.664516,2.960392,82.96,289.0,25.8,0.0
2550,50.664758,2.95928,82.96,289.0,25.9,0.0
2551,50.665001,2.958168,82.96,289.0,25.9,0.0
2552,50.665243,2.957056,82.96,289.0,25.9,0.0
2553,50.665485,2.955944,82.96,289.0,25.9,0.0
2554,50.665727,2.954832,82.96,289.0,25.9,0.0
2555,50.665969,2.95372,82.96,289.0,25.9,0.0
2556,50.666212,2.952608,82.96,289.0,25.9,0.0
2557,50.666454,2.951496,82.96,289.0,25.9,0.0
2558,50.666696,2.950385,82.96,289.0,25.9,0.0
2559,50.666938,2.949273,82.96,289.0,25.9,0.0
2560,50.66718,2.948161,82.96,289.0,25.9,0.0
2561,50.667423,2.947049,82.96,289.0,25.9,0.0
2562,50.667665,2.945937,82.96,289.0,26.0,0.0
2563,50.667907,2.944825,82.95,289.0,26.0,0.0
2564,50.668149,2.943713,82.95,289.0,26.0,0.0
2565,50.668391,2.942601,82.95,289.0,26.0,0.0
2566,50.668633,2.941489,82.95,289.0,26.0,0.0
2567,50.668876,2.940377,82.95,289.0,26.0,0.0
2568,50.669118,2.939265,82.95,289.0,26.0,0.0
2569,50.66936,2.938154,82.95,289.0,26.0,0.0
2570,50.669602,2.937042,82.95,289.0,26.0,0.0
2571,50.669844,2.93593,82.95,289.0,26.0,0.0
2572,50.670087,2.934818,82.95,289.0,26.0,0.0
2573,50.670329,2.933706,82.95,289.0,26.1,0.0
2574,50.670571,2.932594,82.95,289.0,26.1,0.0
2575,50.670813,2.931482,82.95,289.0,26.1,0.0
2576,50.671055,2.93037,82.95,289.0,26.1,0.0
2577,50.671298,2.929258,82.95,289.0,26.1,0.0
2578,50.67154,2.928146,82.95,289.0,26.1,0.0
2579,50.671782,2.927035,82.95,289.0,26.1,0.0
2580,50.672024,2.925923,82.95,289.0,26.1,0.0
2581,50.672266,2.924811,82.95,289.0,26.1,0.0
2582,50.672509,2.923699,82.95,289.0,26.1,0.0
2583,50.672751,2.922587,82.95,289.0,26.2,0.0
2584,50.672993,2.921475,82.95,289.0,26.2,0.0
2585,50.673235,2.920363,82.95,289.0,26.2,0.0
2586,50.673477,2.919251,82.95,289.0,26.2,0.0
2587,50.67372,2.918139,82.95,289.0,26.2,0.0
2588,50.673962,2.917027,82.95,289.0,26.2,0.0
2589,50.674204,2.915916,82.95,289.0,26.2,0.0
2590,50.674446,2.914804,82.94,289.0,26.2,0.0
2591,50.674688,2.913692,82.94,289.0,26.2,0.0
2592,50.67493,2.91258,82.94,289.0,26.2,0.0
2593,50.675173,2.911468,82.94,289.0,26.3,0.0
2594,50.675415,2.910356,82.94,289.0,26.3,0.0
2595,50.675657,2.909244,82.94,289.0,26.3,0.0
2596,50.675899,2.908132,82.94,289.0,26.3,0.0
2597,50.676141,2.90702,82.94,289.0,26.3,0.0
2598,50.676384,2.905908,82.94,289.0,26.3,0.0
2599,50.676626,2.904797,82.94,289.0,26.3,0.0
2600,50.676868,2.903685,82.94,289.0,26.3,0.0
2601,50.67711,2.902573,82.94,289.0,26.3,0.0
2602,50.677352,2.901461,82.94,289.0,26.4,0.0
2603,50.677595,2.900349,82.94,289.0,26.4,0.0
2604,50.677837,2.899237,82.94,289.0,26.4,0.0
2605,50.678079,2.898125,82.94,289.0,26.4,0.0
2606,50.678321,2.897013,82.94,289.0,26.4,0.0
2607,50.678563,2.895901,82.94,289.0,26.4,0.0
2608,50.678806,2.894789,82.94,289.0,26.4,0.0
2609,50.679048,2.893678,82.94,289.0,26.4,0.0
2610,50.67929,2.892566,82.94,289.0,26.4,0.0
2611,50.679532,2.891454,82.94,289.0,26.4,0.0
2612,50.679774,2.890342,82.94,289.0,26.5,0.0
2613,50.680017,2.88923,82.94,289.0,26.5,0.0
2614,50.680259,2.888118,82.94,289.0,26.5,0.0
2615,50.680501,2.887006,82.94,289.0,26.5,0.0
2616,50.680743,2.885894,82.93,289.0,26.5,0.0
2617,50.680985,2.884782,82.93,289.0,26.5,0.0
2618,50.681227,2.88367,82.93,289.0,26.5,0.0
2619,50.68147,2.882559,82.93,289.0,26.5,0.0
2620,50.681712,2.881447,82.93,289.0,26.6,0.0
2621,50.681954,2.880335,82.93,289.0,26.6,0.0
2622,50.682196,2.879223,82.93,289.0,26.6,0.0
2623,50.682438,2.878111,82.93,289.0,26.6,0.0
2624,50.682681,2.876999,82.93,289.0,26.6,0.0
2625,50.682923,2.875887,82.93,289.0,26.6,0.0
2626,50.683165,2.874775,82.93,289.0,26.6,0.0
2627,50.683407,2.873663,82.93,289.0,26.6,0.0
2628,50.683649,2.872551,82.93,289.0,26.6,0.0
2629,50.683892,2.87144,82.93,289.0,26.7,0.0
2630,50.684134,2.870328,82.93,289.0,26.7,0.0
2631,50.684376,2.869216,82.93,289.0,26.7,0.0
2632,50.684618,2.868104,82.93,289.0,26.7,0.0
2633,50.68486,2.866992,82.93,289.0,26.7,0.0
2634,50.685103,2.86588,82.93,289.0,26.7,0.0
2635,50.685345,2.864768,82.93,289.0,26.7,0.0
2636,50.685587,2.863656,82.93,289.0,26.7,0.0
2637,50.685829,2.862544,82.93,289.0,26.8,0.0
2638,50.686071,2.861432,82.93,289.0,26.8,0.0
2639,50.686314,2.860321,82.93,289.0,26.8,0.0
2640,50.686556,2.859209,82.93,289.0,26.8,0.0
2641,50.686798,2.858097,82.93,289.0,26.8,0.0
2642,50.68704,2.856985,82.92,289.0,26.8,0.0
2643,50.687282,2.855873,82.92,289.0,26.8,0.0
2644,50.687524,2.854761,82.92,289.0,26.8,0.0
2645,50.687767,2.853649,82.92,289.0,26.8,0.0
2646,50.688009,2.852537,82.92,289.0,26.9,0.0
2647,50.688251,2.851425,82.92,289.0,26.9,0.0
2648,50.688493,2.850313,82.92,289.0,26.9,0.0
2649,50.688735,2.849202,82.92,289.0,26.9,0.0
2650,50.688978,2.84809,82.92,289.0,26.9,0.0
2651,50.68922,2.846978,82.92,289.0,26.9,0.0
2652,50.689462,2.845866,82.92,289.0,26.9,0.0
2653,50.689704,2.844754,82.92,289.0,27.0,0.0
2654,50.689946,2.843642,82.92,289.0,27.0,0.0
2655,50.690189,2.84253,82.92,289.0,27.0,0.0
2656,50.690431,2.841418,82.92,289.0,27.0,0.0
2657,50.690673,2.840306,82.92,289.0,27.0,0.0
2658,50.690915,2.839194,82.92,289.0,27.0,0.0
2659,50.691157,2.838082,82.92,289.0,27.0,0.0
2660,50.6914,2.836971,82.92,289.0,27.0,0.0
2661,50.691642,2.835859,82.92,289.0,27.1,0.0
2662,50.691884,2.834747,82.92,289.0,27.1,0.0
2663,50.692126,2.833635,82.92,289.0,27.1,0.0
2664,50.692368,2.832523,82.92,289.0,27.1,0.0
2665,50.69261,2.831411,82.92,289.0,27.1,0.0
2666,50.692853,2.830299,82.92,289.0,27.1,0.0
2667,50.693095,2.829187,82.92,289.0,27.1,0.0
2668,50.693337,2.828075,82.91,289.0,27.1,0.0
2669,50.693579,2.826963,82.91,289.0,27.2,0.0
2670,50.693821,2.825852,82.91,289.0,27.2,0.0
2671,50.694064,2.82474,82.91,289.0,27.2,0.0
2672,50.694306,2.823628,82.91,289.0,27.2,0.0
2673,50.694548,2.822516,82.91,289.0,27.2,0.0
2674,50.69479,2.821404,82.91,289.0,27.2,0.0
2675,50.695032,2.820292,82.91,289.0,27.2,0.0
2676,50.695275,2.81918,82.91,289.0,27.3,0.0
2677,50.695517,2.818068,82.91,289.0,27.3,0.0
2678,50.695759,2.816956,82.91,289.0,27.3,0.0
2679,50.696001,2.815844,82.91,289.0,27.3,0.0
2680,50.696243,2.814733,82.91,289.0,27.3,0.0
2681,50.696486,2.813621,82.91,289.0,27.3,0.0
2682,50.696728,2.812509,82.91,289.0,27.3,0.0
2683,50.69697,2.811397,82.91,289.0,27.4,0.0
2684,50.697212,2.810285,82.91,289.0,27.4,0.0
2685,50.697454,2.809173,82.91,289.0,27.4,0.0
2686,50.697697,2.808061,82.91,289.0,27.4,0.0
2687,50.697939,2.806949,82.91,289.0,27.4,0.0
2688,50.698181,2.805837,82.91,289.0,27.4,0.0
2689,50.698423,2.804725,82.91,289.0,27.4,0.0
2690,50.698665,2.803614,82.91,289.0,27.5,0.0
2691,50.698907,2.802502,82.91,289.0,27.5,0.0
2692,50.69915,2.80139,82.91,289.0,27.5,0.0
2693,50.699392,2.800278,82.91,289.0,27.5,0.0
2694,50.699634,2.799166,82.9,289.0,27.5,0.0
2695,50.699876,2.798054,82.9,289.0,27.5,0.0
2696,50.700118,2.796942,82.9,289.0,27.5,0.0
2697,50.700361,2.79583,82.9,289.0,27.6,0.0
2698,50.700603,2.794718,82.9,289.0,27.6,0.0
2699,50.700845,2.793606,82.9,289.0,27.6,0.0
2700,50.701087,2.792495,82.9,289.0,27.6,0.0
2701,50.701329,2.791383,82.9,289.0,27.6,0.0
2702,50.701572,2.790271,82.9,289.0,27.6,0.0
2703,50.701814,2.789159,82.9,289.0,27.6,0.0
2704,50.702056,2.788047,82.9,289.0,27.7,0.0
2705,50.702298,2.786935,82.9,289.0,27.7,0.0
2706,50.70254,2.785823,82.9,289.0,27.7,0.0
2707,50.702783,2.784711,82.9,289.0,27.7,0.0
2708,50.703025,2.783599,82.9,289.0,27.7,0.0
2709,50.703267,2.782487,82.9,289.0,27.7,0.0
2710,50.703509,2.781376,82.9,289.0,27.7,0.0
2711,50.703751,2.780264,82.9,289.0,27.8,0.0
2712,50.703994,2.779152,82.9,289.0,27.8,0.0
2713,50.704236,2.77804,82.9,289.0,27.8,0.0
2714,50.704478,2.776928,82.9,289.0,27.8,0.0
2715,50.70472,2.775816,82.9,289.0,27.8,0.0
2716,50.704962,2.774704,82.9,289.0,27.8,0.0
2717,50.705204,2.773592,82.9,289.0,27.9,0.0
2718,50.705447,2.77248,82.9,289.0,27.9,0.0
2719,50.705689,2.771368,82.9,289.0,27.9,0.0
2720,50.705931,2.770257,82.89,289.0,27.9,0.0
2721,50.706173,2.769145,82.89,289.0,27.9,0.0
2722,50.706415,2.768033,82.89,289.0,27.9,0.0
2723,50.706658,2.766921,82.89,289.0,27.9,0.0
2724,50.7069,2.765809,82.89,289.0,28.0,0.0
2725,50.707142,2.764697,82.89,289.0,28.0,0.0
2726,50.707384,2.763585,82.89,289.0,28.0,0.0
2727,50.707626,2.762473,82.89,289.0,28.0,0.0
2728,50.707869,2.761361,82.89,289.0,28.0,0.0
2729,50.708111,2.760249,82.89,289.0,28.0,0.0
2730,50.708353,2.759138,82.89,289.0,28.1,0.0
2731,50.708595,2.758026,82.89,289.0,28.1,0.0
2732,50.708837,2.756914,82.89,289.0,28.1,0.0
2733,50.70908,2.755802,82.89,289.0,28.1,0.0
2734,50.709322,2.75469,82.89,289.0,28.1,0.0
2735,50.709564,2.753578,82.89,289.0,28.1,0.0
2736,50.709806,2.752466,82.89,289.0,28.2,0.0
2737,50.710048,2.751354,82.89,289.0,28.2,0.0
2738,50.710291,2.750242,82.89,289.0,28.2,0.0
2739,50.710533,2.74913,82.89,289.0,28.2,0.0
2740,50.710775,2.748019,82.89,289.0,28.2,0.0
2741,50.711017,2.746907,82.89,289.0,28.2,0.0
2742,50.711259,2.745795,82.89,289.0,28.2,0.0
2743,50.711501,2.744683,82.89,289.0,28.3,0.0
2744,50.711744,2.743571,82.89,289.0,28.3,0.0
2745,50.711986,2.742459,82.89,289.0,28.3,0.0
2746,50.712228,2.741347,82.88,289.0,28.3,0.0
2747,50.71247,2.740235,82.88,289.0,28.3,0.0
2748,50.712712,2.739123,82.88,289.0,28.3,0.0
2749,50.712955,2.738011,82.88,289.0,28.4,0.0
2750,50.713197,2.736899,82.88,289.0,28.4,0.0
2751,50.713439,2.735788,82.88,289.0,28.4,0.0
2752,50.713681,2.734676,82.88,289.0,28.4,0.0
2753,50.713923,2.733564,82.88,289.0,28.4,0.0
2754,50.714166,2.732452,82.88,289.0,28.4,0.0
2755,50.714408,2.73134,82.88,289.0,28.5,0.0
2756,50.71465,2.730228,82.88,289.0,28.5,0.0
2757,50.714892,2.729116,82.88,289.0,28.5,0.0
2758,50.715134,2.728004,82.88,289.0,28.5,0.0
2759,50.715377,2.726892,82.88,289.0,28.5,0.0
2760,50.715619,2.72578,82.88,289.0,28.5,0.0
2761,50.715861,2.724669,82.88,289.0,28.6,0.0
2762,50.716103,2.723557,82.88,289.0,28.6,0.0
2763,50.716345,2.722445,82.88,289.0,28.6,0.0
2764,50.716587,2.721333,82.88,289.0,28.6,0.0
2765,50.71683,2.720221,82.88,289.0,28.6,0.0
2766,50.717072,2.719109,82.88,289.0,28.7,0.0
2767,50.717314,2.717997,82.88,289.0,28.7,0.0
2768,50.717556,2.716885,82.88,289.0,28.7,0.0
2769,50.717798,2.715773,82.88,289.0,28.7,0.0
2770,50.718041,2.714661,82.88,289.0,28.7,0.0
2771,50.718283,2.71355,82.88,289.0,28.7,0.0
2772,50.718525,2.712438,82.87,289.0,28.8,0.0
2773,50.718767,2.711326,82.87,289.0,28.8,0.0
2774,50.719009,2.710214,82.87,289.0,28.8,0.0
2775,50.719252,2.709102,82.87,289.0,28.8,0.0
2776,50.719494,2.70799,82.87,289.0,28.8,0.0
2777,50.719736,2.706878,82.87,289.0,28.8,0.0
2778,50.719978,2.705766,82.87,289.0,28.9,0.0
2779,50.72022,2.704654,82.87,289.0,28.9,0.0
2780,50.720463,2.703542,82.87,289.0,28.9,0.0
2781,50.720705,2.702431,82.87,289.0,28.9,0.0
2782,50.720947,2.701319,82.87,289.0,28.9,0.0
2783,50.721189,2.700207,82.87,289.0,29.0,0.0
2784,50.721431,2.699095,82.87,289.0,29.0,0.0
2785,50.721674,2.697983,82.87,289.0,29.0,0.0
2786,50.721916,2.696871,82.87,289.0,29.0,0.0
2787,50.722158,2.695759,82.87,289.0,29.0,0.0
2788,50.7224,2.694647,82.87,289.0,29.0,0.0
2789,50.722642,2.693535,82.87,289.0,29.1,0.0
2790,50.722884,2.692423,82.87,289.0,29.1,0.0
2791,50.723127,2.691312,82.87,289.0,29.1,0.0
2792,50.723369,2.6902,82.87,289.0,29.1,0.0
2793,50.723611,2.689088,82.87,289.0,29.1,0.0
2794,50.723853,2.687976,82.87,289.0,29.2,0.0
2795,50.724095,2.686864,82.87,289.0,29.2,0.0
2796,50.724338,2.685752,82.87,289.0,29.2,0.0
2797,50.72458,2.68464,82.87,289.0,29.2,0.0
2798,50.724822,2.683528,82.86,289.0,29.2,0.0
2799,50.725064,2.682416,82.86,289.0,29.2,0.0
2800,50.725306,2.681304,82.86,289.0,29.3,0.0
2801,50.725549,2.680193,82.86,289.0,29.3,0.0
2802,50.725791,2.679081,82.86,289.0,29.3,0.0
2803,50.726033,2.677969,82.86,289.0,29.3,0.0
2804,50.726275,2.676857,82.86,289.0,29.3,0.0
2805,50.726517,2.675745,82.86,289.0,29.4,0.0
2806,50.72676,2.674633,82.86,289.0,29.4,0.0
2807,50.727002,2.673521,82.86,289.0,29.4,0.0
2808,50.727244,2.672409,82.86,289.0,29.4,0.0
2809,50.727486,2.671297,82.86,289.0,29.4,0.0
2810,50.727728,2.670185,82.86,289.0,29.5,0.0
2811,50.727971,2.669074,82.86,289.0,29.5,0.0
2812,50.728213,2.667962,82.86,289.0,29.5,0.0
2813,50.728455,2.66685,82.86,289.0,29.5,0.0
2814,50.728697,2.665738,82.86,289.0,29.5,0.0
2815,50.728939,2.664626,82.86,289.0,29.5,0.0
2816,50.729181,2.663514,82.86,289.0,29.6,0.0
2817,50.729424,2.662402,82.86,289.0,29.6,0.0
2818,50.729666,2.66129,82.86,289.0,29.6,0.0
2819,50.729908,2.660178,82.86,289.0,29.6,0.0
2820,50.73015,2.659066,82.86,289.0,29.6,0.0
2821,50.730392,2.657955,82.86,289.0,29.7,0.0
2822,50.730635,2.656843,82.86,289.0,29.7,0.0
2823,50.730877,2.655731,82.86,289.0,29.7,0.0
2824,50.731119,2.654619,82.86,289.0,29.7,0.0
2825,50.731361,2.653507,82.85,289.0,29.7,0.0
2826,50.731603,2.652395,82.85,289.0,29.8,0.0
2827,50.731846,2.651283,82.85,289.0,29.8,0.0
2828,50.732088,2.650171,82.85,289.0,29.8,0.0
2829,50.73233,2.649059,82.85,289.0,29.8,0.0
2830,50.732572,2.647947,82.85,289.0,29.8,0.0
2831,50.732814,2.646836,82.85,289.0,29.9,0.0
2832,50.733057,2.645724,82.85,289.0,29.9,0.0
2833,50.733299,2.644612,82.85,289.0,29.9,0.0
2834,50.733541,2.6435,82.85,289.0,29.9,0.0
2835,50.733783,2.642388,82.85,289.0,29.9,0.0
2836,50.734025,2.641276,82.85,289.0,30.0,0.0
2837,50.734268,2.640164,82.85,289.0,30.0,0.0
2838,50.73451,2.639052,82.85,289.0,30.0,0.0
2839,50.734752,2.63794,82.85,289.0,30.0,0.0
2840,50.734994,2.636828,82.85,289.0,30.0,0.0
2841,50.735236,2.635716,82.85,289.0,30.1,0.0
2842,50.735478,2.634605,82.85,289.0,30.1,0.0
2843,50.735721,2.633493,82.85,289.0,30.1,0.0
2844,50.735963,2.632381,82.85,289.0,30.1,0.0
2845,50.736205,2.631269,82.85,289.0,30.1,0.0
2846,50.736447,2.630157,82.85,289.0,30.2,0.0
2847,50.736689,2.629045,82.85,289.0,30.2,0.0
2848,50.736932,2.627933,82.85,289.0,30.2,0.0
2849,50.737174,2.626821,82.85,289.0,30.2,0.0
2850,50.737416,2.625709,82.85,289.0,30.2,0.0
2851,50.737658,2.624597,82.84,289.0,30.3,0.0
2852,50.7379,2.623486,82.84,289.0,30.3,0.0
2853,50.738143,2.622374,82.84,289.0,30.3,0.0
2854,50.738385,2.621262,82.84,289.0,30.3,0.0
2855,50.738627,2.62015,82.84,289.0,30.3,0.0
2856,50.738869,2.619038,82.84,289.0,30.4,0.0
2857,50.739111,2.617926,82.84,289.0,30.4,0.0
2858,50.739354,2.616814,82.84,289.0,30.4,0.0
2859,50.739596,2.615702,82.84,289.0,30.4,0.0
2860,50.739838,2.61459,82.84,289.0,30.4,0.0
2861,50.74008,2.613478,82.84,289.0,30.5,0.0
2862,50.740322,2.612367,82.84,289.0,30.5,0.0
2863,50.740564,2.611255,82.84,289.0,30.5,0.0
2864,50.740807,2.610143,82.84,289.0,30.5,0.0
2865,50.741049,2.609031,82.84,289.0,30.6,0.0
2866,50.741291,2.607919,82.84,289.0,30.6,0.0
2867,50.741533,2.606807,82.84,289.0,30.6,0.0
2868,50.741775,2.605695,82.84,289.0,30.6,0.0
2869,50.742018,2.604583,82.84,289.0,30.6,0.0
2870,50.74226,2.603471,82.84,289.0,30.7,0.0
2871,50.742502,2.602359,82.84,289.0,30.7,0.0
2872,50.742744,2.601248,82.84,289.0,30.7,0.0
2873,50.742986,2.600136,82.84,289.0,30.7,0.0
2874,50.743229,2.599024,82.84,289.0,30.7,0.0
2875,50.743471,2.597912,82.84,289.0,30.8,0.0
2876,50.743713,2.5968,82.84,289.0,30.8,0.0
2877,50.743955,2.595688,82.83,289.0,30.8,0.0
2878,50.744197,2.594576,82.83,289.0,30.8,0.0
2879,50.74444,2.593464,82.83,289.0,30.8,0.0
2880,50.744682,2.592352,82.83,289.0,30.9,0.0
2881,50.744924,2.59124,82.83,289.0,30.9,0.0
2882,50.745166,2.590129,82.83,289.0,30.9,0.0
2883,50.745408,2.589017,82.83,289.0,30.9,0.0
2884,50.745651,2.587905,82.83,289.0,31.0,0.0
2885,50.745893,2.586793,82.83,289.0,31.0,0.0
2886,50.746135,2.585681,82.83,289.0,31.0,0.0
2887,50.746377,2.584569,82.83,289.0,31.0,0.0
2888,50.746619,2.583457,82.83,289.0,31.0,0.0
2889,50.746861,2.582345,82.83,289.0,31.1,0.0
2890,50.747104,2.581233,82.83,289.0,31.1,0.0
2891,50.747346,2.580121,82.83,289.0,31.1,0.0
2892,50.747588,2.57901,82.83,289.0,31.1,0.0
2893,50.74783,2.577898,82.83,289.0,31.2,0.0
2894,50.748072,2.576786,82.83,289.0,31.2,0.0
2895,50.748315,2.575674,82.83,289.0,31.2,0.0
2896,50.748557,2.574562,82.83,289.0,31.2,0.0
2897,50.748799,2.57345,82.83,289.0,31.2,0.0
2898,50.749041,2.572338,82.83,289.0,31.3,0.0
2899,50.749283,2.571226,82.83,289.0,31.3,0.0
2900,50.749526,2.570114,82.83,289.0,31.3,0.0
2901,50.749768,2.569002,82.83,289.0,31.3,0.0
2902,50.75001,2.567891,82.83,289.0,31.4,0.0
2903,50.750252,2.566779,82.82,289.0,31.4,0.0
2904,50.750494,2.565667,82.82,289.0,31.4,0.0
2905,50.750737,2.564555,82.82,289.0,31.4,0.0
2906,50.750979,2.563443,82.82,289.0,31.4,0.0
2907,50.751221,2.562331,82.82,289.0,31.5,0.0
2908,50.751463,2.561219,82.82,289.0,31.5,0.0
2909,50.751705,2.560107,82.82,289.0,31.5,0.0
2910,50.751948,2.558995,82.82,289.0,31.5,0.0
2911,50.75219,2.557883,82.82,289.0,31.6,0.0
2912,50.752432,2.556772,82.82,289.0,31.6,0.0
2913,50.752674,2.55566,82.82,289.0,31.6,0.0
2914,50.752916,2.554548,82.82,289.0,31.6,0.0
2915,50.753158,2.553436,82.82,289.0,31.6,0.0
2916,50.753401,2.552324,82.82,289.0,31.7,0.0
2917,50.753643,2.551212,82.82,289.0,31.7,0.0
2918,50.753885,2.5501,82.82,289.0,31.7,0.0
2919,50.754127,2.548988,82.82,289.0,31.7,0.0
2920,50.754369,2.547876,82.82,289.0,31.8,0.0
2921,50.754612,2.546764,82.82,289.0,31.8,0.0
2922,50.754854,2.545653,82.82,289.0,31.8,0.0
2923,50.755096,2.544541,82.82,289.0,31.8,0.0
2924,50.755338,2.543429,82.82,289.0,31.9,0.0
2925,50.75558,2.542317,82.82,289.0,31.9,0.0
2926,50.755823,2.541205,82.82,289.0,31.9,0.0
2927,50.756065,2.540093,82.82,289.0,31.9,0.0
2928,50.756307,2.538981,82.82,289.0,31.9,0.0
2929,50.756549,2.537869,82.81,289.0,32.0,0.0
2930,50.756791,2.536757,82.81,289.0,32.0,0.0
2931,50.757034,2.535645,82.81,289.0,32.0,0.0
2932,50.757276,2.534533,82.81,289.0,32.0,0.0
2933,50.757518,2.533422,82.81,289.0,32.1,0.0
2934,50.75776,2.53231,82.81,289.0,32.1,0.0
2935,50.758002,2.531198,82.81,289.0,32.1,0.0
2936,50.758245,2.530086,82.81,289.0,32.1,0.0
2937,50.758487,2.528974,82.81,289.0,32.2,0.0
2938,50.758729,2.527862,82.81,289.0,32.2,0.0
2939,50.758971,2.52675,82.81,289.0,32.2,0.0
2940,50.759213,2.525638,82.81,289.0,32.2,0.0
2941,50.759455,2.524526,82.81,289.0,32.3,0.0
2942,50.759698,2.523414,82.81,289.0,32.3,0.0
2943,50.75994,2.522303,82.81,289.0,32.3,0.0
2944,50.760182,2.521191,82.81,289.0,32.3,0.0
2945,50.760424,2.520079,82.81,289.0,32.3,0.0
2946,50.760666,2.518967,82.81,289.0,32.4,0.0
2947,50.760909,2.517855,82.81,289.0,32.4,0.0
2948,50.761151,2.516743,82.81,289.0,32.4,0.0
2949,50.761393,2.515631,82.81,289.0,32.4,0.0
2950,50.761635,2.514519,82.81,289.0,32.5,0.0
2951,50.761877,2.513407,82.81,289.0,32.5,0.0
2952,50.76212,2.512295,82.81,289.0,32.5,0.0
2953,50.762362,2.511184,82.81,289.0,32.5,0.0
2954,50.762604,2.510072,82.81,289.0,32.6,0.0
2955,50.762846,2.50896,82.8,289.0,32.6,0.0
2956,50.763088,2.507848,82.8,289.0,32.6,0.0
2957,50.763331,2.506736,82.8,289.0,32.6,0.0
2958,50.763573,2.505624,82.8,289.0,32.7,0.0
2959,50.763815,2.504512,82.8,289.0,32.7,0.0
2960,50.764057,2.5034,82.8,289.0,32.7,0.0
2961,50.764299,2.502288,82.8,289.0,32.7,0.0
2962,50.764541,2.501176,82.8,289.0,32.8,0.0
2963,50.764784,2.500065,82.8,289.0,32.8,0.0
2964,50.765026,2.498953,82.8,289.0,32.8,0.0
2965,50.765268,2.497841,82.8,289.0,32.8,0.0
2966,50.76551,2.496729,82.8,289.0,32.9,0.0
2967,50.765752,2.495617,82.8,289.0,32.9,0.0
2968,50.765995,2.494505,82.8,289.0,32.9,0.0
2969,50.766237,2.493393,82.8,289.0,32.9,0.0
2970,50.766479,2.492281,82.8,289.0,33.0,0.0
2971,50.766721,2.491169,82.8,289.0,33.0,0.0
2972,50.766963,2.490057,82.8,289.0,33.0,0.0
2973,50.767206,2.488946,82.8,289.0,33.0,0.0
2974,50.767448,2.487834,82.8,289.0,33.1,0.0
2975,50.76769,2.486722,82.8,289.0,33.1,0.0
2976,50.767932,2.48561,82.8,289.0,33.1,0.0
2977,50.768174,2.484498,82.8,289.0,33.1,0.0
2978,50.768417,2.483386,82.8,289.0,33.2,0.0
2979,50.768659,2.482274,82.8,289.0,33.2,0.0
2980,50.768901,2.481162,82.8,289.0,33.2,0.0
2981,50.769143,2.48005,82.79,289.0,33.2,0.0
2982,50.769385,2.478938,82.79,289.0,33.3,0.0
2983,50.769628,2.477827,82.79,289.0,33.3,0.0
2984,50.76987,2.476715,82.79,289.0,33.3,0.0
2985,50.770112,2.475603,82.79,289.0,33.3,0.0
2986,50.770354,2.474491,82.79,289.0,33.4,0.0
2987,50.770596,2.473379,82.79,289.0,33.4,0.0
2988,50.770838,2.472267,82.79,289.0,33.4,0.0
2989,50.771081,2.471155,82.79,289.0,33.4,0.0
2990,50.771323,2.470043,82.79,289.0,33.5,0.0
2991,50.771565,2.468931,82.79,289.0,33.5,0.0
2992,50.771807,2.467819,82.79,289.0,33.5,0.0
2993,50.772049,2.466708,82.79,289.0,33.5,0.0
2994,50.772292,2.465596,82.79,289.0,33.6,0.0
2995,50.772534,2.464484,82.79,289.0,33.6,0.0
2996,50.772776,2.463372,82.79,289.0,33.6,0.0
2997,50.773018,2.46226,82.79,289.0,33.6,0.0
2998,50.77326,2.461148,82.79,289.0,33.7,0.0
2999,50.773503,2.460036,82.79,289.0,33.7,0.0
3000,50.773745,2.458924,82.79,289.0,33.7,0.0
3001,50.773987,2.457812,82.79,289.0,33.7,0.0
3002,50.774229,2.4567,82.79,289.0,33.8,0.0
3003,50.774471,2.455589,82.79,289.0,33.8,0.0
3004,50.774714,2.454477,82.79,289.0,33.8,0.0
3005,50.774956,2.453365,82.79,289.0,33.8,0.0
3006,50.775198,2.452253,82.79,289.0,33.9,0.0
3007,50.77544,2.451141,82.78,289.0,33.9,0.0
3008,50.775682,2.450029,82.78,289.0,33.9,0.0
3009,50.775925,2.448917,82.78,289.0,33.9,0.0
3010,50.776167,2.447805,82.78,289.0,34.0,0.0
3011,50.776409,2.446693,82.78,289.0,34.0,0.0
3012,50.776651,2.445581,82.78,289.0,34.0,0.0
3013,50.776893,2.44447,82.78,289.0,34.0,0.0
3014,50.777135,2.443358,82.78,289.0,34.1,0.0
3015,50.777378,2.442246,82.78,289.0,34.1,0.0
3016,50.77762,2.441134,82.78,289.0,34.1,0.0
3017,50.777862,2.440022,82.78,289.0,34.1,0.0
3018,50.778104,2.43891,82.78,289.0,34.2,0.0
3019,50.778346,2.437798,82.78,289.0,34.2,0.0
3020,50.778589,2.436686,82.78,289.0,34.2,0.0
3021,50.778831,2.435574,82.78,289.0,34.3,0.0
3022,50.779073,2.434462,82.78,289.0,34.3,0.0
3023,50.779315,2.43335,82.78,289.0,34.3,0.0
3024,50.779557,2.432239,82.78,289.0,34.3,0.0
3025,50.7798,2.431127,82.78,289.0,34.4,0.0
3026,50.780042,2.430015,82.78,289.0,34.4,0.0
3027,50.780284,2.428903,82.78,289.0,34.4,0.0
3028,50.780526,2.427791,82.78,289.0,34.4,0.0
3029,50.780768,2.426679,82.78,289.0,34.5,0.0
3030,50.781011,2.425567,82.78,289.0,34.5,0.0
3031,50.781253,2.424455,82.78,289.0,34.5,0.0
3032,50.781495,2.423343,82.78,289.0,34.5,0.0
3033,50.781737,2.422231,82.77,289.0,34.6,0.0
3034,50.781979,2.42112,82.77,289.0,34.6,0.0
3035,50.782222,2.420008,82.77,289.0,34.6,0.0
3036,50.782464,2.418896,82.77,289.0,34.7,0.0
3037,50.782706,2.417784,82.77,289.0,34.7,0.0
3038,50.782948,2.416672,82.77,289.0,34.7,0.0
3039,50.78319,2.41556,82.77,289.0,34.7,0.0
3040,50.783432,2.414448,82.77,289.0,34.8,0.0
3041,50.783675,2.413336,82.77,289.0,34.8,0.0
3042,50.783917,2.412224,82.77,289.0,34.8,0.0
3043,50.784159,2.411112,82.77,289.0,34.8,0.0
3044,50.784401,2.410001,82.77,289.0,34.9,0.0
3045,50.784643,2.408889,82.77,289.0,34.9,0.0
3046,50.784886,2.407777,82.77,289.0,34.9,0.0
3047,50.785128,2.406665,82.77,289.0,35.0,0.0
3048,50.78537,2.405553,82.77,289.0,35.0,0.0
3049,50.785612,2.404441,82.77,289.0,35.0,0.0
3050,50.785854,2.403329,82.77,289.0,35.0,0.0
3051,50.786097,2.402217,82.77,289.0,35.1,0.0
3052,50.786339,2.401105,82.77,289.0,35.1,0.0
3053,50.786581,2.399993,82.77,289.0,35.1,0.0
3054,50.786823,2.398882,82.77,289.0,35.1,0.0
3055,50.787065,2.39777,82.77,289.0,35.2,0.0
3056,50.787308,2.396658,82.77,289.0,35.2,0.0
3057,50.78755,2.395546,82.77,289.0,35.2,0.0
3058,50.787792,2.394434,82.77,289.0,35.3,0.0
3059,50.788034,2.393322,82.76,289.0,35.3,0.0
3060,50.788276,2.39221,82.76,289.0,35.3,0.0
3061,50.788518,2.391098,82.76,289.0,35.3,0.0
3062,50.788761,2.389986,82.76,289.0,35.4,0.0
3063,50.789003,2.388874,82.76,289.0,35.4,0.0
3064,50.789245,2.387763,82.76,289.0,35.4,0.0
3065,50.789487,2.386651,82.76,289.0,35.4,0.0
3066,50.789729,2.385539,82.76,289.0,35.5,0.0
3067,50.789972,2.384427,82.76,289.0,35.5,0.0
3068,50.790214,2.383315,82.76,289.0,35.5,0.0
3069,50.790456,2.382203,82.76,289.0,35.6,0.0
3070,50.790698,2.381091,82.76,289.0,35.6,0.0
3071,50.79094,2.379979,82.76,289.0,35.6,0.0
3072,50.791183,2.378867,82.76,289.0,35.6,0.0
3073,50.791425,2.377755,82.76,289.0,35.7,0.0
3074,50.791667,2.376644,82.76,289.0,35.7,0.0
3075,50.791909,2.375532,82.76,289.0,35.7,0.0
3076,50.792151,2.37442,82.76,289.0,35.8,0.0
3077,50.792394,2.373308,82.76,289.0,35.8,0.0
3078,50.792636,2.372196,82.76,289.0,35.8,0.0
3079,50.792878,2.371084,82.76,289.0,35.8,0.0
3080,50.79312,2.369972,82.76,289.0,35.9,0.0
3081,50.793362,2.36886,82.76,289.0,35.9,0.0
3082,50.793605,2.367748,82.76,289.0,35.9,0.0
3083,50.793847,2.366636,82.76,289.0,35.9,0.0
3084,50.794089,2.365525,82.76,289.0,36.0,0.0
3085,50.794331,2.364413,82.76,289.0,36.0,0.0
3086,50.794573,2.363301,82.75,289.0,36.0,0.0
3087,50.794815,2.362189,82.75,289.0,36.1,0.0
3088,50.795058,2.361077,82.75,289.0,36.1,0.0
3089,50.7953,2.359965,82.75,289.0,36.1,0.0
3090,50.795542,2.358853,82.75,289.0,36.1,0.0
3091,50.795784,2.357741,82.75,289.0,36.2,0.0
3092,50.796026,2.356629,82.75,289.0,36.2,0.0
3093,50.796269,2.355517,82.75,289.0,36.2,0.0
3094,50.796511,2.354406,82.75,289.0,36.3,0.0
3095,50.796753,2.353294,82.75,289.0,36.3,0.0
3096,50.796995,2.352182,82.75,289.0,36.3,0.0
3097,50.797237,2.35107,82.75,289.0,36.3,0.0
3098,50.79748,2.349958,82.75,289.0,36.4,0.0
3099,50.797722,2.348846,82.75,289.0,36.4,0.0
3100,50.797964,2.347734,82.75,289.0,36.4,0.0
3101,50.798206,2.346622,82.75,289.0,36.5,0.0
3102,50.798448,2.34551,82.75,289.0,36.5,0.0
3103,50.798691,2.344398,82.75,289.0,36.5,0.0
3104,50.798933,2.343287,82.75,289.0,36.5,0.0
3105,50.799175,2.342175,82.75,289.0,36.6,0.0
3106,50.799417,2.341063,82.75,289.0,36.6,0.0
3107,50.799659,2.339951,82.75,289.0,36.6,0.0
3108,50.799902,2.338839,82.75,289.0,36.7,0.0
3109,50.800144,2.337727,82.75,289.0,36.7,0.0
3110,50.800386,2.336615,82.75,289.0,36.7,0.0
3111,50.800628,2.335503,82.75,289.0,36.8,0.0
3112,50.80087,2.334391,82.74,289.0,36.8,0.0
3113,50.801112,2.333279,82.74,289.0,36.8,0.0
3114,50.801355,2.332167,82.74,289.0,36.8,0.0
3115,50.801597,2.331056,82.74,289.0,36.9,0.0
3116,50.801839,2.329944,82.74,289.0,36.9,0.0
3117,50.802081,2.328832,82.74,289.0,36.9,0.0
3118,50.802323,2.32772,82.74,289.0,37.0,0.0
3119,50.802566,2.326608,82.74,289.0,37.0,0.0
3120,50.802808,2.325496,82.74,289.0,37.0,0.0
3121,50.80305,2.324384,82.74,289.0,37.0,0.0
3122,50.803292,2.323272,82.74,289.0,37.1,0.0
3123,50.803534,2.32216,82.74,289.0,37.1,0.0
3124,50.803777,2.321048,82.74,289.0,37.1,0.0
3125,50.804019,2.319937,82.74,289.0,37.2,0.0
3126,50.804261,2.318825,82.74,289.0,37.2,0.0
3127,50.804503,2.317713,82.74,289.0,37.2,0.0
3128,50.804745,2.316601,82.74,289.0,37.2,0.0
3129,50.804988,2.315489,82.74,289.0,37.3,0.0
3130,50.80523,2.314377,82.74,289.0,37.3,0.0
3131,50.805472,2.313265,82.74,289.0,37.3,0.0
3132,50.805714,2.312153,82.74,289.0,37.4,0.0
3133,50.805956,2.311041,82.74,289.0,37.4,0.0
3134,50.806199,2.309929,82.74,289.0,37.4,0.0
3135,50.806441,2.308818,82.74,289.0,37.5,0.0
3136,50.806683,2.307706,82.74,289.0,37.5,0.0
3137,50.806925,2.306594,82.74,289.0,37.5,0.0
3138,50.807167,2.305482,82.73,289.0,37.5,0.0
3139,50.807409,2.30437,82.73,289.0,37.6,0.0
3140,50.807652,2.303258,82.73,289.0,37.6,0.0
3141,50.807894,2.302146,82.73,289.0,37.6,0.0
3142,50.808136,2.301034,82.73,289.0,37.7,0.0
3143,50.808378,2.299922,82.73,289.0,37.7,0.0
3144,50.80862,2.29881,82.73,289.0,37.7,0.0
3145,50.808863,2.297699,82.73,289.0,37.8,0.0
3146,50.809105,2.296587,82.73,289.0,37.8,0.0
3147,50.809347,2.295475,82.73,289.0,37.8,0.0
3148,50.809589,2.294363,82.73,289.0,37.8,0.0
3149,50.809831,2.293251,82.73,289.0,37.9,0.0
3150,50.810074,2.292139,82.73,289.0,37.9,0.0
3151,50.810316,2.291027,82.73,289.0,37.9,0.0
3152,50.810558,2.289915,82.73,289.0,38.0,0.0
3153,50.8108,2.288803,82.73,289.0,38.0,0.0
3154,50.811042,2.287691,82.73,289.0,38.0,0.0
3155,50.811285,2.28658,82.73,289.0,38.1,0.0
3156,50.811527,2.285468,82.73,289.0,38.1,0.0
3157,50.811769,2.284356,82.73,289.0,38.1,0.0
3158,50.812011,2.283244,82.73,289.0,38.1,0.0
3159,50.812253,2.282132,82.73,289.0,38.2,0.0
3160,50.812495,2.28102,82.73,289.0,38.2,0.0
3161,50.812738,2.279908,82.73,289.0,38.2,0.0
3162,50.81298,2.278796,82.73,289.0,38.3,0.0
3163,50.813222,2.277684,82.73,289.0,38.3,0.0
3164,50.813464,2.276572,82.72,289.0,38.3,0.0
3165,50.813706,2.275461,82.72,289.0,38.4,0.0
3166,50.813949,2.274349,82.72,289.0,38.4,0.0
3167,50.814191,2.273237,82.72,289.0,38.4,0.0
3168,50.814433,2.272125,82.72,289.0,38.5,0.0
3169,50.814675,2.271013,82.72,289.0,38.5,0.0
3170,50.814917,2.269901,82.72,289.0,38.5,0.0
3171,50.81516,2.268789,82.72,289.0,38.5,0.0
3172,50.815402,2.267677,82.72,289.0,38.6,0.0
3173,50.815644,2.266565,82.72,289.0,38.6,0.0
3174,50.815886,2.265453,82.72,289.0,38.6,0.0
3175,50.816128,2.264342,82.72,289.0,38.7,0.0
3176,50.816371,2.26323,82.72,289.0,38.7,0.0
3177,50.816613,2.262118,82.72,289.0,38.7,0.0
3178,50.816855,2.261006,82.72,289.0,38.8,0.0
3179,50.817097,2.259894,82.72,289.0,38.8,0.0
3180,50.817339,2.258782,82.72,289.0,38.8,0.0
3181,50.817582,2.25767,82.72,289.0,38.9,0.0
3182,50.817824,2.256558,82.72,289.0,38.9,0.0
3183,50.818066,2.255446,82.72,289.0,38.9,0.0
3184,50.818308,2.254334,82.72,289.0,38.9,0.0
3185,50.81855,2.253223,82.72,289.0,39.0,0.0
3186,50.818792,2.252111,82.72,289.0,39.0,0.0
3187,50.819035,2.250999,82.72,289.0,39.0,0.0
3188,50.819277,2.249887,82.72,289.0,39.1,0.0
3189,50.819519,2.248775,82.72,289.0,39.1,0.0
3190,50.819761,2.247663,82.71,289.0,39.1,0.0
3191,50.820003,2.246551,82.71,289.0,39.2,0.0
3192,50.820246,2.245439,82.71,289.0,39.2,0.0
3193,50.820488,2.244327,82.71,289.0,39.2,0.0
3194,50.82073,2.243215,82.71,289.0,39.3,0.0
3195,50.820972,2.242104,82.71,289.0,39.3,0.0
3196,50.821214,2.240992,82.71,289.0,39.3,0.0
3197,50.821457,2.23988,82.71,289.0,39.4,0.0
3198,50.821699,2.238768,82.71,289.0,39.4,0.0
3199,50.821941,2.237656,82.71,289.0,39.4,0.0
3200,50.822183,2.236544,82.71,289.0,39.4,0.0
3201,50.822425,2.235432,82.71,289.0,39.5,0.0
3202,50.822668,2.23432,82.71,289.0,39.5,0.0
3203,50.82291,2.233208,82.71,289.0,39.5,0.0
3204,50.823152,2.232096,82.71,289.0,39.6,0.0
3205,50.823394,2.230984,82.71,289.0,39.6,0.0
3206,50.823636,2.229873,82.71,289.0,39.6,0.0
3207,50.823879,2.228761,82.71,289.0,39.7,0.0
3208,50.824121,2.227649,82.71,289.0,39.7,0.0
3209,50.824363,2.226537,82.71,289.0,39.7,0.0
3210,50.824605,2.225425,82.71,289.0,39.8,0.0
3211,50.824847,2.224313,82.71,289.0,39.8,0.0
3212,50.825089,2.223201,82.71,289.0,39.8,0.0
3213,50.825332,2.222089,82.71,289.0,39.9,0.0
3214,50.825574,2.220977,82.71,289.0,39.9,0.0
3215,50.825816,2.219865,82.71,289.0,39.9,0.0
3216,50.826058,2.218754,82.7,289.0,40.0,0.0
3217,50.8263,2.217642,82.7,289.0,40.0,0.0
3218,50.826543,2.21653,82.7,289.0,40.0,0.0
3219,50.826785,2.215418,82.7,289.0,40.0,0.0
3220,50.827027,2.214306,82.7,289.0,40.1,0.0
3221,50.827269,2.213194,82.7,289.0,40.1,0.0
3222,50.827511,2.212082,82.7,289.0,40.1,0.0
3223,50.827754,2.21097,82.7,289.0,40.2,0.0
3224,50.827996,2.209858,82.7,289.0,40.2,0.0
3225,50.828238,2.208746,82.7,289.0,40.2,0.0
3226,50.82848,2.207635,82.7,289.0,40.3,0.0
3227,50.828722,2.206523,82.7,289.0,40.3,0.0
3228,50.828965,2.205411,82.7,289.0,40.3,0.0
3229,50.829207,2.204299,82.7,289.0,40.4,0.0
3230,50.829449,2.203187,82.7,289.0,40.4,0.0
3231,50.829691,2.202075,82.7,289.0,40.4,0.0
3232,50.829933,2.200963,82.7,289.0,40.5,0.0
3233,50.830176,2.199851,82.7,289.0,40.5,0.0
3234,50.830418,2.198739,82.7,289.0,40.5,0.0
3235,50.83066,2.197627,82.7,289.0,40.6,0.0
3236,50.830902,2.196516,82.7,289.0,40.6,0.0
3237,50.831144,2.195404,82.7,289.0,40.6,0.0
3238,50.831386,2.194292,82.7,289.0,40.7,0.0
3239,50.831629,2.19318,82.7,289.0,40.7,0.0
3240,50.831871,2.192068,82.7,289.0,40.7,0.0
3241,50.832113,2.190956,82.7,289.0,40.8,0.0
3242,50.832355,2.189844,82.69,289.0,40.8,0.0
3243,50.832597,2.188732,82.69,289.0,40.8,0.0
3244,50.83284,2.18762,82.69,289.0,40.9,0.0
3245,50.833082,2.186508,82.69,289.0,40.9,0.0
3246,50.833324,2.185397,82.69,289.0,40.9,0.0
3247,50.833566,2.184285,82.69,289.0,41.0,0.0
3248,50.833808,2.183173,82.69,289.0,41.0,0.0
3249,50.834051,2.182061,82.69,289.0,41.0,0.0
3250,50.834293,2.180949,82.69,289.0,41.1,0.0
3251,50.834535,2.179837,82.69,289.0,41.1,0.0
3252,50.834777,2.178725,82.69,289.0,41.1,0.0
3253,50.835019,2.177613,82.69,289.0,41.1,0.0
3254,50.835262,2.176501,82.69,289.0,41.2,0.0
3255,50.835504,2.175389,82.69,289.0,41.2,0.0
3256,50.835746,2.174278,82.69,289.0,41.2,0.0
3257,50.835988,2.173166,82.69,289.0,41.3,0.0
3258,50.83623,2.172054,82.69,289.0,41.3,0.0
3259,50.836472,2.170942,82.69,289.0,41.3,0.0
3260,50.836715,2.16983,82.69,289.0,41.4,0.0
3261,50.836957,2.168718,82.69,289.0,41.4,0.0
3262,50.837199,2.167606,82.69,289.0,41.4,0.0
3263,50.837441,2.166494,82.69,289.0,41.5,0.0
3264,50.837683,2.165382,82.69,289.0,41.5,0.0
3265,50.837926,2.16427,82.69,289.0,41.5,0.0
3266,50.838168,2.163159,82.69,289.0,41.6,0.0
3267,50.83841,2.162047,82.69,289.0,41.6,0.0
3268,50.838652,2.160935,82.68,289.0,41.6,0.0
3269,50.838894,2.159823,82.68,289.0,41.7,0.0
3270,50.839137,2.158711,82.68,289.0,41.7,0.0
3271,50.839379,2.157599,82.68,289.0,41.7,0.0
3272,50.839621,2.156487,82.68,289.0,41.8,0.0
3273,50.839863,2.155375,82.68,289.0,41.8,0.0
3274,50.840105,2.154263,82.68,289.0,41.8,0.0
3275,50.840348,2.153151,82.68,289.0,41.9,0.0
3276,50.84059,2.15204,82.68,289.0,41.9,0.0
3277,50.840832,2.150928,82.68,289.0,41.9,0.0
3278,50.841074,2.149816,82.68,289.0,42.0,0.0
3279,50.841316,2.148704,82.68,289.0,42.0,0.0
3280,50.841559,2.147592,82.68,289.0,42.0,0.0
3281,50.841801,2.14648,82.68,289.0,42.1,0.0
3282,50.842043,2.145368,82.68,289.0,42.1,0.0
3283,50.842285,2.144256,82.68,289.0,42.1,0.0
3284,50.842527,2.143144,82.68,289.0,42.2,0.0
3285,50.842769,2.142032,82.68,289.0,42.2,0.0
3286,50.843012,2.140921,82.68,289.0,42.2,0.0
3287,50.843254,2.139809,82.68,289.0,42.3,0.0
3288,50.843496,2.138697,82.68,289.0,42.3,0.0
3289,50.843738,2.137585,82.68,289.0,42.3,0.0
3290,50.84398,2.136473,82.68,289.0,42.4,0.0
3291,50.844223,2.135361,82.68,289.0,42.4,0.0
3292,50.844465,2.134249,82.68,289.0,42.4,0.0
3293,50.844707,2.133137,82.68,289.0,42.5,0.0
3294,50.844949,2.132025,82.67,289.0,42.5,0.0
3295,50.845191,2.130913,82.67,289.0,42.5,0.0
3296,50.845434,2.129801,82.67,289.0,42.6,0.0
3297,50.845676,2.12869,82.67,289.0,42.6,0.0
3298,50.845918,2.127578,82.67,289.0,42.6,0.0
3299,50.84616,2.126466,82.67,289.0,42.7,0.0
3300,50.846402,2.125354,82.67,289.0,42.7,0.0
3301,50.846645,2.124242,82.67,289.0,42.7,0.0
3302,50.846887,2.12313,82.67,289.0,42.8,0.0
3303,50.847129,2.122018,82.67,289.0,42.8,0.0
3304,50.847371,2.120906,82.67,289.0,42.9,0.0
3305,50.847613,2.119794,82.67,289.0,42.9,0.0
3306,50.847856,2.118682,82.67,289.0,42.9,0.0
3307,50.848098,2.117571,82.67,289.0,43.0,0.0
3308,50.84834,2.116459,82.67,289.0,43.0,0.0
3309,50.848582,2.115347,82.67,289.0,43.0,0.0
3310,50.848824,2.114235,82.67,289.0,43.1,0.0
3311,50.849066,2.113123,82.67,289.0,43.1,0.0
3312,50.849309,2.112011,82.67,289.0,43.1,0.0
3313,50.849551,2.110899,82.67,289.0,43.2,0.0
3314,50.849793,2.109787,82.67,289.0,43.2,0.0
3315,50.850035,2.108675,82.67,289.0,43.2,0.0
3316,50.850277,2.107563,82.67,289.0,43.3,0.0
3317,50.85052,2.106452,82.67,289.0,43.3,0.0
3318,50.850762,2.10534,82.67,289.0,43.3,0.0
3319,50.851004,2.104228,82.67,289.0,43.4,0.0
3320,50.851246,2.103116,82.66,289.0,43.4,0.0
3321,50.851488,2.102004,82.66,289.0,43.4,0.0
3322,50.851731,2.100892,82.66,289.0,43.5,0.0
3323,50.851973,2.09978,82.66,289.0,43.5,0.0
3324,50.852215,2.098668,82.66,289.0,43.5,0.0
3325,50.852457,2.097556,82.66,289.0,43.6,0.0
3326,50.852699,2.096444,82.66,289.0,43.6,0.0
3327,50.852942,2.095333,82.66,289.0,43.6,0.0
3328,50.853184,2.094221,82.66,289.0,43.7,0.0
3329,50.853426,2.093109,82.66,289.0,43.7,0.0
3330,50.853668,2.091997,82.66,289.0,43.7,0.0
3331,50.85391,2.090885,82.66,289.0,43.8,0.0
3332,50.854153,2.089773,82.66,289.0,43.8,0.0
3333,50.854395,2.088661,82.66,289.0,43.8,0.0
3334,50.854637,2.087549,82.66,289.0,43.9,0.0
3335,50.854879,2.086437,82.66,289.0,43.9,0.0
3336,50.855121,2.085325,82.66,289.0,43.9,0.0
3337,50.855363,2.084214,82.66,289.0,44.0,0.0
3338,50.855606,2.083102,82.66,289.0,44.0,0.0
3339,50.855848,2.08199,82.66,289.0,44.0,0.0
3340,50.85609,2.080878,82.66,289.0,44.1,0.0
3341,50.856332,2.079766,82.66,289.0,44.1,0.0
3342,50.856574,2.078654,82.66,289.0,44.2,0.0
3343,50.856817,2.077542,82.66,289.0,44.2,0.0
3344,50.857059,2.07643,82.66,289.0,44.2,0.0
3345,50.857301,2.075318,82.66,289.0,44.3,0.0
3346,50.857543,2.074206,82.65,289.0,44.3,0.0
3347,50.857785,2.073095,82.65,289.0,44.3,0.0
3348,50.858028,2.071983,82.65,289.0,44.4,0.0
3349,50.85827,2.070871,82.65,289.0,44.4,0.0
3350,50.858512,2.069759,82.65,289.0,44.4,0.0
3351,50.858754,2.068647,82.65,289.0,44.5,0.0
3352,50.858996,2.067535,82.65,289.0,44.5,0.0
3353,50.859239,2.066423,82.65,289.0,44.5,0.0
3354,50.859481,2.065311,82.65,289.0,44.6,0.0
3355,50.859723,2.064199,82.65,289.0,44.6,0.0
3356,50.859965,2.063087,82.65,289.0,44.6,0.0
3357,50.860207,2.061976,82.65,289.0,44.7,0.0
3358,50.860449,2.060864,82.65,289.0,44.7,0.0
3359,50.860692,2.059752,82.65,289.0,44.7,0.0
3360,50.860934,2.05864,82.65,289.0,44.8,0.0
3361,50.861176,2.057528,82.65,289.0,44.8,0.0
3362,50.861418,2.056416,82.65,289.0,44.9,0.0
3363,50.86166,2.055304,82.65,289.0,44.9,0.0
3364,50.861903,2.054192,82.65,289.0,44.9,0.0
3365,50.862145,2.05308,82.65,289.0,45.0,0.0
3366,50.862387,2.051968,82.65,289.0,45.0,0.0
3367,50.862629,2.050857,82.65,289.0,45.0,0.0
3368,50.862871,2.049745,82.65,289.0,45.1,0.0
3369,50.863114,2.048633,82.65,289.0,45.1,0.0
3370,50.863356,2.047521,82.65,289.0,45.1,0.0
3371,50.863598,2.046409,82.65,289.0,45.2,0.0
3372,50.86384,2.045297,82.64,289.0,45.2,0.0
3373,50.864082,2.044185,82.64,289.0,45.2,0.0
3374,50.864325,2.043073,82.64,289.0,45.3,0.0
3375,50.864567,2.041961,82.64,289.0,45.3,0.0
3376,50.864809,2.040849,82.64,289.0,45.3,0.0
3377,50.865051,2.039738,82.64,289.0,45.4,0.0
3378,50.865293,2.038626,82.64,289.0,45.4,0.0
3379,50.865536,2.037514,82.64,289.0,45.4,0.0
3380,50.865778,2.036402,82.64,289.0,45.5,0.0
3381,50.86602,2.03529,82.64,289.0,45.5,0.0
3382,50.866262,2.034178,82.64,289.0,45.6,0.0
3383,50.866504,2.033066,82.64,289.0,45.6,0.0
3384,50.866746,2.031954,82.64,289.0,45.6,0.0
3385,50.866989,2.030842,82.64,289.0,45.7,0.0
3386,50.867231,2.02973,82.64,289.0,45.7,0.0
3387,50.867473,2.028618,82.64,289.0,45.7,0.0
3388,50.867715,2.027507,82.64,289.0,45.8,0.0
3389,50.867957,2.026395,82.64,289.0,45.8,0.0
3390,50.8682,2.025283,82.64,289.0,45.8,0.0
3391,50.868442,2.024171,82.64,289.0,45.9,0.0
3392,50.868684,2.023059,82.64,289.0,45.9,0.0
3393,50.868926,2.021947,82.64,289.0,45.9,0.0
3394,50.869168,2.020835,82.64,289.0,46.0,0.0
3395,50.869411,2.019723,82.64,289.0,46.0,0.0
3396,50.869653,2.018611,82.64,289.0,46.1,0.0
3397,50.869895,2.017499,82.64,289.0,46.1,0.0
3398,50.870137,2.016388,82.63,289.0,46.1,0.0
3399,50.870379,2.015276,82.63,289.0,46.2,0.0
3400,50.870622,2.014164,82.63,289.0,46.2,0.0
3401,50.870864,2.013052,82.63,289.0,46.2,0.0
3402,50.871106,2.01194,82.63,289.0,46.3,0.0
3403,50.871348,2.010828,82.63,289.0,46.3,0.0
3404,50.87159,2.009716,82.63,289.0,46.3,0.0
3405,50.871833,2.008604,82.63,289.0,46.4,0.0
3406,50.872075,2.007492,82.63,289.0,46.4,0.0
3407,50.872317,2.00638,82.63,289.0,46.4,0.0
3408,50.872559,2.005269,82.63,289.0,46.5,0.0
3409,50.872801,2.004157,82.63,289.0,46.5,0.0
3410,50.873043,2.003045,82.63,289.0,46.6,0.0
3411,50.873286,2.001933,82.63,289.0,46.6,0.0
3412,50.873528,2.000821,82.63,289.0,46.6,0.0
3413,50.87377,1.999709,82.63,289.0,46.7,0.0
3414,50.874012,1.998597,82.63,289.0,46.7,0.0
3415,50.874254,1.997485,82.63,289.0,46.7,0.0
3416,50.874497,1.996373,82.63,289.0,46.8,0.0
3417,50.874739,1.995261,82.63,289.0,46.8,0.0
3418,50.874981,1.99415,82.63,289.0,46.8,0.0
3419,50.875223,1.993038,82.63,289.0,46.9,0.0
3420,50.875465,1.991926,82.63,289.0,46.9,0.0
3421,50.875708,1.990814,82.63,289.0,47.0,0.0
3422,50.87595,1.989702,82.63,289.0,47.0,0.0
3423,50.876192,1.98859,82.63,289.0,47.0,0.0
3424,50.876434,1.987478,82.63,289.0,47.1,0.0
3425,50.876676,1.986366,82.62,289.0,47.1,0.0
3426,50.876919,1.985254,82.62,289.0,47.1,0.0
3427,50.877161,1.984142,82.62,289.0,47.2,0.0
3428,50.877403,1.983031,82.62,289.0,47.2,0.0
3429,50.877645,1.981919,82.62,289.0,47.2,0.0
3430,50.877887,1.980807,82.62,289.0,47.3,0.0
3431,50.87813,1.979695,82.62,289.0,47.3,0.0
3432,50.878372,1.978583,82.62,289.0,47.3,0.0
3433,50.878614,1.977471,82.62,289.0,47.4,0.0
3434,50.878856,1.976359,82.62,289.0,47.4,0.0
3435,50.879098,1.975247,82.62,289.0,47.5,0.0
3436,50.87934,1.974135,82.62,289.0,47.5,0.0
3437,50.879583,1.973023,82.62,289.0,47.5,0.0
3438,50.879825,1.971912,82.62,289.0,47.6,0.0
3439,50.880067,1.9708,82.62,289.0,47.6,0.0
3440,50.880309,1.969688,82.62,289.0,47.6,0.0
3441,50.880551,1.968576,82.62,289.0,47.7,0.0
3442,50.880794,1.967464,82.62,289.0,47.7,0.0
3443,50.881036,1.966352,82.62,289.0,47.7,0.0
3444,50.881278,1.96524,82.62,289.0,47.8,0.0
3445,50.88152,1.964128,82.62,289.0,47.8,0.0
3446,50.881762,1.963016,82.62,289.0,47.9,0.0
3447,50.882005,1.961904,82.62,289.0,47.9,0.0
3448,50.882247,1.960793,82.62,289.0,47.9,0.0
3449,50.882489,1.959681,82.62,289.0,48.0,0.0
3450,50.882731,1.958569,82.62,289.0,48.0,0.0
3451,50.882973,1.957457,82.61,289.0,48.0,0.0
3452,50.883216,1.956345,82.61,289.0,48.1,0.0
3453,50.883458,1.955233,82.61,289.0,48.1,0.0
3454,50.8837,1.954121,82.61,289.0,48.1,0.0
3455,50.883942,1.953009,82.61,289.0,48.2,0.0
3456,50.884184,1.951897,82.61,289.0,48.2,0.0
3457,50.884426,1.950785,82.61,289.0,48.3,0.0
3458,50.884669,1.949674,82.61,289.0,48.3,0.0
3459,50.884911,1.948562,82.61,289.0,48.3,0.0
3460,50.885153,1.94745,82.61,289.0,48.4,0.0
3461,50.885395,1.946338,82.61,289.0,48.4,0.0
3462,50.885637,1.945226,82.61,289.0,48.4,0.0
3463,50.88588,1.944114,82.61,289.0,48.5,0.0
3464,50.886122,1.943002,82.61,289.0,48.5,0.0
3465,50.886364,1.94189,82.61,289.0,48.6,0.0
3466,50.886606,1.940778,82.61,289.0,48.6,0.0
3467,50.886848,1.939666,82.61,289.0,48.6,0.0
3468,50.887091,1.938555,82.61,289.0,48.7,0.0
3469,50.887333,1.937443,82.61,289.0,48.7,0.0
3470,50.887575,1.936331,82.61,289.0,48.7,0.0
3471,50.887817,1.935219,82.61,289.0,48.8,0.0
3472,50.888059,1.934107,82.61,289.0,48.8,0.0
3473,50.888302,1.932995,82.61,289.0,48.8,0.0
3474,50.888544,1.931883,82.61,289.0,48.9,0.0
3475,50.888786,1.930771,82.61,289.0,48.9,0.0
3476,50.889028,1.929659,82.61,289.0,49.0,0.0
3477,50.88927,1.928547,82.6,289.0,49.0,0.0
3478,50.889513,1.927435,82.6,289.0,49.0,0.0
3479,50.889755,1.926324,82.6,289.0,49.1,0.0
3480,50.889997,1.925212,82.6,289.0,49.1,0.0
3481,50.890239,1.9241,82.6,289.0,49.1,0.0
3482,50.890481,1.922988,82.6,289.0,49.2,0.0
3483,50.890723,1.921876,82.6,289.0,49.2,0.0
3484,50.890966,1.920764,82.6,289.1,49.3,0.0
3485,50.891208,1.919652,82.6,289.1,49.3,0.0
3486,50.89145,1.91854,82.6,289.1,49.3,0.0
3487,50.891692,1.917428,82.6,289.1,49.4,0.0
3488,50.891934,1.916316,82.6,289.1,49.4,0.0
3489,50.892177,1.915205,82.6,289.1,49.4,0.0
3490,50.892419,1.914093,82.6,289.1,49.5,0.0
3491,50.892661,1.912981,82.6,289.1,49.5,0.0
3492,50.892903,1.911869,82.6,289.1,49.6,0.0
3493,50.893145,1.910757,82.6,289.1,49.6,0.0
3494,50.893388,1.909645,82.6,289.1,49.6,0.0
3495,50.89363,1.908533,82.6,289.1,49.7,0.0
3496,50.893872,1.907421,82.6,289.1,49.7,0.0
3497,50.894114,1.906309,82.6,289.1,49.7,0.0
3498,50.894356,1.905197,82.6,289.1,49.8,0.0
3499,50.894599,1.904086,82.6,289.1,49.8,0.0
3500,50.894841,1.902974,82.6,289.1,49.8,0.0
3501,50.895083,1.901862,82.6,289.1,49.9,0.0
3502,50.895325,1.90075,82.6,289.1,49.9,0.0
3503,50.895567,1.899638,82.59,289.1,50.0,0.0
3504,50.89581,1.898526,82.59,289.1,50.0,0.0
3505,50.896052,1.897414,82.59,289.1,50.0,0.0
3506,50.896294,1.896302,82.59,289.1,50.1,0.0
3507,50.896536,1.89519,82.59,289.1,50.1,0.0
3508,50.896778,1.894078,82.59,289.1,50.1,0.0
3509,50.89702,1.892967,82.59,289.1,50.2,0.0
3510,50.897263,1.891855,82.59,289.1,50.2,0.0
3511,50.897505,1.890743,82.59,289.1,50.3,0.0
3512,50.897747,1.889631,82.59,289.1,50.3,0.0
3513,50.897989,1.888519,82.59,289.1,50.3,0.0
3514,50.898231,1.887407,82.59,289.1,50.4,0.0
3515,50.898474,1.886295,82.59,289.1,50.4,0.0
3516,50.898716,1.885183,82.59,289.1,50.4,0.0
3517,50.898958,1.884071,82.59,289.1,50.5,0.0
3518,50.8992,1.882959,82.59,289.1,50.5,0.0
3519,50.899442,1.881848,82.59,289.1,50.6,0.0
3520,50.899685,1.880736,82.59,289.1,50.6,0.0
3521,50.899927,1.879624,82.59,289.1,50.6,0.0
3522,50.900169,1.878512,82.59,289.1,50.7,0.0
3523,50.900411,1.8774,82.59,289.1,50.7,0.0
3524,50.900653,1.876288,82.59,289.1,50.7,0.0
3525,50.900896,1.875176,82.59,289.1,50.8,0.0
3526,50.901138,1.874064,82.59,289.1,50.8,0.0
3527,50.90138,1.872952,82.59,289.1,50.9,0.0
3528,50.901622,1.87184,82.59,289.1,50.9,0.0
3529,50.901864,1.870729,82.58,289.1,50.9,0.0
3530,50.902107,1.869617,82.58,289.1,51.0,0.0
3531,50.902349,1.868505,82.58,289.1,51.0,0.0
3532,50.902591,1.867393,82.58,289.1,51.0,0.0
3533,50.902833,1.866281,82.58,289.1,51.1,0.0
3534,50.903075,1.865169,82.58,289.1,51.1,0.0
3535,50.903317,1.864057,82.58,289.1,51.2,0.0
3536,50.90356,1.862945,82.58,289.1,51.2,0.0
3537,50.903802,1.861833,82.58,289.1,51.2,0.0
3538,50.904044,1.860721,82.58,289.1,51.3,0.0
3539,50.904286,1.85961,82.58,289.1,51.3,0.0
3540,50.904528,1.858498,82.58,289.1,51.3,0.0
3541,50.904771,1.857386,82.58,289.1,51.4,0.0
3542,50.905013,1.856274,82.58,289.1,51.4,0.0
3543,50.905255,1.855162,82.58,289.1,51.5,0.0
3544,50.905497,1.85405,82.58,289.1,51.5,0.0
3545,50.905739,1.852938,82.58,289.1,51.5,0.0
3546,50.905982,1.851826,82.58,289.1,51.6,0.0
3547,50.906224,1.850714,82.58,289.1,51.6,0.0
3548,50.906466,1.849602,82.58,289.1,51.6,0.0
3549,50.906708,1.848491,82.58,289.1,51.7,0.0
3550,50.90695,1.847379,82.58,289.1,51.7,0.0
3551,50.907193,1.846267,82.58,289.1,51.8,0.0
3552,50.907435,1.845155,82.58,289.1,51.8,0.0
3553,50.907677,1.844043,82.58,289.1,51.8,0.0
3554,50.907919,1.842931,82.58,289.1,51.9,0.0
3555,50.908161,1.841819,82.57,289.1,51.9,0.0
3556,50.908403,1.840707,82.57,289.1,52.0,0.0
3557,50.908646,1.839595,82.57,289.1,52.0,0.0
3558,50.908888,1.838483,82.57,289.1,52.0,0.0
3559,50.90913,1.837372,82.57,289.1,52.1,0.0
3560,50.909372,1.83626,82.57,289.1,52.1,0.0
3561,50.909614,1.835148,82.57,289.1,52.1,0.0
3562,50.909857,1.834036,82.57,289.1,52.2,0.0
3563,50.910099,1.832924,82.57,289.1,52.2,0.0
3564,50.910341,1.831812,82.57,289.1,52.3,0.0
3565,50.910583,1.8307,82.57,289.1,52.3,0.0
3566,50.910825,1.829588,82.57,289.1,52.3,0.0
3567,50.911068,1.828476,82.57,289.1,52.4,0.0
3568,50.91131,1.827364,82.57,289.1,52.4,0.0
3569,50.911552,1.826252,82.57,289.1,52.4,0.0
3570,50.911794,1.825141,82.57,289.1,52.5,0.0
3571,50.912036,1.824029,82.57,289.1,52.5,0.0
3572,50.912279,1.822917,82.57,289.1,52.6,0.0
3573,50.912521,1.821805,82.57,289.1,52.6,0.0
3574,50.912763,1.820693,82.57,289.1,52.6,0.0
3575,50.913005,1.819581,82.57,289.1,52.7,0.0
3576,50.913247,1.818469,82.57,289.1,52.7,0.0
3577,50.91349,1.817357,82.57,289.1,52.7,0.0
3578,50.913732,1.816245,82.57,289.1,52.8,0.0
3579,50.913974,1.815133,82.57,289.1,52.8,0.0
3580,50.914216,1.814022,82.57,289.1,52.9,0.0
3581,50.914458,1.81291,82.56,289.1,52.9,0.0
3582,50.9147,1.811802,82.23,289.1,52.9,0.0
3583,50.914457,1.812914,82.56,109.1,53.0,0.0
3584,50.914215,1.814026,82.57,109.1,53.0,0.0
3585,50.913973,1.815138,82.57,109.1,53.1,0.0
3586,50.913731,1.81625,82.57,109.1,53.1,0.0
3587,50.913489,1.817362,82.57,109.1,53.1,0.0
3588,50.913246,1.818474,82.57,109.1,53.2,0.0
3589,50.913004,1.819586,82.57,109.1,53.2,0.0
3590,50.912762,1.820697,82.57,109.1,53.2,0.0
3591,50.91252,1.821809,82.57,109.1,53.3,0.0
3592,50.912278,1.822921,82.57,109.1,53.3,0.0
3593,50.912035,1.824033,82.57,109.1,53.4,0.0
3594,50.911793,1.825145,82.57,109.1,53.4,0.0
3595,50.911551,1.826257,82.57,109.1,53.4,0.0
3596,50.911309,1.827369,82.57,109.1,53.5,0.0
3597,50.911067,1.828481,82.57,109.1,53.5,0.0
3598,50.910824,1.829593,82.57,109.1,53.5,0.0
3599,50.910582,1.830705,82.57,109.1,53.6,0.0
3600,50.91034,1.831816,82.57,109.1,53.6,0.0
3601,50.910098,1.832928,82.57,109.1,53.7,0.0
3602,50.909856,1.83404,82.57,109.1,53.7,0.0
3603,50.909613,1.835152,82.57,109.1,53.7,0.0
3604,50.909371,1.836264,82.57,109.1,53.8,0.0
3605,50.909129,1.837376,82.57,109.1,53.8,0.0
3606,50.908887,1.838488,82.57,109.1,53.9,0.0
3607,50.908645,1.8396,82.57,109.1,53.9,0.0
3608,50.908403,1.840712,82.57,109.1,53.9,0.0
3609,50.90816,1.841824,82.57,109.1,54.0,0.0
3610,50.907918,1.842935,82.58,109.1,54.0,0.0
3611,50.907676,1.844047,82.58,109.1,54.0,0.0
3612,50.907434,1.845159,82.58,109.1,54.1,0.0
3613,50.907192,1.846271,82.58,109.1,54.1,0.0
3614,50.906949,1.847383,82.58,109.1,54.2,0.0
3615,50.906707,1.848495,82.58,109.1,54.2,0.0
3616,50.906465,1.849607,82.58,109.1,54.2,0.0
3617,50.906223,1.850719,82.58,109.1,54.3,0.0
3618,50.905981,1.851831,82.58,109.1,54.3,0.0
3619,50.905738,1.852943,82.58,109.1,54.4,0.0
3620,50.905496,1.854054,82.58,109.1,54.4,0.0
3621,50.905254,1.855166,82.58,109.1,54.4,0.0
3622,50.905012,1.856278,82.58,109.1,54.5,0.0
3623,50.90477,1.85739,82.58,109.1,54.5,0.0
3624,50.904527,1.858502,82.58,109.1,54.5,0.0
3625,50.904285,1.859614,82.58,109.1,54.6,0.0
3626,50.904043,1.860726,82.58,109.1,54.6,0.0
3627,50.903801,1.861838,82.58,109.1,54.7,0.0
3628,50.903559,1.86295,82.58,109.1,54.7,0.0
3629,50.903316,1.864062,82.58,109.1,54.7,0.0
3630,50.903074,1.865173,82.58,109.1,54.8,0.0
3631,50.902832,1.866285,82.58,109.1,54.8,0.0
3632,50.90259,1.867397,82.58,109.1,54.9,0.0
3633,50.902348,1.868509,82.58,109.1,54.9,0.0
3634,50.902106,1.869621,82.58,109.1,54.9,0.0
3635,50.901863,1.870733,82.58,109.1,55.0,0.0
3636,50.901621,1.871845,82.59,109.1,55.0,0.0
3637,50.901379,1.872957,82.59,109.1,55.0,0.0
3638,50.901137,1.874069,82.59,109.1,55.1,0.0
3639,50.900895,1.875181,82.59,109.1,55.1,0.0
3640,50.900652,1.876292,82.59,109.1,55.2,0.0
3641,50.90041,1.877404,82.59,109.1,55.2,0.0
3642,50.900168,1.878516,82.59,109.1,55.2,0.0
3643,50.899926,1.879628,82.59,109.1,55.3,0.0
3644,50.899684,1.88074,82.59,109.1,55.3,0.0
3645,50.899441,1.881852,82.59,109.1,55.4,0.0
3646,50.899199,1.882964,82.59,109.1,55.4,0.0
3647,50.898957,1.884076,82.59,109.1,55.4,0.0
3648,50.898715,1.885188,82.59,109.1,55.5,0.0
3649,50.898473,1.8863,82.59,109.1,55.5,0.0
3650,50.89823,1.887411,82.59,109.1,55.5,0.0
3651,50.897988,1.888523,82.59,109.1,55.6,0.0
3652,50.897746,1.889635,82.59,109.1,55.6,0.0
3653,50.897504,1.890747,82.59,109.1,55.7,0.0
3654,50.897262,1.891859,82.59,109.1,55.7,0.0
3655,50.89702,1.892971,82.59,109.1,55.7,0.0
3656,50.896777,1.894083,82.59,109.1,55.8,0.0
3657,50.896535,1.895195,82.59,109.1,55.8,0.0
3658,50.896293,1.896307,82.59,109.1,55.9,0.0
3659,50.896051,1.897419,82.59,109.1,55.9,0.0
3660,50.895809,1.898531,82.59,109.1,55.9,0.0
3661,50.895566,1.899642,82.59,109.1,56.0,0.0
3662,50.895324,1.900754,82.6,109.1,56.0,0.0
3663,50.895082,1.901866,82.6,109.1,56.0,0.0
3664,50.89484,1.902978,82.6,109.1,56.1,0.0
3665,50.894598,1.90409,82.6,109.1,56.1,0.0
3666,50.894355,1.905202,82.6,109.1,56.2,0.0
3667,50.894113,1.906314,82.6,109.1,56.2,0.0
3668,50.893871,1.907426,82.6,109.1,56.2,0.0
3669,50.893629,1.908538,82.6,109.1,56.3,0.0
3670,50.893387,1.90965,82.6,109.1,56.3,0.0
3671,50.893144,1.910761,82.6,109.1,56.4,0.0
3672,50.892902,1.911873,82.6,109.1,56.4,0.0
3673,50.89266,1.912985,82.6,109.1,56.4,0.0
3674,50.892418,1.914097,82.6,109.1,56.5,0.0
3675,50.892176,1.915209,82.6,109.1,56.5,0.0
3676,50.891933,1.916321,82.6,109.1,56.5,0.0
3677,50.891691,1.917433,82.6,109.1,56.6,0.0
3678,50.891449,1.918545,82.6,109.1,56.6,0.0
3679,50.891207,1.919657,82.6,109.1,56.7,0.0
3680,50.890965,1.920769,82.6,109.1,56.7,0.0
3681,50.890723,1.92188,82.6,109.0,56.7,0.0
3682,50.89048,1.922992,82.6,109.0,56.8,0.0
3683,50.890238,1.924104,82.6,109.0,56.8,0.0
3684,50.889996,1.925216,82.6,109.0,56.9,0.0
3685,50.889754,1.926328,82.6,109.0,56.9,0.0
3686,50.889512,1.92744,82.6,109.0,56.9,0.0
3687,50.889269,1.928552,82.6,109.0,57.0,0.0
3688,50.889027,1.929664,82.61,109.0,57.0,0.0
3689,50.888785,1.930776,82.61,109.0,57.1,0.0
3690,50.888543,1.931888,82.61,109.0,57.1,0.0
3691,50.888301,1.932999,82.61,109.0,57.1,0.0
3692,50.888058,1.934111,82.61,109.0,57.2,0.0
3693,50.887816,1.935223,82.61,109.0,57.2,0.0
3694,50.887574,1.936335,82.61,109.0,57.2,0.0
3695,50.887332,1.937447,82.61,109.0,57.3,0.0
3696,50.88709,1.938559,82.61,109.0,57.3,0.0
3697,50.886847,1.939671,82.61,109.0,57.4,0.0
3698,50.886605,1.940783,82.61,109.0,57.4,0.0
3699,50.886363,1.941895,82.61,109.0,57.4,0.0
3700,50.886121,1.943007,82.61,109.0,57.5,0.0
3701,50.885879,1.944118,82.61,109.0,57.5,0.0
3702,50.885636,1.94523,82.61,109.0,57.6,0.0
3703,50.885394,1.946342,82.61,109.0,57.6,0.0
3704,50.885152,1.947454,82.61,109.0,57.6,0.0
3705,50.88491,1.948566,82.61,109.0,57.7,0.0
3706,50.884668,1.949678,82.61,109.0,57.7,0.0
3707,50.884426,1.95079,82.61,109.0,57.8,0.0
3708,50.884183,1.951902,82.61,109.0,57.8,0.0
3709,50.883941,1.953014,82.61,109.0,57.8,0.0
3710,50.883699,1.954126,82.61,109.0,57.9,0.0
3711,50.883457,1.955237,82.61,109.0,57.9,0.0
3712,50.883215,1.956349,82.61,109.0,57.9,0.0
3713,50.882972,1.957461,82.61,109.0,58.0,0.0
3714,50.88273,1.958573,82.62,109.0,58.0,0.0
3715,50.882488,1.959685,82.62,109.0,58.1,0.0
3716,50.882246,1.960797,82.62,109.0,58.1,0.0
3717,50.882004,1.961909,82.62,109.0,58.1,0.0
3718,50.881761,1.963021,82.62,109.0,58.2,0.0
3719,50.881519,1.964133,82.62,109.0,58.2,0.0
3720,50.881277,1.965245,82.62,109.0,58.3,0.0
3721,50.881035,1.966356,82.62,109.0,58.3,0.0
3722,50.880793,1.967468,82.62,109.0,58.3,0.0
3723,50.88055,1.96858,82.62,109.0,58.4,0.0
3724,50.880308,1.969692,82.62,109.0,58.4,0.0
3725,50.880066,1.970804,82.62,109.0,58.5,0.0
3726,50.879824,1.971916,82.62,109.0,58.5,0.0
3727,50.879582,1.973028,82.62,109.0,58.5,0.0
3728,50.879339,1.97414,82.62,109.0,58.6,0.0
3729,50.879097,1.975252,82.62,109.0,58.6,0.0
3730,50.878855,1.976364,82.62,109.0,58.6,0.0
3731,50.878613,1.977475,82.62,109.0,58.7,0.0
3732,50.878371,1.978587,82.62,109.0,58.7,0.0
3733,50.878129,1.979699,82.62,109.0,58.8,0.0
3734,50.877886,1.980811,82.62,109.0,58.8,0.0
3735,50.877644,1.981923,82.62,109.0,58.8,0.0
3736,50.877402,1.983035,82.62,109.0,58.9,0.0
3737,50.87716,1.984147,82.62,109.0,58.9,0.0
3738,50.876918,1.985259,82.62,109.0,59.0,0.0
3739,50.876675,1.986371,82.62,109.0,59.0,0.0
3740,50.876433,1.987483,82.63,109.0,59.0,0.0
3741,50.876191,1.988594,82.63,109.0,59.1,0.0
3742,50.875949,1.989706,82.63,109.0,59.1,0.0
3743,50.875707,1.990818,82.63,109.0,59.1,0.0
3744,50.875464,1.99193,82.63,109.0,59.2,0.0
3745,50.875222,1.993042,82.63,109.0,59.2,0.0
3746,50.87498,1.994154,82.63,109.0,59.3,0.0
3747,50.874738,1.995266,82.63,109.0,59.3,0.0
3748,50.874496,1.996378,82.63,109.0,59.3,0.0
3749,50.874253,1.99749,82.63,109.0,59.4,0.0
3750,50.874011,1.998602,82.63,109.0,59.4,0.0
3751,50.873769,1.999714,82.63,109.0,59.5,0.0
3752,50.873527,2.000825,82.63,109.0,59.5,0.0
3753,50.873285,2.001937,82.63,109.0,59.5,0.0
3754,50.873043,2.003049,82.63,109.0,59.6,0.0
3755,50.8728,2.004161,82.63,109.0,59.6,0.0
3756,50.872558,2.005273,82.63,109.0,59.7,0.0
3757,50.872316,2.006385,82.63,109.0,59.7,0.0
3758,50.872074,2.007497,82.63,109.0,59.7,0.0
3759,50.871832,2.008609,82.63,109.0,59.8,0.0
3760,50.871589,2.009721,82.63,109.0,59.8,0.0
3761,50.871347,2.010833,82.63,109.0,59.8,0.0
3762,50.871105,2.011944,82.63,109.0,59.9,0.0
3763,50.870863,2.013056,82.63,109.0,59.9,0.0
3764,50.870621,2.014168,82.63,109.0,60.0,0.0
3765,50.870378,2.01528,82.63,109.0,60.0,0.0
3766,50.870136,2.016392,82.63,109.0,60.0,0.0
3767,50.869894,2.017504,82.64,109.0,60.1,0.0
3768,50.869652,2.018616,82.64,109.0,60.1,0.0
3769,50.86941,2.019728,82.64,109.0,60.2,0.0
3770,50.869167,2.02084,82.64,109.0,60.2,0.0
3771,50.868925,2.021952,82.64,109.0,60.2,0.0
3772,50.868683,2.023063,82.64,109.0,60.3,0.0
3773,50.868441,2.024175,82.64,109.0,60.3,0.0
3774,50.868199,2.025287,82.64,109.0,60.4,0.0
3775,50.867956,2.026399,82.64,109.0,60.4,0.0
3776,50.867714,2.027511,82.64,109.0,60.4,0.0
3777,50.867472,2.028623,82.64,109.0,60.5,0.0
3778,50.86723,2.029735,82.64,109.0,60.5,0.0
3779,50.866988,2.030847,82.64,109.0,60.5,0.0
3780,50.866746,2.031959,82.64,109.0,60.6,0.0
3781,50.866503,2.033071,82.64,109.0,60.6,0.0
3782,50.866261,2.034182,82.64,109.0,60.7,0.0
3783,50.866019,2.035294,82.64,109.0,60.7,0.0
3784,50.865777,2.036406,82.64,109.0,60.7,0.0
3785,50.865535,2.037518,82.64,109.0,60.8,0.0
3786,50.865292,2.03863,82.64,109.0,60.8,0.0
3787,50.86505,2.039742,82.64,109.0,60.9,0.0
3788,50.864808,2.040854,82.64,109.0,60.9,0.0
3789,50.864566,2.041966,82.64,109.0,60.9,0.0
3790,50.864324,2.043078,82.64,109.0,61.0,0.0
3791,50.864081,2.04419,82.64,109.0,61.0,0.0
3792,50.863839,2.045301,82.64,109.0,61.1,0.0
3793,50.863597,2.046413,82.65,109.0,61.1,0.0
3794,50.863355,2.047525,82.65,109.0,61.1,0.0
3795,50.863113,2.048637,82.65,109.0,61.2,0.0
3796,50.86287,2.049749,82.65,109.0,61.2,0.0
3797,50.862628,2.050861,82.65,109.0,61.2,0.0
3798,50.862386,2.051973,82.65,109.0,61.3,0.0
3799,50.862144,2.053085,82.65,109.0,61.3,0.0
3800,50.861902,2.054197,82.65,109.0,61.4,0.0
3801,50.861659,2.055309,82.65,109.0,61.4,0.0
3802,50.861417,2.05642,82.65,109.0,61.4,0.0
3803,50.861175,2.057532,82.65,109.0,61.5,0.0
3804,50.860933,2.058644,82.65,109.0,61.5,0.0
3805,50.860691,2.059756,82.65,109.0,61.6,0.0
3806,50.860449,2.060868,82.65,109.0,61.6,0.0
3807,50.860206,2.06198,82.65,109.0,61.6,0.0
3808,50.859964,2.063092,82.65,109.0,61.7,0.0
3809,50.859722,2.064204,82.65,109.0,61.7,0.0
3810,50.85948,2.065316,82.65,109.0,61.8,0.0
3811,50.859238,2.066428,82.65,109.0,61.8,0.0
3812,50.858995,2.067539,82.65,109.0,61.8,0.0
3813,50.858753,2.068651,82.65,109.0,61.9,0.0
3814,50.858511,2.069763,82.65,109.0,61.9,0.0
3815,50.858269,2.070875,82.65,109.0,61.9,0.0
3816,50.858027,2.071987,82.65,109.0,62.0,0.0
3817,50.857784,2.073099,82.65,109.0,62.0,0.0
3818,50.857542,2.074211,82.65,109.0,62.1,0.0
3819,50.8573,2.075323,82.66,109.0,62.1,0.0
3820,50.857058,2.076435,82.66,109.0,62.1,0.0
3821,50.856816,2.077547,82.66,109.0,62.2,0.0
3822,50.856573,2.078658,82.66,109.0,62.2,0.0
3823,50.856331,2.07977,82.66,109.0,62.3,0.0
3824,50.856089,2.080882,82.66,109.0,62.3,0.0
3825,50.855847,2.081994,82.66,109.0,62.3,0.0
3826,50.855605,2.083106,82.66,109.0,62.4,0.0
3827,50.855362,2.084218,82.66,109.0,62.4,0.0
3828,50.85512,2.08533,82.66,109.0,62.5,0.0
3829,50.854878,2.086442,82.66,109.0,62.5,0.0
3830,50.854636,2.087554,82.66,109.0,62.5,0.0
3831,50.854394,2.088666,82.66,109.0,62.6,0.0
3832,50.854152,2.089777,82.66,109.0,62.6,0.0
3833,50.853909,2.090889,82.66,109.0,62.6,0.0
3834,50.853667,2.092001,82.66,109.0,62.7,0.0
3835,50.853425,2.093113,82.66,109.0,62.7,0.0
3836,50.853183,2.094225,82.66,109.0,62.8,0.0
3837,50.852941,2.095337,82.66,109.0,62.8,0.0
3838,50.852698,2.096449,82.66,109.0,62.8,0.0
3839,50.852456,2.097561,82.66,109.0,62.9,0.0
3840,50.852214,2.098673,82.66,109.0,62.9,0.0
3841,50.851972,2.099785,82.66,109.0,63.0,0.0
3842,50.85173,2.100897,82.66,109.0,63.0,0.0
3843,50.851487,2.102008,82.66,109.0,63.0,0.0
3844,50.851245,2.10312,82.66,109.0,63.1,0.0
3845,50.851003,2.104232,82.67,109.0,63.1,0.0
3846,50.850761,2.105344,82.67,109.0,63.2,0.0
3847,50.850519,2.106456,82.67,109.0,63.2,0.0
3848,50.850276,2.107568,82.67,109.0,63.2,0.0
3849,50.850034,2.10868,82.67,109.0,63.3,0.0
3850,50.849792,2.109792,82.67,109.0,63.3,0.0
3851,50.84955,2.110904,82.67,109.0,63.3,0.0
3852,50.849308,2.112016,82.67,109.0,63.4,0.0
3853,50.849066,2.113127,82.67,109.0,63.4,0.0
3854,50.848823,2.114239,82.67,109.0,63.5,0.0
3855,50.848581,2.115351,82.67,109.0,63.5,0.0
3856,50.848339,2.116463,82.67,109.0,63.5,0.0
3857,50.848097,2.117575,82.67,109.0,63.6,0.0
3858,50.847855,2.118687,82.67,109.0,63.6,0.0
3859,50.847612,2.119799,82.67,109.0,63.7,0.0
3860,50.84737,2.120911,82.67,109.0,63.7,0.0
3861,50.847128,2.122023,82.67,109.0,63.7,0.0
3862,50.846886,2.123135,82.67,109.0,63.8,0.0
3863,50.846644,2.124246,82.67,109.0,63.8,0.0
3864,50.846401,2.125358,82.67,109.0,63.8,0.0
3865,50.846159,2.12647,82.67,109.0,63.9,0.0
3866,50.845917,2.127582,82.67,109.0,63.9,0.0
3867,50.845675,2.128694,82.67,109.0,64.0,0.0
3868,50.845433,2.129806,82.67,109.0,64.0,0.0
3869,50.84519,2.130918,82.67,109.0,64.0,0.0
3870,50.844948,2.13203,82.67,109.0,64.1,0.0
3871,50.844706,2.133142,82.68,109.0,64.1,0.0
3872,50.844464,2.134254,82.68,109.0,64.2,0.0
3873,50.844222,2.135365,82.68,109.0,64.2,0.0
3874,50.843979,2.136477,82.68,109.0,64.2,0.0
3875,50.843737,2.137589,82.68,109.0,64.3,0.0
3876,50.843495,2.138701,82.68,109.0,64.3,0.0
3877,50.843253,2.139813,82.68,109.0,64.3,0.0
3878,50.843011,2.140925,82.68,109.0,64.4,0.0
3879,50.842769,2.142037,82.68,109.0,64.4,0.0
3880,50.842526,2.143149,82.68,109.0,64.5,0.0
3881,50.842284,2.144261,82.68,109.0,64.5,0.0
3882,50.842042,2.145373,82.68,109.0,64.5,0.0
3883,50.8418,2.146484,82.68,109.0,64.6,0.0
3884,50.841558,2.147596,82.68,109.0,64.6,0.0
3885,50.841315,2.148708,82.68,109.0,64.7,0.0
3886,50.841073,2.14982,82.68,109.0,64.7,0.0
3887,50.840831,2.150932,82.68,109.0,64.7,0.0
3888,50.840589,2.152044,82.68,109.0,64.8,0.0
3889,50.840347,2.153156,82.68,109.0,64.8,0.0
3890,50.840104,2.154268,82.68,109.0,64.9,0.0
3891,50.839862,2.15538,82.68,109.0,64.9,0.0
3892,50.83962,2.156492,82.68,109.0,64.9,0.0
3893,50.839378,2.157603,82.68,109.0,65.0,0.0
3894,50.839136,2.158715,82.68,109.0,65.0,0.0
3895,50.838893,2.159827,82.68,109.0,65.0,0.0
3896,50.838651,2.160939,82.68,109.0,65.1,0.0
3897,50.838409,2.162051,82.69,109.0,65.1,0.0
3898,50.838167,2.163163,82.69,109.0,65.2,0.0
3899,50.837925,2.164275,82.69,109.0,65.2,0.0
3900,50.837682,2.165387,82.69,109.0,65.2,0.0
3901,50.83744,2.166499,82.69,109.0,65.3,0.0
3902,50.837198,2.167611,82.69,109.0,65.3,0.0
3903,50.836956,2.168722,82.69,109.0,65.4,0.0
3904,50.836714,2.169834,82.69,109.0,65.4,0.0
3905,50.836472,2.170946,82.69,109.0,65.4,0.0
3906,50.836229,2.172058,82.69,109.0,65.5,0.0
3907,50.835987,2.17317,82.69,109.0,65.5,0.0
3908,50.835745,2.174282,82.69,109.0,65.5,0.0
3909,50.835503,2.175394,82.69,109.0,65.6,0.0
3910,50.835261,2.176506,82.69,109.0,65.6,0.0
3911,50.835018,2.177618,82.69,109.0,65.7,0.0
3912,50.834776,2.17873,82.69,109.0,65.7,0.0
3913,50.834534,2.179841,82.69,109.0,65.7,0.0
3914,50.834292,2.180953,82.69,109.0,65.8,0.0
3915,50.83405,2.182065,82.69,109.0,65.8,0.0
3916,50.833807,2.183177,82.69,109.0,65.8,0.0
3917,50.833565,2.184289,82.69,109.0,65.9,0.0
3918,50.833323,2.185401,82.69,109.0,65.9,0.0
3919,50.833081,2.186513,82.69,109.0,66.0,0.0
3920,50.832839,2.187625,82.69,109.0,66.0,0.0
3921,50.832596,2.188737,82.69,109.0,66.0,0.0
3922,50.832354,2.189849,82.69,109.0,66.1,0.0
3923,50.832112,2.19096,82.7,109.0,66.1,0.0
3924,50.83187,2.192072,82.7,109.0,66.2,0.0
3925,50.831628,2.193184,82.7,109.0,66.2,0.0
3926,50.831385,2.194296,82.7,109.0,66.2,0.0
3927,50.831143,2.195408,82.7,109.0,66.3,0.0
3928,50.830901,2.19652,82.7,109.0,66.3,0.0
3929,50.830659,2.197632,82.7,109.0,66.3,0.0
3930,50.830417,2.198744,82.7,109.0,66.4,0.0
3931,50.830175,2.199856,82.7,109.0,66.4,0.0
3932,50.829932,2.200968,82.7,109.0,66.5,0.0
3933,50.82969,2.20208,82.7,109.0,66.5,0.0
3934,50.829448,2.203191,82.7,109.0,66.5,0.0
3935,50.829206,2.204303,82.7,109.0,66.6,0.0
3936,50.828964,2.205415,82.7,109.0,66.6,0.0
3937,50.828721,2.206527,82.7,109.0,66.7,0.0
3938,50.828479,2.207639,82.7,109.0,66.7,0.0
3939,50.828237,2.208751,82.7,109.0,66.7,0.0
3940,50.827995,2.209863,82.7,109.0,66.8,0.0
3941,50.827753,2.210975,82.7,109.0,66.8,0.0
3942,50.82751,2.212087,82.7,109.0,66.8,0.0
3943,50.827268,2.213199,82.7,109.0,66.9,0.0
3944,50.827026,2.21431,82.7,109.0,66.9,0.0
3945,50.826784,2.215422,82.7,109.0,67.0,0.0
3946,50.826542,2.216534,82.7,109.0,67.0,0.0
3947,50.826299,2.217646,82.7,109.0,67.0,0.0
3948,50.826057,2.218758,82.7,109.0,67.1,0.0
3949,50.825815,2.21987,82.71,109.0,67.1,0.0
3950,50.825573,2.220982,82.71,109.0,67.1,0.0
3951,50.825331,2.222094,82.71,109.0,67.2,0.0
3952,50.825089,2.223206,82.71,109.0,67.2,0.0
3953,50.824846,2.224318,82.71,109.0,67.3,0.0
3954,50.824604,2.225429,82.71,109.0,67.3,0.0
3955,50.824362,2.226541,82.71,109.0,67.3,0.0
3956,50.82412,2.227653,82.71,109.0,67.4,0.0
3957,50.823878,2.228765,82.71,109.0,67.4,0.0
3958,50.823635,2.229877,82.71,109.0,67.5,0.0
3959,50.823393,2.230989,82.71,109.0,67.5,0.0
3960,50.823151,2.232101,82.71,109.0,67.5,0.0
3961,50.822909,2.233213,82.71,109.0,67.6,0.0
3962,50.822667,2.234325,82.71,109.0,67.6,0.0
3963,50.822424,2.235437,82.71,109.0,67.6,0.0
3964,50.822182,2.236548,82.71,109.0,67.7,0.0
3965,50.82194,2.23766,82.71,109.0,67.7,0.0
3966,50.821698,2.238772,82.71,109.0,67.8,0.0
3967,50.821456,2.239884,82.71,109.0,67.8,0.0
3968,50.821213,2.240996,82.71,109.0,67.8,0.0
3969,50.820971,2.242108,82.71,109.0,67.9,0.0
3970,50.820729,2.24322,82.71,109.0,67.9,0.0
3971,50.820487,2.244332,82.71,109.0,67.9,0.0
3972,50.820245,2.245444,82.71,109.0,68.0,0.0
3973,50.820002,2.246556,82.71,109.0,68.0,0.0
3974,50.81976,2.247667,82.71,109.0,68.1,0.0
3975,50.819518,2.248779,82.72,109.0,68.1,0.0
3976,50.819276,2.249891,82.72,109.0,68.1,0.0
3977,50.819034,2.251003,82.72,109.0,68.2,0.0
3978,50.818792,2.252115,82.72,109.0,68.2,0.0
3979,50.818549,2.253227,82.72,109.0,68.2,0.0
3980,50.818307,2.254339,82.72,109.0,68.3,0.0
3981,50.818065,2.255451,82.72,109.0,68.3,0.0
3982,50.817823,2.256563,82.72,109.0,68.4,0.0
3983,50.817581,2.257675,82.72,109.0,68.4,0.0
3984,50.817338,2.258786,82.72,109.0,68.4,0.0
3985,50.817096,2.259898,82.72,109.0,68.5,0.0
3986,50.816854,2.26101,82.72,109.0,68.5,0.0
3987,50.816612,2.262122,82.72,109.0,68.6,0.0
3988,50.81637,2.263234,82.72,109.0,68.6,0.0
3989,50.816127,2.264346,82.72,109.0,68.6,0.0
3990,50.815885,2.265458,82.72,109.0,68.7,0.0
3991,50.815643,2.26657,82.72,109.0,68.7,0.0
3992,50.815401,2.267682,82.72,109.0,68.7,0.0
3993,50.815159,2.268794,82.72,109.0,68.8,0.0
3994,50.814916,2.269905,82.72,109.0,68.8,0.0
3995,50.814674,2.271017,82.72,109.0,68.9,0.0
3996,50.814432,2.272129,82.72,109.0,68.9,0.0
3997,50.81419,2.273241,82.72,109.0,68.9,0.0
3998,50.813948,2.274353,82.72,109.0,69.0,0.0
3999,50.813705,2.275465,82.72,109.0,69.0,0.0
4000,50.813463,2.276577,82.72,109.0,69.0,0.0
4001,50.813221,2.277689,82.73,109.0,69.1,0.0
4002,50.812979,2.278801,82.73,109.0,69.1,0.0
4003,50.812737,2.279913,82.73,109.0,69.2,0.0
4004,50.812495,2.281024,82.73,109.0,69.2,0.0
4005,50.812252,2.282136,82.73,109.0,69.2,0.0
4006,50.81201,2.283248,82.73,109.0,69.3,0.0
4007,50.811768,2.28436,82.73,109.0,69.3,0.0
4008,50.811526,2.285472,82.73,109.0,69.3,0.0
4009,50.811284,2.286584,82.73,109.0,69.4,0.0
4010,50.811041,2.287696,82.73,109.0,69.4,0.0
4011,50.810799,2.288808,82.73,109.0,69.5,0.0
4012,50.810557,2.28992,82.73,109.0,69.5,0.0
4013,50.810315,2.291032,82.73,109.0,69.5,0.0
4014,50.810073,2.292143,82.73,109.0,69.6,0.0
4015,50.80983,2.293255,82.73,109.0,69.6,0.0
4016,50.809588,2.294367,82.73,109.0,69.6,0.0
4017,50.809346,2.295479,82.73,109.0,69.7,0.0
4018,50.809104,2.296591,82.73,109.0,69.7,0.0
4019,50.808862,2.297703,82.73,109.0,69.8,0.0
4020,50.808619,2.298815,82.73,109.0,69.8,0.0
4021,50.808377,2.299927,82.73,109.0,69.8,0.0
4022,50.808135,2.301039,82.73,109.0,69.9,0.0
4023,50.807893,2.302151,82.73,109.0,69.9,0.0
4024,50.807651,2.303263,82.73,109.0,69.9,0.0
4025,50.807408,2.304374,82.73,109.0,70.0,0.0
4026,50.807166,2.305486,82.73,109.0,70.0,0.0
4027,50.806924,2.306598,82.74,109.0,70.1,0.0
4028,50.806682,2.30771,82.74,109.0,70.1,0.0
4029,50.80644,2.308822,82.74,109.0,70.1,0.0
4030,50.806198,2.309934,82.74,109.0,70.2,0.0
4031,50.805955,2.311046,82.74,109.0,70.2,0.0
4032,50.805713,2.312158,82.74,109.0,70.2,0.0
4033,50.805471,2.31327,82.74,109.0,70.3,0.0
4034,50.805229,2.314382,82.74,109.0,70.3,0.0
4035,50.804987,2.315493,82.74,109.0,70.3,0.0
4036,50.804744,2.316605,82.74,109.0,70.4,0.0
4037,50.804502,2.317717,82.74,109.0,70.4,0.0
4038,50.80426,2.318829,82.74,109.0,70.5,0.0
4039,50.804018,2.319941,82.74,109.0,70.5,0.0
4040,50.803776,2.321053,82.74,109.0,70.5,0.0
4041,50.803533,2.322165,82.74,109.0,70.6,0.0
4042,50.803291,2.323277,82.74,109.0,70.6,0.0
4043,50.803049,2.324389,82.74,109.0,70.6,0.0
4044,50.802807,2.325501,82.74,109.0,70.7,0.0
4045,50.802565,2.326612,82.74,109.0,70.7,0.0
4046,50.802322,2.327724,82.74,109.0,70.8,0.0
4047,50.80208,2.328836,82.74,109.0,70.8,0.0
4048,50.801838,2.329948,82.74,109.0,70.8,0.0
4049,50.801596,2.33106,82.74,109.0,70.9,0.0
4050,50.801354,2.332172,82.74,109.0,70.9,0.0
4051,50.801112,2.333284,82.74,109.0,70.9,0.0
4052,50.800869,2.334396,82.74,109.0,71.0,0.0
4053,50.800627,2.335508,82.75,109.0,71.0,0.0
4054,50.800385,2.33662,82.75,109.0,71.1,0.0
4055,50.800143,2.337731,82.75,109.0,71.1,0.0
4056,50.799901,2.338843,82.75,109.0,71.1,0.0
4057,50.799658,2.339955,82.75,109.0,71.2,0.0
4058,50.799416,2.341067,82.75,109.0,71.2,0.0
4059,50.799174,2.342179,82.75,109.0,71.2,0.0
4060,50.798932,2.343291,82.75,109.0,71.3,0.0
4061,50.79869,2.344403,82.75,109.0,71.3,0.0
4062,50.798447,2.345515,82.75,109.0,71.3,0.0
4063,50.798205,2.346627,82.75,109.0,71.4,0.0
4064,50.797963,2.347739,82.75,109.0,71.4,0.0
4065,50.797721,2.34885,82.75,109.0,71.5,0.0
4066,50.797479,2.349962,82.75,109.0,71.5,0.0
4067,50.797236,2.351074,82.75,109.0,71.5,0.0
4068,50.796994,2.352186,82.75,109.0,71.6,0.0
4069,50.796752,2.353298,82.75,109.0,71.6,0.0
4070,50.79651,2.35441,82.75,109.0,71.6,0.0
4071,50.796268,2.355522,82.75,109.0,71.7,0.0
4072,50.796025,2.356634,82.75,109.0,71.7,0.0
4073,50.795783,2.357746,82.75,109.0,71.8,0.0
4074,50.795541,2.358858,82.75,109.0,71.8,0.0
4075,50.795299,2.359969,82.75,109.0,71.8,0.0
4076,50.795057,2.361081,82.75,109.0,71.9,0.0
4077,50.794815,2.362193,82.75,109.0,71.9,0.0
4078,50.794572,2.363305,82.75,109.0,71.9,0.0
4079,50.79433,2.364417,82.76,109.0,72.0,0.0
4080,50.794088,2.365529,82.76,109.0,72.0,0.0
4081,50.793846,2.366641,82.76,109.0,72.0,0.0
4082,50.793604,2.367753,82.76,109.0,72.1,0.0
4083,50.793361,2.368865,82.76,109.0,72.1,0.0
4084,50.793119,2.369977,82.76,109.0,72.2,0.0
4085,50.792877,2.371088,82.76,109.0,72.2,0.0
4086,50.792635,2.3722,82.76,109.0,72.2,0.0
4087,50.792393,2.373312,82.76,109.0,72.3,0.0
4088,50.79215,2.374424,82.76,109.0,72.3,0.0
4089,50.791908,2.375536,82.76,109.0,72.3,0.0
4090,50.791666,2.376648,82.76,109.0,72.4,0.0
4091,50.791424,2.37776,82.76,109.0,72.4,0.0
4092,50.791182,2.378872,82.76,109.0,72.4,0.0
4093,50.790939,2.379984,82.76,109.0,72.5,0.0
4094,50.790697,2.381096,82.76,109.0,72.5,0.0
4095,50.790455,2.382207,82.76,109.0,72.6,0.0
4096,50.790213,2.383319,82.76,109.0,72.6,0.0
4097,50.789971,2.384431,82.76,109.0,72.6,0.0
4098,50.789728,2.385543,82.76,109.0,72.7,0.0
4099,50.789486,2.386655,82.76,109.0,72.7,0.0
4100,50.789244,2.387767,82.76,109.0,72.7,0.0
4101,50.789002,2.388879,82.76,109.0,72.8,0.0
4102,50.78876,2.389991,82.76,109.0,72.8,0.0
4103,50.788518,2.391103,82.76,109.0,72.8,0.0
4104,50.788275,2.392215,82.76,109.0,72.9,0.0
4105,50.788033,2.393326,82.76,109.0,72.9,0.0
4106,50.787791,2.394438,82.77,109.0,73.0,0.0
4107,50.787549,2.39555,82.77,109.0,73.0,0.0
4108,50.787307,2.396662,82.77,109.0,73.0,0.0
4109,50.787064,2.397774,82.77,109.0,73.1,0.0
4110,50.786822,2.398886,82.77,109.0,73.1,0.0
4111,50.78658,2.399998,82.77,109.0,73.1,0.0
4112,50.786338,2.40111,82.77,109.0,73.2,0.0
4113,50.786096,2.402222,82.77,109.0,73.2,0.0
4114,50.785853,2.403334,82.77,109.0,73.2,0.0
4115,50.785611,2.404446,82.77,109.0,73.3,0.0
4116,50.785369,2.405557,82.77,109.0,73.3,0.0
4117,50.785127,2.406669,82.77,109.0,73.3,0.0
4118,50.784885,2.407781,82.77,109.0,73.4,0.0
4119,50.784642,2.408893,82.77,109.0,73.4,0.0
4120,50.7844,2.410005,82.77,109.0,73.5,0.0
4121,50.784158,2.411117,82.77,109.0,73.5,0.0
4122,50.783916,2.412229,82.77,109.0,73.5,0.0
4123,50.783674,2.413341,82.77,109.0,73.6,0.0
4124,50.783431,2.414453,82.77,109.0,73.6,0.0
4125,50.783189,2.415565,82.77,109.0,73.6,0.0
4126,50.782947,2.416676,82.77,109.0,73.7,0.0
4127,50.782705,2.417788,82.77,109.0,73.7,0.0
4128,50.782463,2.4189,82.77,109.0,73.7,0.0
4129,50.782221,2.420012,82.77,109.0,73.8,0.0
4130,50.781978,2.421124,82.77,109.0,73.8,0.0
4131,50.781736,2.422236,82.77,109.0,73.8,0.0
4132,50.781494,2.423348,82.78,109.0,73.9,0.0
4133,50.781252,2.42446,82.78,109.0,73.9,0.0
4134,50.78101,2.425572,82.78,109.0,74.0,0.0
4135,50.780767,2.426684,82.78,109.0,74.0,0.0
4136,50.780525,2.427795,82.78,109.0,74.0,0.0
4137,50.780283,2.428907,82.78,109.0,74.1,0.0
4138,50.780041,2.430019,82.78,109.0,74.1,0.0
4139,50.779799,2.431131,82.78,109.0,74.1,0.0
4140,50.779556,2.432243,82.78,109.0,74.2,0.0
4141,50.779314,2.433355,82.78,109.0,74.2,0.0
4142,50.779072,2.434467,82.78,109.0,74.2,0.0
4143,50.77883,2.435579,82.78,109.0,74.3,0.0
4144,50.778588,2.436691,82.78,109.0,74.3,0.0
4145,50.778345,2.437803,82.78,109.0,74.3,0.0
4146,50.778103,2.438914,82.78,109.0,74.4,0.0
4147,50.777861,2.440026,82.78,109.0,74.4,0.0
4148,50.777619,2.441138,82.78,109.0,74.5,0.0
4149,50.777377,2.44225,82.78,109.0,74.5,0.0
4150,50.777135,2.443362,82.78,109.0,74.5,0.0
4151,50.776892,2.444474,82.78,109.0,74.6,0.0
4152,50.77665,2.445586,82.78,109.0,74.6,0.0
4153,50.776408,2.446698,82.78,109.0,74.6,0.0
4154,50.776166,2.44781,82.78,109.0,74.7,0.0
4155,50.775924,2.448922,82.78,109.0,74.7,0.0
4156,50.775681,2.450033,82.78,109.0,74.7,0.0
4157,50.775439,2.451145,82.78,109.0,74.8,0.0
4158,50.775197,2.452257,82.79,109.0,74.8,0.0
4159,50.774955,2.453369,82.79,109.0,74.8,0.0
4160,50.774713,2.454481,82.79,109.0,74.9,0.0
4161,50.77447,2.455593,82.79,109.0,74.9,0.0
4162,50.774228,2.456705,82.79,109.0,74.9,0.0
4163,50.773986,2.457817,82.79,109.0,75.0,0.0
4164,50.773744,2.458929,82.79,109.0,75.0,0.0
4165,50.773502,2.460041,82.79,109.0,75.1,0.0
4166,50.773259,2.461152,82.79,109.0,75.1,0.0
4167,50.773017,2.462264,82.79,109.0,75.1,0.0
4168,50.772775,2.463376,82.79,109.0,75.2,0.0
4169,50.772533,2.464488,82.79,109.0,75.2,0.0
4170,50.772291,2.4656,82.79,109.0,75.2,0.0
4171,50.772048,2.466712,82.79,109.0,75.3,0.0
4172,50.771806,2.467824,82.79,109.0,75.3,0.0
4173,50.771564,2.468936,82.79,109.0,75.3,0.0
4174,50.771322,2.470048,82.79,109.0,75.4,0.0
4175,50.77108,2.47116,82.79,109.0,75.4,0.0
4176,50.770838,2.472271,82.79,109.0,75.4,0.0
4177,50.770595,2.473383,82.79,109.0,75.5,0.0
4178,50.770353,2.474495,82.79,109.0,75.5,0.0
4179,50.770111,2.475607,82.79,109.0,75.5,0.0
4180,50.769869,2.476719,82.79,109.0,75.6,0.0
4181,50.769627,2.477831,82.79,109.0,75.6,0.0
4182,50.769384,2.478943,82.79,109.0,75.6,0.0
4183,50.769142,2.480055,82.79,109.0,75.7,0.0
4184,50.7689,2.481167,82.8,109.0,75.7,0.0
4185,50.768658,2.482279,82.8,109.0,75.8,0.0
4186,50.768416,2.48339,82.8,109.0,75.8,0.0
4187,50.768173,2.484502,82.8,109.0,75.8,0.0
4188,50.767931,2.485614,82.8,109.0,75.9,0.0
4189,50.767689,2.486726,82.8,109.0,75.9,0.0
4190,50.767447,2.487838,82.8,109.0,75.9,0.0
4191,50.767205,2.48895,82.8,109.0,76.0,0.0
4192,50.766962,2.490062,82.8,109.0,76.0,0.0
4193,50.76672,2.491174,82.8,109.0,76.0,0.0
4194,50.766478,2.492286,82.8,109.0,76.1,0.0
4195,50.766236,2.493398,82.8,109.0,76.1,0.0
4196,50.765994,2.494509,82.8,109.0,76.1,0.0
4197,50.765751,2.495621,82.8,109.0,76.2,0.0
4198,50.765509,2.496733,82.8,109.0,76.2,0.0
4199,50.765267,2.497845,82.8,109.0,76.2,0.0
4200,50.765025,2.498957,82.8,109.0,76.3,0.0
4201,50.764783,2.500069,82.8,109.0,76.3,0.0
4202,50.764541,2.501181,82.8,109.0,76.3,0.0
4203,50.764298,2.502293,82.8,109.0,76.4,0.0
4204,50.764056,2.503405,82.8,109.0,76.4,0.0
4205,50.763814,2.504517,82.8,109.0,76.4,0.0
4206,50.763572,2.505629,82.8,109.0,76.5,0.0
4207,50.76333,2.50674,82.8,109.0,76.5,0.0
4208,50.763087,2.507852,82.8,109.0,76.5,0.0
4209,50.762845,2.508964,82.8,109.0,76.6,0.0
4210,50.762603,2.510076,82.81,109.0,76.6,0.0
4211,50.762361,2.511188,82.81,109.0,76.6,0.0
4212,50.762119,2.5123,82.81,109.0,76.7,0.0
4213,50.761876,2.513412,82.81,109.0,76.7,0.0
4214,50.761634,2.514524,82.81,109.0,76.8,0.0
4215,50.761392,2.515636,82.81,109.0,76.8,0.0
4216,50.76115,2.516748,82.81,109.0,76.8,0.0
4217,50.760908,2.517859,82.81,109.0,76.9,0.0
4218,50.760665,2.518971,82.81,109.0,76.9,0.0
4219,50.760423,2.520083,82.81,109.0,76.9,0.0
4220,50.760181,2.521195,82.81,109.0,77.0,0.0
4221,50.759939,2.522307,82.81,109.0,77.0,0.0
4222,50.759697,2.523419,82.81,109.0,77.0,0.0
4223,50.759454,2.524531,82.81,109.0,77.1,0.0
4224,50.759212,2.525643,82.81,109.0,77.1,0.0
4225,50.75897,2.526755,82.81,109.0,77.1,0.0
4226,50.758728,2.527867,82.81,109.0,77.2,0.0
4227,50.758486,2.528978,82.81,109.0,77.2,0.0
4228,50.758244,2.53009,82.81,109.0,77.2,0.0
4229,50.758001,2.531202,82.81,109.0,77.3,0.0
4230,50.757759,2.532314,82.81,109.0,77.3,0.0
4231,50.757517,2.533426,82.81,109.0,77.3,0.0
4232,50.757275,2.534538,82.81,109.0,77.4,0.0
4233,50.757033,2.53565,82.81,109.0,77.4,0.0
4234,50.75679,2.536762,82.81,109.0,77.4,0.0
4235,50.756548,2.537874,82.81,109.0,77.5,0.0
4236,50.756306,2.538986,82.82,109.0,77.5,0.0
4237,50.756064,2.540097,82.82,109.0,77.5,0.0
4238,50.755822,2.541209,82.82,109.0,77.6,0.0
4239,50.755579,2.542321,82.82,109.0,77.6,0.0
4240,50.755337,2.543433,82.82,109.0,77.6,0.0
4241,50.755095,2.544545,82.82,109.0,77.7,0.0
4242,50.754853,2.545657,82.82,109.0,77.7,0.0
4243,50.754611,2.546769,82.82,109.0,77.7,0.0
4244,50.754368,2.547881,82.82,109.0,77.8,0.0
4245,50.754126,2.548993,82.82,109.0,77.8,0.0
4246,50.753884,2.550105,82.82,109.0,77.8,0.0
4247,50.753642,2.551216,82.82,109.0,77.9,0.0
4248,50.7534,2.552328,82.82,109.0,77.9,0.0
4249,50.753158,2.55344,82.82,109.0,77.9,0.0
4250,50.752915,2.554552,82.82,109.0,78.0,0.0
4251,50.752673,2.555664,82.82,109.0,78.0,0.0
4252,50.752431,2.556776,82.82,109.0,78.0,0.0
4253,50.752189,2.557888,82.82,109.0,78.1,0.0
4254,50.751947,2.559,82.82,109.0,78.1,0.0
4255,50.751704,2.560112,82.82,109.0,78.1,0.0
4256,50.751462,2.561224,82.82,109.0,78.2,0.0
4257,50.75122,2.562335,82.82,109.0,78.2,0.0
4258,50.750978,2.563447,82.82,109.0,78.2,0.0
4259,50.750736,2.564559,82.82,109.0,78.3,0.0
4260,50.750493,2.565671,82.82,109.0,78.3,0.0
4261,50.750251,2.566783,82.82,109.0,78.3,0.0
4262,50.750009,2.567895,82.83,109.0,78.4,0.0
4263,50.749767,2.569007,82.83,109.0,78.4,0.0
4264,50.749525,2.570119,82.83,109.0,78.4,0.0
4265,50.749282,2.571231,82.83,109.0,78.5,0.0
4266,50.74904,2.572343,82.83,109.0,78.5,0.0
4267,50.748798,2.573454,82.83,109.0,78.5,0.0
4268,50.748556,2.574566,82.83,109.0,78.6,0.0
4269,50.748314,2.575678,82.83,109.0,78.6,0.0
4270,50.748071,2.57679,82.83,109.0,78.6,0.0
4271,50.747829,2.577902,82.83,109.0,78.7,0.0
4272,50.747587,2.579014,82.83,109.0,78.7,0.0
4273,50.747345,2.580126,82.83,109.0,78.7,0.0
4274,50.747103,2.581238,82.83,109.0,78.8,0.0
4275,50.746861,2.58235,82.83,109.0,78.8,0.0
4276,50.746618,2.583462,82.83,109.0,78.8,0.0
4277,50.746376,2.584573,82.83,109.0,78.9,0.0
4278,50.746134,2.585685,82.83,109.0,78.9,0.0
4279,50.745892,2.586797,82.83,109.0,78.9,0.0
4280,50.74565,2.587909,82.83,109.0,79.0,0.0
4281,50.745407,2.589021,82.83,109.0,79.0,0.0
4282,50.745165,2.590133,82.83,109.0,79.0,0.0
4283,50.744923,2.591245,82.83,109.0,79.1,0.0
4284,50.744681,2.592357,82.83,109.0,79.1,0.0
4285,50.744439,2.593469,82.83,109.0,79.1,0.0
4286,50.744196,2.594581,82.83,109.0,79.2,0.0
4287,50.743954,2.595692,82.83,109.0,79.2,0.0
4288,50.743712,2.596804,82.84,109.0,79.2,0.0
4289,50.74347,2.597916,82.84,109.0,79.3,0.0
4290,50.743228,2.599028,82.84,109.0,79.3,0.0
4291,50.742985,2.60014,82.84,109.0,79.3,0.0
4292,50.742743,2.601252,82.84,109.0,79.3,0.0
4293,50.742501,2.602364,82.84,109.0,79.4,0.0
4294,50.742259,2.603476,82.84,109.0,79.4,0.0
4295,50.742017,2.604588,82.84,109.0,79.4,0.0
4296,50.741774,2.6057,82.84,109.0,79.5,0.0
4297,50.741532,2.606812,82.84,109.0,79.5,0.0
4298,50.74129,2.607923,82.84,109.0,79.5,0.0
4299,50.741048,2.609035,82.84,109.0,79.6,0.0
4300,50.740806,2.610147,82.84,109.0,79.6,0.0
4301,50.740564,2.611259,82.84,109.0,79.6,0.0
4302,50.740321,2.612371,82.84,109.0,79.7,0.0
4303,50.740079,2.613483,82.84,109.0,79.7,0.0
4304,50.739837,2.614595,82.84,109.0,79.7,0.0
4305,50.739595,2.615707,82.84,109.0,79.8,0.0
4306,50.739353,2.616819,82.84,109.0,79.8,0.0
4307,50.73911,2.617931,82.84,109.0,79.8,0.0
4308,50.738868,2.619042,82.84,109.0,79.9,0.0
4309,50.738626,2.620154,82.84,109.0,79.9,0.0
4310,50.738384,2.621266,82.84,109.0,79.9,0.0
4311,50.738142,2.622378,82.84,109.0,80.0,0.0
4312,50.737899,2.62349,82.84,109.0,80.0,0.0
4313,50.737657,2.624602,82.84,109.0,80.0,0.0
4314,50.737415,2.625714,82.85,109.0,80.1,0.0
4315,50.737173,2.626826,82.85,109.0,80.1,0.0
4316,50.736931,2.627938,82.85,109.0,80.1,0.0
4317,50.736688,2.62905,82.85,109.0,80.2,0.0
4318,50.736446,2.630161,82.85,109.0,80.2,0.0
4319,50.736204,2.631273,82.85,109.0,80.2,0.0
4320,50.735962,2.632385,82.85,109.0,80.2,0.0
4321,50.73572,2.633497,82.85,109.0,80.3,0.0
4322,50.735477,2.634609,82.85,109.0,80.3,0.0
4323,50.735235,2.635721,82.85,109.0,80.3,0.0
4324,50.734993,2.636833,82.85,109.0,80.4,0.0
4325,50.734751,2.637945,82.85,109.0,80.4,0.0
4326,50.734509,2.639057,82.85,109.0,80.4,0.0
4327,50.734267,2.640169,82.85,109.0,80.5,0.0
4328,50.734024,2.64128,82.85,109.0,80.5,0.0
4329,50.733782,2.642392,82.85,109.0,80.5,0.0
4330,50.73354,2.643504,82.85,109.0,80.6,0.0
4331,50.733298,2.644616,82.85,109.0,80.6,0.0
4332,50.733056,2.645728,82.85,109.0,80.6,0.0
4333,50.732813,2.64684,82.85,109.0,80.7,0.0
4334,50.732571,2.647952,82.85,109.0,80.7,0.0
4335,50.732329,2.649064,82.85,109.0,80.7,0.0
4336,50.732087,2.650176,82.85,109.0,80.7,0.0
4337,50.731845,2.651288,82.85,109.0,80.8,0.0
4338,50.731602,2.652399,82.85,109.0,80.8,0.0
4339,50.73136,2.653511,82.85,109.0,80.8,0.0
4340,50.731118,2.654623,82.86,109.0,80.9,0.0
4341,50.730876,2.655735,82.86,109.0,80.9,0.0
4342,50.730634,2.656847,82.86,109.0,80.9,0.0
4343,50.730391,2.657959,82.86,109.0,81.0,0.0
4344,50.730149,2.659071,82.86,109.0,81.0,0.0
4345,50.729907,2.660183,82.86,109.0,81.0,0.0
4346,50.729665,2.661295,82.86,109.0,81.1,0.0
4347,50.729423,2.662407,82.86,109.0,81.1,0.0
4348,50.729181,2.663518,82.86,109.0,81.1,0.0
4349,50.728938,2.66463,82.86,109.0,81.2,0.0
4350,50.728696,2.665742,82.86,109.0,81.2,0.0
4351,50.728454,2.666854,82.86,109.0,81.2,0.0
4352,50.728212,2.667966,82.86,109.0,81.2,0.0
4353,50.72797,2.669078,82.86,109.0,81.3,0.0
4354,50.727727,2.67019,82.86,109.0,81.3,0.0
4355,50.727485,2.671302,82.86,109.0,81.3,0.0
4356,50.727243,2.672414,82.86,109.0,81.4,0.0
4357,50.727001,2.673526,82.86,109.0,81.4,0.0
4358,50.726759,2.674637,82.86,109.0,81.4,0.0
4359,50.726516,2.675749,82.86,109.0,81.5,0.0
4360,50.726274,2.676861,82.86,109.0,81.5,0.0
4361,50.726032,2.677973,82.86,109.0,81.5,0.0
4362,50.72579,2.679085,82.86,109.0,81.6,0.0
4363,50.725548,2.680197,82.86,109.0,81.6,0.0
4364,50.725305,2.681309,82.86,109.0,81.6,0.0
4365,50.725063,2.682421,82.86,109.0,81.6,0.0
4366,50.724821,2.683533,82.86,109.0,81.7,0.0
4367,50.724579,2.684645,82.87,109.0,81.7,0.0
4368,50.724337,2.685756,82.87,109.0,81.7,0.0
4369,50.724094,2.686868,82.87,109.0,81.8,0.0
4370,50.723852,2.68798,82.87,109.0,81.8,0.0
4371,50.72361,2.689092,82.87,109.0,81.8,0.0
4372,50.723368,2.690204,82.87,109.0,81.9,0.0
4373,50.723126,2.691316,82.87,109.0,81.9,0.0
4374,50.722884,2.692428,82.87,109.0,81.9,0.0
4375,50.722641,2.69354,82.87,109.0,82.0,0.0
4376,50.722399,2.694652,82.87,109.0,82.0,0.0
4377,50.722157,2.695764,82.87,109.0,82.0,0.0
4378,50.721915,2.696875,82.87,109.0,82.0,0.0
4379,50.721673,2.697987,82.87,109.0,82.1,0.0
4380,50.72143,2.699099,82.87,109.0,82.1,0.0
4381,50.721188,2.700211,82.87,109.0,82.1,0.0
4382,50.720946,2.701323,82.87,109.0,82.2,0.0
4383,50.720704,2.702435,82.87,109.0,82.2,0.0
4384,50.720462,2.703547,82.87,109.0,82.2,0.0
4385,50.720219,2.704659,82.87,109.0,82.3,0.0
4386,50.719977,2.705771,82.87,109.0,82.3,0.0
4387,50.719735,2.706883,82.87,109.0,82.3,0.0
4388,50.719493,2.707995,82.87,109.0,82.3,0.0
4389,50.719251,2.709106,82.87,109.0,82.4,0.0
4390,50.719008,2.710218,82.87,109.0,82.4,0.0
4391,50.718766,2.71133,82.87,109.0,82.4,0.0
4392,50.718524,2.712442,82.87,109.0,82.5,0.0
4393,50.718282,2.713554,82.88,109.0,82.5,0.0
4394,50.71804,2.714666,82.88,109.0,82.5,0.0
4395,50.717797,2.715778,82.88,109.0,82.6,0.0
4396,50.717555,2.71689,82.88,109.0,82.6,0.0
4397,50.717313,2.718002,82.88,109.0,82.6,0.0
4398,50.717071,2.719114,82.88,109.0,82.6,0.0
4399,50.716829,2.720225,82.88,109.0,82.7,0.0
4400,50.716587,2.721337,82.88,109.0,82.7,0.0
4401,50.716344,2.722449,82.88,109.0,82.7,0.0
4402,50.716102,2.723561,82.88,109.0,82.8,0.0
4403,50.71586,2.724673,82.88,109.0,82.8,0.0
4404,50.715618,2.725785,82.88,109.0,82.8,0.0
4405,50.715376,2.726897,82.88,109.0,82.8,0.0
4406,50.715133,2.728009,82.88,109.0,82.9,0.0
4407,50.714891,2.729121,82.88,109.0,82.9,0.0
4408,50.714649,2.730233,82.88,109.0,82.9,0.0
4409,50.714407,2.731344,82.88,109.0,83.0,0.0
4410,50.714165,2.732456,82.88,109.0,83.0,0.0
4411,50.713922,2.733568,82.88,109.0,83.0,0.0
4412,50.71368,2.73468,82.88,109.0,83.1,0.0
4413,50.713438,2.735792,82.88,109.0,83.1,0.0
4414,50.713196,2.736904,82.88,109.0,83.1,0.0
4415,50.712954,2.738016,82.88,109.0,83.1,0.0
4416,50.712711,2.739128,82.88,109.0,83.2,0.0
4417,50.712469,2.74024,82.88,109.0,83.2,0.0
4418,50.712227,2.741352,82.88,109.0,83.2,0.0
4419,50.711985,2.742463,82.89,109.0,83.3,0.0
4420,50.711743,2.743575,82.89,109.0,83.3,0.0
4421,50.7115,2.744687,82.89,109.0,83.3,0.0
4422,50.711258,2.745799,82.89,109.0,83.3,0.0
4423,50.711016,2.746911,82.89,109.0,83.4,0.0
4424,50.710774,2.748023,82.89,109.0,83.4,0.0
4425,50.710532,2.749135,82.89,109.0,83.4,0.0
4426,50.71029,2.750247,82.89,109.0,83.5,0.0
4427,50.710047,2.751359,82.89,109.0,83.5,0.0
4428,50.709805,2.752471,82.89,109.0,83.5,0.0
4429,50.709563,2.753582,82.89,109.0,83.5,0.0
4430,50.709321,2.754694,82.89,109.0,83.6,0.0
4431,50.709079,2.755806,82.89,109.0,83.6,0.0
4432,50.708836,2.756918,82.89,109.0,83.6,0.0
4433,50.708594,2.75803,82.89,109.0,83.7,0.0
4434,50.708352,2.759142,82.89,109.0,83.7,0.0
4435,50.70811,2.760254,82.89,109.0,83.7,0.0
4436,50.707868,2.761366,82.89,109.0,83.7,0.0
4437,50.707625,2.762478,82.89,109.0,83.8,0.0
4438,50.707383,2.76359,82.89,109.0,83.8,0.0
4439,50.707141,2.764701,82.89,109.0,83.8,0.0
4440,50.706899,2.765813,82.89,109.0,83.9,0.0
4441,50.706657,2.766925,82.89,109.0,83.9,0.0
4442,50.706414,2.768037,82.89,109.0,83.9,0.0
4443,50.706172,2.769149,82.89,109.0,83.9,0.0
4444,50.70593,2.770261,82.89,109.0,84.0,0.0
4445,50.705688,2.771373,82.9,109.0,84.0,0.0
4446,50.705446,2.772485,82.9,109.0,84.0,0.0
4447,50.705204,2.773597,82.9,109.0,84.1,0.0
4448,50.704961,2.774709,82.9,109.0,84.1,0.0
4449,50.704719,2.77582,82.9,109.0,84.1,0.0
4450,50.704477,2.776932,82.9,109.0,84.1,0.0
4451,50.704235,2.778044,82.9,109.0,84.2,0.0
4452,50.703993,2.779156,82.9,109.0,84.2,0.0
4453,50.70375,2.780268,82.9,109.0,84.2,0.0
4454,50.703508,2.78138,82.9,109.0,84.3,0.0
4455,50.703266,2.782492,82.9,109.0,84.3,0.0
4456,50.703024,2.783604,82.9,109.0,84.3,0.0
4457,50.702782,2.784716,82.9,109.0,84.3,0.0
4458,50.702539,2.785828,82.9,109.0,84.4,0.0
4459,50.702297,2.786939,82.9,109.0,84.4,0.0
4460,50.702055,2.788051,82.9,109.0,84.4,0.0
4461,50.701813,2.789163,82.9,109.0,84.5,0.0
4462,50.701571,2.790275,82.9,109.0,84.5,0.0
4463,50.701328,2.791387,82.9,109.0,84.5,0.0
4464,50.701086,2.792499,82.9,109.0,84.5,0.0
4465,50.700844,2.793611,82.9,109.0,84.6,0.0
4466,50.700602,2.794723,82.9,109.0,84.6,0.0
4467,50.70036,2.795835,82.9,109.0,84.6,0.0
4468,50.700117,2.796947,82.9,109.0,84.6,0.0
4469,50.699875,2.798058,82.9,109.0,84.7,0.0
4470,50.699633,2.79917,82.9,109.0,84.7,0.0
4471,50.699391,2.800282,82.91,109.0,84.7,0.0
4472,50.699149,2.801394,82.91,109.0,84.8,0.0
4473,50.698907,2.802506,82.91,109.0,84.8,0.0
4474,50.698664,2.803618,82.91,109.0,84.8,0.0
4475,50.698422,2.80473,82.91,109.0,84.8,0.0
4476,50.69818,2.805842,82.91,109.0,84.9,0.0
4477,50.697938,2.806954,82.91,109.0,84.9,0.0
4478,50.697696,2.808066,82.91,109.0,84.9,0.0
4479,50.697453,2.809178,82.91,109.0,84.9,0.0
4480,50.697211,2.810289,82.91,109.0,85.0,0.0
4481,50.696969,2.811401,82.91,109.0,85.0,0.0
4482,50.696727,2.812513,82.91,109.0,85.0,0.0
4483,50.696485,2.813625,82.91,109.0,85.1,0.0
4484,50.696242,2.814737,82.91,109.0,85.1,0.0
4485,50.696,2.815849,82.91,109.0,85.1,0.0
4486,50.695758,2.816961,82.91,109.0,85.1,0.0
4487,50.695516,2.818073,82.91,109.0,85.2,0.0
4488,50.695274,2.819185,82.91,109.0,85.2,0.0
4489,50.695031,2.820297,82.91,109.0,85.2,0.0
4490,50.694789,2.821408,82.91,109.0,85.2,0.0
4491,50.694547,2.82252,82.91,109.0,85.3,0.0
4492,50.694305,2.823632,82.91,109.0,85.3,0.0
4493,50.694063,2.824744,82.91,109.0,85.3,0.0
4494,50.69382,2.825856,82.91,109.0,85.4,0.0
4495,50.693578,2.826968,82.91,109.0,85.4,0.0
4496,50.693336,2.82808,82.91,109.0,85.4,0.0
4497,50.693094,2.829192,82.92,109.0,85.4,0.0
4498,50.692852,2.830304,82.92,109.0,85.5,0.0
4499,50.69261,2.831416,82.92,109.0,85.5,0.0
4500,50.692367,2.832527,82.92,109.0,85.5,0.0
4501,50.692125,2.833639,82.92,109.0,85.5,0.0
4502,50.691883,2.834751,82.92,109.0,85.6,0.0
4503,50.691641,2.835863,82.92,109.0,85.6,0.0
4504,50.691399,2.836975,82.92,109.0,85.6,0.0
4505,50.691156,2.838087,82.92,109.0,85.6,0.0
4506,50.690914,2.839199,82.92,109.0,85.7,0.0
4507,50.690672,2.840311,82.92,109.0,85.7,0.0
4508,50.69043,2.841423,82.92,109.0,85.7,0.0
4509,50.690188,2.842535,82.92,109.0,85.8,0.0
4510,50.689945,2.843646,82.92,109.0,85.8,0.0
4511,50.689703,2.844758,82.92,109.0,85.8,0.0
4512,50.689461,2.84587,82.92,109.0,85.8,0.0
4513,50.689219,2.846982,82.92,109.0,85.9,0.0
4514,50.688977,2.848094,82.92,109.0,85.9,0.0
4515,50.688734,2.849206,82.92,109.0,85.9,0.0
4516,50.688492,2.850318,82.92,109.0,85.9,0.0
4517,50.68825,2.85143,82.92,109.0,86.0,0.0
4518,50.688008,2.852542,82.92,109.0,86.0,0.0
4519,50.687766,2.853654,82.92,109.0,86.0,0.0
4520,50.687523,2.854765,82.92,109.0,86.0,0.0
4521,50.687281,2.855877,82.92,109.0,86.1,0.0
4522,50.687039,2.856989,82.92,109.0,86.1,0.0
4523,50.686797,2.858101,82.93,109.0,86.1,0.0
4524,50.686555,2.859213,82.93,109.0,86.1,0.0
4525,50.686313,2.860325,82.93,109.0,86.2,0.0
4526,50.68607,2.861437,82.93,109.0,86.2,0.0
4527,50.685828,2.862549,82.93,109.0,86.2,0.0
4528,50.685586,2.863661,82.93,109.0,86.2,0.0
4529,50.685344,2.864773,82.93,109.0,86.3,0.0
4530,50.685102,2.865884,82.93,109.0,86.3,0.0
4531,50.684859,2.866996,82.93,109.0,86.3,0.0
4532,50.684617,2.868108,82.93,109.0,86.3,0.0
4533,50.684375,2.86922,82.93,109.0,86.4,0.0
4534,50.684133,2.870332,82.93,109.0,86.4,0.0
4535,50.683891,2.871444,82.93,109.0,86.4,0.0
4536,50.683648,2.872556,82.93,109.0,86.5,0.0
4537,50.683406,2.873668,82.93,109.0,86.5,0.0
4538,50.683164,2.87478,82.93,109.0,86.5,0.0
4539,50.682922,2.875892,82.93,109.0,86.5,0.0
4540,50.68268,2.877003,82.93,109.0,86.6,0.0
4541,50.682437,2.878115,82.93,109.0,86.6,0.0
4542,50.682195,2.879227,82.93,109.0,86.6,0.0
4543,50.681953,2.880339,82.93,109.0,86.6,0.0
4544,50.681711,2.881451,82.93,109.0,86.7,0.0
4545,50.681469,2.882563,82.93,109.0,86.7,0.0
4546,50.681227,2.883675,82.93,109.0,86.7,0.0
4547,50.680984,2.884787,82.93,109.0,86.7,0.0
4548,50.680742,2.885899,82.93,109.0,86.8,0.0
4549,50.6805,2.887011,82.94,109.0,86.8,0.0
4550,50.680258,2.888122,82.94,109.0,86.8,0.0
4551,50.680016,2.889234,82.94,109.0,86.8,0.0
4552,50.679773,2.890346,82.94,109.0,86.9,0.0
4553,50.679531,2.891458,82.94,109.0,86.9,0.0
4554,50.679289,2.89257,82.94,109.0,86.9,0.0
4555,50.679047,2.893682,82.94,109.0,86.9,0.0
4556,50.678805,2.894794,82.94,109.0,87.0,0.0
4557,50.678562,2.895906,82.94,109.0,87.0,0.0
4558,50.67832,2.897018,82.94,109.0,87.0,0.0
4559,50.678078,2.89813,82.94,109.0,87.0,0.0
4560,50.677836,2.899241,82.94,109.0,87.1,0.0
4561,50.677594,2.900353,82.94,109.0,87.1,0.0
4562,50.677351,2.901465,82.94,109.0,87.1,0.0
4563,50.677109,2.902577,82.94,109.0,87.1,0.0
4564,50.676867,2.903689,82.94,109.0,87.2,0.0
4565,50.676625,2.904801,82.94,109.0,87.2,0.0
4566,50.676383,2.905913,82.94,109.0,87.2,0.0
4567,50.67614,2.907025,82.94,109.0,87.2,0.0
4568,50.675898,2.908137,82.94,109.0,87.2,0.0
4569,50.675656,2.909249,82.94,109.0,87.3,0.0
4570,50.675414,2.910361,82.94,109.0,87.3,0.0
4571,50.675172,2.911472,82.94,109.0,87.3,0.0
4572,50.67493,2.912584,82.94,109.0,87.3,0.0
4573,50.674687,2.913696,82.94,109.0,87.4,0.0
4574,50.674445,2.914808,82.94,109.0,87.4,0.0
4575,50.674203,2.91592,82.95,109.0,87.4,0.0
4576,50.673961,2.917032,82.95,109.0,87.4,0.0
4577,50.673719,2.918144,82.95,109.0,87.5,0.0
4578,50.673476,2.919256,82.95,109.0,87.5,0.0
4579,50.673234,2.920368,82.95,109.0,87.5,0.0
4580,50.672992,2.92148,82.95,109.0,87.5,0.0
4581,50.67275,2.922591,82.95,109.0,87.6,0.0
4582,50.672508,2.923703,82.95,109.0,87.6,0.0
4583,50.672265,2.924815,82.95,109.0,87.6,0.0
4584,50.672023,2.925927,82.95,109.0,87.6,0.0
4585,50.671781,2.927039,82.95,109.0,87.7,0.0
4586,50.671539,2.928151,82.95,109.0,87.7,0.0
4587,50.671297,2.929263,82.95,109.0,87.7,0.0
4588,50.671054,2.930375,82.95,109.0,87.7,0.0
4589,50.670812,2.931487,82.95,109.0,87.8,0.0
4590,50.67057,2.932599,82.95,109.0,87.8,0.0
4591,50.670328,2.93371,82.95,109.0,87.8,0.0
4592,50.670086,2.934822,82.95,109.0,87.8,0.0
4593,50.669843,2.935934,82.95,109.0,87.8,0.0
4594,50.669601,2.937046,82.95,109.0,87.9,0.0
4595,50.669359,2.938158,82.95,109.0,87.9,0.0
4596,50.669117,2.93927,82.95,109.0,87.9,0.0
4597,50.668875,2.940382,82.95,109.0,87.9,0.0
4598,50.668633,2.941494,82.95,109.0,88.0,0.0
4599,50.66839,2.942606,82.95,109.0,88.0,0.0
4600,50.668148,2.943718,82.95,109.0,88.0,0.0
4601,50.667906,2.944829,82.95,109.0,88.0,0.0
4602,50.667664,2.945941,82.96,109.0,88.1,0.0
4603,50.667422,2.947053,82.96,109.0,88.1,0.0
4604,50.667179,2.948165,82.96,109.0,88.1,0.0
4605,50.666937,2.949277,82.96,109.0,88.1,0.0
4606,50.666695,2.950389,82.96,109.0,88.2,0.0
4607,50.666453,2.951501,82.96,109.0,88.2,0.0
4608,50.666211,2.952613,82.96,109.0,88.2,0.0
4609,50.665968,2.953725,82.96,109.0,88.2,0.0
4610,50.665726,2.954837,82.96,109.0,88.2,0.0
4611,50.665484,2.955948,82.96,109.0,88.3,0.0
4612,50.665242,2.95706,82.96,109.0,88.3,0.0
4613,50.665,2.958172,82.96,109.0,88.3,0.0
4614,50.664757,2.959284,82.96,109.0,88.3,0.0
4615,50.664515,2.960396,82.96,109.0,88.4,0.0
4616,50.664273,2.961508,82.96,109.0,88.4,0.0
4617,50.664031,2.96262,82.96,109.0,88.4,0.0
4618,50.663789,2.963732,82.96,109.0,88.4,0.0
4619,50.663546,2.964844,82.96,109.0,88.4,0.0
4620,50.663304,2.965956,82.96,109.0,88.5,0.0
4621,50.663062,2.967067,82.96,109.0,88.5,0.0
4622,50.66282,2.968179,82.96,109.0,88.5,0.0
4623,50.662578,2.969291,82.96,109.0,88.5,0.0
4624,50.662336,2.970403,82.96,109.0,88.6,0.0
4625,50.662093,2.971515,82.96,109.0,88.6,0.0
4626,50.661851,2.972627,82.96,109.0,88.6,0.0
4627,50.661609,2.973739,82.96,109.0,88.6,0.0
4628,50.661367,2.974851,82.97,109.0,88.7,0.0
4629,50.661125,2.975963,82.97,109.0,88.7,0.0
4630,50.660882,2.977075,82.97,109.0,88.7,0.0
4631,50.66064,2.978186,82.97,109.0,88.7,0.0
4632,50.660398,2.979298,82.97,109.0,88.7,0.0
4633,50.660156,2.98041,82.97,109.0,88.8,0.0
4634,50.659914,2.981522,82.97,109.0,88.8,0.0
4635,50.659671,2.982634,82.97,109.0,88.8,0.0
4636,50.659429,2.983746,82.97,109.0,88.8,0.0
4637,50.659187,2.984858,82.97,109.0,88.9,0.0
4638,50.658945,2.98597,82.97,109.0,88.9,0.0
4639,50.658703,2.987082,82.97,109.0,88.9,0.0
4640,50.65846,2.988194,82.97,109.0,88.9,0.0
4641,50.658218,2.989305,82.97,109.0,88.9,0.0
4642,50.657976,2.990417,82.97,109.0,89.0,0.0
4643,50.657734,2.991529,82.97,109.0,89.0,0.0
4644,50.657492,2.992641,82.97,109.0,89.0,0.0
4645,50.65725,2.993753,82.97,109.0,89.0,0.0
4646,50.657007,2.994865,82.97,109.0,89.0,0.0
4647,50.656765,2.995977,82.97,109.0,89.1,0.0
4648,50.656523,2.997089,82.97,109.0,89.1,0.0
4649,50.656281,2.998201,82.97,109.0,89.1,0.0
4650,50.656039,2.999313,82.97,109.0,89.1,0.0
4651,50.655796,3.000424,82.97,109.0,89.2,0.0
4652,50.655554,3.001536,82.97,109.0,89.2,0.0
4653,50.655312,3.002648,82.97,109.0,89.2,0.0
4654,50.65507,3.00376,82.98,109.0,89.2,0.0
4655,50.654828,3.004872,82.98,109.0,89.2,0.0
4656,50.654585,3.005984,82.98,109.0,89.3,0.0
4657,50.654343,3.007096,82.98,109.0,89.3,0.0
4658,50.654101,3.008208,82.98,109.0,89.3,0.0
4659,50.653859,3.00932,82.98,109.0,89.3,0.0
4660,50.653617,3.010432,82.98,109.0,89.3,0.0
4661,50.653374,3.011544,82.98,109.0,89.4,0.0
4662,50.653132,3.012655,82.98,109.0,89.4,0.0
4663,50.65289,3.013767,82.98,109.0,89.4,0.0
4664,50.652648,3.014879,82.98,109.0,89.4,0.0
4665,50.652406,3.015991,82.98,109.0,89.5,0.0
4666,50.652163,3.017103,82.98,109.0,89.5,0.0
4667,50.651921,3.018215,82.98,109.0,89.5,0.0
4668,50.651679,3.019327,82.98,109.0,89.5,0.0
4669,50.651437,3.020439,82.98,109.0,89.5,0.0
4670,50.651195,3.021551,82.98,109.0,89.6,0.0
4671,50.650953,3.022663,82.98,109.0,89.6,0.0
4672,50.65071,3.023774,82.98,109.0,89.6,0.0
4673,50.650468,3.024886,82.98,109.0,89.6,0.0
4674,50.650226,3.025998,82.98,109.0,89.6,0.0
4675,50.649984,3.02711,82.98,109.0,89.7,0.0
4676,50.649742,3.028222,82.98,109.0,89.7,0.0
4677,50.649499,3.029334,82.98,109.0,89.7,0.0
4678,50.649257,3.030446,82.98,109.0,89.7,0.0
4679,50.649015,3.031558,82.98,109.0,89.7,0.0
4680,50.648773,3.03267,82.99,109.0,89.8,0.0
4681,50.648531,3.033782,82.99,109.0,89.8,0.0
4682,50.648288,3.034893,82.99,109.0,89.8,0.0
4683,50.648046,3.036005,82.99,109.0,89.8,0.0
4684,50.647804,3.037117,82.99,109.0,89.8,0.0
4685,50.647562,3.038229,82.99,109.0,89.9,0.0
4686,50.64732,3.039341,82.99,109.0,89.9,0.0
4687,50.647077,3.040453,82.99,109.0,89.9,0.0
4688,50.646835,3.041565,82.99,109.0,89.9,0.0
4689,50.646593,3.042677,82.99,109.0,89.9,0.0
4690,50.646351,3.043789,82.99,109.0,90.0,0.0
4691,50.646109,3.044901,82.99,109.0,90.0,0.0
4692,50.645866,3.046012,82.99,109.0,90.0,0.0
4693,50.645624,3.047124,82.99,109.0,90.0,0.0
4694,50.645382,3.048236,82.99,109.0,90.0,0.0
4695,50.64514,3.049348,82.99,109.0,90.1,0.0
4696,50.644898,3.05046,82.99,109.0,90.1,0.0
4697,50.644656,3.051572,82.99,109.0,90.1,0.0
4698,50.644413,3.052684,82.99,109.0,90.1,0.0
4699,50.644171,3.053796,82.99,109.0,90.1,0.0
4700,50.643929,3.054908,82.99,109.0,90.2,0.0
4701,50.643687,3.05602,82.99,109.0,90.2,0.0
4702,50.643445,3.057131,82.99,109.0,90.2,0.0
4703,50.643202,3.058243,82.99,109.0,90.2,0.0
4704,50.64296,3.059355,82.99,109.0,90.2,0.0
4705,50.642718,3.060467,82.99,109.0,90.3,0.0
4706,50.642476,3.061579,83.0,109.0,90.3,0.0
4707,50.642234,3.062691,83.0,109.0,90.3,0.0
4708,50.641991,3.063803,83.0,109.0,90.3,0.0
4709,50.641749,3.064915,83.0,109.0,90.3,0.0
4710,50.641507,3.066027,83.0,109.0,90.4,0.0
4711,50.641265,3.067139,83.0,109.0,90.4,0.0
4712,50.641023,3.06825,83.0,109.0,90.4,0.0
4713,50.64078,3.069362,83.0,109.0,90.4,0.0
4714,50.640538,3.070474,83.0,109.0,90.4,0.0
4715,50.640296,3.071586,83.0,109.0,90.5,0.0
4716,50.640054,3.072698,83.0,109.0,90.5,0.0
4717,50.639812,3.07381,83.0,109.0,90.5,0.0
4718,50.639569,3.074922,83.0,109.0,90.5,0.0
4719,50.639181,3.075632,66.23,130.8,90.5,0.0
4720,50.63845,3.075404,82.95,191.2,90.6,0.0
4721,50.637718,3.075177,82.95,191.2,90.6,0.0
4722,50.636987,3.074949,82.95,191.2,90.6,0.0
4723,50.636256,3.074722,82.95,191.2,90.6,0.0
4724,50.635525,3.074494,82.95,191.2,90.6,0.0
4725,50.634794,3.074267,82.95,191.2,90.6,0.0
4726,50.634063,3.074039,82.95,191.2,90.7,0.0
4727,50.633332,3.073812,82.95,191.2,90.7,0.0
4728,50.632601,3.073584,82.95,191.2,90.7,0.0
4729,50.63187,3.073357,82.95,191.2,90.7,0.0
4730,50.631139,3.073129,82.95,191.2,90.7,0.0
4731,50.630408,3.072902,82.95,191.2,90.8,0.0
4732,50.629677,3.072674,82.95,191.2,90.8,0.0
4733,50.628946,3.072447,82.95,191.2,90.8,0.0
4734,50.628215,3.072219,82.95,191.2,90.8,0.0
4735,50.627484,3.071992,82.95,191.2,90.8,0.0
4736,50.626753,3.071764,82.95,191.2,90.9,0.0
4737,50.626022,3.071537,82.95,191.2,90.9,0.0
4738,50.625291,3.07131,82.95,191.2,90.9,0.0
4739,50.62456,3.071082,82.95,191.2,90.9,0.0
4740,50.623829,3.070855,82.95,191.2,90.9,0.0
4741,50.623098,3.070627,82.95,191.2,90.9,0.0
4742,50.622367,3.0704,82.95,191.2,91.0,0.0
4743,50.621636,3.070172,82.95,191.2,91.0,0.0
4744,50.620905,3.069945,82.95,191.2,91.0,0.0
4745,50.620174,3.069717,82.95,191.2,91.0,0.0
4746,50.619443,3.06949,82.95,191.2,91.0,0.0
4747,50.618712,3.069262,82.95,191.2,91.1,0.0
4748,50.617981,3.069035,82.95,191.2,91.1,0.0
4749,50.61725,3.068807,82.95,191.2,91.1,0.0
4750,50.616519,3.06858,82.95,191.2,91.1,0.0
4751,50.615788,3.068352,82.95,191.2,91.1,0.0
4752,50.615056,3.068125,82.95,191.2,91.1,0.0
4753,50.614325,3.067897,82.95,191.2,91.2,0.0
4754,50.613594,3.06767,82.95,191.2,91.2,0.0
4755,50.612863,3.067442,82.95,191.2,91.2,0.0
4756,50.612132,3.067215,82.95,191.2,91.2,0.0
4757,50.611401,3.066987,82.95,191.2,91.2,0.0
4758,50.61067,3.06676,82.95,191.2,91.2,0.0
4759,50.609939,3.066532,82.95,191.2,91.3,0.0
4760,50.609208,3.066305,82.95,191.2,91.3,0.0
4761,50.608477,3.066077,82.95,191.2,91.3,0.0
4762,50.607746,3.06585,82.95,191.2,91.3,0.0
4763,50.607015,3.065622,82.95,191.2,91.3,0.0
4764,50.606284,3.065395,82.95,191.2,91.4,0.0
4765,50.605553,3.065167,82.95,191.2,91.4,0.0
4766,50.604822,3.06494,82.95,191.2,91.4,0.0
4767,50.604091,3.064712,82.95,191.2,91.4,0.0
4768,50.60336,3.064485,82.95,191.2,91.4,0.0
4769,50.602629,3.064258,82.95,191.2,91.4,0.0
4770,50.601898,3.06403,82.95,191.2,91.5,0.0
4771,50.601167,3.063803,82.95,191.2,91.5,0.0
4772,50.600436,3.063575,82.95,191.2,91.5,0.0
4773,50.599705,3.063348,82.95,191.2,91.5,0.0
4774,50.598974,3.06312,82.95,191.2,91.5,0.0
4775,50.598243,3.062893,82.95,191.2,91.5,0.0
4776,50.597512,3.062665,82.95,191.2,91.6,0.0
4777,50.596781,3.062438,82.95,191.2,91.6,0.0
4778,50.59605,3.06221,82.95,191.2,91.6,0.0
4779,50.595319,3.061983,82.95,191.2,91.6,0.0
4780,50.594588,3.061755,82.95,191.2,91.6,0.0
4781,50.593857,3.061528,82.95,191.2,91.6,0.0
4782,50.593126,3.0613,82.95,191.2,91.7,0.0
4783,50.592395,3.061073,82.95,191.2,91.7,0.0
4784,50.591663,3.060845,82.95,191.2,91.7,0.0
4785,50.590932,3.060618,82.95,191.2,91.7,0.0
4786,50.590201,3.06039,82.95,191.2,91.7,0.0
4787,50.58947,3.060163,82.95,191.2,91.7,0.0
4788,50.588739,3.059935,82.95,191.2,91.8,0.0
4789,50.588008,3.059708,82.95,191.2,91.8,0.0
4790,50.587277,3.05948,82.95,191.2,91.8,0.0
4791,50.586546,3.059253,82.95,191.2,91.8,0.0
4792,50.585815,3.059025,82.95,191.2,91.8,0.0
4793,50.585084,3.058798,82.95,191.2,91.8,0.0
4794,50.584353,3.05857,82.95,191.2,91.9,0.0
4795,50.583622,3.058343,82.95,191.2,91.9,0.0
4796,50.582891,3.058115,82.95,191.2,91.9,0.0
4797,50.58216,3.057888,82.95,191.2,91.9,0.0
4798,50.581429,3.05766,82.95,191.2,91.9,0.0
4799,50.580698,3.057433,82.95,191.2,91.9,0.0
4800,50.579967,3.057205,82.95,191.2,91.9,0.0
4801,50.579236,3.056978,82.95,191.2,92.0,0.0
4802,50.578505,3.056751,82.95,191.2,92.0,0.0
4803,50.577774,3.056523,82.95,191.2,92.0,0.0
4804,50.577043,3.056296,82.95,191.2,92.0,0.0
4805,50.576312,3.056068,82.95,191.2,92.0,0.0
4806,50.575581,3.055841,82.95,191.2,92.0,0.0
4807,50.57485,3.055613,82.95,191.2,92.1,0.0
4808,50.574119,3.055386,82.95,191.2,92.1,0.0
4809,50.573388,3.055158,82.95,191.2,92.1,0.0
4810,50.572657,3.054931,82.95,191.2,92.1,0.0
4811,50.571926,3.054703,82.95,191.2,92.1,0.0
4812,50.571195,3.054476,82.95,191.2,92.1,0.0
4813,50.570464,3.054248,82.95,191.2,92.2,0.0
4814,50.569733,3.054021,82.95,191.2,92.2,0.0
4815,50.569001,3.053793,82.95,191.2,92.2,0.0
4816,50.56827,3.053566,82.95,191.2,92.2,0.0
4817,50.567539,3.053338,82.95,191.2,92.2,0.0
4818,50.566808,3.053111,82.95,191.2,92.2,0.0
4819,50.566077,3.052883,82.95,191.2,92.2,0.0
4820,50.565346,3.052656,82.95,191.2,92.3,0.0
4821,50.564615,3.052428,82.95,191.2,92.3,0.0
4822,50.563884,3.052201,82.95,191.2,92.3,0.0
4823,50.563153,3.051973,82.95,191.2,92.3,0.0
4824,50.562422,3.051746,82.95,191.2,92.3,0.0
4825,50.561691,3.051518,82.95,191.2,92.3,0.0
4826,50.56096,3.051291,82.95,191.2,92.3,0.0
4827,50.560229,3.051063,82.95,191.2,92.4,0.0
4828,50.559498,3.050836,82.95,191.2,92.4,0.0
4829,50.558767,3.050608,82.95,191.2,92.4,0.0
4830,50.558036,3.050381,82.95,191.2,92.4,0.0
4831,50.557305,3.050153,82.95,191.2,92.4,0.0
4832,50.556574,3.049926,82.95,191.2,92.4,0.0
4833,50.555843,3.049699,82.95,191.2,92.5,0.0
4834,50.555112,3.049471,82.95,191.2,92.5,0.0
4835,50.554381,3.049244,82.95,191.2,92.5,0.0
4836,50.55365,3.049016,82.95,191.2,92.5,0.0
4837,50.552919,3.048789,82.95,191.2,92.5,0.0
4838,50.552188,3.048561,82.95,191.2,92.5,0.0
4839,50.551457,3.048334,82.95,191.2,92.5,0.0
4840,50.550726,3.048106,82.95,191.2,92.6,0.0
4841,50.549995,3.047879,82.95,191.2,92.6,0.0
4842,50.549264,3.047651,82.95,191.2,92.6,0.0
4843,50.548533,3.047424,82.95,191.2,92.6,0.0
4844,50.547802,3.047196,82.95,191.2,92.6,0.0
4845,50.547071,3.046969,82.95,191.2,92.6,0.0
4846,50.546339,3.046741,82.95,191.2,92.6,0.0
4847,50.545608,3.046514,82.95,191.2,92.7,0.0
4848,50.544877,3.046286,82.95,191.2,92.7,0.0
4849,50.544146,3.046059,82.95,191.2,92.7,0.0
4850,50.543415,3.045831,82.95,191.2,92.7,0.0
4851,50.542684,3.045604,82.95,191.2,92.7,0.0
4852,50.541953,3.045376,82.95,191.2,92.7,0.0
4853,50.541222,3.045149,82.95,191.2,92.7,0.0
4854,50.540491,3.044921,82.95,191.2,92.7,0.0
4855,50.53976,3.044694,82.95,191.2,92.8,0.0
4856,50.539029,3.044466,82.95,191.2,92.8,0.0
4857,50.538298,3.044239,82.95,191.2,92.8,0.0
4858,50.537567,3.044011,82.95,191.2,92.8,0.0
4859,50.536836,3.043784,82.95,191.2,92.8,0.0
4860,50.536105,3.043556,82.95,191.2,92.8,0.0
4861,50.535374,3.043329,82.95,191.2,92.8,0.0
4862,50.534643,3.043101,82.96,191.2,92.9,0.0
4863,50.533912,3.042874,82.96,191.2,92.9,0.0
4864,50.533181,3.042647,82.96,191.2,92.9,0.0
4865,50.53245,3.042419,82.96,191.2,92.9,0.0
4866,50.531719,3.042192,82.96,191.2,92.9,0.0
4867,50.530988,3.041964,82.96,191.2,92.9,0.0
4868,50.530257,3.041737,82.96,191.2,92.9,0.0
4869,50.529526,3.041509,82.96,191.2,92.9,0.0
4870,50.528795,3.041282,82.96,191.2,93.0,0.0
4871,50.528064,3.041054,82.96,191.2,93.0,0.0
4872,50.527333,3.040827,82.96,191.2,93.0,0.0
4873,50.526602,3.040599,82.96,191.2,93.0,0.0
4874,50.525871,3.040372,82.96,191.2,93.0,0.0
4875,50.52514,3.040144,82.96,191.2,93.0,0.0
4876,50.524409,3.039917,82.96,191.2,93.0,0.0
4877,50.523677,3.039689,82.96,191.2,93.1,0.0
4878,50.522946,3.039462,82.96,191.2,93.1,0.0
4879,50.522215,3.039234,82.96,191.2,93.1,0.0
4880,50.521484,3.039007,82.96,191.2,93.1,0.0
4881,50.520753,3.038779,82.96,191.2,93.1,0.0
4882,50.520022,3.038552,82.96,191.2,93.1,0.0
4883,50.519291,3.038324,82.96,191.2,93.1,0.0
4884,50.51856,3.038097,82.96,191.2,93.1,0.0
4885,50.517829,3.037869,82.96,191.2,93.2,0.0
4886,50.517098,3.037642,82.96,191.2,93.2,0.0
4887,50.516367,3.037414,82.96,191.2,93.2,0.0
4888,50.515636,3.037187,82.96,191.2,93.2,0.0
4889,50.514905,3.036959,82.96,191.2,93.2,0.0
4890,50.514174,3.036732,82.96,191.2,93.2,0.0
4891,50.513443,3.036504,82.96,191.2,93.2,0.0
4892,50.512712,3.036277,82.96,191.2,93.2,0.0
4893,50.511981,3.036049,82.96,191.2,93.3,0.0
4894,50.51125,3.035822,82.96,191.2,93.3,0.0
4895,50.510519,3.035595,82.96,191.2,93.3,0.0
4896,50.509788,3.035367,82.96,191.2,93.3,0.0
4897,50.509057,3.03514,82.96,191.2,93.3,0.0
4898,50.508326,3.034912,82.96,191.2,93.3,0.0
4899,50.507595,3.034685,82.96,191.2,93.3,0.0
4900,50.506864,3.034457,82.96,191.2,93.3,0.0
4901,50.506133,3.03423,82.96,191.2,93.3,0.0
4902,50.505402,3.034002,82.96,191.2,93.4,0.0
4903,50.504671,3.033775,82.96,191.2,93.4,0.0
4904,50.50394,3.033547,82.96,191.2,93.4,0.0
4905,50.503209,3.03332,82.96,191.2,93.4,0.0
4906,50.502478,3.033092,82.96,191.2,93.4,0.0
4907,50.501747,3.032865,82.96,191.2,93.4,0.0
4908,50.501015,3.032637,82.96,191.2,93.4,0.0
4909,50.500284,3.03241,82.96,191.2,93.4,0.0
4910,50.499553,3.032182,82.96,191.2,93.5,0.0
4911,50.498822,3.031955,82.96,191.2,93.5,0.0
4912,50.498091,3.031727,82.96,191.2,93.5,0.0
4913,50.49736,3.0315,82.96,191.2,93.5,0.0
4914,50.496629,3.031272,82.96,191.2,93.5,0.0
4915,50.495898,3.031045,82.96,191.2,93.5,0.0
4916,50.495167,3.030817,82.96,191.2,93.5,0.0
4917,50.494436,3.03059,82.96,191.2,93.5,0.0
4918,50.493705,3.030362,82.96,191.2,93.5,0.0
4919,50.492974,3.030135,82.96,191.2,93.6,0.0
4920,50.492243,3.029907,82.96,191.2,93.6,0.0
4921,50.491512,3.02968,82.96,191.2,93.6,0.0
4922,50.490781,3.029452,82.96,191.2,93.6,0.0
4923,50.49005,3.029225,82.96,191.2,93.6,0.0
4924,50.489319,3.028997,82.96,191.2,93.6,0.0
4925,50.488588,3.02877,82.96,191.2,93.6,0.0
4926,50.487857,3.028543,82.96,191.2,93.6,0.0
4927,50.487126,3.028315,82.96,191.2,93.6,0.0
4928,50.486395,3.028088,82.96,191.2,93.7,0.0
4929,50.485664,3.02786,82.96,191.2,93.7,0.0
4930,50.484933,3.027633,82.96,191.2,93.7,0.0
4931,50.484202,3.027405,82.96,191.2,93.7,0.0
4932,50.483471,3.027178,82.96,191.2,93.7,0.0
4933,50.48274,3.02695,82.96,191.2,93.7,0.0
4934,50.482009,3.026723,82.96,191.2,93.7,0.0
4935,50.481278,3.026495,82.96,191.2,93.7,0.0
4936,50.480547,3.026268,82.96,191.2,93.7,0.0
4937,50.479816,3.02604,82.96,191.2,93.7,0.0
4938,50.479085,3.025813,82.96,191.2,93.8,0.0
4939,50.478353,3.025585,82.96,191.2,93.8,0.0
4940,50.477622,3.025358,82.96,191.2,93.8,0.0
4941,50.476891,3.02513,82.96,191.2,93.8,0.0
4942,50.47616,3.024903,82.96,191.2,93.8,0.0
4943,50.475429,3.024675,82.96,191.2,93.8,0.0
4944,50.474698,3.024448,82.96,191.2,93.8,0.0
4945,50.473967,3.02422,82.96,191.2,93.8,0.0
4946,50.473236,3.023993,82.96,191.2,93.8,0.0
4947,50.472505,3.023765,82.96,191.2,93.8,0.0
4948,50.471774,3.023538,82.96,191.2,93.9,0.0
4949,50.471043,3.02331,82.96,191.2,93.9,0.0
4950,50.470312,3.023083,82.96,191.2,93.9,0.0
4951,50.469581,3.022855,82.96,191.2,93.9,0.0
4952,50.46885,3.022628,82.96,191.2,93.9,0.0
4953,50.468119,3.0224,82.96,191.2,93.9,0.0
4954,50.467388,3.022173,82.96,191.2,93.9,0.0
4955,50.466657,3.021945,82.96,191.2,93.9,0.0
4956,50.465926,3.021718,82.96,191.2,93.9,0.0
4957,50.465195,3.02149,82.96,191.2,93.9,0.0
4958,50.464464,3.021263,82.96,191.2,94.0,0.0
4959,50.463733,3.021036,82.96,191.2,94.0,0.0
4960,50.463002,3.020808,82.96,191.2,94.0,0.0
4961,50.462271,3.020581,82.96,191.2,94.0,0.0
4962,50.46154,3.020353,82.96,191.2,94.0,0.0
4963,50.460809,3.020126,82.96,191.2,94.0,0.0
4964,50.460078,3.019898,82.96,191.2,94.0,0.0
4965,50.459347,3.019671,82.96,191.2,94.0,0.0
4966,50.458616,3.019443,82.96,191.2,94.0,0.0
4967,50.457885,3.019216,82.96,191.2,94.0,0.0
4968,50.457154,3.018988,82.96,191.2,94.0,0.0
4969,50.456423,3.018761,82.96,191.2,94.1,0.0
4970,50.455691,3.018533,82.96,191.2,94.1,0.0
4971,50.45496,3.018306,82.96,191.2,94.1,0.0
4972,50.454229,3.018078,82.96,191.2,94.1,0.0
4973,50.453498,3.017851,82.96,191.2,94.1,0.0
4974,50.452767,3.017623,82.96,191.2,94.1,0.0
4975,50.452036,3.017396,82.96,191.2,94.1,0.0
4976,50.451305,3.017168,82.96,191.2,94.1,0.0
4977,50.450574,3.016941,82.96,191.2,94.1,0.0
4978,50.449843,3.016713,82.96,191.2,94.1,0.0
4979,50.449112,3.016486,82.96,191.2,94.1,0.0
4980,50.448381,3.016258,82.96,191.2,94.2,0.0
4981,50.44765,3.016031,82.96,191.2,94.2,0.0
4982,50.446919,3.015803,82.96,191.2,94.2,0.0
4983,50.446188,3.015576,82.96,191.2,94.2,0.0
4984,50.445457,3.015348,82.96,191.2,94.2,0.0
4985,50.444726,3.015121,82.96,191.2,94.2,0.0
4986,50.443995,3.014893,82.96,191.2,94.2,0.0
4987,50.443264,3.014666,82.96,191.2,94.2,0.0
4988,50.442533,3.014438,82.96,191.2,94.2,0.0
4989,50.441802,3.014211,82.96,191.2,94.2,0.0
4990,50.441071,3.013984,82.96,191.2,94.2,0.0
4991,50.44034,3.013756,82.96,191.2,94.2,0.0
4992,50.439609,3.013529,82.96,191.2,94.3,0.0
4993,50.438878,3.013301,82.96,191.2,94.3,0.0
4994,50.438147,3.013074,82.96,191.2,94.3,0.0
4995,50.437416,3.012846,82.96,191.2,94.3,0.0
4996,50.436685,3.012619,82.96,191.2,94.3,0.0
4997,50.435954,3.012391,82.96,191.2,94.3,0.0
4998,50.435223,3.012164,82.96,191.2,94.3,0.0
4999,50.434492,3.011936,82.96,191.2,94.3,0.0
5000,50.433761,3.011709,82.96,191.2,94.3,0.0
5001,50.433029,3.011481,82.96,191.2,94.3,0.0
5002,50.432298,3.011254,82.96,191.2,94.3,0.0
5003,50.431567,3.011026,82.96,191.2,94.3,0.0
5004,50.430836,3.010799,82.96,191.2,94.3,0.0
5005,50.430105,3.010571,82.96,191.2,94.4,0.0
5006,50.429374,3.010344,82.96,191.2,94.4,0.0
5007,50.428643,3.010116,82.96,191.2,94.4,0.0
5008,50.427912,3.009889,82.96,191.2,94.4,0.0
5009,50.427181,3.009661,82.96,191.2,94.4,0.0
5010,50.42645,3.009434,82.96,191.2,94.4,0.0
5011,50.425719,3.009206,82.96,191.2,94.4,0.0
5012,50.424988,3.008979,82.96,191.2,94.4,0.0
5013,50.424257,3.008751,82.96,191.2,94.4,0.0
5014,50.423526,3.008524,82.96,191.2,94.4,0.0
5015,50.422795,3.008296,82.96,191.2,94.4,0.0
5016,50.422064,3.008069,82.96,191.2,94.4,0.0
5017,50.421333,3.007841,82.96,191.2,94.4,0.0
5018,50.420602,3.007614,82.96,191.2,94.4,0.0
5019,50.419871,3.007386,82.96,191.2,94.5,0.0
5020,50.41914,3.007159,82.96,191.2,94.5,0.0
5021,50.418409,3.006932,82.96,191.2,94.5,0.0
5022,50.417678,3.006704,82.96,191.2,94.5,0.0
5023,50.416947,3.006477,82.96,191.2,94.5,0.0
5024,50.416216,3.006249,82.96,191.2,94.5,0.0
5025,50.415485,3.006022,82.96,191.2,94.5,0.0
5026,50.414754,3.005794,82.96,191.2,94.5,0.0
5027,50.414023,3.005567,82.96,191.2,94.5,0.0
5028,50.413292,3.005339,82.96,191.2,94.5,0.0
5029,50.412561,3.005112,82.96,191.2,94.5,0.0
5030,50.41183,3.004884,82.96,191.2,94.5,0.0
5031,50.411099,3.004657,82.96,191.2,94.5,0.0
5032,50.410367,3.004429,82.96,191.2,94.5,0.0
5033,50.409636,3.004202,82.96,191.2,94.5,0.0
5034,50.408905,3.003974,82.96,191.2,94.5,0.0
5035,50.408174,3.003747,82.96,191.2,94.6,0.0
5036,50.407443,3.003519,82.96,191.2,94.6,0.0
5037,50.406712,3.003292,82.96,191.2,94.6,0.0
5038,50.405981,3.003064,82.96,191.2,94.6,0.0
5039,50.40525,3.002837,82.96,191.2,94.6,0.0
5040,50.404519,3.002609,82.96,191.2,94.6,0.0
5041,50.403788,3.002382,82.96,191.2,94.6,0.0
5042,50.403057,3.002154,82.96,191.2,94.6,0.0
5043,50.402326,3.001927,82.96,191.2,94.6,0.0
5044,50.401595,3.001699,82.96,191.2,94.6,0.0
5045,50.400864,3.001472,82.96,191.2,94.6,0.0
5046,50.400133,3.001244,82.96,191.2,94.6,0.0
5047,50.399402,3.001017,82.96,191.2,94.6,0.0
5048,50.398671,3.000789,82.96,191.2,94.6,0.0
5049,50.39794,3.000562,82.96,191.2,94.6,0.0
5050,50.397209,3.000334,82.96,191.2,94.6,0.0
5051,50.396478,3.000107,82.96,191.2,94.6,0.0
5052,50.395747,2.99988,82.96,191.2,94.7,0.0
5053,50.395016,2.999652,82.96,191.2,94.7,0.0
5054,50.394285,2.999425,82.96,191.2,94.7,0.0
5055,50.393554,2.999197,82.96,191.2,94.7,0.0
5056,50.392823,2.99897,82.96,191.2,94.7,0.0
5057,50.392092,2.998742,82.96,191.2,94.7,0.0
5058,50.391361,2.998515,82.96,191.2,94.7,0.0
5059,50.39063,2.998287,82.96,191.2,94.7,0.0
5060,50.389899,2.99806,82.96,191.2,94.7,0.0
5061,50.389168,2.997832,82.96,191.2,94.7,0.0
5062,50.388437,2.997605,82.96,191.2,94.7,0.0
5063,50.387706,2.997377,82.96,191.2,94.7,0.0
5064,50.386974,2.99715,82.96,191.2,94.7,0.0
5065,50.386243,2.996922,82.96,191.2,94.7,0.0
5066,50.385512,2.996695,82.96,191.2,94.7,0.0
5067,50.384781,2.996467,82.96,191.2,94.7,0.0
5068,50.38405,2.99624,82.97,191.2,94.7,0.0
5069,50.383319,2.996012,82.97,191.2,94.7,0.0
5070,50.382588,2.995785,82.97,191.2,94.7,0.0
5071,50.381857,2.995557,82.97,191.2,94.8,0.0
5072,50.381126,2.99533,82.97,191.2,94.8,0.0
5073,50.380395,2.995102,82.97,191.2,94.8,0.0
5074,50.379664,2.994875,82.97,191.2,94.8,0.0
5075,50.378933,2.994647,82.97,191.2,94.8,0.0
5076,50.378202,2.99442,82.97,191.2,94.8,0.0
5077,50.377471,2.994192,82.97,191.2,94.8,0.0
5078,50.37674,2.993965,82.97,191.2,94.8,0.0
5079,50.376009,2.993737,82.97,191.2,94.8,0.0
5080,50.375278,2.99351,82.97,191.2,94.8,0.0
5081,50.374547,2.993282,82.97,191.2,94.8,0.0
5082,50.373816,2.993055,82.97,191.2,94.8,0.0
5083,50.373085,2.992827,82.97,191.2,94.8,0.0
5084,50.372354,2.9926,82.97,191.2,94.8,0.0
5085,50.371623,2.992373,82.97,191.2,94.8,0.0
5086,50.370892,2.992145,82.97,191.2,94.8,0.0
5087,50.370161,2.991918,82.97,191.2,94.8,0.0
5088,50.36943,2.99169,82.97,191.2,94.8,0.0
5089,50.368699,2.991463,82.97,191.2,94.8,0.0
5090,50.367968,2.991235,82.97,191.2,94.8,0.0
5091,50.367237,2.991008,82.97,191.2,94.8,0.0
5092,50.366506,2.99078,82.97,191.2,94.8,0.0
5093,50.365775,2.990553,82.97,191.2,94.8,0.0
5094,50.365044,2.990325,82.97,191.2,94.8,0.0
5095,50.364312,2.990098,82.97,191.2,94.8,0.0
5096,50.363581,2.98987,82.97,191.2,94.9,0.0
5097,50.36285,2.989643,82.97,191.2,94.9,0.0
5098,50.362119,2.989415,82.97,191.2,94.9,0.0
5099,50.361388,2.989188,82.97,191.2,94.9,0.0
5100,50.360657,2.98896,82.97,191.2,94.9,0.0
5101,50.359926,2.988733,82.97,191.2,94.9,0.0
5102,50.359195,2.988505,82.97,191.2,94.9,0.0
5103,50.358464,2.988278,82.97,191.2,94.9,0.0
5104,50.357733,2.98805,82.97,191.2,94.9,0.0
5105,50.357002,2.987823,82.97,191.2,94.9,0.0
5106,50.356271,2.987595,82.97,191.2,94.9,0.0
5107,50.35554,2.987368,82.97,191.2,94.9,0.0
5108,50.354809,2.98714,82.97,191.2,94.9,0.0
5109,50.354078,2.986913,82.97,191.2,94.9,0.0
5110,50.353347,2.986685,82.97,191.2,94.9,0.0
5111,50.352616,2.986458,82.97,191.2,94.9,0.0
5112,50.351885,2.98623,82.97,191.2,94.9,0.0
5113,50.351154,2.986003,82.97,191.2,94.9,0.0
5114,50.350423,2.985775,82.97,191.2,94.9,0.0
5115,50.349692,2.985548,82.97,191.2,94.9,0.0
5116,50.348961,2.985321,82.97,191.2,94.9,0.0
5117,50.34823,2.985093,82.97,191.2,94.9,0.0
5118,50.347499,2.984866,82.97,191.2,94.9,0.0
5119,50.346768,2.984638,82.97,191.2,94.9,0.0
5120,50.346037,2.984411,82.97,191.2,94.9,0.0
5121,50.345306,2.984183,82.97,191.2,94.9,0.0
5122,50.344575,2.983956,82.97,191.2,94.9,0.0
5123,50.343844,2.983728,82.97,191.2,94.9,0.0
5124,50.343113,2.983501,82.97,191.2,94.9,0.0
5125,50.342382,2.983273,82.97,191.2,94.9,0.0
5126,50.34165,2.983046,82.97,191.2,94.9,0.0
5127,50.340919,2.982818,82.97,191.2,94.9,0.0
5128,50.340188,2.982591,82.97,191.2,94.9,0.0
5129,50.339457,2.982363,82.97,191.2,94.9,0.0
5130,50.338726,2.982136,82.97,191.2,94.9,0.0
5131,50.337995,2.981908,82.97,191.2,95.0,0.0
5132,50.337264,2.981681,82.97,191.2,95.0,0.0
5133,50.336533,2.981453,82.97,191.2,95.0,0.0
5134,50.335802,2.981226,82.97,191.2,95.0,0.0
5135,50.335071,2.980998,82.97,191.2,95.0,0.0
5136,50.33434,2.980771,82.97,191.2,95.0,0.0
5137,50.333609,2.980543,82.97,191.2,95.0,0.0
5138,50.332878,2.980316,82.97,191.2,95.0,0.0
5139,50.332147,2.980088,82.97,191.2,95.0,0.0
5140,50.331416,2.979861,82.97,191.2,95.0,0.0
5141,50.330685,2.979633,82.97,191.2,95.0,0.0
5142,50.329954,2.979406,82.97,191.2,95.0,0.0
5143,50.329223,2.979178,82.97,191.2,95.0,0.0
5144,50.328492,2.978951,82.97,191.2,95.0,0.0
5145,50.327761,2.978723,82.97,191.2,95.0,0.0
5146,50.32703,2.978496,82.97,191.2,95.0,0.0
5147,50.326299,2.978269,82.97,191.2,95.0,0.0
5148,50.325568,2.978041,82.97,191.2,95.0,0.0
5149,50.324837,2.977814,82.97,191.2,95.0,0.0
5150,50.324106,2.977586,82.97,191.2,95.0,0.0
5151,50.323375,2.977359,82.97,191.2,95.0,0.0
5152,50.322644,2.977131,82.97,191.2,95.0,0.0
5153,50.321913,2.976904,82.97,191.2,95.0,0.0
5154,50.321182,2.976676,82.97,191.2,95.0,0.0
5155,50.320451,2.976449,82.97,191.2,95.0,0.0
5156,50.31972,2.976221,82.97,191.2,95.0,0.0
5157,50.318988,2.975994,82.97,191.2,95.0,0.0
5158,50.318257,2.975766,82.97,191.2,95.0,0.0
5159,50.317526,2.975539,82.97,191.2,95.0,0.0
5160,50.316795,2.975311,82.97,191.2,95.0,0.0
5161,50.316064,2.975084,82.97,191.2,95.0,0.0
5162,50.315333,2.974856,82.97,191.2,95.0,0.0
5163,50.314602,2.974629,82.97,191.2,95.0,0.0
5164,50.313871,2.974401,82.97,191.2,95.0,0.0
5165,50.31314,2.974174,82.97,191.2,95.0,0.0
5166,50.312409,2.973946,82.97,191.2,95.0,0.0
5167,50.311678,2.973719,82.97,191.2,95.0,0.0
5168,50.310947,2.973491,82.97,191.2,95.0,0.0
5169,50.310216,2.973264,82.97,191.2,95.0,0.0
5170,50.309485,2.973036,82.97,191.2,95.0,0.0
5171,50.308754,2.972809,82.97,191.2,95.0,0.0
5172,50.308023,2.972581,82.97,191.2,95.0,0.0
5173,50.307292,2.972354,82.97,191.2,95.0,0.0
5174,50.306561,2.972126,82.97,191.2,95.0,0.0
5175,50.30583,2.971899,82.97,191.2,95.0,0.0
5176,50.305099,2.971671,82.97,191.2,95.0,0.0
5177,50.304368,2.971444,82.97,191.2,95.0,0.0
5178,50.303637,2.971217,82.97,191.2,95.0,0.0
5179,50.302906,2.970989,82.97,191.2,95.0,0.0
5180,50.302175,2.970762,82.97,191.2,95.0,0.0
5181,50.301444,2.970534,82.97,191.2,95.0,0.0
5182,50.300713,2.970307,82.97,191.2,95.0,0.0
5183,50.299982,2.970079,82.97,191.2,95.0,0.0
5184,50.299251,2.969852,82.97,191.2,95.0,0.0
5185,50.29852,2.969624,82.97,191.2,95.0,0.0
5186,50.297789,2.969397,82.97,191.2,95.0,0.0
5187,50.297058,2.969169,82.97,191.2,95.0,0.0
5188,50.296326,2.968942,82.97,191.2,95.0,0.0
5189,50.295595,2.968714,82.97,191.2,95.0,0.0
5190,50.294864,2.968487,82.97,191.2,95.0,0.0
5191,50.294133,2.968259,82.97,191.2,95.0,0.0
5192,50.293402,2.968032,82.97,191.2,95.0,0.0
5193,50.292671,2.967804,82.97,191.2,95.0,0.0
5194,50.29194,2.967577,82.97,191.2,95.0,0.0
5195,50.291209,2.967349,82.97,191.2,95.0,0.0
5196,50.290478,2.967122,82.97,191.2,95.0,0.0
5197,50.289747,2.966894,82.97,191.2,95.0,0.0
5198,50.289016,2.966667,82.97,191.2,95.0,0.0
5199,50.288285,2.966439,82.97,191.2,95.0,0.0
5200,50.287554,2.966212,82.97,191.2,95.0,0.0
5201,50.286823,2.965984,82.97,191.2,95.0,0.0
5202,50.286092,2.965757,82.97,191.2,95.0,0.0
5203,50.285361,2.965529,82.97,191.2,95.0,0.0
5204,50.28463,2.965302,82.97,191.2,95.0,0.0
5205,50.283899,2.965074,82.97,191.2,95.0,0.0
5206,50.283168,2.964847,82.97,191.2,95.0,0.0
5207,50.282437,2.964619,82.97,191.2,95.0,0.0
5208,50.281706,2.964392,82.97,191.2,95.0,0.0
5209,50.280975,2.964164,82.97,191.2,95.0,0.0
5210,50.280244,2.963937,82.97,191.2,95.0,0.0
5211,50.279513,2.96371,82.97,191.2,95.0,0.0
5212,50.278782,2.963482,82.97,191.2,95.0,0.0
5213,50.278051,2.963255,82.97,191.2,95.0,0.0
5214,50.27732,2.963027,82.97,191.2,95.0,0.0
5215,50.276589,2.9628,82.97,191.2,95.0,0.0
5216,50.275858,2.962572,82.97,191.2,95.0,0.0
5217,50.275127,2.962345,82.97,191.2,95.0,0.0
5218,50.274396,2.962117,82.97,191.2,95.0,0.0
5219,50.273664,2.96189,82.97,191.2,95.0,0.0
5220,50.272933,2.961662,82.97,191.2,95.0,0.0
5221,50.272202,2.961435,82.97,191.2,95.0,0.0
5222,50.271471,2.961207,82.97,191.2,95.0,0.0
5223,50.27074,2.96098,82.97,191.2,95.0,0.0
5224,50.270009,2.960752,82.97,191.2,95.0,0.0
5225,50.269278,2.960525,82.97,191.2,95.0,0.0
5226,50.268547,2.960297,82.97,191.2,95.0,0.0
5227,50.267816,2.96007,82.97,191.2,94.9,0.0
5228,50.267085,2.959842,82.97,191.2,94.9,0.0
5229,50.266354,2.959615,82.97,191.3,94.9,0.0
5230,50.265623,2.959387,82.97,191.3,94.9,0.0
5231,50.264892,2.95916,82.97,191.3,94.9,0.0
5232,50.264161,2.958932,82.97,191.3,94.9,0.0
5233,50.26343,2.958705,82.97,191.3,94.9,0.0
5234,50.262699,2.958477,82.97,191.3,94.9,0.0
5235,50.261968,2.95825,82.97,191.3,94.9,0.0
5236,50.261237,2.958022,82.97,191.3,94.9,0.0
5237,50.260506,2.957795,82.97,191.3,94.9,0.0
5238,50.259775,2.957567,82.97,191.3,94.9,0.0
5239,50.259044,2.95734,82.97,191.3,94.9,0.0
5240,50.258313,2.957112,82.97,191.3,94.9,0.0
5241,50.257582,2.956885,82.97,191.3,94.9,0.0
5242,50.256851,2.956658,82.97,191.3,94.9,0.0
5243,50.25612,2.95643,82.97,191.3,94.9,0.0
5244,50.255389,2.956203,82.97,191.3,94.9,0.0
5245,50.254658,2.955975,82.97,191.3,94.9,0.0
5246,50.253927,2.955748,82.97,191.3,94.9,0.0
5247,50.253196,2.95552,82.97,191.3,94.9,0.0
5248,50.252465,2.955293,82.97,191.3,94.9,0.0
5249,50.251734,2.955065,82.97,191.3,94.9,0.0
5250,50.251002,2.954838,82.97,191.3,94.9,0.0
5251,50.250271,2.95461,82.97,191.3,94.9,0.0
5252,50.24954,2.954383,82.97,191.3,94.9,0.0
5253,50.248809,2.954155,82.97,191.3,94.9,0.0
5254,50.248078,2.953928,82.97,191.3,94.9,0.0
5255,50.247347,2.9537,82.97,191.3,94.9,0.0
5256,50.246616,2.953473,82.97,191.3,94.9,0.0
5257,50.245885,2.953245,82.97,191.3,94.9,0.0
5258,50.245154,2.953018,82.97,191.3,94.9,0.0
5259,50.244423,2.95279,82.97,191.3,94.9,0.0
5260,50.243692,2.952563,82.97,191.3,94.9,0.0
5261,50.242961,2.952335,82.97,191.3,94.9,0.0
5262,50.24223,2.952108,82.97,191.3,94.8,0.0
5263,50.241499,2.95188,82.97,191.3,94.8,0.0
5264,50.240768,2.951653,82.97,191.3,94.8,0.0
5265,50.240037,2.951425,82.97,191.3,94.8,0.0
5266,50.239306,2.951198,82.97,191.3,94.8,0.0
5267,50.238575,2.95097,82.97,191.3,94.8,0.0
5268,50.237844,2.950743,82.97,191.3,94.8,0.0
5269,50.237113,2.950515,82.97,191.3,94.8,0.0
5270,50.236382,2.950288,82.97,191.3,94.8,0.0
5271,50.235651,2.95006,82.97,191.3,94.8,0.0
5272,50.23492,2.949833,82.97,191.3,94.8,0.0
5273,50.234189,2.949606,82.97,191.3,94.8,0.0
5274,50.233458,2.949378,82.97,191.3,94.8,0.0
5275,50.232727,2.949151,82.98,191.3,94.8,0.0
5276,50.231996,2.948923,82.98,191.3,94.8,0.0
5277,50.231265,2.948696,82.98,191.3,94.8,0.0
5278,50.230534,2.948468,82.98,191.3,94.8,0.0
5279,50.229803,2.948241,82.98,191.3,94.8,0.0
5280,50.229072,2.948013,82.98,191.3,94.8,0.0
5281,50.22834,2.947786,82.98,191.3,94.8,0.0
5282,50.227609,2.947558,82.98,191.3,94.8,0.0
5283,50.226878,2.947331,82.98,191.3,94.8,0.0
5284,50.226147,2.947103,82.98,191.3,94.8,0.0
5285,50.225416,2.946876,82.98,191.3,94.8,0.0
5286,50.224685,2.946648,82.98,191.3,94.8,0.0
5287,50.223954,2.946421,82.98,191.3,94.7,0.0
5288,50.223223,2.946193,82.98,191.3,94.7,0.0
5289,50.222492,2.945966,82.98,191.3,94.7,0.0
5290,50.221761,2.945738,82.98,191.3,94.7,0.0
5291,50.22103,2.945511,82.98,191.3,94.7,0.0
5292,50.220299,2.945283,82.98,191.3,94.7,0.0
5293,50.219568,2.945056,82.98,191.3,94.7,0.0
5294,50.218837,2.944828,82.98,191.3,94.7,0.0
5295,50.218106,2.944601,82.98,191.3,94.7,0.0
5296,50.217375,2.944373,82.98,191.3,94.7,0.0
5297,50.216644,2.944146,82.98,191.3,94.7,0.0
5298,50.215913,2.943918,82.98,191.3,94.7,0.0
5299,50.215182,2.943691,82.98,191.3,94.7,0.0
5300,50.214451,2.943463,82.98,191.3,94.7,0.0
5301,50.21372,2.943236,82.98,191.3,94.7,0.0
5302,50.212989,2.943008,82.98,191.3,94.7,0.0
5303,50.212258,2.942781,82.98,191.3,94.7,0.0
5304,50.211527,2.942554,82.98,191.3,94.7,0.0
5305,50.210796,2.942326,82.98,191.3,94.7,0.0
5306,50.210065,2.942099,82.98,191.3,94.6,0.0
5307,50.209334,2.941871,82.98,191.3,94.6,0.0
5308,50.208603,2.941644,82.98,191.3,94.6,0.0
5309,50.207872,2.941416,82.98,191.3,94.6,0.0
5310,50.207141,2.941189,82.98,191.3,94.6,0.0
5311,50.20641,2.940961,82.98,191.3,94.6,0.0
5312,50.205678,2.940734,82.98,191.3,94.6,0.0
5313,50.204947,2.940506,82.98,191.3,94.6,0.0
5314,50.204216,2.940279,82.98,191.3,94.6,0.0
5315,50.203485,2.940051,82.98,191.3,94.6,0.0
5316,50.202754,2.939824,82.98,191.3,94.6,0.0
5317,50.202023,2.939596,82.98,191.3,94.6,0.0
5318,50.201292,2.939369,82.98,191.3,94.6,0.0
5319,50.200561,2.939141,82.98,191.3,94.6,0.0
5320,50.19983,2.938914,82.98,191.3,94.6,0.0
5321,50.199099,2.938686,82.98,191.3,94.6,0.0
5322,50.198368,2.938459,82.98,191.3,94.6,0.0
5323,50.197637,2.938231,82.98,191.3,94.6,0.0
5324,50.196906,2.938004,82.98,191.3,94.5,0.0
5325,50.196175,2.937776,82.98,191.3,94.5,0.0
5326,50.195444,2.937549,82.98,191.3,94.5,0.0
5327,50.194713,2.937321,82.98,191.3,94.5,0.0
5328,50.193982,2.937094,82.98,191.3,94.5,0.0
5329,50.193251,2.936866,82.98,191.3,94.5,0.0
5330,50.19252,2.936639,82.98,191.3,94.5,0.0
5331,50.191789,2.936411,82.98,191.3,94.5,0.0
5332,50.191058,2.936184,82.98,191.3,94.5,0.0
5333,50.190327,2.935956,82.98,191.3,94.5,0.0
5334,50.189596,2.935729,82.98,191.3,94.5,0.0
5335,50.188865,2.935501,82.98,191.3,94.5,0.0
5336,50.188134,2.935274,82.98,191.3,94.5,0.0
5337,50.187403,2.935047,82.98,191.3,94.5,0.0
5338,50.186672,2.934819,82.98,191.3,94.5,0.0
5339,50.185941,2.934592,82.98,191.3,94.4,0.0
5340,50.18521,2.934364,82.98,191.3,94.4,0.0
5341,50.184479,2.934137,82.98,191.3,94.4,0.0
5342,50.183748,2.933909,82.98,191.3,94.4,0.0
5343,50.183017,2.933682,82.98,191.3,94.4,0.0
5344,50.182285,2.933454,82.98,191.3,94.4,0.0
5345,50.181554,2.933227,82.98,191.3,94.4,0.0
5346,50.180823,2.932999,82.98,191.3,94.4,0.0
5347,50.180092,2.932772,82.98,191.3,94.4,0.0
5348,50.179361,2.932544,82.98,191.3,94.4,0.0
5349,50.17863,2.932317,82.98,191.3,94.4,0.0
5350,50.177899,2.932089,82.98,191.3,94.4,0.0
5351,50.177168,2.931862,82.98,191.3,94.4,0.0
5352,50.176437,2.931634,82.98,191.3,94.4,0.0
5353,50.175706,2.931407,82.98,191.3,94.3,0.0
5354,50.174975,2.931179,82.98,191.3,94.3,0.0
5355,50.174244,2.930952,82.98,191.3,94.3,0.0
5356,50.173513,2.930724,82.98,191.3,94.3,0.0
5357,50.172782,2.930497,82.98,191.3,94.3,0.0
5358,50.172051,2.930269,82.98,191.3,94.3,0.0
5359,50.17132,2.930042,82.98,191.3,94.3,0.0
5360,50.170589,2.929814,82.98,191.3,94.3,0.0
5361,50.169858,2.929587,82.98,191.3,94.3,0.0
5362,50.169127,2.929359,82.98,191.3,94.3,0.0
5363,50.168396,2.929132,82.98,191.3,94.3,0.0
5364,50.167665,2.928904,82.98,191.3,94.3,0.0
5365,50.166934,2.928677,82.98,191.3,94.3,0.0
5366,50.166203,2.928449,82.98,191.3,94.2,0.0
5367,50.165472,2.928222,82.98,191.3,94.2,0.0
5368,50.164741,2.927995,82.98,191.3,94.2,0.0
5369,50.16401,2.927767,82.98,191.3,94.2,0.0
5370,50.163279,2.92754,82.98,191.3,94.2,0.0
5371,50.162548,2.927312,82.98,191.3,94.2,0.0
5372,50.161817,2.927085,82.98,191.3,94.2,0.0
5373,50.161086,2.926857,82.98,191.3,94.2,0.0
5374,50.160355,2.92663,82.98,191.3,94.2,0.0
5375,50.159623,2.926402,82.98,191.3,94.2,0.0
5376,50.158892,2.926175,82.98,191.3,94.2,0.0
5377,50.158161,2.925947,82.98,191.3,94.2,0.0
5378,50.15743,2.92572,82.98,191.3,94.1,0.0
5379,50.156699,2.925492,82.98,191.3,94.1,0.0
5380,50.155968,2.925265,82.98,191.3,94.1,0.0
5381,50.155237,2.925037,82.98,191.3,94.1,0.0
5382,50.154506,2.92481,82.98,191.3,94.1,0.0
5383,50.153775,2.924582,82.98,191.3,94.1,0.0
5384,50.153044,2.924355,82.98,191.3,94.1,0.0
5385,50.152313,2.924127,82.98,191.3,94.1,0.0
5386,50.151582,2.9239,82.98,191.3,94.1,0.0
5387,50.150851,2.923672,82.98,191.3,94.1,0.0
5388,50.15012,2.923445,82.98,191.3,94.1,0.0
5389,50.149389,2.923217,82.98,191.3,94.0,0.0
5390,50.148658,2.92299,82.98,191.3,94.0,0.0
5391,50.147927,2.922762,82.98,191.3,94.0,0.0
5392,50.147196,2.922535,82.98,191.3,94.0,0.0
5393,50.146465,2.922307,82.98,191.3,94.0,0.0
5394,50.145734,2.92208,82.98,191.3,94.0,0.0
5395,50.145003,2.921852,82.98,191.3,94.0,0.0
5396,50.144272,2.921625,82.98,191.3,94.0,0.0
5397,50.143541,2.921397,82.98,191.3,94.0,0.0
5398,50.14281,2.92117,82.98,191.3,94.0,0.0
5399,50.142079,2.920943,82.98,191.3,94.0,0.0
5400,50.141348,2.920715,82.98,191.3,93.9,0.0
5401,50.140617,2.920488,82.98,191.3,93.9,0.0
5402,50.139886,2.92026,82.98,191.3,93.9,0.0
5403,50.139155,2.920033,82.98,191.3,93.9,0.0
5404,50.138424,2.919805,82.98,191.3,93.9,0.0
5405,50.137693,2.919578,82.98,191.3,93.9,0.0
5406,50.136961,2.91935,82.98,191.3,93.9,0.0
5407,50.13623,2.919123,82.98,191.3,93.9,0.0
5408,50.135499,2.918895,82.98,191.3,93.9,0.0
5409,50.134768,2.918668,82.98,191.3,93.9,0.0
5410,50.134037,2.91844,82.98,191.3,93.8,0.0
5411,50.133306,2.918213,82.98,191.3,93.8,0.0
5412,50.132575,2.917985,82.98,191.3,93.8,0.0
5413,50.131844,2.917758,82.98,191.3,93.8,0.0
5414,50.131113,2.91753,82.98,191.3,93.8,0.0
5415,50.130382,2.917303,82.98,191.3,93.8,0.0
5416,50.129651,2.917075,82.98,191.3,93.8,0.0
5417,50.12892,2.916848,82.98,191.3,93.8,0.0
5418,50.128189,2.91662,82.98,191.3,93.8,0.0
5419,50.127458,2.916393,82.98,191.3,93.8,0.0
5420,50.126727,2.916165,82.98,191.3,93.7,0.0
5421,50.125996,2.915938,82.98,191.3,93.7,0.0
5422,50.125265,2.91571,82.98,191.3,93.7,0.0
5423,50.124534,2.915483,82.98,191.3,93.7,0.0
5424,50.123803,2.915255,82.98,191.3,93.7,0.0
5425,50.123072,2.915028,82.98,191.3,93.7,0.0
5426,50.122341,2.9148,82.98,191.3,93.7,0.0
5427,50.12161,2.914573,82.98,191.3,93.7,0.0
5428,50.120879,2.914345,82.98,191.3,93.7,0.0
5429,50.120148,2.914118,82.98,191.3,93.7,0.0
5430,50.119417,2.913891,82.98,191.3,93.6,0.0
5431,50.118686,2.913663,82.98,191.3,93.6,0.0
5432,50.117955,2.913436,82.98,191.3,93.6,0.0
5433,50.117224,2.913208,82.98,191.3,93.6,0.0
5434,50.116493,2.912981,82.98,191.3,93.6,0.0
5435,50.115762,2.912753,82.98,191.3,93.6,0.0
5436,50.115031,2.912526,82.98,191.3,93.6,0.0
5437,50.114299,2.912298,82.98,191.3,93.6,0.0
5438,50.113568,2.912071,82.98,191.3,93.6,0.0
5439,50.112837,2.911843,82.98,191.3,93.5,0.0
5440,50.112106,2.911616,82.98,191.3,93.5,0.0
5441,50.111375,2.911388,82.98,191.3,93.5,0.0
5442,50.110644,2.911161,82.98,191.3,93.5,0.0
5443,50.109913,2.910933,82.98,191.3,93.5,0.0
5444,50.109182,2.910706,82.98,191.3,93.5,0.0
5445,50.108451,2.910478,82.98,191.3,93.5,0.0
5446,50.10772,2.910251,82.98,191.3,93.5,0.0
5447,50.106989,2.910023,82.98,191.3,93.5,0.0
5448,50.106258,2.909796,82.98,191.3,93.4,0.0
5449,50.105527,2.909568,82.98,191.3,93.4,0.0
5450,50.104796,2.909341,82.98,191.3,93.4,0.0
5451,50.104065,2.909113,82.98,191.3,93.4,0.0
5452,50.103334,2.908886,82.98,191.3,93.4,0.0
5453,50.102603,2.908658,82.98,191.3,93.4,0.0
5454,50.101872,2.908431,82.98,191.3,93.4,0.0
5455,50.101141,2.908203,82.98,191.3,93.4,0.0
5456,50.10041,2.907976,82.98,191.3,93.4,0.0
5457,50.099679,2.907748,82.98,191.3,93.3,0.0
5458,50.098948,2.907521,82.98,191.3,93.3,0.0
5459,50.098217,2.907293,82.98,191.3,93.3,0.0
5460,50.097486,2.907066,82.98,191.3,93.3,0.0
5461,50.096755,2.906838,82.98,191.3,93.3,0.0
5462,50.096024,2.906611,82.98,191.3,93.3,0.0
5463,50.095293,2.906384,82.98,191.3,93.3,0.0
5464,50.094562,2.906156,82.98,191.3,93.3,0.0
5465,50.093831,2.905929,82.98,191.3,93.2,0.0
5466,50.0931,2.905701,82.98,191.3,93.2,0.0
5467,50.092369,2.905474,82.98,191.3,93.2,0.0
5468,50.091637,2.905246,82.98,191.3,93.2,0.0
5469,50.090906,2.905019,82.98,191.3,93.2,0.0
5470,50.090175,2.904791,82.98,191.3,93.2,0.0
5471,50.089444,2.904564,82.98,191.3,93.2,0.0
5472,50.088713,2.904336,82.98,191.3,93.2,0.0
5473,50.087982,2.904109,82.98,191.3,93.1,0.0
5474,50.087251,2.903881,82.98,191.3,93.1,0.0
5475,50.08652,2.903654,82.98,191.3,93.1,0.0
5476,50.085789,2.903426,82.98,191.3,93.1,0.0
5477,50.085058,2.903199,82.98,191.3,93.1,0.0
5478,50.084327,2.902971,82.98,191.3,93.1,0.0
5479,50.083596,2.902744,82.98,191.3,93.1,0.0
5480,50.082865,2.902516,82.98,191.3,93.1,0.0
5481,50.082134,2.902289,82.99,191.3,93.0,0.0
5482,50.081403,2.902061,82.99,191.3,93.0,0.0
5483,50.080672,2.901834,82.99,191.3,93.0,0.0
5484,50.079941,2.901606,82.99,191.3,93.0,0.0
5485,50.07921,2.901379,82.99,191.3,93.0,0.0
5486,50.078479,2.901151,82.99,191.3,93.0,0.0
5487,50.077748,2.900924,82.99,191.3,93.0,0.0
5488,50.077017,2.900696,82.99,191.3,93.0,0.0
5489,50.076286,2.900469,82.99,191.3,92.9,0.0
5490,50.075555,2.900241,82.99,191.3,92.9,0.0
5491,50.074824,2.900014,82.99,191.3,92.9,0.0
5492,50.074093,2.899786,82.99,191.3,92.9,0.0
5493,50.073362,2.899559,82.99,191.3,92.9,0.0
5494,50.072631,2.899332,82.99,191.3,92.9,0.0
5495,50.0719,2.899104,82.99,191.3,92.9,0.0
5496,50.071169,2.898877,82.99,191.3,92.8,0.0
5497,50.070438,2.898649,82.99,191.3,92.8,0.0
5498,50.069707,2.898422,82.99,191.3,92.8,0.0
5499,50.068975,2.898194,82.99,191.3,92.8,0.0
5500,50.068244,2.897967,82.99,191.3,92.8,0.0
5501,50.067513,2.897739,82.99,191.3,92.8,0.0
5502,50.066782,2.897512,82.99,191.3,92.8,0.0
5503,50.066051,2.897284,82.99,191.3,92.8,0.0
5504,50.06532,2.897057,82.99,191.3,92.7,0.0
5505,50.064589,2.896829,82.99,191.3,92.7,0.0
5506,50.063858,2.896602,82.99,191.3,92.7,0.0
5507,50.063127,2.896374,82.99,191.3,92.7,0.0
5508,50.062396,2.896147,82.99,191.3,92.7,0.0
5509,50.061665,2.895919,82.99,191.3,92.7,0.0
5510,50.060934,2.895692,82.99,191.3,92.7,0.0
5511,50.060203,2.895464,82.99,191.3,92.6,0.0
5512,50.059472,2.895237,82.99,191.3,92.6,0.0
5513,50.058741,2.895009,82.99,191.3,92.6,0.0
5514,50.05801,2.894782,82.99,191.3,92.6,0.0
5515,50.057279,2.894554,82.99,191.3,92.6,0.0
5516,50.056548,2.894327,82.99,191.3,92.6,0.0
5517,50.055817,2.894099,82.99,191.3,92.6,0.0
5518,50.055086,2.893872,82.99,191.3,92.5,0.0
5519,50.054355,2.893644,82.99,191.3,92.5,0.0
5520,50.053624,2.893417,82.99,191.3,92.5,0.0
5521,50.052893,2.893189,82.99,191.3,92.5,0.0
5522,50.052162,2.892962,82.99,191.3,92.5,0.0
5523,50.051431,2.892734,82.99,191.3,92.5,0.0
5524,50.0507,2.892507,82.99,191.3,92.5,0.0
5525,50.049969,2.89228,82.99,191.3,92.4,0.0
5526,50.049238,2.892052,82.99,191.3,92.4,0.0
5527,50.048507,2.891825,82.99,191.3,92.4,0.0
5528,50.047776,2.891597,82.99,191.3,92.4,0.0
5529,50.047045,2.89137,82.99,191.3,92.4,0.0
5530,50.046313,2.891142,82.99,191.3,92.4,0.0
5531,50.045582,2.890915,82.99,191.3,92.4,0.0
5532,50.044851,2.890687,82.99,191.3,92.3,0.0
5533,50.04412,2.89046,82.99,191.3,92.3,0.0
5534,50.043389,2.890232,82.99,191.3,92.3,0.0
5535,50.042658,2.890005,82.99,191.3,92.3,0.0
5536,50.041927,2.889777,82.99,191.3,92.3,0.0
5537,50.041196,2.88955,82.99,191.3,92.3,0.0
5538,50.040465,2.889322,82.99,191.3,92.2,0.0
5539,50.039734,2.889095,82.99,191.3,92.2,0.0
5540,50.039003,2.888867,82.99,191.3,92.2,0.0
5541,50.038272,2.88864,82.99,191.3,92.2,0.0
5542,50.037541,2.888412,82.99,191.3,92.2,0.0
5543,50.03681,2.888185,82.99,191.3,92.2,0.0
5544,50.036079,2.887957,82.99,191.3,92.2,0.0
5545,50.035348,2.88773,82.99,191.3,92.1,0.0
5546,50.034617,2.887502,82.99,191.3,92.1,0.0
5547,50.033886,2.887275,82.99,191.3,92.1,0.0
5548,50.033155,2.887047,82.99,191.3,92.1,0.0
5549,50.032424,2.88682,82.99,191.3,92.1,0.0
5550,50.031693,2.886592,82.99,191.3,92.1,0.0
5551,50.030962,2.886365,82.99,191.3,92.0,0.0
5552,50.030231,2.886137,82.99,191.3,92.0,0.0
5553,50.0295,2.88591,82.99,191.3,92.0,0.0
5554,50.028769,2.885682,82.99,191.3,92.0,0.0
5555,50.028038,2.885455,82.99,191.3,92.0,0.0
5556,50.027307,2.885228,82.99,191.3,92.0,0.0
5557,50.026576,2.885,82.99,191.3,92.0,0.0
5558,50.025845,2.884773,82.99,191.3,91.9,0.0
5559,50.025114,2.884545,82.99,191.3,91.9,0.0
5560,50.024383,2.884318,82.99,191.3,91.9,0.0
5561,50.023651,2.88409,82.99,191.3,91.9,0.0
5562,50.02292,2.883863,82.99,191.3,91.9,0.0
5563,50.022189,2.883635,82.99,191.3,91.9,0.0
5564,50.021458,2.883408,82.99,191.3,91.8,0.0
5565,50.020727,2.88318,82.99,191.3,91.8,0.0
5566,50.019996,2.882953,82.99,191.3,91.8,0.0
5567,50.019265,2.882725,82.99,191.3,91.8,0.0
5568,50.018534,2.882498,82.99,191.3,91.8,0.0
5569,50.017803,2.88227,82.99,191.3,91.8,0.0
5570,50.017072,2.882043,82.99,191.3,91.7,0.0
5571,50.016341,2.881815,82.99,191.3,91.7,0.0
5572,50.01561,2.881588,82.99,191.3,91.7,0.0
5573,50.014879,2.88136,82.99,191.3,91.7,0.0
5574,50.014148,2.881133,82.99,191.3,91.7,0.0
5575,50.013417,2.880905,82.99,191.3,91.7,0.0
5576,50.012686,2.880678,82.99,191.3,91.6,0.0
5577,50.011955,2.88045,82.99,191.3,91.6,0.0
5578,50.011224,2.880223,82.99,191.3,91.6,0.0
5579,50.010493,2.879995,82.99,191.3,91.6,0.0
5580,50.009762,2.879768,82.99,191.3,91.6,0.0
5581,50.009031,2.87954,82.99,191.3,91.6,0.0
5582,50.0083,2.879313,82.99,191.3,91.5,0.0
5583,50.007569,2.879085,82.99,191.3,91.5,0.0
5584,50.006838,2.878858,82.99,191.3,91.5,0.0
5585,50.006107,2.87863,82.99,191.3,91.5,0.0
5586,50.005376,2.878403,82.99,191.3,91.5,0.0
5587,50.004645,2.878175,82.99,191.3,91.5,0.0
5588,50.003914,2.877948,82.99,191.3,91.4,0.0
5589,50.003183,2.877721,82.99,191.3,91.4,0.0
5590,50.002452,2.877493,82.99,191.3,91.4,0.0
5591,50.001721,2.877266,82.99,191.3,91.4,0.0
5592,50.000989,2.877038,82.99,191.3,91.4,0.0
5593,50.000258,2.876811,82.99,191.3,91.4,0.0
5594,49.999527,2.876583,82.99,191.3,91.3,0.0
5595,49.998796,2.876356,82.99,191.3,91.3,0.0
5596,49.998065,2.876128,82.99,191.3,91.3,0.0
5597,49.997334,2.875901,82.99,191.3,91.3,0.0
5598,49.996603,2.875673,82.99,191.3,91.3,0.0
5599,49.995872,2.875446,82.99,191.3,91.3,0.0
5600,49.995141,2.875218,82.99,191.3,91.2,0.0
5601,49.99441,2.874991,82.99,191.3,91.2,0.0
5602,49.993679,2.874763,82.99,191.3,91.2,0.0
5603,49.992948,2.874536,82.99,191.3,91.2,0.0
5604,49.992217,2.874308,82.99,191.3,91.2,0.0
5605,49.991486,2.874081,82.99,191.3,91.1,0.0
5606,49.990755,2.873853,82.99,191.3,91.1,0.0
5607,49.990024,2.873626,82.99,191.3,91.1,0.0
5608,49.989293,2.873398,82.99,191.3,91.1,0.0
5609,49.988562,2.873171,82.99,191.3,91.1,0.0
5610,49.987831,2.872943,82.99,191.3,91.1,0.0
5611,49.9871,2.872716,82.99,191.3,91.0,0.0
5612,49.986369,2.872488,82.99,191.3,91.0,0.0
5613,49.985638,2.872261,82.99,191.3,91.0,0.0
5614,49.984907,2.872033,82.99,191.3,91.0,0.0
5615,49.984176,2.871806,82.99,191.3,91.0,0.0
5616,49.983445,2.871578,82.99,191.3,90.9,0.0
5617,49.982714,2.871351,82.99,191.3,90.9,0.0
5618,49.981983,2.871123,82.99,191.3,90.9,0.0
5619,49.981252,2.870896,82.99,191.3,90.9,0.0
5620,49.980521,2.870669,82.99,191.3,90.9,0.0
5621,49.97979,2.870441,82.99,191.3,90.9,0.0
5622,49.979059,2.870214,82.99,191.3,90.8,0.0
5623,49.978327,2.869986,82.99,191.3,90.8,0.0
5624,49.977596,2.869759,82.99,191.3,90.8,0.0
5625,49.976865,2.869531,82.99,191.3,90.8,0.0
5626,49.976134,2.869304,82.99,191.3,90.8,0.0
5627,49.975403,2.869076,82.99,191.3,90.7,0.0
5628,49.974672,2.868849,82.99,191.3,90.7,0.0
5629,49.973941,2.868621,82.99,191.3,90.7,0.0
5630,49.97321,2.868394,82.99,191.3,90.7,0.0
5631,49.972479,2.868166,82.99,191.3,90.7,0.0
5632,49.971748,2.867939,82.99,191.3,90.7,0.0
5633,49.971017,2.867711,82.99,191.3,90.6,0.0
5634,49.970286,2.867484,82.99,191.3,90.6,0.0
5635,49.969555,2.867256,82.99,191.3,90.6,0.0
5636,49.968824,2.867029,82.99,191.3,90.6,0.0
5637,49.968093,2.866801,82.99,191.3,90.6,0.0
5638,49.967362,2.866574,82.99,191.3,90.5,0.0
5639,49.966631,2.866346,82.99,191.3,90.5,0.0
5640,49.9659,2.866119,82.99,191.3,90.5,0.0
5641,49.965169,2.865891,82.99,191.3,90.5,0.0
5642,49.964438,2.865664,82.99,191.3,90.5,0.0
5643,49.963707,2.865436,82.99,191.3,90.4,0.0
5644,49.962976,2.865209,82.99,191.3,90.4,0.0
5645,49.962245,2.864981,82.99,191.3,90.4,0.0
5646,49.961514,2.864754,82.99,191.3,90.4,0.0
5647,49.960783,2.864526,82.99,191.3,90.4,0.0
5648,49.960052,2.864299,82.99,191.3,90.3,0.0
5649,49.959321,2.864071,82.99,191.3,90.3,0.0
5650,49.95859,2.863844,82.99,191.3,90.3,0.0
5651,49.957859,2.863617,82.99,191.3,90.3,0.0
5652,49.957128,2.863389,82.99,191.3,90.3,0.0
5653,49.956397,2.863162,82.99,191.3,90.2,0.0
5654,49.955666,2.862934,82.99,191.3,90.2,0.0
5655,49.954934,2.862707,82.99,191.3,90.2,0.0
5656,49.954203,2.862479,82.99,191.3,90.2,0.0
5657,49.953472,2.862252,82.99,191.3,90.2,0.0
5658,49.952741,2.862024,82.99,191.3,90.2,0.0
5659,49.95201,2.861797,82.99,191.3,90.1,0.0
5660,49.951279,2.861569,82.99,191.3,90.1,0.0
5661,49.950548,2.861342,82.99,191.3,90.1,0.0
5662,49.949817,2.861114,82.99,191.3,90.1,0.0
5663,49.949086,2.860887,82.99,191.3,90.1,0.0
5664,49.948355,2.860659,82.99,191.3,90.0,0.0
5665,49.947624,2.860432,82.99,191.3,90.0,0.0
5666,49.946893,2.860204,82.99,191.3,90.0,0.0
5667,49.946162,2.859977,82.99,191.3,90.0,0.0
5668,49.945431,2.859749,82.99,191.3,90.0,0.0
5669,49.9447,2.859522,82.99,191.3,89.9,0.0
5670,49.943969,2.859294,82.99,191.3,89.9,0.0
5671,49.943238,2.859067,82.99,191.3,89.9,0.0
5672,49.942507,2.858839,82.99,191.3,89.9,0.0
5673,49.941776,2.858612,82.99,191.3,89.9,0.0
5674,49.941045,2.858384,82.99,191.3,89.8,0.0
5675,49.940314,2.858157,82.99,191.3,89.8,0.0
5676,49.939583,2.857929,82.99,191.3,89.8,0.0
5677,49.938852,2.857702,82.99,191.3,89.8,0.0
5678,49.938121,2.857474,82.99,191.3,89.7,0.0
5679,49.93739,2.857247,82.99,191.3,89.7,0.0
5680,49.936659,2.857019,82.99,191.3,89.7,0.0
5681,49.935928,2.856792,82.99,191.3,89.7,0.0
5682,49.935197,2.856565,82.99,191.3,89.7,0.0
5683,49.934466,2.856337,82.99,191.3,89.6,0.0
5684,49.933735,2.85611,82.99,191.3,89.6,0.0
5685,49.933004,2.855882,82.99,191.3,89.6,0.0
5686,49.932272,2.855655,82.99,191.3,89.6,0.0
5687,49.931541,2.855427,83.0,191.3,89.6,0.0
5688,49.93081,2.8552,83.0,191.3,89.5,0.0
5689,49.930079,2.854972,83.0,191.3,89.5,0.0
5690,49.929348,2.854745,83.0,191.3,89.5,0.0
5691,49.928617,2.854517,83.0,191.3,89.5,0.0
5692,49.927886,2.85429,83.0,191.3,89.5,0.0
5693,49.927155,2.854062,83.0,191.3,89.4,0.0
5694,49.926424,2.853835,83.0,191.3,89.4,0.0
5695,49.925693,2.853607,83.0,191.3,89.4,0.0
5696,49.924962,2.85338,83.0,191.3,89.4,0.0
5697,49.924231,2.853152,83.0,191.3,89.4,0.0
5698,49.9235,2.852925,83.0,191.3,89.3,0.0
5699,49.922769,2.852697,83.0,191.3,89.3,0.0
5700,49.922038,2.85247,83.0,191.3,89.3,0.0
5701,49.921307,2.852242,83.0,191.3,89.3,0.0
5702,49.920576,2.852015,83.0,191.3,89.2,0.0
5703,49.919845,2.851787,83.0,191.3,89.2,0.0
5704,49.919114,2.85156,83.0,191.3,89.2,0.0
5705,49.918383,2.851332,83.0,191.3,89.2,0.0
5706,49.917652,2.851105,83.0,191.3,89.2,0.0
5707,49.916921,2.850877,83.0,191.3,89.1,0.0
5708,49.91619,2.85065,83.0,191.3,89.1,0.0
5709,49.915459,2.850422,83.0,191.3,89.1,0.0
5710,49.914728,2.850195,83.0,191.3,89.1,0.0
5711,49.913997,2.849967,83.0,191.3,89.1,0.0
5712,49.913266,2.84974,83.0,191.3,89.0,0.0
5713,49.912535,2.849512,83.0,191.3,89.0,0.0
5714,49.911804,2.849285,83.0,191.3,89.0,0.0
5715,49.911073,2.849058,83.0,191.3,89.0,0.0
5716,49.910342,2.84883,83.0,191.3,88.9,0.0
5717,49.90961,2.848603,83.0,191.3,88.9,0.0
5718,49.908879,2.848375,83.0,191.3,88.9,0.0
5719,49.908148,2.848148,83.0,191.3,88.9,0.0
5720,49.907417,2.84792,83.0,191.3,88.9,0.0
5721,49.906686,2.847693,83.0,191.3,88.8,0.0
5722,49.905955,2.847465,83.0,191.3,88.8,0.0
5723,49.905224,2.847238,83.0,191.3,88.8,0.0
5724,49.904493,2.84701,83.0,191.3,88.8,0.0
5725,49.903762,2.846783,83.0,191.3,88.7,0.0
5726,49.903031,2.846555,83.0,191.3,88.7,0.0
5727,49.9023,2.846328,83.0,191.3,88.7,0.0
5728,49.901569,2.8461,83.0,191.3,88.7,0.0
5729,49.900838,2.845873,83.0,191.3,88.7,0.0
5730,49.900107,2.845645,83.0,191.3,88.6,0.0
5731,49.899376,2.845418,83.0,191.3,88.6,0.0
5732,49.898645,2.84519,83.0,191.3,88.6,0.0
5733,49.897914,2.844963,83.0,191.3,88.6,0.0
5734,49.897183,2.844735,83.0,191.3,88.5,0.0
5735,49.896452,2.844508,83.0,191.3,88.5,0.0
5736,49.895721,2.84428,83.0,191.3,88.5,0.0
5737,49.89499,2.844053,83.0,191.3,88.5,0.0
5738,49.894259,2.843825,83.0,191.3,88.5,0.0
5739,49.893528,2.843598,83.0,191.3,88.4,0.0
5740,49.892797,2.84337,83.0,191.3,88.4,0.0
5741,49.892066,2.843143,83.0,191.3,88.4,0.0
5742,49.891335,2.842915,83.0,191.3,88.4,0.0
5743,49.890604,2.842688,83.0,191.3,88.3,0.0
5744,49.889873,2.84246,83.0,191.3,88.3,0.0
5745,49.889142,2.842233,83.0,191.3,88.3,0.0
5746,49.888411,2.842006,83.0,191.3,88.3,0.0
5747,49.88768,2.841778,83.0,191.3,88.2,0.0
5748,49.886948,2.841551,83.0,191.3,88.2,0.0
5749,49.886217,2.841323,83.0,191.3,88.2,0.0
5750,49.885486,2.841096,83.0,191.3,88.2,0.0
5751,49.884755,2.840868,83.0,191.3,88.2,0.0
5752,49.884024,2.840641,83.0,191.3,88.1,0.0
5753,49.883293,2.840413,83.0,191.3,88.1,0.0
5754,49.882562,2.840186,83.0,191.3,88.1,0.0
5755,49.881831,2.839958,83.0,191.3,88.1,0.0
5756,49.8811,2.839731,83.0,191.3,88.0,0.0
5757,49.880369,2.839503,83.0,191.3,88.0,0.0
5758,49.879638,2.839276,83.0,191.3,88.0,0.0
5759,49.878907,2.839048,83.0,191.3,88.0,0.0
5760,49.878176,2.838821,83.0,191.3,87.9,0.0
5761,49.877445,2.838593,83.0,191.3,87.9,0.0
5762,49.876714,2.838366,83.0,191.3,87.9,0.0
5763,49.875983,2.838138,83.0,191.3,87.9,0.0
5764,49.875252,2.837911,83.0,191.3,87.9,0.0
5765,49.874521,2.837683,83.0,191.3,87.8,0.0
5766,49.87379,2.837456,83.0,191.3,87.8,0.0
5767,49.873059,2.837228,83.0,191.3,87.8,0.0
5768,49.872328,2.837001,83.0,191.3,87.8,0.0
5769,49.871597,2.836773,83.0,191.3,87.7,0.0
5770,49.870866,2.836546,83.0,191.3,87.7,0.0
5771,49.870135,2.836318,83.0,191.3,87.7,0.0
5772,49.869404,2.836091,83.0,191.3,87.7,0.0
5773,49.868673,2.835863,83.0,191.3,87.6,0.0
5774,49.867942,2.835636,83.0,191.3,87.6,0.0
5775,49.867211,2.835408,83.0,191.3,87.6,0.0
5776,49.86648,2.835181,83.0,191.3,87.6,0.0
5777,49.865749,2.834954,83.0,191.3,87.5,0.0
5778,49.865018,2.834726,83.0,191.3,87.5,0.0
5779,49.864286,2.834499,83.0,191.3,87.5,0.0
5780,49.863555,2.834271,83.0,191.3,87.5,0.0
5781,49.862824,2.834044,83.0,191.3,87.4,0.0
5782,49.862093,2.833816,83.0,191.3,87.4,0.0
5783,49.861362,2.833589,83.0,191.3,87.4,0.0
5784,49.860631,2.833361,83.0,191.3,87.4,0.0
5785,49.8599,2.833134,83.0,191.3,87.4,0.0
5786,49.859169,2.832906,83.0,191.3,87.3,0.0
5787,49.858438,2.832679,83.0,191.3,87.3,0.0
5788,49.857707,2.832451,83.0,191.3,87.3,0.0
5789,49.856976,2.832224,83.0,191.3,87.3,0.0
5790,49.856264,2.831889,82.82,196.8,87.2,0.0
5791,49.855554,2.831542,82.85,197.5,87.2,0.0
5792,49.854844,2.831196,82.85,197.5,87.2,0.0
5793,49.854135,2.830849,82.85,197.5,87.2,0.0
5794,49.853425,2.830502,82.85,197.5,87.1,0.0
5795,49.852715,2.830155,82.85,197.5,87.1,0.0
5796,49.852005,2.829808,82.85,197.5,87.1,0.0
5797,49.851295,2.829461,82.85,197.5,87.1,0.0
5798,49.850585,2.829114,82.85,197.5,87.0,0.0
5799,49.849876,2.828767,82.85,197.5,87.0,0.0
5800,49.849166,2.82842,82.85,197.5,87.0,0.0
5801,49.848456,2.828074,82.85,197.5,87.0,0.0
5802,49.847746,2.827727,82.85,197.5,86.9,0.0
5803,49.847036,2.82738,82.85,197.5,86.9,0.0
5804,49.846326,2.827033,82.85,197.5,86.9,0.0
5805,49.845616,2.826686,82.85,197.5,86.9,0.0
5806,49.844907,2.826339,82.85,197.5,86.8,0.0
5807,49.844197,2.825992,82.85,197.5,86.8,0.0
5808,49.843487,2.825645,82.85,197.5,86.8,0.0
5809,49.842777,2.825299,82.85,197.5,86.8,0.0
5810,49.842067,2.824952,82.85,197.5,86.7,0.0
5811,49.841357,2.824605,82.85,197.5,86.7,0.0
5812,49.840648,2.824258,82.85,197.5,86.7,0.0
5813,49.839938,2.823911,82.85,197.5,86.7,0.0
5814,49.839228,2.823564,82.85,197.5,86.6,0.0
5815,49.838518,2.823217,82.85,197.5,86.6,0.0
5816,49.837808,2.82287,82.85,197.5,86.6,0.0
5817,49.837098,2.822524,82.85,197.5,86.6,0.0
5818,49.836388,2.822177,82.85,197.5,86.5,0.0
5819,49.835679,2.82183,82.85,197.5,86.5,0.0
5820,49.834969,2.821483,82.85,197.5,86.5,0.0
5821,49.834259,2.821136,82.85,197.5,86.5,0.0
5822,49.833549,2.820789,82.85,197.5,86.4,0.0
5823,49.832839,2.820442,82.85,197.5,86.4,0.0
5824,49.832129,2.820095,82.85,197.5,86.4,0.0
5825,49.83142,2.819749,82.85,197.5,86.4,0.0
5826,49.83071,2.819402,82.85,197.5,86.3,0.0
5827,49.83,2.819055,82.85,197.5,86.3,0.0
5828,49.82929,2.818708,82.85,197.5,86.3,0.0
5829,49.82858,2.818361,82.85,197.5,86.3,0.0
5830,49.82787,2.818014,82.85,197.5,86.2,0.0
5831,49.82716,2.817667,82.85,197.5,86.2,0.0
5832,49.826451,2.81732,82.85,197.5,86.2,0.0
5833,49.825741,2.816973,82.85,197.5,86.1,0.0
5834,49.825031,2.816627,82.85,197.5,86.1,0.0
5835,49.824321,2.81628,82.85,197.5,86.1,0.0
5836,49.823611,2.815933,82.85,197.5,86.1,0.0
5837,49.822901,2.815586,82.85,197.5,86.0,0.0
5838,49.822192,2.815239,82.85,197.5,86.0,0.0
5839,49.821482,2.814892,82.85,197.5,86.0,0.0
5840,49.820772,2.814545,82.85,197.5,86.0,0.0
5841,49.820062,2.814198,82.85,197.5,85.9,0.0
5842,49.819352,2.813852,82.85,197.5,85.9,0.0
5843,49.818642,2.813505,82.85,197.5,85.9,0.0
5844,49.817932,2.813158,82.85,197.5,85.9,0.0
5845,49.817223,2.812811,82.85,197.5,85.8,0.0
5846,49.816513,2.812464,82.85,197.5,85.8,0.0
5847,49.815803,2.812117,82.86,197.5,85.8,0.0
5848,49.815093,2.81177,82.86,197.5,85.8,0.0
5849,49.814383,2.811423,82.86,197.5,85.7,0.0
5850,49.813673,2.811077,82.86,197.5,85.7,0.0
5851,49.812964,2.81073,82.86,197.5,85.7,0.0
5852,49.812254,2.810383,82.86,197.5,85.7,0.0
5853,49.811544,2.810036,82.86,197.5,85.6,0.0
5854,49.810834,2.809689,82.86,197.5,85.6,0.0
5855,49.810124,2.809342,82.86,197.5,85.6,0.0
5856,49.809414,2.808995,82.86,197.5,85.5,0.0
5857,49.808704,2.808648,82.86,197.5,85.5,0.0
5858,49.807995,2.808302,82.86,197.5,85.5,0.0
5859,49.807285,2.807955,82.86,197.5,85.5,0.0
5860,49.806575,2.807608,82.86,197.5,85.4,0.0
5861,49.805865,2.807261,82.86,197.5,85.4,0.0
5862,49.805155,2.806914,82.86,197.5,85.4,0.0
5863,49.804445,2.806567,82.86,197.5,85.4,0.0
5864,49.803736,2.80622,82.86,197.5,85.3,0.0
5865,49.803026,2.805873,82.86,197.5,85.3,0.0
5866,49.802316,2.805527,82.86,197.5,85.3,0.0
5867,49.801606,2.80518,82.86,197.5,85.3,0.0
5868,49.800896,2.804833,82.86,197.5,85.2,0.0
5869,49.800186,2.804486,82.86,197.5,85.2,0.0
5870,49.799477,2.804139,82.86,197.5,85.2,0.0
5871,49.798767,2.803792,82.86,197.5,85.1,0.0
5872,49.798057,2.803445,82.86,197.5,85.1,0.0
5873,49.797347,2.803098,82.86,197.5,85.1,0.0
5874,49.796637,2.802751,82.86,197.5,85.1,0.0
5875,49.795927,2.802405,82.86,197.5,85.0,0.0
5876,49.795217,2.802058,82.86,197.5,85.0,0.0
5877,49.794508,2.801711,82.86,197.5,85.0,0.0
5878,49.793798,2.801364,82.86,197.5,85.0,0.0
5879,49.793088,2.801017,82.86,197.5,84.9,0.0
5880,49.792378,2.80067,82.86,197.5,84.9,0.0
5881,49.791668,2.800323,82.86,197.5,84.9,0.0
5882,49.790958,2.799976,82.86,197.5,84.8,0.0
5883,49.790249,2.79963,82.86,197.5,84.8,0.0
5884,49.789539,2.799283,82.86,197.5,84.8,0.0
5885,49.788829,2.798936,82.86,197.5,84.8,0.0
5886,49.788119,2.798589,82.86,197.5,84.7,0.0
5887,49.787409,2.798242,82.86,197.5,84.7,0.0
5888,49.786699,2.797895,82.86,197.5,84.7,0.0
5889,49.785989,2.797548,82.86,197.5,84.7,0.0
5890,49.78528,2.797201,82.86,197.5,84.6,0.0
5891,49.78457,2.796855,82.86,197.5,84.6,0.0
5892,49.78386,2.796508,82.86,197.5,84.6,0.0
5893,49.78315,2.796161,82.86,197.5,84.5,0.0
5894,49.78244,2.795814,82.86,197.5,84.5,0.0
5895,49.78173,2.795467,82.86,197.5,84.5,0.0
5896,49.781021,2.79512,82.86,197.5,84.5,0.0
5897,49.780311,2.794773,82.86,197.5,84.4,0.0
5898,49.779601,2.794426,82.86,197.5,84.4,0.0
5899,49.778891,2.79408,82.86,197.5,84.4,0.0
5900,49.778181,2.793733,82.86,197.5,84.3,0.0
5901,49.777471,2.793386,82.86,197.5,84.3,0.0
5902,49.776761,2.793039,82.86,197.5,84.3,0.0
5903,49.776052,2.792692,82.86,197.5,84.3,0.0
5904,49.775342,2.792345,82.86,197.5,84.2,0.0
5905,49.774632,2.791998,82.86,197.5,84.2,0.0
5906,49.773922,2.791651,82.86,197.5,84.2,0.0
5907,49.773212,2.791305,82.86,197.5,84.1,0.0
5908,49.772502,2.790958,82.86,197.5,84.1,0.0
5909,49.771793,2.790611,82.86,197.5,84.1,0.0
5910,49.771083,2.790264,82.86,197.5,84.1,0.0
5911,49.770373,2.789917,82.86,197.5,84.0,0.0
5912,49.769663,2.78957,82.86,197.5,84.0,0.0
5913,49.768953,2.789223,82.86,197.5,84.0,0.0
5914,49.768243,2.788876,82.86,197.5,84.0,0.0
5915,49.767533,2.788529,82.86,197.5,83.9,0.0
5916,49.766824,2.788183,82.86,197.5,83.9,0.0
5917,49.766114,2.787836,82.86,197.5,83.9,0.0
5918,49.765404,2.787489,82.86,197.5,83.8,0.0
5919,49.764694,2.787142,82.86,197.5,83.8,0.0
5920,49.763984,2.786795,82.86,197.5,83.8,0.0
5921,49.763274,2.786448,82.86,197.5,83.8,0.0
5922,49.762565,2.786101,82.86,197.5,83.7,0.0
5923,49.761855,2.785754,82.86,197.5,83.7,0.0
5924,49.761145,2.785408,82.86,197.5,83.7,0.0
5925,49.760435,2.785061,82.86,197.5,83.6,0.0
5926,49.759725,2.784714,82.86,197.5,83.6,0.0
5927,49.759015,2.784367,82.86,197.5,83.6,0.0
5928,49.758306,2.78402,82.86,197.5,83.6,0.0
5929,49.757596,2.783673,82.86,197.5,83.5,0.0
5930,49.756886,2.783326,82.86,197.5,83.5,0.0
5931,49.756176,2.782979,82.86,197.5,83.5,0.0
5932,49.755466,2.782633,82.86,197.5,83.4,0.0
5933,49.754756,2.782286,82.86,197.5,83.4,0.0
5934,49.754046,2.781939,82.86,197.5,83.4,0.0
5935,49.753337,2.781592,82.86,197.5,83.3,0.0
5936,49.752627,2.781245,82.86,197.5,83.3,0.0
5937,49.751917,2.780898,82.86,197.5,83.3,0.0
5938,49.751207,2.780551,82.87,197.5,83.3,0.0
5939,49.750497,2.780204,82.87,197.5,83.2,0.0
5940,49.749787,2.779858,82.87,197.5,83.2,0.0
5941,49.749078,2.779511,82.87,197.5,83.2,0.0
5942,49.748368,2.779164,82.87,197.5,83.1,0.0
5943,49.747658,2.778817,82.87,197.5,83.1,0.0
5944,49.746948,2.77847,82.87,197.5,83.1,0.0
5945,49.746238,2.778123,82.87,197.5,83.1,0.0
5946,49.745528,2.777776,82.87,197.5,83.0,0.0
5947,49.744818,2.777429,82.87,197.5,83.0,0.0
5948,49.744109,2.777083,82.87,197.5,83.0,0.0
5949,49.743399,2.776736,82.87,197.5,82.9,0.0
5950,49.742689,2.776389,82.87,197.5,82.9,0.0
5951,49.741979,2.776042,82.87,197.5,82.9,0.0
5952,49.741269,2.775695,82.87,197.5,82.9,0.0
5953,49.740559,2.775348,82.87,197.5,82.8,0.0
5954,49.73985,2.775001,82.87,197.5,82.8,0.0
5955,49.73914,2.774654,82.87,197.5,82.8,0.0
5956,49.73843,2.774307,82.87,197.5,82.7,0.0
5957,49.73772,2.773961,82.87,197.5,82.7,0.0
5958,49.73701,2.773614,82.87,197.5,82.7,0.0
5959,49.7363,2.773267,82.87,197.5,82.6,0.0
5960,49.73559,2.77292,82.87,197.5,82.6,0.0
5961,49.734881,2.772573,82.87,197.5,82.6,0.0
5962,49.734171,2.772226,82.87,197.5,82.6,0.0
5963,49.733461,2.771879,82.87,197.5,82.5,0.0
5964,49.732751,2.771532,82.87,197.5,82.5,0.0
5965,49.732041,2.771186,82.87,197.5,82.5,0.0
5966,49.731331,2.770839,82.87,197.5,82.4,0.0
5967,49.730622,2.770492,82.87,197.5,82.4,0.0
5968,49.729912,2.770145,82.87,197.5,82.4,0.0
5969,49.729202,2.769798,82.87,197.5,82.3,0.0
5970,49.728492,2.769451,82.87,197.5,82.3,0.0
5971,49.727782,2.769104,82.87,197.5,82.3,0.0
5972,49.727072,2.768757,82.87,197.5,82.3,0.0
5973,49.726362,2.768411,82.87,197.5,82.2,0.0
5974,49.725653,2.768064,82.87,197.5,82.2,0.0
5975,49.724943,2.767717,82.87,197.5,82.2,0.0
5976,49.724233,2.76737,82.87,197.5,82.1,0.0
5977,49.723523,2.767023,82.87,197.5,82.1,0.0
5978,49.722813,2.766676,82.87,197.5,82.1,0.0
5979,49.722103,2.766329,82.87,197.5,82.0,0.0
5980,49.721394,2.765982,82.87,197.5,82.0,0.0
5981,49.720684,2.765636,82.87,197.5,82.0,0.0
5982,49.719974,2.765289,82.87,197.5,82.0,0.0
5983,49.719264,2.764942,82.87,197.5,81.9,0.0
5984,49.718554,2.764595,82.87,197.5,81.9,0.0
5985,49.717844,2.764248,82.87,197.5,81.9,0.0
5986,49.717135,2.763901,82.87,197.5,81.8,0.0
5987,49.716425,2.763554,82.87,197.5,81.8,0.0
5988,49.715715,2.763207,82.87,197.5,81.8,0.0
5989,49.715005,2.76286,82.87,197.5,81.7,0.0
5990,49.714295,2.762514,82.87,197.5,81.7,0.0
5991,49.713585,2.762167,82.87,197.5,81.7,0.0
5992,49.712875,2.76182,82.87,197.5,81.7,0.0
5993,49.712166,2.761473,82.87,197.5,81.6,0.0
5994,49.711456,2.761126,82.87,197.5,81.6,0.0
5995,49.710746,2.760779,82.87,197.5,81.6,0.0
5996,49.710036,2.760432,82.87,197.5,81.5,0.0
5997,49.709326,2.760085,82.87,197.5,81.5,0.0
5998,49.708616,2.759739,82.87,197.5,81.5,0.0
5999,49.707907,2.759392,82.87,197.5,81.4,0.0
6000,49.707197,2.759045,82.87,197.5,81.4,0.0
6001,49.706487,2.758698,82.87,197.5,81.4,0.0
6002,49.705777,2.758351,82.87,197.5,81.3,0.0
6003,49.705067,2.758004,82.87,197.5,81.3,0.0
6004,49.704357,2.757657,82.87,197.5,81.3,0.0
6005,49.703647,2.75731,82.87,197.5,81.3,0.0
6006,49.702938,2.756964,82.87,197.5,81.2,0.0
6007,49.702228,2.756617,82.87,197.5,81.2,0.0
6008,49.701518,2.75627,82.87,197.5,81.2,0.0
6009,49.700808,2.755923,82.87,197.5,81.1,0.0
6010,49.700098,2.755576,82.87,197.5,81.1,0.0
6011,49.699388,2.755229,82.87,197.5,81.1,0.0
6012,49.698679,2.754882,82.87,197.5,81.0,0.0
6013,49.697969,2.754535,82.87,197.5,81.0,0.0
6014,49.697259,2.754189,82.87,197.5,81.0,0.0
6015,49.696549,2.753842,82.87,197.5,80.9,0.0
6016,49.695839,2.753495,82.87,197.5,80.9,0.0
6017,49.695129,2.753148,82.87,197.5,80.9,0.0
6018,49.694419,2.752801,82.87,197.5,80.8,0.0
6019,49.69371,2.752454,82.87,197.5,80.8,0.0
6020,49.693,2.752107,82.87,197.5,80.8,0.0
6021,49.69229,2.75176,82.87,197.5,80.8,0.0
6022,49.69158,2.751414,82.87,197.5,80.7,0.0
6023,49.69087,2.751067,82.87,197.5,80.7,0.0
6024,49.69016,2.75072,82.87,197.5,80.7,0.0
6025,49.689451,2.750373,82.87,197.5,80.6,0.0
6026,49.688741,2.750026,82.87,197.5,80.6,0.0
6027,49.688031,2.749679,82.87,197.5,80.6,0.0
6028,49.687321,2.749332,82.87,197.5,80.5,0.0
6029,49.686611,2.748985,82.88,197.5,80.5,0.0
6030,49.685901,2.748638,82.88,197.5,80.5,0.0
6031,49.685191,2.748292,82.88,197.5,80.4,0.0
6032,49.684482,2.747945,82.88,197.5,80.4,0.0
6033,49.683772,2.747598,82.88,197.5,80.4,0.0
6034,49.683062,2.747251,82.88,197.5,80.3,0.0
6035,49.682352,2.746904,82.88,197.5,80.3,0.0
6036,49.681642,2.746557,82.88,197.5,80.3,0.0
6037,49.680932,2.74621,82.88,197.5,80.3,0.0
6038,49.680223,2.745863,82.88,197.5,80.2,0.0
6039,49.679513,2.745517,82.88,197.5,80.2,0.0
6040,49.678803,2.74517,82.88,197.5,80.2,0.0
6041,49.678093,2.744823,82.88,197.5,80.1,0.0
6042,49.677383,2.744476,82.88,197.5,80.1,0.0
6043,49.676673,2.744129,82.88,197.5,80.1,0.0
6044,49.675963,2.743782,82.88,197.5,80.0,0.0
6045,49.675254,2.743435,82.88,197.5,80.0,0.0
6046,49.674544,2.743088,82.88,197.5,80.0,0.0
6047,49.673834,2.742742,82.88,197.5,79.9,0.0
6048,49.673124,2.742395,82.88,197.5,79.9,0.0
6049,49.672414,2.742048,82.88,197.5,79.9,0.0
6050,49.671704,2.741701,82.88,197.5,79.8,0.0
6051,49.670995,2.741354,82.88,197.5,79.8,0.0
6052,49.670285,2.741007,82.88,197.5,79.8,0.0
6053,49.669575,2.74066,82.88,197.6,79.7,0.0
6054,49.668865,2.740313,82.88,197.6,79.7,0.0
6055,49.668155,2.739967,82.88,197.6,79.7,0.0
6056,49.667445,2.73962,82.88,197.6,79.6,0.0
6057,49.666736,2.739273,82.88,197.6,79.6,0.0
6058,49.666026,2.738926,82.88,197.6,79.6,0.0
6059,49.665316,2.738579,82.88,197.6,79.5,0.0
6060,49.664606,2.738232,82.88,197.6,79.5,0.0
6061,49.663896,2.737885,82.88,197.6,79.5,0.0
6062,49.663186,2.737538,82.88,197.6,79.5,0.0
6063,49.662476,2.737192,82.88,197.6,79.4,0.0
6064,49.661767,2.736845,82.88,197.6,79.4,0.0
6065,49.661057,2.736498,82.88,197.6,79.4,0.0
6066,49.660347,2.736151,82.88,197.6,79.3,0.0
6067,49.659637,2.735804,82.88,197.6,79.3,0.0
6068,49.658927,2.735457,82.88,197.6,79.3,0.0
6069,49.658217,2.73511,82.88,197.6,79.2,0.0
6070,49.657508,2.734763,82.88,197.6,79.2,0.0
6071,49.656798,2.734416,82.88,197.6,79.2,0.0
6072,49.656088,2.73407,82.88,197.6,79.1,0.0
6073,49.655378,2.733723,82.88,197.6,79.1,0.0
6074,49.654668,2.733376,82.88,197.6,79.1,0.0
6075,49.653958,2.733029,82.88,197.6,79.0,0.0
6076,49.653248,2.732682,82.88,197.6,79.0,0.0
6077,49.652539,2.732335,82.88,197.6,79.0,0.0
6078,49.651829,2.731988,82.88,197.6,78.9,0.0
6079,49.651119,2.731641,82.88,197.6,78.9,0.0
6080,49.650409,2.731295,82.88,197.6,78.9,0.0
6081,49.649699,2.730948,82.88,197.6,78.8,0.0
6082,49.648989,2.730601,82.88,197.6,78.8,0.0
6083,49.64828,2.730254,82.88,197.6,78.8,0.0
6084,49.64757,2.729907,82.88,197.6,78.7,0.0
6085,49.64686,2.72956,82.88,197.6,78.7,0.0
6086,49.64615,2.729213,82.88,197.6,78.7,0.0
6087,49.64544,2.728866,82.88,197.6,78.6,0.0
6088,49.64473,2.72852,82.88,197.6,78.6,0.0
6089,49.64402,2.728173,82.88,197.6,78.6,0.0
6090,49.643311,2.727826,82.88,197.6,78.5,0.0
6091,49.642601,2.727479,82.88,197.6,78.5,0.0
6092,49.641891,2.727132,82.88,197.6,78.5,0.0
6093,49.641181,2.726785,82.88,197.6,78.4,0.0
6094,49.640471,2.726438,82.88,197.6,78.4,0.0
6095,49.639761,2.726091,82.88,197.6,78.4,0.0
6096,49.639052,2.725745,82.88,197.6,78.3,0.0
6097,49.638342,2.725398,82.88,197.6,78.3,0.0
6098,49.637632,2.725051,82.88,197.6,78.3,0.0
6099,49.636922,2.724704,82.88,197.6,78.2,0.0
6100,49.636212,2.724357,82.88,197.6,78.2,0.0
6101,49.635502,2.72401,82.88,197.6,78.2,0.0
6102,49.634792,2.723663,82.88,197.6,78.1,0.0
6103,49.634083,2.723316,82.88,197.6,78.1,0.0
6104,49.633373,2.72297,82.88,197.6,78.1,0.0
6105,49.632663,2.722623,82.88,197.6,78.0,0.0
6106,49.631953,2.722276,82.88,197.6,78.0,0.0
6107,49.631243,2.721929,82.88,197.6,78.0,0.0
6108,49.630533,2.721582,82.88,197.6,77.9,0.0
6109,49.629824,2.721235,82.88,197.6,77.9,0.0
6110,49.629114,2.720888,82.88,197.6,77.9,0.0
6111,49.628404,2.720541,82.88,197.6,77.8,0.0
6112,49.627694,2.720194,82.88,197.6,77.8,0.0
6113,49.626984,2.719848,82.88,197.6,77.8,0.0
6114,49.626274,2.719501,82.88,197.6,77.7,0.0
6115,49.625565,2.719154,82.88,197.6,77.7,0.0
6116,49.624855,2.718807,82.88,197.6,77.7,0.0
6117,49.624145,2.71846,82.88,197.6,77.6,0.0
6118,49.623435,2.718113,82.88,197.6,77.6,0.0
6119,49.622725,2.717766,82.88,197.6,77.6,0.0
6120,49.622015,2.717419,82.89,197.6,77.5,0.0
6121,49.621305,2.717073,82.89,197.6,77.5,0.0
6122,49.620596,2.716726,82.89,197.6,77.5,0.0
6123,49.619886,2.716379,82.89,197.6,77.4,0.0
6124,49.619176,2.716032,82.89,197.6,77.4,0.0
6125,49.618466,2.715685,82.89,197.6,77.4,0.0
6126,49.617756,2.715338,82.89,197.6,77.3,0.0
6127,49.617046,2.714991,82.89,197.6,77.3,0.0
6128,49.616337,2.714644,82.89,197.6,77.3,0.0
6129,49.615627,2.714298,82.89,197.6,77.2,0.0
6130,49.614917,2.713951,82.89,197.6,77.2,0.0
6131,49.614207,2.713604,82.89,197.6,77.2,0.0
6132,49.613497,2.713257,82.89,197.6,77.1,0.0
6133,49.612787,2.71291,82.89,197.6,77.1,0.0
6134,49.612077,2.712563,82.89,197.6,77.1,0.0
6135,49.611368,2.712216,82.89,197.6,77.0,0.0
6136,49.610658,2.711869,82.89,197.6,77.0,0.0
6137,49.609948,2.711523,82.89,197.6,77.0,0.0
6138,49.609238,2.711176,82.89,197.6,76.9,0.0
6139,49.608528,2.710829,82.89,197.6,76.9,0.0
6140,49.607818,2.710482,82.89,197.6,76.9,0.0
6141,49.607109,2.710135,82.89,197.6,76.8,0.0
6142,49.606399,2.709788,82.89,197.6,76.8,0.0
6143,49.605689,2.709441,82.89,197.6,76.8,0.0
6144,49.604979,2.709094,82.89,197.6,76.7,0.0
6145,49.604269,2.708748,82.89,197.6,76.7,0.0
6146,49.603559,2.708401,82.89,197.6,76.7,0.0
6147,49.602849,2.708054,82.89,197.6,76.6,0.0
6148,49.60214,2.707707,82.89,197.6,76.6,0.0
6149,49.60143,2.70736,82.89,197.6,76.6,0.0
6150,49.60072,2.707013,82.89,197.6,76.5,0.0
6151,49.60001,2.706666,82.89,197.6,76.5,0.0
6152,49.5993,2.706319,82.89,197.6,76.4,0.0
6153,49.59859,2.705972,82.89,197.6,76.4,0.0
6154,49.597881,2.705626,82.89,197.6,76.4,0.0
6155,49.597171,2.705279,82.89,197.6,76.3,0.0
6156,49.596461,2.704932,82.89,197.6,76.3,0.0
6157,49.595751,2.704585,82.89,197.6,76.3,0.0
6158,49.595041,2.704238,82.89,197.6,76.2,0.0
6159,49.594331,2.703891,82.89,197.6,76.2,1.0
6160,49.593621,2.703544,82.89,197.6,76.2,1.0
6161,49.592912,2.703197,82.89,197.6,76.1,1.0
6162,49.592202,2.702851,82.89,197.6,76.1,1.0
6163,49.591492,2.702504,82.89,197.6,76.1,1.0
6164,49.590782,2.702157,82.89,197.6,76.0,1.0
6165,49.590072,2.70181,82.89,197.6,76.0,1.0
6166,49.589362,2.701463,82.89,197.6,76.0,1.0
6167,49.588653,2.701116,82.89,197.6,75.9,1.0
6168,49.587943,2.700769,82.89,197.6,75.9,1.0
6169,49.587233,2.700422,82.89,197.6,75.9,1.0
6170,49.586523,2.700076,82.89,197.6,75.8,1.0
6171,49.585813,2.699729,82.89,197.6,75.8,1.0
6172,49.585103,2.699382,82.89,197.6,75.8,1.0
6173,49.584393,2.699035,82.89,197.6,75.7,1.0
6174,49.583684,2.698688,82.89,197.6,75.7,1.0
6175,49.582974,2.698341,82.89,197.6,75.7,1.0
6176,49.582264,2.697994,82.89,197.6,75.6,1.0
6177,49.581554,2.697647,82.89,197.6,75.6,1.0
6178,49.580844,2.697301,82.89,197.6,75.5,2.0
6179,49.580134,2.696954,82.89,197.6,75.5,2.0
6180,49.579425,2.696607,82.89,197.6,75.5,2.0
6181,49.578715,2.69626,82.89,197.6,75.4,2.0
6182,49.578005,2.695913,82.89,197.6,75.4,2.0
6183,49.577295,2.695566,82.89,197.6,75.4,2.0
6184,49.576585,2.695219,82.89,197.6,75.3,2.0
6185,49.575875,2.694872,82.89,197.6,75.3,2.0
6186,49.575166,2.694525,82.89,197.6,75.3,2.0
6187,49.574456,2.694179,82.89,197.6,75.2,2.0
6188,49.573746,2.693832,82.89,197.6,75.2,2.0
6189,49.573036,2.693485,82.89,197.6,75.2,2.0
6190,49.572326,2.693138,82.89,197.6,75.1,2.0
6191,49.571616,2.692791,82.89,197.6,75.1,2.0
6192,49.570906,2.692444,82.89,197.6,75.1,2.0
6193,49.570197,2.692097,82.89,197.6,75.0,2.0
6194,49.569487,2.69175,82.89,197.6,75.0,2.0
6195,49.568777,2.691404,82.89,197.6,75.0,2.0
6196,49.568067,2.691057,82.89,197.6,74.9,2.0
6197,49.567357,2.69071,82.89,197.6,74.9,3.0
6198,49.566647,2.690363,82.89,197.6,74.8,3.0
6199,49.565938,2.690016,82.89,197.6,74.8,3.0
6200,49.565228,2.689669,82.89,197.6,74.8,3.0
6201,49.564518,2.689322,82.89,197.6,74.7,3.0
6202,49.563808,2.688975,82.89,197.6,74.7,3.0
6203,49.563098,2.688629,82.89,197.6,74.7,3.0
6204,49.562388,2.688282,82.89,197.6,74.6,3.0
6205,49.561678,2.687935,82.89,197.6,74.6,3.0
6206,49.560969,2.687588,82.89,197.6,74.6,3.0
6207,49.560259,2.687241,82.89,197.6,74.5,3.0
6208,49.559549,2.686894,82.89,197.6,74.5,3.0
6209,49.558839,2.686547,82.89,197.6,74.5,3.0
6210,49.558129,2.6862,82.89,197.6,74.4,3.0
6211,49.557419,2.685854,82.9,197.6,74.4,3.0
6212,49.55671,2.685507,82.9,197.6,74.4,3.0
6213,49.556,2.68516,82.9,197.6,74.3,3.0
6214,49.55529,2.684813,82.9,197.6,74.3,3.0
6215,49.55458,2.684466,82.9,197.6,74.2,4.0
6216,49.55387,2.684119,82.9,197.6,74.2,4.0
6217,49.55316,2.683772,82.9,197.6,74.2,4.0
6218,49.55245,2.683425,82.9,197.6,74.1,4.0
6219,49.551741,2.683079,82.9,197.6,74.1,4.0
6220,49.551031,2.682732,82.9,197.6,74.1,4.0
6221,49.550321,2.682385,82.9,197.6,74.0,4.0
6222,49.549611,2.682038,82.9,197.6,74.0,4.0
6223,49.548901,2.681691,82.9,197.6,74.0,4.0
6224,49.548191,2.681344,82.9,197.6,73.9,4.0
6225,49.547482,2.680997,82.9,197.6,73.9,4.0
6226,49.546772,2.68065,82.9,197.6,73.9,4.0
6227,49.546062,2.680303,82.9,197.6,73.8,4.0
6228,49.545352,2.679957,82.9,197.6,73.8,4.0
6229,49.544642,2.67961,82.9,197.6,73.7,4.0
6230,49.543932,2.679263,82.9,197.6,73.7,4.0
6231,49.543222,2.678916,82.9,197.6,73.7,4.0
6232,49.542513,2.678569,82.9,197.6,73.6,4.0
6233,49.541803,2.678222,82.9,197.6,73.6,4.0
6234,49.541093,2.677875,82.9,197.6,73.6,5.0
6235,49.540383,2.677528,82.9,197.6,73.5,5.0
6236,49.539673,2.677182,82.9,197.6,73.5,5.0
6237,49.538963,2.676835,82.9,197.6,73.5,5.0
6238,49.538254,2.676488,82.9,197.6,73.4,5.0
6239,49.537544,2.676141,82.9,197.6,73.4,5.0
6240,49.536834,2.675794,82.9,197.6,73.4,5.0
6241,49.536124,2.675447,82.9,197.6,73.3,5.0
6242,49.535414,2.6751,82.9,197.6,73.3,5.0
6243,49.534704,2.674753,82.9,197.6,73.2,5.0
6244,49.533995,2.674407,82.9,197.6,73.2,5.0
6245,49.533285,2.67406,82.9,197.6,73.2,5.0
6246,49.532575,2.673713,82.9,197.6,73.1,5.0
6247,49.531865,2.673366,82.9,197.6,73.1,5.0
6248,49.531155,2.673019,82.9,197.6,73.1,5.0
6249,49.530445,2.672672,82.9,197.6,73.0,5.0
6250,49.529735,2.672325,82.9,197.6,73.0,5.0
6251,49.529026,2.671978,82.9,197.6,73.0,5.0
6252,49.528316,2.671632,82.9,197.6,72.9,6.0
6253,49.527606,2.671285,82.9,197.6,72.9,6.0
6254,49.526896,2.670938,82.9,197.6,72.8,6.0
6255,49.526186,2.670591,82.9,197.6,72.8,6.0
6256,49.525476,2.670244,82.9,197.6,72.8,6.0
6257,49.524767,2.669897,82.9,197.6,72.7,6.0
6258,49.524057,2.66955,82.9,197.6,72.7,6.0
6259,49.523347,2.669203,82.9,197.6,72.7,6.0
6260,49.522637,2.668857,82.9,197.6,72.6,6.0
6261,49.521927,2.66851,82.9,197.6,72.6,6.0
6262,49.521217,2.668163,82.9,197.6,72.6,6.0
6263,49.520507,2.667816,82.9,197.6,72.5,6.0
6264,49.519798,2.667469,82.9,197.6,72.5,6.0
6265,49.519088,2.667122,82.9,197.6,72.4,6.0
6266,49.518378,2.666775,82.9,197.6,72.4,6.0
6267,49.517668,2.666428,82.9,197.6,72.4,6.0
6268,49.516958,2.666081,82.9,197.6,72.3,6.0
6269,49.516248,2.665735,82.9,197.6,72.3,6.0
6270,49.515539,2.665388,82.9,197.6,72.3,6.0
6271,49.514829,2.665041,82.9,197.6,72.2,7.0
6272,49.514119,2.664694,82.9,197.6,72.2,7.0
6273,49.513409,2.664347,82.9,197.6,72.2,7.0
6274,49.512699,2.664,82.9,197.6,72.1,7.0
6275,49.511989,2.663653,82.9,197.6,72.1,7.0
6276,49.511279,2.663306,82.9,197.6,72.0,7.0
6277,49.51057,2.66296,82.9,197.6,72.0,7.0
6278,49.50986,2.662613,82.9,197.6,72.0,7.0
6279,49.50915,2.662266,82.9,197.6,71.9,7.0
6280,49.50844,2.661919,82.9,197.6,71.9,7.0
6281,49.50773,2.661572,82.9,197.6,71.9,7.0
6282,49.50702,2.661225,82.9,197.6,71.8,7.0
6283,49.506311,2.660878,82.9,197.6,71.8,7.0
6284,49.505601,2.660531,82.9,197.6,71.8,7.0
6285,49.504891,2.660185,82.9,197.6,71.7,7.0
6286,49.504181,2.659838,82.9,197.6,71.7,7.0
6287,49.503471,2.659491,82.9,197.6,71.6,7.0
6288,49.502761,2.659144,82.9,197.6,71.6,7.0
6289,49.502051,2.658797,82.9,197.6,71.6,8.0
6290,49.501342,2.65845,82.9,197.6,71.5,8.0
6291,49.500632,2.658103,82.9,197.6,71.5,8.0
6292,49.499922,2.657756,82.9,197.6,71.5,8.0
6293,49.499212,2.65741,82.9,197.6,71.4,8.0
6294,49.498502,2.657063,82.9,197.6,71.4,8.0
6295,49.497792,2.656716,82.9,197.6,71.4,8.0
6296,49.497083,2.656369,82.9,197.6,71.3,8.0
6297,49.496373,2.656022,82.9,197.6,71.3,8.0
6298,49.495663,2.655675,82.9,197.6,71.2,8.0
6299,49.494953,2.655328,82.9,197.6,71.2,8.0
6300,49.494243,2.654981,82.9,197.6,71.2,8.0
6301,49.493533,2.654635,82.9,197.6,71.1,8.0
6302,49.492824,2.654288,82.91,197.6,71.1,8.0
6303,49.492114,2.653941,82.91,197.6,71.1,8.0
6304,49.491404,2.653594,82.91,197.6,71.0,8.0
6305,49.490694,2.653247,82.91,197.6,71.0,8.0
6306,49.489984,2.6529,82.91,197.6,70.9,8.0
6307,49.489274,2.652553,82.91,197.6,70.9,8.0
6308,49.488564,2.652206,82.91,197.6,70.9,9.0
6309,49.487855,2.651859,82.91,197.6,70.8,9.0
6310,49.487145,2.651513,82.91,197.6,70.8,9.0
6311,49.486435,2.651166,82.91,197.6,70.8,9.0
6312,49.485725,2.650819,82.91,197.6,70.7,9.0
6313,49.485015,2.650472,82.91,197.6,70.7,9.0
6314,49.484305,2.650125,82.91,197.6,70.7,9.0
6315,49.483596,2.649778,82.91,197.6,70.6,9.0
6316,49.482886,2.649431,82.91,197.6,70.6,9.0
6317,49.482176,2.649084,82.91,197.6,70.5,9.0
6318,49.481466,2.648738,82.91,197.6,70.5,9.0
6319,49.480756,2.648391,82.91,197.6,70.5,9.0
6320,49.480046,2.648044,82.91,197.6,70.4,9.0
6321,49.479336,2.647697,82.91,197.6,70.4,9.0
6322,49.478627,2.64735,82.91,197.6,70.4,9.0
6323,49.477917,2.647003,82.91,197.6,70.3,9.0
6324,49.477207,2.646656,82.91,197.6,70.3,9.0
6325,49.476497,2.646309,82.91,197.6,70.2,9.0
6326,49.475787,2.645963,82.91,197.6,70.2,10.0
6327,49.475077,2.645616,82.91,197.6,70.2,10.0
6328,49.474368,2.645269,82.91,197.6,70.1,10.0
6329,49.473658,2.644922,82.91,197.6,70.1,10.0
6330,49.472948,2.644575,82.91,197.6,70.1,10.0
6331,49.472238,2.644228,82.91,197.6,70.0,10.0
6332,49.471528,2.643881,82.91,197.6,70.0,10.0
6333,49.470818,2.643534,82.91,197.6,69.9,10.0
6334,49.470108,2.643188,82.91,197.6,69.9,10.0
6335,49.469399,2.642841,82.91,197.6,69.9,10.0
6336,49.468689,2.642494,82.91,197.6,69.8,10.0
6337,49.467979,2.642147,82.91,197.6,69.8,10.0
6338,49.467269,2.6418,82.91,197.6,69.8,10.0
6339,49.466559,2.641453,82.91,197.6,69.7,10.0
6340,49.465849,2.641106,82.91,197.6,69.7,10.0
6341,49.46514,2.640759,82.91,197.6,69.6,10.0
6342,49.46443,2.640412,82.91,197.6,69.6,10.0
6343,49.46372,2.640066,82.91,197.6,69.6,10.0
6344,49.46301,2.639719,82.91,197.6,69.5,11.0
6345,49.4623,2.639372,82.91,197.6,69.5,11.0
6346,49.46159,2.639025,82.91,197.6,69.5,11.0
6347,49.46088,2.638678,82.91,197.6,69.4,11.0
6348,49.460171,2.638331,82.91,197.6,69.4,11.0
6349,49.459461,2.637984,82.91,197.6,69.3,11.0
6350,49.458751,2.637637,82.91,197.6,69.3,11.0
6351,49.458041,2.637291,82.91,197.6,69.3,11.0
6352,49.457331,2.636944,82.91,197.6,69.2,11.0
6353,49.456621,2.636597,82.91,197.6,69.2,11.0
6354,49.455912,2.63625,82.91,197.6,69.2,11.0
6355,49.455202,2.635903,82.91,197.6,69.1,11.0
6356,49.454492,2.635556,82.91,197.6,69.1,11.0
6357,49.453782,2.635209,82.91,197.6,69.0,11.0
6358,49.453072,2.634862,82.91,197.6,69.0,11.0
6359,49.452362,2.634516,82.91,197.6,69.0,11.0
6360,49.451652,2.634169,82.91,197.6,68.9,11.0
6361,49.450943,2.633822,82.91,197.6,68.9,11.0
6362,49.450233,2.633475,82.91,197.6,68.9,12.0
6363,49.449523,2.633128,82.91,197.6,68.8,12.0
6364,49.448813,2.632781,82.91,197.6,68.8,12.0
6365,49.448103,2.632434,82.91,197.6,68.7,12.0
6366,49.447393,2.632087,82.91,197.6,68.7,12.0
6367,49.446684,2.631741,82.91,197.6,68.7,12.0
6368,49.445974,2.631394,82.91,197.6,68.6,12.0
6369,49.445264,2.631047,82.91,197.6,68.6,12.0
6370,49.444554,2.6307,82.91,197.6,68.6,12.0
6371,49.443844,2.630353,82.91,197.6,68.5,12.0
6372,49.443134,2.630006,82.91,197.6,68.5,12.0
6373,49.442425,2.629659,82.91,197.6,68.4,12.0
6374,49.441715,2.629312,82.91,197.6,68.4,12.0
6375,49.441005,2.628966,82.91,197.6,68.4,12.0
6376,49.440295,2.628619,82.91,197.6,68.3,12.0
6377,49.439585,2.628272,82.91,197.6,68.3,12.0
6378,49.438875,2.627925,82.91,197.6,68.3,12.0
6379,49.438165,2.627578,82.91,197.6,68.2,12.0
6380,49.437456,2.627231,82.91,197.6,68.2,13.0
6381,49.436746,2.626884,82.91,197.6,68.1,13.0
6382,49.436036,2.626537,82.91,197.6,68.1,13.0
6383,49.435326,2.62619,82.91,197.6,68.1,13.0
6384,49.434616,2.625844,82.91,197.6,68.0,13.0
6385,49.433906,2.625497,82.91,197.6,68.0,13.0
6386,49.433197,2.62515,82.91,197.6,68.0,13.0
6387,49.432487,2.624803,82.91,197.6,67.9,13.0
6388,49.431777,2.624456,82.91,197.6,67.9,13.0
6389,49.431067,2.624109,82.91,197.6,67.8,13.0
6390,49.430357,2.623762,82.91,197.6,67.8,13.0
6391,49.429647,2.623415,82.91,197.6,67.8,13.0
6392,49.428937,2.623069,82.91,197.6,67.7,13.0
6393,49.428228,2.622722,82.92,197.6,67.7,13.0
6394,49.427518,2.622375,82.92,197.6,67.6,13.0
6395,49.426808,2.622028,82.92,197.6,67.6,13.0
6396,49.426098,2.621681,82.92,197.6,67.6,13.0
6397,49.425388,2.621334,82.92,197.6,67.5,13.0
6398,49.424678,2.620987,82.92,197.6,67.5,13.0
6399,49.423969,2.62064,82.92,197.6,67.5,14.0
6400,49.423259,2.620294,82.92,197.6,67.4,14.0
6401,49.422549,2.619947,82.92,197.6,67.4,14.0
6402,49.421839,2.6196,82.92,197.6,67.3,14.0
6403,49.421129,2.619253,82.92,197.6,67.3,14.0
6404,49.420419,2.618906,82.92,197.6,67.3,14.0
6405,49.419709,2.618559,82.92,197.6,67.2,14.0
6406,49.419,2.618212,82.92,197.6,67.2,14.0
6407,49.41829,2.617865,82.92,197.6,67.2,14.0
6408,49.41758,2.617519,82.92,197.6,67.1,14.0
6409,49.41687,2.617172,82.92,197.6,67.1,14.0
6410,49.41616,2.616825,82.92,197.6,67.0,14.0
6411,49.41545,2.616478,82.92,197.6,67.0,14.0
6412,49.414741,2.616131,82.92,197.6,67.0,14.0
6413,49.414031,2.615784,82.92,197.6,66.9,14.0
6414,49.413321,2.615437,82.92,197.6,66.9,14.0
6415,49.412611,2.61509,82.92,197.6,66.9,14.0
6416,49.411901,2.614744,82.92,197.6,66.8,14.0
6417,49.411191,2.614397,82.92,197.6,66.8,15.0
6418,49.410481,2.61405,82.92,197.6,66.7,15.0
6419,49.409772,2.613703,82.92,197.6,66.7,15.0
6420,49.409062,2.613356,82.92,197.6,66.7,15.0
6421,49.408352,2.613009,82.92,197.6,66.6,15.0
6422,49.407642,2.612662,82.92,197.6,66.6,15.0
6423,49.406932,2.612315,82.92,197.6,66.5,15.0
6424,49.406222,2.611968,82.92,197.6,66.5,15.0
6425,49.405513,2.611622,82.92,197.6,66.5,15.0
6426,49.404803,2.611275,82.92,197.6,66.4,15.0
6427,49.404093,2.610928,82.92,197.6,66.4,15.0
6428,49.403383,2.610581,82.92,197.6,66.4,15.0
6429,49.402673,2.610234,82.92,197.6,66.3,15.0
6430,49.401963,2.609887,82.92,197.6,66.3,15.0
6431,49.401254,2.60954,82.92,197.6,66.2,15.0
6432,49.400544,2.609193,82.92,197.6,66.2,15.0
6433,49.399834,2.608847,82.92,197.6,66.2,15.0
6434,49.399124,2.6085,82.92,197.6,66.1,15.0
6435,49.398414,2.608153,82.92,197.6,66.1,16.0
6436,49.397704,2.607806,82.92,197.6,66.0,16.0
6437,49.396994,2.607459,82.92,197.6,66.0,16.0
6438,49.396285,2.607112,82.92,197.6,66.0,16.0
6439,49.395575,2.606765,82.92,197.6,65.9,16.0
6440,49.394865,2.606418,82.92,197.6,65.9,16.0
6441,49.394155,2.606072,82.92,197.6,65.9,16.0
6442,49.393445,2.605725,82.92,197.6,65.8,16.0
6443,49.392735,2.605378,82.92,197.6,65.8,16.0
6444,49.392026,2.605031,82.92,197.6,65.7,16.0
6445,49.391316,2.604684,82.92,197.6,65.7,16.0
6446,49.390606,2.604337,82.92,197.6,65.7,16.0
6447,49.389896,2.60399,82.92,197.6,65.6,16.0
6448,49.389186,2.603643,82.92,197.6,65.6,16.0
6449,49.388476,2.603297,82.92,197.6,65.5,16.0
6450,49.387766,2.60295,82.92,197.6,65.5,16.0
6451,49.387057,2.602603,82.92,197.6,65.5,16.0
6452,49.386347,2.602256,82.92,197.6,65.4,16.0
6453,49.385637,2.601909,82.92,197.6,65.4,17.0
6454,49.384927,2.601562,82.92,197.6,65.4,17.0
6455,49.384217,2.601215,82.92,197.6,65.3,17.0
6456,49.383507,2.600868,82.92,197.6,65.3,17.0
6457,49.382798,2.600522,82.92,197.6,65.2,17.0
6458,49.382088,2.600175,82.92,197.6,65.2,17.0
6459,49.381378,2.599828,82.92,197.6,65.2,17.0
6460,49.380668,2.599481,82.92,197.6,65.1,17.0
6461,49.379958,2.599134,82.92,197.6,65.1,17.0
6462,49.379248,2.598787,82.92,197.6,65.0,17.0
6463,49.378538,2.59844,82.92,197.6,65.0,17.0
6464,49.377829,2.598093,82.92,197.6,65.0,17.0
6465,49.377119,2.597746,82.92,197.6,64.9,17.0
6466,49.376409,2.5974,82.92,197.6,64.9,17.0
6467,49.375699,2.597053,82.92,197.6,64.9,17.0
6468,49.374989,2.596706,82.92,197.6,64.8,17.0
6469,49.374279,2.596359,82.92,197.6,64.8,17.0
6470,49.37357,2.596012,82.92,197.7,64.7,17.0
6471,49.37286,2.595665,82.92,197.7,64.7,18.0
6472,49.37215,2.595318,82.92,197.7,64.7,18.0
6473,49.37144,2.594971,82.92,197.7,64.6,18.0
6474,49.37073,2.594625,82.92,197.7,64.6,18.0
6475,49.37002,2.594278,82.92,197.7,64.5,18.0
6476,49.36931,2.593931,82.92,197.7,64.5,18.0
6477,49.368601,2.593584,82.92,197.7,64.5,18.0
6478,49.367891,2.593237,82.92,197.7,64.4,18.0
6479,49.367181,2.59289,82.92,197.7,64.4,18.0
6480,49.366471,2.592543,82.92,197.7,64.4,18.0
6481,49.365761,2.592196,82.92,197.7,64.3,18.0
6482,49.365051,2.59185,82.92,197.7,64.3,18.0
6483,49.364342,2.591503,82.92,197.7,64.2,18.0
6484,49.363632,2.591156,82.93,197.7,64.2,18.0
6485,49.362922,2.590809,82.93,197.7,64.2,18.0
6486,49.362212,2.590462,82.93,197.7,64.1,18.0
6487,49.361502,2.590115,82.93,197.7,64.1,18.0
6488,49.360792,2.589768,82.93,197.7,64.0,18.0
6489,49.360082,2.589421,82.93,197.7,64.0,19.0
6490,49.359373,2.589075,82.93,197.7,64.0,19.0
6491,49.358663,2.588728,82.93,197.7,63.9,19.0
6492,49.357953,2.588381,82.93,197.7,63.9,19.0
6493,49.357243,2.588034,82.93,197.7,63.9,19.0
6494,49.356533,2.587687,82.93,197.7,63.8,19.0
6495,49.355823,2.58734,82.93,197.7,63.8,19.0
6496,49.355114,2.586993,82.93,197.7,63.7,19.0
6497,49.354404,2.586646,82.93,197.7,63.7,19.0
6498,49.353694,2.586299,82.93,197.7,63.7,19.0
6499,49.352984,2.585953,82.93,197.7,63.6,19.0
6500,49.352274,2.585606,82.93,197.7,63.6,19.0
6501,49.351564,2.585259,82.93,197.7,63.5,19.0
6502,49.350855,2.584912,82.93,197.7,63.5,19.0
6503,49.350145,2.584565,82.93,197.7,63.5,19.0
6504,49.349435,2.584218,82.93,197.7,63.4,19.0
6505,49.348725,2.583871,82.93,197.7,63.4,19.0
6506,49.348015,2.583524,82.93,197.7,63.4,19.0
6507,49.347305,2.583178,82.93,197.7,63.3,20.0
6508,49.346595,2.582831,82.93,197.7,63.3,20.0
6509,49.345886,2.582484,82.93,197.7,63.2,20.0
6510,49.345176,2.582137,82.93,197.7,63.2,20.0
6511,49.344466,2.58179,82.93,197.7,63.2,20.0
6512,49.343756,2.581443,82.93,197.7,63.1,20.0
6513,49.343046,2.581096,82.93,197.7,63.1,20.0
6514,49.342336,2.580749,82.93,197.7,63.0,20.0
6515,49.341627,2.580403,82.93,197.7,63.0,20.0
6516,49.340917,2.580056,82.93,197.7,63.0,20.0
6517,49.340207,2.579709,82.93,197.7,62.9,20.0
6518,49.339497,2.579362,82.93,197.7,62.9,20.0
6519,49.338787,2.579015,82.93,197.7,62.8,20.0
6520,49.338077,2.578668,82.93,197.7,62.8,20.0
6521,49.337367,2.578321,82.93,197.7,62.8,20.0
6522,49.336658,2.577974,82.93,197.7,62.7,20.0
6523,49.335948,2.577628,82.93,197.7,62.7,20.0
6524,49.335238,2.577281,82.93,197.7,62.7,21.0
6525,49.334528,2.576934,82.93,197.7,62.6,21.0
6526,49.333818,2.576587,82.93,197.7,62.6,21.0
6527,49.333108,2.57624,82.93,197.7,62.5,21.0
6528,49.332399,2.575893,82.93,197.7,62.5,21.0
6529,49.331689,2.575546,82.93,197.7,62.5,21.0
6530,49.330979,2.575199,82.93,197.7,62.4,21.0
6531,49.330269,2.574853,82.93,197.7,62.4,21.0
6532,49.329559,2.574506,82.93,197.7,62.3,21.0
6533,49.328849,2.574159,82.93,197.7,62.3,21.0
6534,49.328139,2.573812,82.93,197.7,62.3,21.0
6535,49.32743,2.573465,82.93,197.7,62.2,21.0
6536,49.32672,2.573118,82.93,197.7,62.2,21.0
6537,49.32601,2.572771,82.93,197.7,62.1,21.0
6538,49.3253,2.572424,82.93,197.7,62.1,21.0
6539,49.32459,2.572077,82.93,197.7,62.1,21.0
6540,49.32388,2.571731,82.93,197.7,62.0,21.0
6541,49.323171,2.571384,82.93,197.7,62.0,21.0
6542,49.322461,2.571037,82.93,197.7,62.0,22.0
6543,49.321751,2.57069,82.93,197.7,61.9,22.0
6544,49.321041,2.570343,82.93,197.7,61.9,22.0
6545,49.320331,2.569996,82.93,197.7,61.8,22.0
6546,49.319621,2.569649,82.93,197.7,61.8,22.0
6547,49.318911,2.569302,82.93,197.7,61.8,22.0
6548,49.318202,2.568956,82.93,197.7,61.7,22.0
6549,49.317492,2.568609,82.93,197.7,61.7,22.0
6550,49.316782,2.568262,82.93,197.7,61.6,22.0
6551,49.316072,2.567915,82.93,197.7,61.6,22.0
6552,49.315362,2.567568,82.93,197.7,61.6,22.0
6553,49.314652,2.567221,82.93,197.7,61.5,22.0
6554,49.313943,2.566874,82.93,197.7,61.5,22.0
6555,49.313233,2.566527,82.93,197.7,61.5,22.0
6556,49.312523,2.566181,82.93,197.7,61.4,22.0
6557,49.311813,2.565834,82.93,197.7,61.4,22.0
6558,49.311103,2.565487,82.93,197.7,61.3,22.0
6559,49.310393,2.56514,82.93,197.7,61.3,22.0
6560,49.309684,2.564793,82.93,197.7,61.3,23.0
6561,49.308974,2.564446,82.93,197.7,61.2,23.0
6562,49.308264,2.564099,82.93,197.7,61.2,23.0
6563,49.307554,2.563752,82.93,197.7,61.1,23.0
6564,49.306844,2.563406,82.93,197.7,61.1,23.0
6565,49.306134,2.563059,82.93,197.7,61.1,23.0
6566,49.305424,2.562712,82.93,197.7,61.0,23.0
6567,49.304715,2.562365,82.93,197.7,61.0,23.0
6568,49.304005,2.562018,82.93,197.7,60.9,23.0
6569,49.303295,2.561671,82.93,197.7,60.9,23.0
6570,49.302585,2.561324,82.93,197.7,60.9,23.0
6571,49.301875,2.560977,82.93,197.7,60.8,23.0
6572,49.301165,2.560631,82.93,197.7,60.8,23.0
6573,49.300456,2.560284,82.93,197.7,60.8,23.0
6574,49.299746,2.559937,82.93,197.7,60.7,23.0
6575,49.299036,2.55959,82.94,197.7,60.7,23.0
6576,49.298326,2.559243,82.94,197.7,60.6,23.0
6577,49.297616,2.558896,82.94,197.7,60.6,23.0
6578,49.296906,2.558549,82.94,197.7,60.6,24.0
6579,49.296196,2.558202,82.94,197.7,60.5,24.0
6580,49.295487,2.557855,82.94,197.7,60.5,24.0
6581,49.294777,2.557509,82.94,197.7,60.4,24.0
6582,49.294067,2.557162,82.94,197.7,60.4,24.0
6583,49.293357,2.556815,82.94,197.7,60.4,24.0
6584,49.292647,2.556468,82.94,197.7,60.3,24.0
6585,49.291937,2.556121,82.94,197.7,60.3,24.0
6586,49.291228,2.555774,82.94,197.7,60.2,24.0
6587,49.290518,2.555427,82.94,197.7,60.2,24.0
6588,49.289808,2.55508,82.94,197.7,60.2,24.0
6589,49.289098,2.554734,82.94,197.7,60.1,24.0
6590,49.288388,2.554387,82.94,197.7,60.1,24.0
6591,49.287678,2.55404,82.94,197.7,60.1,24.0
6592,49.286968,2.553693,82.94,197.7,60.0,24.0
6593,49.286259,2.553346,82.94,197.7,60.0,24.0
6594,49.285549,2.552999,82.94,197.7,59.9,24.0
6595,49.284839,2.552652,82.94,197.7,59.9,24.0
6596,49.284129,2.552305,82.94,197.7,59.9,25.0
6597,49.283419,2.551959,82.94,197.7,59.8,25.0
6598,49.282709,2.551612,82.94,197.7,59.8,25.0
6599,49.282,2.551265,82.94,197.7,59.7,25.0
6600,49.28129,2.550918,82.94,197.7,59.7,25.0
6601,49.28058,2.550571,82.94,197.7,59.7,25.0
6602,49.27987,2.550224,82.94,197.7,59.6,25.0
6603,49.27916,2.549877,82.94,197.7,59.6,25.0
6604,49.27845,2.54953,82.94,197.7,59.5,25.0
6605,49.27774,2.549184,82.94,197.7,59.5,25.0
6606,49.277031,2.548837,82.94,197.7,59.5,25.0
6607,49.276321,2.54849,82.94,197.7,59.4,25.0
6608,49.275611,2.548143,82.94,197.7,59.4,25.0
6609,49.274901,2.547796,82.94,197.7,59.4,25.0
6610,49.274191,2.547449,82.94,197.7,59.3,25.0
6611,49.273481,2.547102,82.94,197.7,59.3,25.0
6612,49.272772,2.546755,82.94,197.7,59.2,25.0
6613,49.272062,2.546409,82.94,197.7,59.2,25.0
6614,49.271352,2.546062,82.94,197.7,59.2,26.0
6615,49.270642,2.545715,82.94,197.7,59.1,26.0
6616,49.269932,2.545368,82.94,197.7,59.1,26.0
6617,49.269222,2.545021,82.94,197.7,59.0,26.0
6618,49.268512,2.544674,82.94,197.7,59.0,26.0
6619,49.267803,2.544327,82.94,197.7,59.0,26.0
6620,49.267093,2.54398,82.94,197.7,58.9,26.0
6621,49.266383,2.543633,82.94,197.7,58.9,26.0
6622,49.265673,2.543287,82.94,197.7,58.8,26.0
6623,49.264963,2.54294,82.94,197.7,58.8,26.0
6624,49.264253,2.542593,82.94,197.7,58.8,26.0
6625,49.263544,2.542246,82.94,197.7,58.7,26.0
6626,49.262834,2.541899,82.94,197.7,58.7,26.0
6627,49.262124,2.541552,82.94,197.7,58.7,26.0
6628,49.261414,2.541205,82.94,197.7,58.6,26.0
6629,49.260704,2.540858,82.94,197.7,58.6,26.0
6630,49.259994,2.540512,82.94,197.7,58.5,26.0
6631,49.259285,2.540165,82.94,197.7,58.5,27.0
6632,49.258575,2.539818,82.94,197.7,58.5,27.0
6633,49.257865,2.539471,82.94,197.7,58.4,27.0
6634,49.257155,2.539124,82.94,197.7,58.4,27.0
6635,49.256445,2.538777,82.94,197.7,58.3,27.0
6636,49.255735,2.53843,82.94,197.7,58.3,27.0
6637,49.255025,2.538083,82.94,197.7,58.3,27.0
6638,49.254316,2.537737,82.94,197.7,58.2,27.0
6639,49.253606,2.53739,82.94,197.7,58.2,27.0
6640,49.252896,2.537043,82.94,197.7,58.1,27.0
6641,49.252186,2.536696,82.94,197.7,58.1,27.0
6642,49.251476,2.536349,82.94,197.7,58.1,27.0
6643,49.250766,2.536002,82.94,197.7,58.0,27.0
6644,49.250057,2.535655,82.94,197.7,58.0,27.0
6645,49.249347,2.535308,82.94,197.7,58.0,27.0
6646,49.248637,2.534962,82.94,197.7,57.9,27.0
6647,49.247927,2.534615,82.94,197.7,57.9,27.0
6648,49.247217,2.534268,82.94,197.7,57.8,27.0
6649,49.246507,2.533921,82.94,197.7,57.8,28.0
6650,49.245797,2.533574,82.94,197.7,57.8,28.0
6651,49.245088,2.533227,82.94,197.7,57.7,28.0
6652,49.244378,2.53288,82.94,197.7,57.7,28.0
6653,49.243668,2.532533,82.94,197.7,57.6,28.0
6654,49.242958,2.532186,82.94,197.7,57.6,28.0
6655,49.242248,2.53184,82.94,197.7,57.6,28.0
6656,49.241538,2.531493,82.94,197.7,57.5,28.0
6657,49.240829,2.531146,82.94,197.7,57.5,28.0
6658,49.240119,2.530799,82.94,197.7,57.4,28.0
6659,49.239409,2.530452,82.94,197.7,57.4,28.0
6660,49.238699,2.530105,82.94,197.7,57.4,28.0
6661,49.237989,2.529758,82.94,197.7,57.3,28.0
6662,49.237279,2.529411,82.94,197.7,57.3,28.0
6663,49.236569,2.529065,82.94,197.7,57.3,28.0
6664,49.23586,2.528718,82.94,197.7,57.2,28.0
6665,49.23515,2.528371,82.95,197.7,57.2,28.0
6666,49.23444,2.528024,82.95,197.7,57.1,28.0
6667,49.23373,2.527677,82.95,197.7,57.1,29.0
6668,49.23302,2.52733,82.95,197.7,57.1,29.0
6669,49.23231,2.526983,82.95,197.7,57.0,29.0
6670,49.231601,2.526636,82.95,197.7,57.0,29.0
6671,49.230891,2.52629,82.95,197.7,56.9,29.0
6672,49.230181,2.525943,82.95,197.7,56.9,29.0
6673,49.229471,2.525596,82.95,197.7,56.9,29.0
6674,49.228761,2.525249,82.95,197.7,56.8,29.0
6675,49.228051,2.524902,82.95,197.7,56.8,29.0
6676,49.227341,2.524555,82.95,197.7,56.7,29.0
6677,49.226632,2.524208,82.95,197.7,56.7,29.0
6678,49.225922,2.523861,82.95,197.7,56.7,29.0
6679,49.225212,2.523515,82.95,197.7,56.6,29.0
6680,49.224502,2.523168,82.95,197.7,56.6,29.0
6681,49.223792,2.522821,82.95,197.7,56.6,29.0
6682,49.223082,2.522474,82.95,197.7,56.5,29.0
6683,49.222373,2.522127,82.95,197.7,56.5,29.0
6684,49.221663,2.52178,82.95,197.7,56.4,29.0
6685,49.220953,2.521433,82.95,197.7,56.4,30.0
6686,49.220243,2.521086,82.95,197.7,56.4,30.0
6687,49.219533,2.52074,82.95,197.7,56.3,30.0
6688,49.218823,2.520393,82.95,197.7,56.3,30.0
6689,49.218114,2.520046,82.95,197.7,56.2,30.0
6690,49.217404,2.519699,82.95,197.7,56.2,30.0
6691,49.216694,2.519352,82.95,197.7,56.2,30.0
6692,49.215984,2.519005,82.95,197.7,56.1,30.0
6693,49.215274,2.518658,82.95,197.7,56.1,30.0
6694,49.214564,2.518311,82.95,197.7,56.1,30.0
6695,49.213854,2.517964,82.95,197.7,56.0,30.0
6696,49.213145,2.517618,82.95,197.7,56.0,30.0
6697,49.212435,2.517271,82.95,197.7,55.9,30.0
6698,49.211725,2.516924,82.95,197.7,55.9,30.0
6699,49.211015,2.516577,82.95,197.7,55.9,30.0
6700,49.210305,2.51623,82.95,197.7,55.8,30.0
6701,49.209595,2.515883,82.95,197.7,55.8,30.0
6702,49.208886,2.515536,82.95,197.7,55.7,31.0
6703,49.208176,2.515189,82.95,197.7,55.7,31.0
6704,49.207466,2.514843,82.95,197.7,55.7,31.0
6705,49.206756,2.514496,82.95,197.7,55.6,31.0
6706,49.206046,2.514149,82.95,197.7,55.6,31.0
6707,49.205336,2.513802,82.95,197.7,55.6,31.0
6708,49.204626,2.513455,82.95,197.7,55.5,31.0
6709,49.203917,2.513108,82.95,197.7,55.5,31.0
6710,49.203207,2.512761,82.95,197.7,55.4,31.0
6711,49.202497,2.512414,82.95,197.7,55.4,31.0
6712,49.201787,2.512068,82.95,197.7,55.4,31.0
6713,49.201077,2.511721,82.95,197.7,55.3,31.0
6714,49.200367,2.511374,82.95,197.7,55.3,31.0
6715,49.199658,2.511027,82.95,197.7,55.2,31.0
6716,49.198948,2.51068,82.95,197.7,55.2,31.0
6717,49.198238,2.510333,82.95,197.7,55.2,31.0
6718,49.197528,2.509986,82.95,197.7,55.1,31.0
6719,49.196818,2.509639,82.95,197.7,55.1,31.0
6720,49.196108,2.509293,82.95,197.7,55.1,32.0
6721,49.195398,2.508946,82.95,197.7,55.0,32.0
6722,49.194689,2.508599,82.95,197.7,55.0,32.0
6723,49.193979,2.508252,82.95,197.7,54.9,32.0
6724,49.193269,2.507905,82.95,197.7,54.9,32.0
6725,49.192559,2.507558,82.95,197.7,54.9,32.0
6726,49.191849,2.507211,82.95,197.7,54.8,32.0
6727,49.191139,2.506864,82.95,197.7,54.8,32.0
6728,49.19043,2.506518,82.95,197.7,54.7,32.0
6729,49.18972,2.506171,82.95,197.7,54.7,32.0
6730,49.18901,2.505824,82.95,197.7,54.7,32.0
6731,49.1883,2.505477,82.95,197.7,54.6,32.0
6732,49.18759,2.50513,82.95,197.7,54.6,32.0
6733,49.18688,2.504783,82.95,197.7,54.6,32.0
6734,49.18617,2.504436,82.95,197.7,54.5,32.0
6735,49.185461,2.504089,82.95,197.7,54.5,32.0
6736,49.184751,2.503742,82.95,197.7,54.4,32.0
6737,49.184041,2.503396,82.95,197.7,54.4,32.0
6738,49.183331,2.503049,82.95,197.7,54.4,33.0
6739,49.182621,2.502702,82.95,197.7,54.3,33.0
6740,49.181911,2.502355,82.95,197.7,54.3,33.0
6741,49.181202,2.502008,82.95,197.7,54.2,33.0
6742,49.180492,2.501661,82.95,197.7,54.2,33.0
6743,49.179782,2.501314,82.95,197.7,54.2,33.0
6744,49.179072,2.500967,82.95,197.7,54.1,33.0
6745,49.178362,2.500621,82.95,197.7,54.1,33.0
6746,49.177652,2.500274,82.95,197.7,54.1,33.0
6747,49.176943,2.499927,82.95,197.7,54.0,33.0
6748,49.176233,2.49958,82.95,197.7,54.0,33.0
6749,49.175523,2.499233,82.95,197.7,53.9,33.0
6750,49.174813,2.498886,82.95,197.7,53.9,33.0
6751,49.174103,2.498539,82.95,197.7,53.9,33.0
6752,49.173393,2.498192,82.95,197.7,53.8,33.0
6753,49.172683,2.497846,82.95,197.7,53.8,33.0
6754,49.171974,2.497499,82.95,197.7,53.7,33.0
6755,49.171264,2.497152,82.95,197.7,53.7,33.0
6756,49.170554,2.496805,82.96,197.7,53.7,34.0
6757,49.169844,2.496458,82.96,197.7,53.6,34.0
6758,49.169134,2.496111,82.96,197.7,53.6,34.0
6759,49.168424,2.495764,82.96,197.7,53.6,34.0
6760,49.167715,2.495417,82.96,197.7,53.5,34.0
6761,49.167005,2.495071,82.96,197.7,53.5,34.0
6762,49.166295,2.494724,82.96,197.7,53.4,34.0
6763,49.165585,2.494377,82.96,197.7,53.4,34.0
6764,49.164875,2.49403,82.96,197.7,53.4,34.0
6765,49.164165,2.493683,82.96,197.7,53.3,34.0
6766,49.163455,2.493336,82.96,197.7,53.3,34.0
6767,49.162746,2.492989,82.96,197.7,53.2,34.0
6768,49.162036,2.492642,82.96,197.7,53.2,34.0
6769,49.161326,2.492296,82.96,197.7,53.2,34.0
6770,49.160616,2.491949,82.96,197.7,53.1,34.0
6771,49.159906,2.491602,82.96,197.7,53.1,34.0
6772,49.159196,2.491255,82.96,197.7,53.1,34.0
6773,49.158487,2.490908,82.96,197.7,53.0,34.0
6774,49.157777,2.490561,82.96,197.7,53.0,35.0
6775,49.157067,2.490214,82.96,197.7,52.9,35.0
6776,49.156357,2.489867,82.96,197.7,52.9,35.0
6777,49.155647,2.48952,82.96,197.7,52.9,35.0
6778,49.154937,2.489174,82.96,197.7,52.8,35.0
6779,49.154227,2.488827,82.96,197.7,52.8,35.0
6780,49.153518,2.48848,82.96,197.7,52.8,35.0
6781,49.152808,2.488133,82.96,197.7,52.7,35.0
6782,49.152098,2.487786,82.96,197.7,52.7,35.0
6783,49.151388,2.487439,82.96,197.7,52.6,35.0
6784,49.150678,2.487092,82.96,197.7,52.6,35.0
6785,49.149968,2.486745,82.96,197.7,52.6,35.0
6786,49.149259,2.486399,82.96,197.7,52.5,35.0
6787,49.148549,2.486052,82.96,197.7,52.5,35.0
6788,49.147839,2.485705,82.96,197.7,52.4,35.0
6789,49.147129,2.485358,82.96,197.7,52.4,35.0
6790,49.146419,2.485011,82.96,197.7,52.4,35.0
6791,49.145709,2.484664,82.96,197.7,52.3,36.0
6792,49.144999,2.484317,82.96,197.7,52.3,36.0
6793,49.14429,2.48397,82.96,197.7,52.3,36.0
6794,49.14358,2.483624,82.96,197.7,52.2,36.0
6795,49.14287,2.483277,82.96,197.7,52.2,36.0
6796,49.14216,2.48293,82.96,197.7,52.1,36.0
6797,49.14145,2.482583,82.96,197.7,52.1,36.0
6798,49.14074,2.482236,82.96,197.7,52.1,36.0
6799,49.140031,2.481889,82.96,197.7,52.0,36.0
6800,49.139321,2.481542,82.96,197.7,52.0,36.0
6801,49.138611,2.481195,82.96,197.7,52.0,36.0
6802,49.137901,2.480849,82.96,197.7,51.9,36.0
6803,49.137191,2.480502,82.96,197.7,51.9,36.0
6804,49.136481,2.480155,82.96,197.7,51.8,36.0
6805,49.135771,2.479808,82.96,197.7,51.8,36.0
6806,49.135062,2.479461,82.96,197.7,51.8,36.0
6807,49.134352,2.479114,82.96,197.7,51.7,36.0
6808,49.133642,2.478767,82.96,197.7,51.7,36.0
6809,49.132932,2.47842,82.96,197.7,51.7,37.0
6810,49.132222,2.478073,82.96,197.7,51.6,37.0
6811,49.131512,2.477727,82.96,197.7,51.6,37.0
6812,49.130803,2.47738,82.96,197.7,51.5,37.0
6813,49.130093,2.477033,82.96,197.7,51.5,37.0
6814,49.129383,2.476686,82.96,197.7,51.5,37.0
6815,49.128673,2.476339,82.96,197.7,51.4,37.0
6816,49.127963,2.475992,82.96,197.7,51.4,37.0
6817,49.127253,2.475645,82.96,197.7,51.4,37.0
6818,49.126544,2.475298,82.96,197.7,51.3,37.0
6819,49.125834,2.474952,82.96,197.7,51.3,37.0
6820,49.125124,2.474605,82.96,197.7,51.2,37.0
6821,49.124414,2.474258,82.96,197.7,51.2,37.0
6822,49.123704,2.473911,82.96,197.7,51.2,37.0
6823,49.122994,2.473564,82.96,197.7,51.1,37.0
6824,49.122284,2.473217,82.96,197.7,51.1,37.0
6825,49.121575,2.47287,82.96,197.7,51.1,37.0
6826,49.120865,2.472523,82.96,197.7,51.0,37.0
6827,49.120155,2.472177,82.96,197.7,51.0,38.0
6828,49.119445,2.47183,82.96,197.7,50.9,38.0
6829,49.118735,2.471483,82.96,197.7,50.9,38.0
6830,49.118025,2.471136,82.96,197.7,50.9,38.0
6831,49.117316,2.470789,82.96,197.7,50.8,38.0
6832,49.116606,2.470442,82.96,197.7,50.8,38.0
6833,49.115896,2.470095,82.96,197.7,50.8,38.0
6834,49.115186,2.469748,82.96,197.7,50.7,38.0
6835,49.114476,2.469402,82.96,197.7,50.7,38.0
6836,49.113766,2.469055,82.96,197.7,50.6,38.0
6837,49.113056,2.468708,82.96,197.7,50.6,38.0
6838,49.112347,2.468361,82.96,197.7,50.6,38.0
6839,49.111637,2.468014,82.96,197.7,50.5,38.0
6840,49.110927,2.467667,82.96,197.7,50.5,38.0
6841,49.110217,2.46732,82.96,197.7,50.5,38.0
6842,49.109507,2.466973,82.96,197.7,50.4,38.0
6843,49.108797,2.466627,82.96,197.7,50.4,38.0
6844,49.108088,2.46628,82.96,197.7,50.3,38.0
6845,49.107378,2.465933,82.96,197.7,50.3,39.0
6846,49.106668,2.465586,82.96,197.7,50.3,39.0
6847,49.105958,2.465239,82.97,197.7,50.2,39.0
6848,49.105248,2.464892,82.97,197.7,50.2,39.0
6849,49.104538,2.464545,82.97,197.7,50.2,39.0
6850,49.103828,2.464198,82.97,197.7,50.1,39.0
6851,49.103119,2.463851,82.97,197.7,50.1,39.0
6852,49.102409,2.463505,82.97,197.7,50.0,39.0
6853,49.101699,2.463158,82.97,197.7,50.0,39.0
6854,49.100989,2.462811,82.97,197.7,50.0,39.0
6855,49.100279,2.462464,82.97,197.7,49.9,39.0
6856,49.099569,2.462117,82.97,197.7,49.9,39.0
6857,49.09886,2.46177,82.97,197.7,49.9,39.0
6858,49.09815,2.461423,82.97,197.7,49.8,39.0
6859,49.09744,2.461076,82.97,197.7,49.8,39.0
6860,49.09673,2.46073,82.97,197.7,49.7,39.0
6861,49.09602,2.460383,82.97,197.7,49.7,39.0
6862,49.09531,2.460036,82.97,197.7,49.7,39.0
6863,49.0946,2.459689,82.97,197.7,49.6,40.0
6864,49.093891,2.459342,82.97,197.7,49.6,40.0
6865,49.093181,2.458995,82.97,197.7,49.6,40.0
6866,49.092471,2.458648,82.97,197.7,49.5,40.0
6867,49.091761,2.458301,82.97,197.7,49.5,40.0
6868,49.091051,2.457955,82.97,197.7,49.4,40.0
6869,49.090341,2.457608,82.97,197.7,49.4,40.0
6870,49.089632,2.457261,82.97,197.7,49.4,40.0
6871,49.088922,2.456914,82.97,197.7,49.3,40.0
6872,49.088212,2.456567,82.97,197.7,49.3,40.0
6873,49.087502,2.45622,82.97,197.7,49.3,40.0
6874,49.086792,2.455873,82.97,197.7,49.2,40.0
6875,49.086082,2.455526,82.97,197.7,49.2,40.0
6876,49.085373,2.45518,82.97,197.7,49.1,40.0
6877,49.084663,2.454833,82.97,197.7,49.1,40.0
6878,49.083953,2.454486,82.97,197.7,49.1,40.0
6879,49.083243,2.454139,82.97,197.7,49.0,40.0
6880,49.082533,2.453792,82.97,197.7,49.0,40.0
6881,49.081823,2.453445,82.97,197.7,49.0,41.0
6882,49.081113,2.453098,82.97,197.7,48.9,41.0
6883,49.080404,2.452751,82.97,197.7,48.9,41.0
6884,49.079694,2.452405,82.97,197.7,48.9,41.0
6885,49.078984,2.452058,82.97,197.7,48.8,41.0
6886,49.078274,2.451711,82.97,197.7,48.8,41.0
6887,49.077564,2.451364,82.97,197.7,48.7,41.0
6888,49.076854,2.451017,82.97,197.7,48.7,41.0
6889,49.076145,2.45067,82.97,197.8,48.7,41.0
6890,49.075435,2.450323,82.97,197.8,48.6,41.0
6891,49.074725,2.449976,82.97,197.8,48.6,41.0
6892,49.074015,2.449629,82.97,197.8,48.6,41.0
6893,49.073305,2.449283,82.97,197.8,48.5,41.0
6894,49.072595,2.448936,82.97,197.8,48.5,41.0
6895,49.071885,2.448589,82.97,197.8,48.4,41.0
6896,49.071176,2.448242,82.97,197.8,48.4,41.0
6897,49.070466,2.447895,82.97,197.8,48.4,41.0
6898,49.069756,2.447548,82.97,197.8,48.3,41.0
6899,49.069046,2.447201,82.97,197.8,48.3,42.0
6900,49.068336,2.446854,82.97,197.8,48.3,42.0
6901,49.067626,2.446508,82.97,197.8,48.2,42.0
6902,49.066917,2.446161,82.97,197.8,48.2,42.0
6903,49.066207,2.445814,82.97,197.8,48.2,42.0
6904,49.065497,2.445467,82.97,197.8,48.1,42.0
6905,49.064787,2.44512,82.97,197.8,48.1,42.0
6906,49.064077,2.444773,82.97,197.8,48.0,42.0
6907,49.063367,2.444426,82.97,197.8,48.0,42.0
6908,49.062657,2.444079,82.97,197.8,48.0,42.0
6909,49.061948,2.443733,82.97,197.8,47.9,42.0
6910,49.061238,2.443386,82.97,197.8,47.9,42.0
6911,49.060528,2.443039,82.97,197.8,47.9,42.0
6912,49.059818,2.442692,82.97,197.8,47.8,42.0
6913,49.059108,2.442345,82.97,197.8,47.8,42.0
6914,49.058398,2.441998,82.97,197.8,47.8,42.0
6915,49.057689,2.441651,82.97,197.8,47.7,42.0
6916,49.056979,2.441304,82.97,197.8,47.7,42.0
6917,49.056269,2.440958,82.97,197.8,47.6,43.0
6918,49.055559,2.440611,82.97,197.8,47.6,43.0
6919,49.054849,2.440264,82.97,197.8,47.6,43.0
6920,49.054139,2.439917,82.97,197.8,47.5,43.0
6921,49.053429,2.43957,82.97,197.8,47.5,43.0
6922,49.05272,2.439223,82.97,197.8,47.5,43.0
6923,49.05201,2.438876,82.97,197.8,47.4,43.0
6924,49.0513,2.438529,82.97,197.8,47.4,43.0
6925,49.05059,2.438183,82.97,197.8,47.4,43.0
6926,49.04988,2.437836,82.97,197.8,47.3,43.0
6927,49.04917,2.437489,82.97,197.8,47.3,43.0
6928,49.048461,2.437142,82.97,197.8,47.2,43.0
6929,49.047751,2.436795,82.97,197.8,47.2,43.0
6930,49.047041,2.436448,82.97,197.8,47.2,43.0
6931,49.046331,2.436101,82.97,197.8,47.1,43.0
6932,49.045621,2.435754,82.97,197.8,47.1,43.0
6933,49.044911,2.435407,82.97,197.8,47.1,43.0
6934,49.044201,2.435061,82.97,197.8,47.0,43.0
6935,49.043492,2.434714,82.97,197.8,47.0,44.0
6936,49.042782,2.434367,82.97,197.8,47.0,44.0
6937,49.042072,2.43402,82.97,197.8,46.9,44.0
6938,49.041362,2.433673,82.98,197.8,46.9,44.0
6939,49.040652,2.433326,82.98,197.8,46.8,44.0
6940,49.039942,2.432979,82.98,197.8,46.8,44.0
6941,49.039233,2.432632,82.98,197.8,46.8,44.0
6942,49.038523,2.432286,82.98,197.8,46.7,44.0
6943,49.037813,2.431939,82.98,197.8,46.7,44.0
6944,49.037103,2.431592,82.98,197.8,46.7,44.0
6945,49.036393,2.431245,82.98,197.8,46.6,44.0
6946,49.035683,2.430898,82.98,197.8,46.6,44.0
6947,49.034974,2.430551,82.98,197.8,46.6,44.0
6948,49.034264,2.430204,82.98,197.8,46.5,44.0
6949,49.033554,2.429857,82.98,197.8,46.5,44.0
6950,49.032844,2.429511,82.98,197.8,46.5,44.0
6951,49.032134,2.429164,82.98,197.8,46.4,44.0
6952,49.031424,2.428817,82.98,197.8,46.4,44.0
6953,49.030714,2.42847,82.98,197.8,46.3,45.0
6954,49.030005,2.428123,82.98,197.8,46.3,45.0
6955,49.029295,2.427776,82.98,197.8,46.3,45.0
6956,49.028585,2.427429,82.98,197.8,46.2,45.0
6957,49.027875,2.427082,82.98,197.8,46.2,45.0
6958,49.027165,2.426736,82.98,197.8,46.2,45.0
6959,49.026455,2.426389,82.98,197.8,46.1,45.0
6960,49.025746,2.426042,82.98,197.8,46.1,45.0
6961,49.025036,2.425695,82.98,197.8,46.1,45.0
6962,49.024326,2.425348,82.98,197.8,46.0,45.0
6963,49.023616,2.425001,82.98,197.8,46.0,45.0
6964,49.022906,2.424654,82.98,197.8,46.0,45.0
6965,49.022196,2.424307,82.98,197.8,45.9,45.0
6966,49.021486,2.42396,82.98,197.8,45.9,45.0
6967,49.020777,2.423614,82.98,197.8,45.8,45.0
6968,49.020067,2.423267,82.98,197.8,45.8,45.0
6969,49.019357,2.42292,82.98,197.8,45.8,45.0
6970,49.018647,2.422573,82.98,197.8,45.7,45.0
6971,49.017937,2.422226,82.98,197.8,45.7,46.0
6972,49.017227,2.421879,82.98,197.8,45.7,46.0
6973,49.016518,2.421532,82.98,197.8,45.6,46.0
6974,49.015808,2.421185,82.98,197.8,45.6,46.0
6975,49.015098,2.420839,82.98,197.8,45.6,46.0
6976,49.014388,2.420492,82.98,197.8,45.5,46.0
6977,49.013678,2.420145,82.98,197.8,45.5,46.0
6978,49.012968,2.419798,82.98,197.8,45.5,46.0
6979,49.012258,2.419451,82.98,197.8,45.4,46.0
6980,49.011549,2.419104,82.98,197.8,45.4,46.0
6981,49.010839,2.418757,82.98,197.8,45.3,46.0
6982,49.010129,2.41841,82.98,197.8,45.3,46.0
6983,49.009419,2.418064,82.98,197.8,45.3,46.0
6984,49.008709,2.417717,82.98,197.8,45.2,46.0
6985,49.007999,2.41737,82.98,197.8,45.2,46.0
6986,49.00729,2.417023,82.98,197.8,45.2,46.0
6987,49.00658,2.416676,82.98,197.8,45.1,46.0
6988,49.00587,2.416329,82.98,197.8,45.1,46.0
6989,49.00516,2.415982,82.98,197.8,45.1,47.0
6990,49.00445,2.415635,82.98,197.8,45.0,47.0
6991,49.00374,2.415289,82.98,197.8,45.0,47.0
6992,49.00303,2.414942,82.98,197.8,45.0,47.0
6993,49.002321,2.414595,82.98,197.8,44.9,47.0
6994,49.001611,2.414248,82.98,197.8,44.9,47.0
6995,49.000901,2.413901,82.98,197.8,44.9,47.0
6996,49.000191,2.413554,82.98,197.8,44.8,47.0
6997,48.999481,2.413207,82.98,197.8,44.8,47.0
6998,48.998771,2.41286,82.98,197.8,44.8,47.0
6999,48.998062,2.412514,82.98,197.8,44.7,47.0
7000,48.997352,2.412167,82.98,197.8,44.7,47.0
7001,48.996642,2.41182,82.98,197.8,44.6,47.0
7002,48.995932,2.411473,82.98,197.8,44.6,47.0
7003,48.995222,2.411126,82.98,197.8,44.6,47.0
7004,48.994512,2.410779,82.98,197.8,44.5,47.0
7005,48.993803,2.410432,82.98,197.8,44.5,47.0
7006,48.993093,2.410085,82.98,197.8,44.5,47.0
7007,48.992383,2.409738,82.98,197.8,44.4,48.0
7008,48.991673,2.409392,82.98,197.8,44.4,48.0
7009,48.990963,2.409045,82.98,197.8,44.4,48.0
7010,48.990253,2.408698,82.98,197.8,44.3,48.0
7011,48.989543,2.408351,82.98,197.8,44.3,48.0
7012,48.988834,2.408004,82.98,197.8,44.3,48.0
7013,48.988124,2.407657,82.98,197.8,44.2,48.0
7014,48.987414,2.40731,82.98,197.8,44.2,48.0
7015,48.986704,2.406963,82.98,197.8,44.2,48.0
7016,48.985994,2.406617,82.98,197.8,44.1,48.0
7017,48.985284,2.40627,82.98,197.8,44.1,48.0
7018,48.984575,2.405923,82.98,197.8,44.1,48.0
7019,48.983865,2.405576,82.98,197.8,44.0,48.0
7020,48.983155,2.405229,82.98,197.8,44.0,48.0
7021,48.982445,2.404882,82.98,197.8,44.0,48.0
7022,48.981735,2.404535,82.98,197.8,43.9,48.0
7023,48.981025,2.404188,82.98,197.8,43.9,48.0
7024,48.980315,2.403842,82.98,197.8,43.8,48.0
7025,48.979606,2.403495,82.98,197.8,43.8,49.0
7026,48.978896,2.403148,82.98,197.8,43.8,49.0
7027,48.978186,2.402801,82.98,197.8,43.7,49.0
7028,48.977476,2.402454,82.99,197.8,43.7,49.0
7029,48.976766,2.402107,82.99,197.8,43.7,49.0
7030,48.976056,2.40176,82.99,197.8,43.6,49.0
7031,48.975347,2.401413,82.99,197.8,43.6,49.0
7032,48.974637,2.401067,82.99,197.8,43.6,49.0
7033,48.973927,2.40072,82.99,197.8,43.5,49.0
7034,48.973217,2.400373,82.99,197.8,43.5,49.0
7035,48.972507,2.400026,82.99,197.8,43.5,49.0
7036,48.971797,2.399679,82.99,197.8,43.4,49.0
7037,48.971087,2.399332,82.99,197.8,43.4,49.0
7038,48.970378,2.398985,82.99,197.8,43.4,49.0
7039,48.969668,2.398638,82.99,197.8,43.3,49.0
7040,48.968958,2.398292,82.99,197.8,43.3,49.0
7041,48.968248,2.397945,82.99,197.8,43.3,49.0
7042,48.967538,2.397598,82.99,197.8,43.2,49.0
7043,48.966828,2.397251,82.99,197.8,43.2,50.0
7044,48.966119,2.396904,82.99,197.8,43.2,50.0
7045,48.965409,2.396557,82.99,197.8,43.1,50.0
7046,48.964699,2.39621,82.99,197.8,43.1,50.0
7047,48.963989,2.395863,82.99,197.8,43.1,50.0
7048,48.963279,2.395516,82.99,197.8,43.0,50.0
7049,48.962569,2.39517,82.99,197.8,43.0,50.0
7050,48.961859,2.394823,82.99,197.8,43.0,50.0
7051,48.96115,2.394476,82.99,197.8,42.9,50.0
7052,48.96044,2.394129,82.99,197.8,42.9,50.0
7053,48.95973,2.393782,82.99,197.8,42.9,50.0
7054,48.95902,2.393435,82.99,197.8,42.8,50.0
7055,48.95831,2.393088,82.99,197.8,42.8,50.0
7056,48.9576,2.392741,82.99,197.8,42.8,50.0
7057,48.956891,2.392395,82.99,197.8,42.7,50.0
7058,48.956181,2.392048,82.99,197.8,42.7,50.0
7059,48.955471,2.391701,82.99,197.8,42.7,50.0
7060,48.954761,2.391354,82.99,197.8,42.6,50.0
7061,48.954051,2.391007,82.99,197.8,42.6,51.0
7062,48.953341,2.39066,82.99,197.8,42.6,51.0
7063,48.952632,2.390313,82.99,197.8,42.5,51.0
7064,48.951922,2.389966,82.99,197.8,42.5,51.0
7065,48.951212,2.38962,82.99,197.8,42.5,51.0
7066,48.950502,2.389273,82.99,197.8,42.4,51.0
7067,48.949792,2.388926,82.99,197.8,42.4,51.0
7068,48.949082,2.388579,82.99,197.8,42.3,51.0
7069,48.948372,2.388232,82.99,197.8,42.3,51.0
7070,48.947663,2.387885,82.99,197.8,42.3,51.0
7071,48.946953,2.387538,82.99,197.8,42.2,51.0
7072,48.946243,2.387191,82.99,197.8,42.2,51.0
7073,48.945533,2.386845,82.99,197.8,42.2,51.0
7074,48.944823,2.386498,82.99,197.8,42.1,51.0
7075,48.944113,2.386151,82.99,197.8,42.1,51.0
7076,48.943404,2.385804,82.99,197.8,42.1,51.0
7077,48.942694,2.385457,82.99,197.8,42.0,51.0
7078,48.941984,2.38511,82.99,197.8,42.0,51.0
7079,48.941274,2.384763,82.99,197.8,42.0,51.0
7080,48.940564,2.384416,82.99,197.8,41.9,52.0
7081,48.939854,2.38407,82.99,197.8,41.9,52.0
7082,48.939144,2.383723,82.99,197.8,41.9,52.0
7083,48.938435,2.383376,82.99,197.8,41.8,52.0
7084,48.937725,2.383029,82.99,197.8,41.8,52.0
7085,48.937015,2.382682,82.99,197.8,41.8,52.0
7086,48.936305,2.382335,82.99,197.8,41.7,52.0
7087,48.935595,2.381988,82.99,197.8,41.7,52.0
7088,48.934885,2.381641,82.99,197.8,41.7,52.0
7089,48.934176,2.381294,82.99,197.8,41.6,52.0
7090,48.933466,2.380948,82.99,197.8,41.6,52.0
7091,48.932756,2.380601,82.99,197.8,41.6,52.0
7092,48.932046,2.380254,82.99,197.8,41.6,52.0
7093,48.931336,2.379907,82.99,197.8,41.5,52.0
7094,48.930626,2.37956,82.99,197.8,41.5,52.0
7095,48.929916,2.379213,82.99,197.8,41.5,52.0
7096,48.929207,2.378866,82.99,197.8,41.4,52.0
7097,48.928497,2.378519,82.99,197.8,41.4,52.0
7098,48.927787,2.378173,82.99,197.8,41.4,53.0
7099,48.927077,2.377826,82.99,197.8,41.3,53.0
7100,48.926367,2.377479,82.99,197.8,41.3,53.0
7101,48.925657,2.377132,82.99,197.8,41.3,53.0
7102,48.924948,2.376785,82.99,197.8,41.2,53.0
7103,48.924238,2.376438,82.99,197.8,41.2,53.0
7104,48.923528,2.376091,82.99,197.8,41.2,53.0
7105,48.922818,2.375744,82.99,197.8,41.1,53.0
7106,48.922108,2.375398,82.99,197.8,41.1,53.0
7107,48.921398,2.375051,82.99,197.8,41.1,53.0
7108,48.920688,2.374704,82.99,197.8,41.0,53.0
7109,48.919979,2.374357,82.99,197.8,41.0,53.0
7110,48.919269,2.37401,82.99,197.8,41.0,53.0
7111,48.918559,2.373663,82.99,197.8,40.9,53.0
7112,48.917849,2.373316,82.99,197.8,40.9,53.0
7113,48.917139,2.372969,82.99,197.8,40.9,53.0
7114,48.916429,2.372623,82.99,197.8,40.8,53.0
7115,48.91572,2.372276,82.99,197.8,40.8,53.0
7116,48.91501,2.371929,82.99,197.8,40.8,54.0
7117,48.9143,2.371582,82.99,197.8,40.7,54.0
7118,48.91359,2.371235,82.99,197.8,40.7,54.0
7119,48.91288,2.370888,83.0,197.8,40.7,54.0
7120,48.91217,2.370541,83.0,197.8,40.6,54.0
7121,48.91146,2.370194,83.0,197.8,40.6,54.0
7122,48.910751,2.369847,83.0,197.8,40.6,54.0
7123,48.910041,2.369501,83.0,197.8,40.5,54.0
7124,48.909331,2.369154,83.0,197.8,40.5,54.0
7125,48.908621,2.368807,83.0,197.8,40.5,54.0
7126,48.907911,2.36846,83.0,197.8,40.4,54.0
7127,48.907201,2.368113,83.0,197.8,40.4,54.0
7128,48.906492,2.367766,83.0,197.8,40.4,54.0
7129,48.905782,2.367419,83.0,197.8,40.3,54.0
7130,48.905072,2.367072,83.0,197.8,40.3,54.0
7131,48.904362,2.366726,83.0,197.8,40.3,54.0
7132,48.903652,2.366379,83.0,197.8,40.2,54.0
7133,48.902942,2.366032,83.0,197.8,40.2,54.0
7134,48.902233,2.365685,83.0,197.8,40.2,54.0
7135,48.901523,2.365338,83.0,197.8,40.2,55.0
7136,48.900813,2.364991,83.0,197.8,40.1,55.0
7137,48.900103,2.364644,83.0,197.8,40.1,55.0
7138,48.899393,2.364297,83.0,197.8,40.1,55.0
7139,48.898683,2.363951,83.0,197.8,40.0,55.0
7140,48.897973,2.363604,83.0,197.8,40.0,55.0
7141,48.897264,2.363257,83.0,197.8,40.0,55.0
7142,48.896554,2.36291,83.0,197.8,39.9,55.0
7143,48.895844,2.362563,83.0,197.8,39.9,55.0
7144,48.895134,2.362216,83.0,197.8,39.9,55.0
7145,48.894424,2.361869,83.0,197.8,39.8,55.0
7146,48.893714,2.361522,83.0,197.8,39.8,55.0
7147,48.893005,2.361176,83.0,197.8,39.8,55.0
7148,48.892295,2.360829,83.0,197.8,39.7,55.0
7149,48.891585,2.360482,83.0,197.8,39.7,55.0
7150,48.890875,2.360135,83.0,197.8,39.7,55.0
7151,48.890165,2.359788,83.0,197.8,39.6,55.0
7152,48.889455,2.359441,83.0,197.8,39.6,55.0
7153,48.888745,2.359094,83.0,197.8,39.6,56.0
7154,48.888036,2.358747,83.0,197.8,39.5,56.0
7155,48.887326,2.358401,83.0,197.8,39.5,56.0
7156,48.886616,2.358054,83.0,197.8,39.5,56.0
7157,48.885906,2.357707,83.0,197.8,39.5,56.0
7158,48.885196,2.35736,83.0,197.8,39.4,56.0
7159,48.884486,2.357013,83.0,197.8,39.4,56.0
7160,48.883777,2.356666,83.0,197.8,39.4,56.0
7161,48.883067,2.356319,83.0,197.8,39.3,56.0
7162,48.882357,2.355972,83.0,197.8,39.3,56.0
7163,48.881647,2.355625,83.0,197.8,39.3,56.0
7164,48.880943,2.355281,82.34,197.8,39.2,56.0
7165,48.881653,2.355628,83.0,17.8,39.2,56.0
7166,48.882363,2.355975,83.0,17.8,39.2,56.0
7167,48.883072,2.356322,83.0,17.8,39.1,56.0
7168,48.883782,2.356669,83.0,17.8,39.1,56.0
7169,48.884492,2.357016,83.0,17.8,39.1,56.0
7170,48.885202,2.357363,83.0,17.8,39.0,56.0
7171,48.885912,2.35771,83.0,17.8,39.0,56.0
7172,48.886622,2.358056,83.0,17.8,39.0,57.0
7173,48.887331,2.358403,83.0,17.8,39.0,57.0
7174,48.888041,2.35875,83.0,17.8,38.9,57.0
7175,48.888751,2.359097,83.0,17.8,38.9,57.0
7176,48.889461,2.359444,83.0,17.8,38.9,57.0
7177,48.890171,2.359791,83.0,17.8,38.8,57.0
7178,48.890881,2.360138,83.0,17.8,38.8,57.0
7179,48.891591,2.360485,83.0,17.8,38.8,57.0
7180,48.8923,2.360831,83.0,17.8,38.7,57.0
7181,48.89301,2.361178,83.0,17.8,38.7,57.0
7182,48.89372,2.361525,83.0,17.8,38.7,57.0
7183,48.89443,2.361872,83.0,17.8,38.6,57.0
7184,48.89514,2.362219,83.0,17.8,38.6,57.0
7185,48.89585,2.362566,83.0,17.8,38.6,57.0
7186,48.896559,2.362913,83.0,17.8,38.6,57.0
7187,48.897269,2.36326,83.0,17.8,38.5,57.0
7188,48.897979,2.363606,83.0,17.8,38.5,57.0
7189,48.898689,2.363953,83.0,17.8,38.5,57.0
7190,48.899399,2.3643,83.0,17.8,38.4,58.0
7191,48.900109,2.364647,83.0,17.8,38.4,58.0
7192,48.900818,2.364994,83.0,17.8,38.4,58.0
7193,48.901528,2.365341,83.0,17.8,38.3,58.0
7194,48.902238,2.365688,83.0,17.8,38.3,58.0
7195,48.902948,2.366035,83.0,17.8,38.3,58.0
7196,48.903658,2.366381,83.0,17.8,38.2,58.0
7197,48.904368,2.366728,83.0,17.8,38.2,58.0
7198,48.905078,2.367075,83.0,17.8,38.2,58.0
7199,48.905787,2.367422,83.0,17.8,38.2,58.0
7200,48.906497,2.367769,83.0,17.8,38.1,58.0
