timestamp,latitude,longitude,speed,heading,pax_load,delay_s
0,48.84044,2.31975,88.0,0.0,93.7,117.0
1,48.839692,2.319359,88.0,199.0,93.7,117.0
2,48.838945,2.318969,88.0,199.0,93.7,117.0
3,48.838197,2.318578,88.0,199.0,93.8,117.0
4,48.83745,2.318187,88.0,199.0,93.8,117.0
5,48.836702,2.317796,88.0,199.0,93.8,117.0
6,48.835955,2.317406,88.0,199.0,93.8,117.0
7,48.835207,2.317015,88.0,199.0,93.8,117.0
8,48.83446,2.316624,88.0,199.0,93.8,117.0
9,48.833712,2.316234,88.0,199.0,93.8,117.0
10,48.832965,2.315843,88.0,199.0,93.8,117.0
11,48.832217,2.315452,88.0,199.0,93.8,117.0
12,48.83147,2.315061,88.0,199.0,93.8,117.0
13,48.830722,2.314671,88.0,199.0,93.9,117.0
14,48.829975,2.31428,88.0,199.0,93.9,117.0
15,48.829227,2.313889,88.0,199.0,93.9,117.0
16,48.82848,2.313499,88.0,199.0,93.9,117.0
17,48.827732,2.313108,88.0,199.0,93.9,117.0
18,48.826985,2.312717,88.0,199.0,93.9,117.0
19,48.826237,2.312327,88.0,199.0,93.9,117.0
20,48.82549,2.311936,88.0,199.0,93.9,117.0
21,48.824742,2.311545,88.0,199.0,93.9,117.0
22,48.823995,2.311154,88.0,199.0,93.9,117.0
23,48.823247,2.310764,88.0,199.0,94.0,117.0
24,48.8225,2.310373,88.0,199.0,94.0,117.0
25,48.821752,2.309982,88.0,199.0,94.0,117.0
26,48.821004,2.309592,88.0,199.0,94.0,117.0
27,48.820257,2.309201,88.0,199.0,94.0,117.0
28,48.819509,2.30881,88.0,199.0,94.0,117.0
29,48.818762,2.308419,88.0,199.0,94.0,117.0
30,48.818014,2.308029,88.0,199.0,94.0,117.0
31,48.817267,2.307638,88.0,199.0,94.0,117.0
32,48.816519,2.307247,88.0,199.0,94.0,117.0
33,48.815772,2.306857,88.0,199.0,94.0,117.0
34,48.815024,2.306466,88.0,199.0,94.1,117.0
35,48.814277,2.306075,88.0,199.0,94.1,117.0
36,48.813529,2.305684,88.01,199.0,94.1,117.0
37,48.812782,2.305294,88.01,199.0,94.1,117.0
38,48.812034,2.304903,88.01,199.0,94.1,117.0
39,48.811287,2.304512,88.01,199.0,94.1,117.0
40,48.810539,2.304122,88.01,199.0,94.1,117.0
41,48.809792,2.303731,88.01,199.0,94.1,117.0
42,48.809044,2.30334,88.01,199.0,94.1,117.0
43,48.808297,2.302949,88.01,199.0,94.1,117.0
44,48.807549,2.302559,88.01,199.0,94.1,117.0
45,48.806802,2.302168,88.01,199.0,94.2,117.0
46,48.806054,2.301777,88.01,199.0,94.2,117.0
47,48.805307,2.301387,88.01,199.0,94.2,117.0
48,48.804559,2.300996,88.01,199.0,94.2,117.0
49,48.803812,2.300605,88.01,199.0,94.2,117.0
50,48.803064,2.300215,88.01,199.0,94.2,117.0
51,48.802316,2.299824,88.01,199.0,94.2,117.0
52,48.801569,2.299433,88.01,199.0,94.2,117.0
53,48.800821,2.299042,88.01,199.0,94.2,117.0
54,48.800074,2.298652,88.01,199.0,94.2,117.0
55,48.799326,2.298261,88.01,199.0,94.2,117.0
56,48.798579,2.29787,88.01,199.0,94.2,118.0
57,48.797831,2.29748,88.01,199.0,94.2,118.0
58,48.797084,2.297089,88.01,199.0,94.3,118.0
59,48.796336,2.296698,88.01,199.0,94.3,118.0
60,48.795589,2.296307,88.01,199.0,94.3,118.0
61,48.794841,2.295917,88.01,199.0,94.3,118.0
62,48.794094,2.295526,88.01,199.0,94.3,118.0
63,48.793346,2.295135,88.01,199.0,94.3,118.0
64,48.792599,2.294745,88.01,199.0,94.3,118.0
65,48.791851,2.294354,88.01,199.0,94.3,118.0
66,48.791104,2.293963,88.01,199.0,94.3,118.0
67,48.790356,2.293572,88.01,199.0,94.3,118.0
68,48.789609,2.293182,88.01,199.0,94.3,118.0
69,48.788861,2.292791,88.01,199.0,94.3,118.0
70,48.788114,2.2924,88.01,199.0,94.4,118.0
71,48.787366,2.29201,88.01,199.0,94.4,118.0
72,48.786619,2.291619,88.01,199.0,94.4,118.0
73,48.785871,2.291228,88.01,199.0,94.4,118.0
74,48.785123,2.290838,88.01,199.0,94.4,118.0
75,48.784376,2.290447,88.01,199.0,94.4,118.0
76,48.783628,2.290056,88.01,199.0,94.4,118.0
77,48.782881,2.289665,88.01,199.0,94.4,118.0
78,48.782133,2.289275,88.01,199.0,94.4,118.0
79,48.781386,2.288884,88.01,199.0,94.4,118.0
80,48.780638,2.288493,88.01,199.0,94.4,118.0
81,48.779891,2.288103,88.01,199.0,94.4,118.0
82,48.779143,2.287712,88.01,199.0,94.4,118.0
83,48.778396,2.287321,88.01,199.0,94.4,118.0
84,48.777648,2.28693,88.01,199.0,94.5,118.0
85,48.776901,2.28654,88.01,199.0,94.5,118.0
86,48.776153,2.286149,88.01,199.0,94.5,118.0
87,48.775406,2.285758,88.01,199.0,94.5,118.0
88,48.774658,2.285368,88.01,199.0,94.5,118.0
89,48.773911,2.284977,88.01,199.0,94.5,118.0
90,48.773163,2.284586,88.01,199.0,94.5,118.0
91,48.772416,2.284195,88.01,199.0,94.5,118.0
92,48.771668,2.283805,88.01,199.0,94.5,118.0
93,48.770921,2.283414,88.01,199.0,94.5,118.0
94,48.770173,2.283023,88.01,199.0,94.5,118.0
95,48.769426,2.282633,88.01,199.0,94.5,118.0
96,48.768678,2.282242,88.01,199.0,94.5,118.0
97,48.767931,2.281851,88.01,199.0,94.5,118.0
98,48.767183,2.28146,88.01,199.0,94.5,118.0
99,48.766435,2.28107,88.01,199.0,94.5,118.0
100,48.765688,2.280679,88.01,199.0,94.6,118.0
101,48.76494,2.280288,88.01,199.0,94.6,118.0
102,48.764193,2.279898,88.01,199.0,94.6,118.0
103,48.763445,2.279507,88.01,199.0,94.6,118.0
104,48.762698,2.279116,88.01,199.0,94.6,118.0
105,48.76195,2.278726,88.01,199.0,94.6,118.0
106,48.761203,2.278335,88.01,199.0,94.6,118.0
107,48.760455,2.277944,88.01,199.0,94.6,118.0
108,48.759708,2.277553,88.02,199.0,94.6,118.0
109,48.75896,2.277163,88.02,199.0,94.6,118.0
110,48.758213,2.276772,88.02,199.0,94.6,118.0
111,48.757465,2.276381,88.02,199.0,94.6,118.0
112,48.756718,2.275991,88.02,199.0,94.6,118.0
113,48.75597,2.2756,88.02,199.0,94.6,118.0
114,48.755223,2.275209,88.02,199.0,94.6,118.0
115,48.754475,2.274818,88.02,199.0,94.6,118.0
116,48.753728,2.274428,88.02,199.0,94.6,118.0
117,48.75298,2.274037,88.02,199.0,94.7,118.0
118,48.752233,2.273646,88.02,199.0,94.7,118.0
119,48.751485,2.273256,88.02,199.0,94.7,118.0
120,48.750738,2.272865,88.02,199.0,94.7,118.0
121,48.74999,2.272474,88.02,199.0,94.7,118.0
122,48.749243,2.272083,88.02,199.0,94.7,118.0
123,48.748495,2.271693,88.02,199.0,94.7,118.0
124,48.747747,2.271302,88.02,199.0,94.7,118.0
125,48.747,2.270911,88.02,199.0,94.7,118.0
126,48.746252,2.270521,88.02,199.0,94.7,118.0
127,48.745505,2.27013,88.02,199.0,94.7,118.0
128,48.744757,2.269739,88.02,199.0,94.7,118.0
129,48.74401,2.269348,88.02,199.0,94.7,118.0
130,48.743262,2.268958,88.02,199.0,94.7,118.0
131,48.742515,2.268567,88.02,199.0,94.7,118.0
132,48.741767,2.268176,88.02,199.0,94.7,118.0
133,48.74102,2.267786,88.02,199.0,94.7,118.0
134,48.740272,2.267395,88.02,199.0,94.7,118.0
135,48.739525,2.267004,88.02,199.0,94.7,118.0
136,48.738777,2.266614,88.02,199.0,94.7,118.0
137,48.73803,2.266223,88.02,199.0,94.8,118.0
138,48.737282,2.265832,88.02,199.0,94.8,118.0
139,48.736535,2.265441,88.02,199.0,94.8,118.0
140,48.735787,2.265051,88.02,199.0,94.8,118.0
141,48.73504,2.26466,88.02,199.0,94.8,119.0
142,48.734292,2.264269,88.02,199.0,94.8,119.0
143,48.733545,2.263879,88.02,199.0,94.8,119.0
144,48.732797,2.263488,88.02,199.0,94.8,119.0
145,48.73205,2.263097,88.02,199.0,94.8,119.0
146,48.731302,2.262706,88.02,199.0,94.8,119.0
147,48.730555,2.262316,88.02,199.0,94.8,119.0
148,48.729807,2.261925,88.02,199.0,94.8,119.0
149,48.729059,2.261534,88.02,199.0,94.8,119.0
150,48.728312,2.261144,88.02,199.0,94.8,119.0
151,48.727564,2.260753,88.02,199.0,94.8,119.0
152,48.726817,2.260362,88.02,199.0,94.8,119.0
153,48.726069,2.259971,88.02,199.0,94.8,119.0
154,48.725358,2.259479,87.08,204.6,94.8,119.0
155,48.724728,2.258754,88.0,217.2,94.8,119.0
156,48.724099,2.258029,88.0,217.2,94.8,119.0
157,48.723469,2.257304,88.0,217.2,94.8,119.0
158,48.72284,2.25658,88.0,217.2,94.8,119.0
159,48.72221,2.255855,88.0,217.2,94.8,119.0
160,48.721581,2.25513,88.0,217.2,94.8,119.0
161,48.720951,2.254405,88.0,217.2,94.9,119.0
162,48.720322,2.25368,88.0,217.2,94.9,119.0
163,48.719692,2.252955,88.0,217.2,94.9,119.0
164,48.719063,2.252231,88.0,217.2,94.9,119.0
165,48.718433,2.251506,88.0,217.2,94.9,119.0
166,48.717804,2.250781,88.0,217.2,94.9,119.0
167,48.717174,2.250056,88.01,217.2,94.9,119.0
168,48.716545,2.249331,88.01,217.2,94.9,119.0
169,48.715915,2.248607,88.01,217.2,94.9,119.0
170,48.715286,2.247882,88.01,217.2,94.9,119.0
171,48.714656,2.247157,88.01,217.2,94.9,119.0
172,48.714026,2.246432,88.01,217.2,94.9,119.0
173,48.713397,2.245707,88.01,217.2,94.9,119.0
174,48.712767,2.244983,88.01,217.2,94.9,119.0
175,48.712138,2.244258,88.01,217.2,94.9,119.0
176,48.711508,2.243533,88.01,217.2,94.9,119.0
177,48.710879,2.242808,88.01,217.2,94.9,119.0
178,48.710249,2.242083,88.01,217.2,94.9,119.0
179,48.70962,2.241358,88.01,217.2,94.9,119.0
180,48.70899,2.240634,88.01,217.2,94.9,119.0
181,48.708361,2.239909,88.01,217.2,94.9,119.0
182,48.707731,2.239184,88.01,217.2,94.9,119.0
183,48.707102,2.238459,88.01,217.2,94.9,119.0
184,48.706472,2.237734,88.01,217.2,94.9,119.0
185,48.705843,2.23701,88.01,217.2,94.9,119.0
186,48.705213,2.236285,88.01,217.2,94.9,119.0
187,48.704584,2.23556,88.01,217.2,94.9,119.0
188,48.703954,2.234835,88.01,217.2,94.9,119.0
189,48.703325,2.23411,88.01,217.2,94.9,119.0
190,48.702695,2.233385,88.01,217.2,94.9,119.0
191,48.702066,2.232661,88.02,217.2,94.9,119.0
192,48.701436,2.231936,88.02,217.2,94.9,119.0
193,48.700807,2.231211,88.02,217.2,94.9,119.0
194,48.700177,2.230486,88.02,217.2,94.9,119.0
195,48.699547,2.229761,88.02,217.2,94.9,119.0
196,48.698918,2.229037,88.02,217.2,95.0,119.0
197,48.698288,2.228312,88.02,217.2,95.0,119.0
198,48.697659,2.227587,88.02,217.2,95.0,119.0
199,48.697029,2.226862,88.02,217.2,95.0,119.0
200,48.6964,2.226137,88.02,217.2,95.0,119.0
201,48.69577,2.225413,88.02,217.2,95.0,119.0
202,48.695141,2.224688,88.02,217.2,95.0,119.0
203,48.694511,2.223963,88.02,217.2,95.0,119.0
204,48.693882,2.223238,88.02,217.2,95.0,119.0
205,48.693252,2.222513,88.02,217.2,95.0,119.0
206,48.692623,2.221788,88.02,217.2,95.0,119.0
207,48.691993,2.221064,88.02,217.2,95.0,119.0
208,48.691364,2.220339,88.02,217.2,95.0,119.0
209,48.690734,2.219614,88.02,217.2,95.0,119.0
210,48.690105,2.218889,88.02,217.2,95.0,119.0
211,48.689475,2.218164,88.02,217.2,95.0,119.0
212,48.688846,2.21744,88.02,217.2,95.0,119.0
213,48.688216,2.216715,88.02,217.2,95.0,119.0
214,48.687587,2.21599,88.02,217.2,95.0,119.0
215,48.686957,2.215265,88.02,217.2,95.0,119.0
216,48.686327,2.21454,88.03,217.2,95.0,119.0
217,48.685698,2.213815,88.03,217.2,95.0,119.0
218,48.685068,2.213091,88.03,217.2,95.0,119.0
219,48.684439,2.212366,88.03,217.2,95.0,119.0
220,48.683809,2.211641,88.03,217.2,95.0,119.0
221,48.68318,2.210916,88.03,217.2,95.0,119.0
222,48.68255,2.210191,88.03,217.2,95.0,119.0
223,48.681921,2.209467,88.03,217.2,95.0,119.0
224,48.681291,2.208742,88.03,217.2,95.0,119.0
225,48.680662,2.208017,88.03,217.2,95.0,119.0
226,48.680032,2.207292,88.03,217.2,95.0,119.0
227,48.679403,2.206567,88.03,217.2,95.0,119.0
228,48.678773,2.205843,88.03,217.2,95.0,119.0
229,48.678144,2.205118,88.03,217.2,95.0,119.0
230,48.677514,2.204393,88.03,217.2,95.0,119.0
231,48.676885,2.203668,88.03,217.2,95.0,119.0
232,48.676255,2.202943,88.03,217.2,95.0,119.0
233,48.675626,2.202218,88.03,217.2,95.0,119.0
234,48.674996,2.201494,88.03,217.2,95.0,119.0
235,48.674367,2.200769,88.03,217.2,95.0,119.0
236,48.673737,2.200044,88.03,217.2,95.0,119.0
237,48.673108,2.199319,88.03,217.2,95.0,119.0
238,48.672478,2.198594,88.03,217.2,95.0,119.0
239,48.671848,2.19787,88.03,217.2,95.0,119.0
240,48.671219,2.197145,88.03,217.2,95.0,119.0
241,48.670589,2.19642,88.04,217.2,95.0,119.0
242,48.66996,2.195695,88.04,217.2,95.0,119.0
243,48.66933,2.19497,88.04,217.2,95.0,119.0
244,48.668701,2.194245,88.04,217.2,95.0,119.0
245,48.668071,2.193521,88.04,217.2,95.0,119.0
246,48.667442,2.192796,88.04,217.2,95.0,119.0
247,48.666812,2.192071,88.04,217.2,95.0,119.0
248,48.666183,2.191346,88.04,217.3,95.0,119.0
249,48.665553,2.190621,88.04,217.3,95.0,119.0
250,48.664924,2.189897,88.04,217.3,95.0,119.0
251,48.664294,2.189172,88.04,217.3,95.0,119.0
252,48.663665,2.188447,88.04,217.3,95.0,119.0
253,48.663035,2.187722,88.04,217.3,95.0,119.0
254,48.662406,2.186997,88.04,217.3,95.0,119.0
255,48.661776,2.186273,88.04,217.3,95.0,119.0
256,48.661147,2.185548,88.04,217.3,95.0,119.0
257,48.660517,2.184823,88.04,217.3,95.0,119.0
258,48.659888,2.184098,88.04,217.3,95.0,119.0
259,48.659258,2.183373,88.04,217.3,95.0,119.0
260,48.658629,2.182648,88.04,217.3,95.0,119.0
261,48.657999,2.181924,88.04,217.3,95.0,119.0
262,48.657369,2.181199,88.04,217.3,95.0,119.0
263,48.65674,2.180474,88.04,217.3,95.0,119.0
264,48.65611,2.179749,88.04,217.3,95.0,119.0
265,48.655481,2.179024,88.04,217.3,95.0,120.0
266,48.654851,2.1783,88.05,217.3,95.0,120.0
267,48.654222,2.177575,88.05,217.3,95.0,120.0
268,48.653592,2.17685,88.05,217.3,95.0,120.0
269,48.652963,2.176125,88.05,217.3,95.0,120.0
270,48.652333,2.1754,88.05,217.3,95.0,120.0
271,48.651704,2.174676,88.05,217.3,95.0,120.0
272,48.651074,2.173951,88.05,217.3,95.0,120.0
273,48.650445,2.173226,88.05,217.3,95.0,120.0
274,48.649815,2.172501,88.05,217.3,95.0,120.0
275,48.649186,2.171776,88.05,217.3,95.0,120.0
276,48.648556,2.171051,88.05,217.3,95.0,120.0
277,48.647927,2.170327,88.05,217.3,95.0,120.0
278,48.647297,2.169602,88.05,217.3,95.0,120.0
279,48.646668,2.168877,88.05,217.3,95.0,120.0
280,48.646038,2.168152,88.05,217.3,95.0,120.0
281,48.645409,2.167427,88.05,217.3,95.0,120.0
282,48.644779,2.166703,88.05,217.3,95.0,120.0
283,48.64415,2.165978,88.05,217.3,95.0,120.0
284,48.64352,2.165253,88.05,217.3,95.0,120.0
285,48.64289,2.164528,88.05,217.3,95.0,120.0
286,48.642261,2.163803,88.05,217.3,95.0,120.0
287,48.641631,2.163078,88.05,217.3,95.0,120.0
288,48.641002,2.162354,88.05,217.3,95.0,120.0
289,48.640372,2.161629,88.05,217.3,95.0,120.0
290,48.639743,2.160904,88.05,217.3,95.0,120.0
291,48.639113,2.160179,88.06,217.3,95.0,120.0
292,48.638484,2.159454,88.06,217.3,94.9,120.0
293,48.637854,2.15873,88.06,217.3,94.9,120.0
294,48.637225,2.158005,88.06,217.3,94.9,120.0
295,48.636595,2.15728,88.06,217.3,94.9,120.0
296,48.635966,2.156555,88.06,217.3,94.9,120.0
297,48.635336,2.15583,88.06,217.3,94.9,120.0
298,48.634707,2.155106,88.06,217.3,94.9,120.0
299,48.634077,2.154381,88.06,217.3,94.9,120.0
300,48.633448,2.153656,88.06,217.3,94.9,120.0
301,48.632818,2.152931,88.06,217.3,94.9,120.0
302,48.632189,2.152206,88.06,217.3,94.9,120.0
303,48.631559,2.151481,88.06,217.3,94.9,120.0
304,48.63093,2.150757,88.06,217.3,94.9,120.0
305,48.6303,2.150032,88.06,217.3,94.9,120.0
306,48.62967,2.149307,88.06,217.3,94.9,120.0
307,48.629041,2.148582,88.06,217.3,94.9,120.0
308,48.628411,2.147857,88.06,217.3,94.9,120.0
309,48.627782,2.147133,88.06,217.3,94.9,120.0
310,48.627152,2.146408,88.06,217.3,94.9,120.0
311,48.626523,2.145683,88.06,217.3,94.9,120.0
312,48.625893,2.144958,88.06,217.3,94.9,120.0
313,48.625264,2.144233,88.06,217.3,94.9,120.0
314,48.624634,2.143508,88.06,217.3,94.9,120.0
315,48.624005,2.142784,88.06,217.3,94.9,120.0
316,48.623375,2.142059,88.07,217.3,94.9,120.0
317,48.622746,2.141334,88.07,217.3,94.9,120.0
318,48.622116,2.140609,88.07,217.3,94.9,120.0
319,48.621487,2.139884,88.07,217.3,94.9,120.0
320,48.620857,2.13916,88.07,217.3,94.9,120.0
321,48.620228,2.138435,88.07,217.3,94.9,120.0
322,48.619598,2.13771,88.07,217.3,94.9,120.0
323,48.618969,2.136985,88.07,217.3,94.9,120.0
324,48.618339,2.13626,88.07,217.3,94.9,120.0
325,48.61771,2.135536,88.07,217.3,94.9,120.0
326,48.61708,2.134811,88.07,217.3,94.9,120.0
327,48.616451,2.134086,88.07,217.3,94.9,120.0
328,48.615821,2.133361,88.07,217.3,94.8,120.0
329,48.615191,2.132636,88.07,217.3,94.8,120.0
330,48.614562,2.131911,88.07,217.3,94.8,120.0
331,48.613932,2.131187,88.07,217.3,94.8,120.0
332,48.613303,2.130462,88.07,217.3,94.8,120.0
333,48.612673,2.129737,88.07,217.3,94.8,120.0
334,48.612044,2.129012,88.07,217.3,94.8,120.0
335,48.611414,2.128287,88.07,217.3,94.8,120.0
336,48.610785,2.127563,88.07,217.3,94.8,120.0
337,48.610155,2.126838,88.07,217.3,94.8,120.0
338,48.609526,2.126113,88.07,217.3,94.8,120.0
339,48.608896,2.125388,88.07,217.3,94.8,120.0
340,48.608267,2.124663,88.08,217.3,94.8,120.0
341,48.607637,2.123938,88.08,217.3,94.8,120.0
342,48.607008,2.123214,88.08,217.3,94.8,120.0
343,48.606378,2.122489,88.08,217.3,94.8,120.0
344,48.605749,2.121764,88.08,217.3,94.8,120.0
345,48.605119,2.121039,88.08,217.3,94.8,120.0
346,48.60449,2.120314,88.08,217.3,94.8,120.0
347,48.60386,2.11959,88.08,217.3,94.8,120.0
348,48.603231,2.118865,88.08,217.3,94.8,120.0
349,48.602601,2.11814,88.08,217.3,94.8,120.0
350,48.601972,2.117415,88.08,217.3,94.8,120.0
351,48.601342,2.11669,88.08,217.3,94.8,120.0
352,48.600712,2.115966,88.08,217.3,94.7,120.0
353,48.600083,2.115241,88.08,217.3,94.7,120.0
354,48.599453,2.114516,88.08,217.3,94.7,120.0
355,48.598824,2.113791,88.08,217.3,94.7,120.0
356,48.598194,2.113066,88.08,217.3,94.7,120.0
357,48.597565,2.112341,88.08,217.3,94.7,120.0
358,48.596935,2.111617,88.08,217.3,94.7,120.0
359,48.596306,2.110892,88.08,217.3,94.7,120.0
360,48.595676,2.110167,88.08,217.3,94.7,120.0
361,48.595047,2.109442,88.08,217.3,94.7,120.0
362,48.594417,2.108717,88.08,217.3,94.7,120.0
363,48.593788,2.107993,88.08,217.3,94.7,120.0
364,48.593158,2.107268,88.08,217.3,94.7,120.0
365,48.592529,2.106543,88.09,217.3,94.7,120.0
366,48.591899,2.105818,88.09,217.3,94.7,120.0
367,48.59127,2.105093,88.09,217.3,94.7,120.0
368,48.59064,2.104369,88.09,217.3,94.7,120.0
369,48.590011,2.103644,88.09,217.3,94.7,120.0
370,48.589381,2.102919,88.09,217.3,94.7,120.0
371,48.588752,2.102194,88.09,217.3,94.7,120.0
372,48.588122,2.101469,88.09,217.3,94.6,120.0
373,48.587493,2.100744,88.09,217.3,94.6,120.0
374,48.586863,2.10002,88.09,217.3,94.6,120.0
375,48.586233,2.099295,88.09,217.3,94.6,120.0
376,48.585604,2.09857,88.09,217.3,94.6,120.0
377,48.584974,2.097845,88.09,217.3,94.6,120.0
378,48.584345,2.09712,88.09,217.3,94.6,120.0
379,48.583715,2.096396,88.09,217.3,94.6,120.0
380,48.583086,2.095671,88.09,217.3,94.6,120.0
381,48.582456,2.094946,88.09,217.3,94.6,120.0
382,48.581827,2.094221,88.09,217.3,94.6,120.0
383,48.581197,2.093496,88.09,217.3,94.6,120.0
384,48.580568,2.092771,88.09,217.3,94.6,120.0
385,48.579938,2.092047,88.09,217.3,94.6,120.0
386,48.579309,2.091322,88.09,217.3,94.6,120.0
387,48.578679,2.090597,88.09,217.3,94.6,120.0
388,48.57805,2.089872,88.09,217.3,94.6,120.0
389,48.57742,2.089147,88.09,217.3,94.5,120.0
390,48.576791,2.088423,88.1,217.3,94.5,120.0
391,48.576161,2.087698,88.1,217.3,94.5,120.0
392,48.575532,2.086973,88.1,217.3,94.5,120.0
393,48.574902,2.086248,88.1,217.3,94.5,120.0
394,48.574273,2.085523,88.1,217.3,94.5,120.0
395,48.573643,2.084799,88.1,217.3,94.5,120.0
396,48.573013,2.084074,88.1,217.3,94.5,120.0
397,48.572384,2.083349,88.1,217.3,94.5,120.0
398,48.571754,2.082624,88.1,217.3,94.5,120.0
399,48.571125,2.081899,88.1,217.3,94.5,120.0
400,48.570495,2.081174,88.1,217.3,94.5,120.0
401,48.569866,2.08045,88.1,217.3,94.5,120.0
402,48.569236,2.079725,88.1,217.3,94.5,120.0
403,48.568607,2.079,88.1,217.3,94.5,120.0
404,48.567977,2.078275,88.1,217.3,94.4,120.0
405,48.567348,2.07755,88.1,217.3,94.4,120.0
406,48.566718,2.076826,88.1,217.3,94.4,120.0
407,48.566089,2.076101,88.1,217.3,94.4,120.0
408,48.565459,2.075376,88.1,217.3,94.4,120.0
409,48.56483,2.074651,88.1,217.3,94.4,120.0
410,48.5642,2.073926,88.1,217.3,94.4,120.0
411,48.563571,2.073201,88.1,217.3,94.4,120.0
412,48.562941,2.072477,88.1,217.3,94.4,120.0
413,48.562312,2.071752,88.1,217.3,94.4,120.0
414,48.561682,2.071027,88.1,217.3,94.4,120.0
415,48.561053,2.070302,88.11,217.3,94.4,120.0
416,48.560423,2.069577,88.11,217.3,94.4,120.0
417,48.559794,2.068853,88.11,217.3,94.4,120.0
418,48.559164,2.068128,88.11,217.3,94.3,120.0
419,48.558534,2.067403,88.11,217.3,94.3,120.0
420,48.557905,2.066678,88.11,217.3,94.3,120.0
421,48.557275,2.065953,88.11,217.3,94.3,120.0
422,48.556646,2.065229,88.11,217.3,94.3,120.0
423,48.556016,2.064504,88.11,217.3,94.3,120.0
424,48.555387,2.063779,88.11,217.3,94.3,120.0
425,48.554757,2.063054,88.11,217.3,94.3,120.0
426,48.554128,2.062329,88.11,217.3,94.3,120.0
427,48.553498,2.061604,88.11,217.3,94.3,120.0
428,48.552869,2.06088,88.11,217.3,94.3,120.0
429,48.552239,2.060155,88.11,217.3,94.3,120.0
430,48.55161,2.05943,88.11,217.3,94.3,120.0
431,48.55098,2.058705,88.11,217.3,94.2,120.0
432,48.550351,2.05798,88.11,217.3,94.2,120.0
433,48.549721,2.057256,88.11,217.3,94.2,120.0
434,48.549092,2.056531,88.11,217.3,94.2,120.0
435,48.548462,2.055806,88.11,217.3,94.2,120.0
436,48.547833,2.055081,88.11,217.3,94.2,120.0
437,48.547203,2.054356,88.11,217.3,94.2,120.0
438,48.546574,2.053631,88.11,217.3,94.2,120.0
439,48.545944,2.052907,88.11,217.3,94.2,120.0
440,48.545315,2.052182,88.12,217.3,94.2,120.0
441,48.544685,2.051457,88.12,217.3,94.2,120.0
442,48.544055,2.050732,88.12,217.3,94.2,120.0
443,48.543426,2.050007,88.12,217.3,94.1,120.0
444,48.542796,2.049283,88.12,217.3,94.1,120.0
445,48.542167,2.048558,88.12,217.3,94.1,120.0
446,48.541537,2.047833,88.12,217.3,94.1,120.0
447,48.540908,2.047108,88.12,217.3,94.1,120.0
448,48.540278,2.046383,88.12,217.3,94.1,120.0
449,48.539649,2.045659,88.12,217.3,94.1,120.0
450,48.539019,2.044934,88.12,217.3,94.1,120.0
451,48.53839,2.044209,88.12,217.3,94.1,120.0
452,48.53776,2.043484,88.12,217.3,94.1,120.0
453,48.537131,2.042759,88.12,217.3,94.1,120.0
454,48.536501,2.042034,88.12,217.3,94.0,120.0
455,48.535872,2.04131,88.12,217.3,94.0,120.0
456,48.535242,2.040585,88.12,217.3,94.0,120.0
457,48.534613,2.03986,88.12,217.3,94.0,120.0
458,48.533983,2.039135,88.12,217.3,94.0,120.0
459,48.533354,2.03841,88.12,217.3,94.0,120.0
460,48.532724,2.037686,88.12,217.3,94.0,120.0
461,48.532095,2.036961,88.12,217.3,94.0,120.0
462,48.531465,2.036236,88.12,217.3,94.0,120.0
463,48.530836,2.035511,88.12,217.3,94.0,120.0
464,48.530206,2.034786,88.13,217.3,94.0,120.0
465,48.529576,2.034062,88.13,217.3,93.9,120.0
466,48.528947,2.033337,88.13,217.3,93.9,120.0
467,48.528317,2.032612,88.13,217.3,93.9,120.0
468,48.527688,2.031887,88.13,217.3,93.9,120.0
469,48.527058,2.031162,88.13,217.3,93.9,120.0
470,48.526429,2.030437,88.13,217.3,93.9,120.0
471,48.525799,2.029713,88.13,217.3,93.9,120.0
472,48.52517,2.028988,88.13,217.3,93.9,120.0
473,48.52454,2.028263,88.13,217.3,93.9,120.0
474,48.523911,2.027538,88.13,217.3,93.9,120.0
475,48.523281,2.026813,88.13,217.3,93.9,120.0
476,48.522652,2.026089,88.13,217.3,93.8,120.0
477,48.522022,2.025364,88.13,217.3,93.8,120.0
478,48.521393,2.024639,88.13,217.3,93.8,120.0
479,48.520763,2.023914,88.13,217.3,93.8,120.0
480,48.520134,2.023189,88.13,217.3,93.8,120.0
481,48.519504,2.022464,88.13,217.3,93.8,120.0
482,48.518875,2.02174,88.13,217.3,93.8,120.0
483,48.518245,2.021015,88.13,217.3,93.8,120.0
484,48.517616,2.02029,88.13,217.3,93.8,120.0
485,48.516986,2.019565,88.13,217.3,93.7,120.0
486,48.516356,2.01884,88.13,217.3,93.7,120.0
487,48.515727,2.018116,88.13,217.3,93.7,120.0
488,48.515097,2.017391,88.13,217.3,93.7,120.0
489,48.514468,2.016666,88.14,217.3,93.7,120.0
490,48.513838,2.015941,88.14,217.3,93.7,120.0
491,48.513209,2.015216,88.14,217.3,93.7,120.0
492,48.512579,2.014492,88.14,217.3,93.7,120.0
493,48.51195,2.013767,88.14,217.3,93.7,120.0
494,48.51132,2.013042,88.14,217.3,93.7,120.0
495,48.510691,2.012317,88.14,217.3,93.6,120.0
496,48.510061,2.011592,88.14,217.3,93.6,120.0
497,48.509432,2.010867,88.14,217.3,93.6,120.0
498,48.508802,2.010143,88.14,217.3,93.6,120.0
499,48.508173,2.009418,88.14,217.3,93.6,120.0
500,48.507543,2.008693,88.14,217.3,93.6,120.0
501,48.506914,2.007968,88.14,217.3,93.6,120.0
502,48.506284,2.007243,88.14,217.3,93.6,120.0
503,48.505655,2.006519,88.14,217.3,93.6,120.0
504,48.505025,2.005794,88.14,217.3,93.5,120.0
505,48.504396,2.005069,88.14,217.3,93.5,120.0
506,48.503766,2.004344,88.14,217.3,93.5,120.0
507,48.503137,2.003619,88.14,217.3,93.5,120.0
508,48.502507,2.002894,88.14,217.3,93.5,120.0
509,48.501877,2.00217,88.14,217.3,93.5,120.0
510,48.501248,2.001445,88.14,217.3,93.5,120.0
511,48.500618,2.00072,88.14,217.3,93.5,120.0
512,48.499989,1.999995,88.14,217.3,93.5,120.0
513,48.499359,1.99927,88.14,217.3,93.4,120.0
514,48.49873,1.998546,88.15,217.3,93.4,120.0
515,48.4981,1.997821,88.15,217.3,93.4,120.0
516,48.497471,1.997096,88.15,217.3,93.4,120.0
517,48.496841,1.996371,88.15,217.3,93.4,120.0
518,48.496212,1.995646,88.15,217.3,93.4,120.0
519,48.495582,1.994922,88.15,217.3,93.4,120.0
520,48.494953,1.994197,88.15,217.3,93.4,120.0
521,48.494323,1.993472,88.15,217.3,93.4,120.0
522,48.493694,1.992747,88.15,217.3,93.3,120.0
523,48.493064,1.992022,88.15,217.3,93.3,120.0
524,48.492435,1.991297,88.15,217.3,93.3,120.0
525,48.491805,1.990573,88.15,217.3,93.3,120.0
526,48.491176,1.989848,88.15,217.3,93.3,120.0
527,48.490546,1.989123,88.15,217.3,93.3,120.0
528,48.489917,1.988398,88.15,217.3,93.3,120.0
529,48.489287,1.987673,88.15,217.3,93.3,120.0
530,48.488658,1.986949,88.15,217.3,93.2,120.0
531,48.488028,1.986224,88.15,217.3,93.2,120.0
532,48.487398,1.985499,88.15,217.3,93.2,120.0
533,48.486769,1.984774,88.15,217.3,93.2,120.0
534,48.486139,1.984049,88.15,217.3,93.2,120.0
535,48.48551,1.983324,88.15,217.3,93.2,120.0
536,48.48488,1.9826,88.15,217.3,93.2,120.0
537,48.484251,1.981875,88.15,217.3,93.2,120.0
538,48.483621,1.98115,88.15,217.3,93.1,120.0
539,48.482992,1.980425,88.16,217.4,93.1,120.0
540,48.482362,1.9797,88.16,217.4,93.1,120.0
541,48.481733,1.978976,88.16,217.4,93.1,120.0
542,48.481103,1.978251,88.16,217.4,93.1,120.0
543,48.480474,1.977526,88.16,217.4,93.1,120.0
544,48.479844,1.976801,88.16,217.4,93.1,120.0
545,48.479215,1.976076,88.16,217.4,93.1,120.0
546,48.478585,1.975352,88.16,217.4,93.0,120.0
547,48.477956,1.974627,88.16,217.4,93.0,120.0
548,48.477326,1.973902,88.16,217.4,93.0,120.0
549,48.476697,1.973177,88.16,217.4,93.0,120.0
550,48.476067,1.972452,88.16,217.4,93.0,120.0
551,48.475438,1.971727,88.16,217.4,93.0,120.0
552,48.474808,1.971003,88.16,217.4,93.0,120.0
553,48.474179,1.970278,88.16,217.4,93.0,120.0
554,48.473549,1.969553,88.16,217.4,92.9,120.0
555,48.472919,1.968828,88.16,217.4,92.9,120.0
556,48.47229,1.968103,88.16,217.4,92.9,120.0
557,48.47166,1.967379,88.16,217.4,92.9,120.0
558,48.471031,1.966654,88.16,217.4,92.9,120.0
559,48.470401,1.965929,88.16,217.4,92.9,120.0
560,48.469772,1.965204,88.16,217.4,92.9,120.0
561,48.469142,1.964479,88.16,217.4,92.8,120.0
562,48.468513,1.963755,88.16,217.4,92.8,120.0
563,48.467883,1.96303,88.16,217.4,92.8,120.0
564,48.467254,1.962305,88.17,217.4,92.8,120.0
565,48.466624,1.96158,88.17,217.4,92.8,120.0
566,48.465995,1.960855,88.17,217.4,92.8,120.0
567,48.465365,1.96013,88.17,217.4,92.8,120.0
568,48.464736,1.959406,88.17,217.4,92.8,120.0
569,48.464106,1.958681,88.17,217.4,92.7,120.0
570,48.463477,1.957956,88.17,217.4,92.7,120.0
571,48.462847,1.957231,88.17,217.4,92.7,120.0
572,48.462218,1.956506,88.17,217.4,92.7,120.0
573,48.461588,1.955782,88.17,217.4,92.7,120.0
574,48.460959,1.955057,88.17,217.4,92.7,120.0
575,48.460329,1.954332,88.17,217.4,92.7,120.0
576,48.459699,1.953607,88.17,217.4,92.6,120.0
577,48.45907,1.952882,88.17,217.4,92.6,120.0
578,48.45844,1.952157,88.17,217.4,92.6,120.0
579,48.457811,1.951433,88.17,217.4,92.6,120.0
580,48.457181,1.950708,88.17,217.4,92.6,120.0
581,48.456552,1.949983,88.17,217.4,92.6,120.0
582,48.455922,1.949258,88.17,217.4,92.6,120.0
583,48.455293,1.948533,88.17,217.4,92.5,120.0
584,48.454663,1.947809,88.17,217.4,92.5,120.0
585,48.454034,1.947084,88.17,217.4,92.5,120.0
586,48.453404,1.946359,88.17,217.4,92.5,120.0
587,48.452775,1.945634,88.17,217.4,92.5,120.0
588,48.452145,1.944909,88.17,217.4,92.5,120.0
589,48.451516,1.944185,88.18,217.4,92.5,120.0
590,48.450886,1.94346,88.18,217.4,92.4,120.0
591,48.450257,1.942735,88.18,217.4,92.4,120.0
592,48.449627,1.94201,88.18,217.4,92.4,120.0
593,48.448998,1.941285,88.18,217.4,92.4,120.0
594,48.448368,1.94056,88.18,217.4,92.4,120.0
595,48.447739,1.939836,88.18,217.4,92.4,120.0
596,48.447109,1.939111,88.18,217.4,92.4,120.0
597,48.44648,1.938386,88.18,217.4,92.3,120.0
598,48.44585,1.937661,88.18,217.4,92.3,120.0
599,48.44522,1.936936,88.18,217.4,92.3,120.0
600,48.444591,1.936212,88.18,217.4,92.3,120.0
601,48.443961,1.935487,88.18,217.4,92.3,120.0
602,48.443332,1.934762,88.18,217.4,92.3,120.0
603,48.442702,1.934037,88.18,217.4,92.2,119.0
604,48.442073,1.933312,88.18,217.4,92.2,119.0
605,48.441443,1.932587,88.18,217.4,92.2,119.0
606,48.440814,1.931863,88.18,217.4,92.2,119.0
607,48.440184,1.931138,88.18,217.4,92.2,119.0
608,48.439555,1.930413,88.18,217.4,92.2,119.0
609,48.438925,1.929688,88.18,217.4,92.2,119.0
610,48.438296,1.928963,88.18,217.4,92.1,119.0
611,48.437666,1.928239,88.18,217.4,92.1,119.0
612,48.437037,1.927514,88.18,217.4,92.1,119.0
613,48.436407,1.926789,88.19,217.4,92.1,119.0
614,48.435778,1.926064,88.19,217.4,92.1,119.0
615,48.435148,1.925339,88.19,217.4,92.1,119.0
616,48.434519,1.924615,88.19,217.4,92.0,119.0
617,48.433889,1.92389,88.19,217.4,92.0,119.0
618,48.43326,1.923165,88.19,217.4,92.0,119.0
619,48.43263,1.92244,88.19,217.4,92.0,119.0
620,48.432001,1.921715,88.19,217.4,92.0,119.0
621,48.431371,1.92099,88.19,217.4,92.0,119.0
622,48.430741,1.920266,88.19,217.4,92.0,119.0
623,48.430112,1.919541,88.19,217.4,91.9,119.0
624,48.429482,1.918816,88.19,217.4,91.9,119.0
625,48.428853,1.918091,88.19,217.4,91.9,119.0
626,48.428223,1.917366,88.19,217.4,91.9,119.0
627,48.427594,1.916642,88.19,217.4,91.9,119.0
628,48.426964,1.915917,88.19,217.4,91.9,119.0
629,48.426335,1.915192,88.19,217.4,91.8,119.0
630,48.425705,1.914467,88.19,217.4,91.8,119.0
631,48.425076,1.913742,88.19,217.4,91.8,119.0
632,48.424446,1.913018,88.19,217.4,91.8,119.0
633,48.423817,1.912293,88.19,217.4,91.8,119.0
634,48.423187,1.911568,88.19,217.4,91.8,119.0
635,48.422558,1.910843,88.19,217.4,91.7,119.0
636,48.421928,1.910118,88.19,217.4,91.7,119.0
637,48.421299,1.909393,88.19,217.4,91.7,119.0
638,48.420669,1.908669,88.2,217.4,91.7,119.0
639,48.42004,1.907944,88.2,217.4,91.7,119.0
640,48.41941,1.907219,88.2,217.4,91.7,119.0
641,48.418781,1.906494,88.2,217.4,91.6,119.0
642,48.418151,1.905769,88.2,217.4,91.6,119.0
643,48.417522,1.905045,88.2,217.4,91.6,119.0
644,48.416892,1.90432,88.2,217.4,91.6,119.0
645,48.416262,1.903595,88.2,217.4,91.6,119.0
646,48.415633,1.90287,88.2,217.4,91.6,119.0
647,48.415003,1.902145,88.2,217.4,91.5,119.0
648,48.414374,1.90142,88.2,217.4,91.5,119.0
649,48.413744,1.900696,88.2,217.4,91.5,119.0
650,48.413115,1.899971,88.2,217.4,91.5,119.0
651,48.412485,1.899246,88.2,217.4,91.5,119.0
652,48.411856,1.898521,88.2,217.4,91.5,119.0
653,48.411226,1.897796,88.2,217.4,91.4,119.0
654,48.410597,1.897072,88.2,217.4,91.4,119.0
655,48.409967,1.896347,88.2,217.4,91.4,119.0
656,48.409338,1.895622,88.2,217.4,91.4,119.0
657,48.408708,1.894897,88.2,217.4,91.4,119.0
658,48.408079,1.894172,88.2,217.4,91.4,119.0
659,48.407449,1.893448,88.2,217.4,91.3,119.0
660,48.40682,1.892723,88.2,217.4,91.3,119.0
661,48.40619,1.891998,88.2,217.4,91.3,119.0
662,48.405561,1.891273,88.2,217.4,91.3,119.0
663,48.404931,1.890548,88.21,217.4,91.3,119.0
664,48.404302,1.889823,88.21,217.4,91.3,119.0
665,48.403672,1.889099,88.21,217.4,91.2,119.0
666,48.403042,1.888374,88.21,217.4,91.2,119.0
667,48.402413,1.887649,88.21,217.4,91.2,119.0
668,48.401783,1.886924,88.21,217.4,91.2,119.0
669,48.401154,1.886199,88.21,217.4,91.2,119.0
670,48.400524,1.885475,88.21,217.4,91.1,119.0
671,48.399895,1.88475,88.21,217.4,91.1,119.0
672,48.399265,1.884025,88.21,217.4,91.1,119.0
673,48.398636,1.8833,88.21,217.4,91.1,119.0
674,48.398006,1.882575,88.21,217.4,91.1,119.0
675,48.397377,1.88185,88.21,217.4,91.1,119.0
676,48.396747,1.881126,88.21,217.4,91.0,119.0
677,48.396118,1.880401,88.21,217.4,91.0,119.0
678,48.395488,1.879676,88.21,217.4,91.0,119.0
679,48.394859,1.878951,88.21,217.4,91.0,119.0
680,48.394229,1.878226,88.21,217.4,91.0,119.0
681,48.3936,1.877502,88.21,217.4,90.9,119.0
682,48.39297,1.876777,88.21,217.4,90.9,119.0
683,48.392341,1.876052,88.21,217.4,90.9,119.0
684,48.391711,1.875327,88.21,217.4,90.9,119.0
685,48.391082,1.874602,88.21,217.4,90.9,119.0
686,48.390452,1.873878,88.21,217.4,90.9,119.0
687,48.389823,1.873153,88.21,217.4,90.8,119.0
688,48.389193,1.872428,88.22,217.4,90.8,119.0
689,48.388563,1.871703,88.22,217.4,90.8,119.0
690,48.387934,1.870978,88.22,217.4,90.8,119.0
691,48.387304,1.870253,88.22,217.4,90.8,119.0
692,48.386675,1.869529,88.22,217.4,90.7,119.0
693,48.386045,1.868804,88.22,217.4,90.7,119.0
694,48.385416,1.868079,88.22,217.4,90.7,119.0
695,48.384786,1.867354,88.22,217.4,90.7,119.0
696,48.384157,1.866629,88.22,217.4,90.7,119.0
697,48.383527,1.865905,88.22,217.4,90.7,119.0
698,48.382898,1.86518,88.22,217.4,90.6,119.0
699,48.382268,1.864455,88.22,217.4,90.6,119.0
700,48.381639,1.86373,88.22,217.4,90.6,119.0
701,48.381009,1.863005,88.22,217.4,90.6,119.0
702,48.38038,1.86228,88.22,217.4,90.6,119.0
703,48.37975,1.861556,88.22,217.4,90.5,119.0
704,48.379121,1.860831,88.22,217.4,90.5,119.0
705,48.378491,1.860106,88.22,217.4,90.5,119.0
706,48.377862,1.859381,88.22,217.4,90.5,119.0
707,48.377232,1.858656,88.22,217.4,90.5,119.0
708,48.376603,1.857932,88.22,217.4,90.4,119.0
709,48.375973,1.857207,88.22,217.4,90.4,119.0
710,48.375344,1.856482,88.22,217.4,90.4,119.0
711,48.374714,1.855757,88.22,217.4,90.4,119.0
712,48.374084,1.855032,88.22,217.4,90.4,119.0
713,48.373455,1.854308,88.23,217.4,90.3,119.0
714,48.372825,1.853583,88.23,217.4,90.3,119.0
715,48.372196,1.852858,88.23,217.4,90.3,119.0
716,48.371566,1.852133,88.23,217.4,90.3,119.0
717,48.370937,1.851408,88.23,217.4,90.3,119.0
718,48.370307,1.850683,88.23,217.4,90.3,119.0
719,48.369678,1.849959,88.23,217.4,90.2,119.0
720,48.369048,1.849234,88.23,217.4,90.2,119.0
721,48.368419,1.848509,88.23,217.4,90.2,119.0
722,48.367789,1.847784,88.23,217.4,90.2,119.0
723,48.36716,1.847059,88.23,217.4,90.2,119.0
724,48.36653,1.846335,88.23,217.4,90.1,119.0
725,48.365901,1.84561,88.23,217.4,90.1,119.0
726,48.365271,1.844885,88.23,217.4,90.1,118.0
727,48.364642,1.84416,88.23,217.4,90.1,118.0
728,48.364012,1.843435,88.23,217.4,90.1,118.0
729,48.363383,1.842711,88.23,217.4,90.0,118.0
730,48.362753,1.841986,88.23,217.4,90.0,118.0
731,48.362124,1.841261,88.23,217.4,90.0,118.0
732,48.361494,1.840536,88.23,217.4,90.0,118.0
733,48.360865,1.839811,88.23,217.4,90.0,118.0
734,48.360235,1.839086,88.23,217.4,89.9,118.0
735,48.359605,1.838362,88.23,217.4,89.9,118.0
736,48.358976,1.837637,88.23,217.4,89.9,118.0
737,48.358346,1.836912,88.23,217.4,89.9,118.0
738,48.357717,1.836187,88.24,217.4,89.9,118.0
739,48.357087,1.835462,88.24,217.4,89.8,118.0
740,48.356458,1.834738,88.24,217.4,89.8,118.0
741,48.355828,1.834013,88.24,217.4,89.8,118.0
742,48.355199,1.833288,88.24,217.4,89.8,118.0
743,48.354569,1.832563,88.24,217.4,89.8,118.0
744,48.35394,1.831838,88.24,217.4,89.7,118.0
745,48.35331,1.831113,88.24,217.4,89.7,118.0
746,48.352681,1.830389,88.24,217.4,89.7,118.0
747,48.352051,1.829664,88.24,217.4,89.7,118.0
748,48.351422,1.828939,88.24,217.4,89.6,118.0
749,48.350792,1.828214,88.24,217.4,89.6,118.0
750,48.350163,1.827489,88.24,217.4,89.6,118.0
751,48.349533,1.826765,88.24,217.4,89.6,118.0
752,48.348904,1.82604,88.24,217.4,89.6,118.0
753,48.348274,1.825315,88.24,217.4,89.5,118.0
754,48.347645,1.82459,88.24,217.4,89.5,118.0
755,48.347015,1.823865,88.24,217.4,89.5,118.0
756,48.346385,1.823141,88.24,217.4,89.5,118.0
757,48.345756,1.822416,88.24,217.4,89.5,118.0
758,48.345126,1.821691,88.24,217.4,89.4,118.0
759,48.344497,1.820966,88.24,217.4,89.4,118.0
760,48.343867,1.820241,88.24,217.4,89.4,118.0
761,48.343238,1.819516,88.24,217.4,89.4,118.0
762,48.342608,1.818792,88.25,217.4,89.4,118.0
763,48.341979,1.818067,88.25,217.4,89.3,118.0
764,48.341349,1.817342,88.25,217.4,89.3,118.0
765,48.34072,1.816617,88.25,217.4,89.3,118.0
766,48.34009,1.815892,88.25,217.4,89.3,118.0
767,48.339461,1.815168,88.25,217.4,89.2,118.0
768,48.338831,1.814443,88.25,217.4,89.2,118.0
769,48.338202,1.813718,88.25,217.4,89.2,118.0
770,48.337572,1.812993,88.25,217.4,89.2,118.0
771,48.336943,1.812268,88.25,217.4,89.2,118.0
772,48.336313,1.811543,88.25,217.4,89.1,118.0
773,48.335684,1.810819,88.25,217.4,89.1,118.0
774,48.335054,1.810094,88.25,217.4,89.1,118.0
775,48.334425,1.809369,88.25,217.4,89.1,118.0
776,48.333795,1.808644,88.25,217.4,89.1,118.0
777,48.333166,1.807919,88.25,217.4,89.0,118.0
778,48.332536,1.807195,88.25,217.4,89.0,118.0
779,48.331906,1.80647,88.25,217.4,89.0,118.0
780,48.331277,1.805745,88.25,217.4,89.0,118.0
781,48.330647,1.80502,88.25,217.4,88.9,118.0
782,48.330018,1.804295,88.25,217.4,88.9,118.0
783,48.329388,1.803571,88.25,217.4,88.9,118.0
784,48.328759,1.802846,88.25,217.4,88.9,118.0
785,48.328129,1.802121,88.25,217.4,88.9,118.0
786,48.3275,1.801396,88.25,217.4,88.8,118.0
787,48.32687,1.800671,88.26,217.4,88.8,118.0
788,48.326241,1.799946,88.26,217.4,88.8,118.0
789,48.325611,1.799222,88.26,217.4,88.8,118.0
790,48.324982,1.798497,88.26,217.4,88.7,118.0
791,48.324352,1.797772,88.26,217.4,88.7,118.0
792,48.323723,1.797047,88.26,217.4,88.7,118.0
793,48.323093,1.796322,88.26,217.4,88.7,118.0
794,48.322464,1.795598,88.26,217.4,88.7,118.0
795,48.321834,1.794873,88.26,217.4,88.6,118.0
796,48.321205,1.794148,88.26,217.4,88.6,118.0
797,48.320575,1.793423,88.26,217.4,88.6,118.0
798,48.319946,1.792698,88.26,217.4,88.6,118.0
799,48.319316,1.791973,88.26,217.4,88.5,118.0
800,48.318687,1.791249,88.26,217.4,88.5,118.0
801,48.318057,1.790524,88.26,217.4,88.5,118.0
802,48.317427,1.789799,88.26,217.4,88.5,118.0
803,48.316798,1.789074,88.26,217.4,88.5,118.0
804,48.316168,1.788349,88.26,217.4,88.4,118.0
805,48.315539,1.787625,88.26,217.4,88.4,118.0
806,48.314909,1.7869,88.26,217.4,88.4,118.0
807,48.31428,1.786175,88.26,217.4,88.4,118.0
808,48.31365,1.78545,88.26,217.4,88.3,118.0
809,48.313021,1.784725,88.26,217.4,88.3,118.0
810,48.312391,1.784001,88.26,217.4,88.3,118.0
811,48.311762,1.783276,88.26,217.4,88.3,118.0
812,48.311132,1.782551,88.27,217.4,88.3,117.0
813,48.310503,1.781826,88.27,217.4,88.2,117.0
814,48.309873,1.781101,88.27,217.4,88.2,117.0
815,48.309244,1.780376,88.27,217.4,88.2,117.0
816,48.308614,1.779652,88.27,217.4,88.2,117.0
817,48.307985,1.778927,88.27,217.4,88.1,117.0
818,48.307355,1.778202,88.27,217.4,88.1,117.0
819,48.306726,1.777477,88.27,217.4,88.1,117.0
820,48.306096,1.776752,88.27,217.4,88.1,117.0
821,48.305467,1.776028,88.27,217.4,88.0,117.0
822,48.304837,1.775303,88.27,217.4,88.0,117.0
823,48.304208,1.774578,88.27,217.4,88.0,117.0
824,48.303578,1.773853,88.27,217.4,88.0,117.0
825,48.302948,1.773128,88.27,217.4,88.0,117.0
826,48.302319,1.772404,88.27,217.4,87.9,117.0
827,48.301689,1.771679,88.27,217.4,87.9,117.0
828,48.30106,1.770954,88.27,217.4,87.9,117.0
829,48.30043,1.770229,88.27,217.4,87.9,117.0
830,48.299801,1.769504,88.27,217.4,87.8,117.0
831,48.299171,1.768779,88.27,217.4,87.8,117.0
832,48.298542,1.768055,88.27,217.5,87.8,117.0
833,48.297912,1.76733,88.27,217.5,87.8,117.0
834,48.297283,1.766605,88.27,217.5,87.7,117.0
835,48.296653,1.76588,88.27,217.5,87.7,117.0
836,48.296024,1.765155,88.27,217.5,87.7,117.0
837,48.295394,1.764431,88.28,217.5,87.7,117.0
838,48.294765,1.763706,88.28,217.5,87.6,117.0
839,48.294135,1.762981,88.28,217.5,87.6,117.0
840,48.293506,1.762256,88.28,217.5,87.6,117.0
841,48.292876,1.761531,88.28,217.5,87.6,117.0
842,48.292247,1.760806,88.28,217.5,87.5,117.0
843,48.291617,1.760082,88.28,217.5,87.5,117.0
844,48.290988,1.759357,88.28,217.5,87.5,117.0
845,48.290358,1.758632,88.28,217.5,87.5,117.0
846,48.289728,1.757907,88.28,217.5,87.5,117.0
847,48.289099,1.757182,88.28,217.5,87.4,117.0
848,48.288469,1.756458,88.28,217.5,87.4,117.0
849,48.28784,1.755733,88.28,217.5,87.4,117.0
850,48.28721,1.755008,88.28,217.5,87.4,117.0
851,48.286581,1.754283,88.28,217.5,87.3,117.0
852,48.285951,1.753558,88.28,217.5,87.3,117.0
853,48.285322,1.752834,88.28,217.5,87.3,117.0
854,48.284692,1.752109,88.28,217.5,87.3,117.0
855,48.284063,1.751384,88.28,217.5,87.2,117.0
856,48.283433,1.750659,88.28,217.5,87.2,117.0
857,48.282804,1.749934,88.28,217.5,87.2,117.0
858,48.282174,1.749209,88.28,217.5,87.2,117.0
859,48.281545,1.748485,88.28,217.5,87.1,117.0
860,48.280915,1.74776,88.28,217.5,87.1,117.0
861,48.280286,1.747035,88.28,217.5,87.1,117.0
862,48.279656,1.74631,88.29,217.5,87.1,117.0
863,48.279027,1.745585,88.29,217.5,87.0,117.0
864,48.278397,1.744861,88.29,217.5,87.0,117.0
865,48.277768,1.744136,88.29,217.5,87.0,117.0
866,48.277138,1.743411,88.29,217.5,87.0,117.0
867,48.276509,1.742686,88.29,217.5,86.9,117.0
868,48.275879,1.741961,88.29,217.5,86.9,117.0
869,48.275249,1.741236,88.29,217.5,86.9,117.0
870,48.27462,1.740512,88.29,217.5,86.9,117.0
871,48.27399,1.739787,88.29,217.5,86.8,117.0
872,48.273361,1.739062,88.29,217.5,86.8,117.0
873,48.272731,1.738337,88.29,217.5,86.8,117.0
874,48.272102,1.737612,88.29,217.5,86.8,117.0
875,48.271472,1.736888,88.29,217.5,86.7,117.0
876,48.270843,1.736163,88.29,217.5,86.7,117.0
877,48.270213,1.735438,88.29,217.5,86.7,117.0
878,48.269584,1.734713,88.29,217.5,86.7,117.0
879,48.268954,1.733988,88.29,217.5,86.6,117.0
880,48.268325,1.733264,88.29,217.5,86.6,117.0
881,48.267695,1.732539,88.29,217.5,86.6,116.0
882,48.267066,1.731814,88.29,217.5,86.6,116.0
883,48.266436,1.731089,88.29,217.5,86.5,116.0
884,48.265807,1.730364,88.29,217.5,86.5,116.0
885,48.265177,1.729639,88.29,217.5,86.5,116.0
886,48.264548,1.728915,88.29,217.5,86.5,116.0
887,48.263918,1.72819,88.3,217.5,86.4,116.0
888,48.263289,1.727465,88.3,217.5,86.4,116.0
889,48.262659,1.72674,88.3,217.5,86.4,116.0
890,48.26203,1.726015,88.3,217.5,86.4,116.0
891,48.2614,1.725291,88.3,217.5,86.3,116.0
892,48.26077,1.724566,88.3,217.5,86.3,116.0
893,48.260141,1.723841,88.3,217.5,86.3,116.0
894,48.259511,1.723116,88.3,217.5,86.3,116.0
895,48.258882,1.722391,88.3,217.5,86.2,116.0
896,48.258252,1.721666,88.3,217.5,86.2,116.0
897,48.257623,1.720942,88.3,217.5,86.2,116.0
898,48.256993,1.720217,88.3,217.5,86.2,116.0
899,48.256364,1.719492,88.3,217.5,86.1,116.0
900,48.255734,1.718767,88.3,217.5,86.1,116.0
901,48.255105,1.718042,88.3,217.5,86.1,116.0
902,48.254475,1.717318,88.3,217.5,86.0,116.0
903,48.253846,1.716593,88.3,217.5,86.0,116.0
904,48.253216,1.715868,88.3,217.5,86.0,116.0
905,48.252587,1.715143,88.3,217.5,86.0,116.0
906,48.251957,1.714418,88.3,217.5,85.9,116.0
907,48.251328,1.713694,88.3,217.5,85.9,116.0
908,48.250698,1.712969,88.3,217.5,85.9,116.0
909,48.250069,1.712244,88.3,217.5,85.9,116.0
910,48.249439,1.711519,88.3,217.5,85.8,116.0
911,48.24881,1.710794,88.3,217.5,85.8,116.0
912,48.24818,1.710069,88.31,217.5,85.8,116.0
913,48.247551,1.709345,88.31,217.5,85.8,116.0
914,48.246921,1.70862,88.31,217.5,85.7,116.0
915,48.246291,1.707895,88.31,217.5,85.7,116.0
916,48.245662,1.70717,88.31,217.5,85.7,116.0
917,48.245032,1.706445,88.31,217.5,85.7,116.0
918,48.244403,1.705721,88.31,217.5,85.6,116.0
919,48.243773,1.704996,88.31,217.5,85.6,116.0
920,48.243144,1.704271,88.31,217.5,85.6,116.0
921,48.242514,1.703546,88.31,217.5,85.5,116.0
922,48.241885,1.702821,88.31,217.5,85.5,116.0
923,48.241255,1.702097,88.31,217.5,85.5,116.0
924,48.240626,1.701372,88.31,217.5,85.5,116.0
925,48.239996,1.700647,88.31,217.5,85.4,116.0
926,48.239367,1.699922,88.31,217.5,85.4,116.0
927,48.238737,1.699197,88.31,217.5,85.4,116.0
928,48.238108,1.698472,88.31,217.5,85.4,116.0
929,48.237478,1.697748,88.31,217.5,85.3,116.0
930,48.236849,1.697023,88.31,217.5,85.3,116.0
931,48.236219,1.696298,88.31,217.5,85.3,116.0
932,48.23559,1.695573,88.31,217.5,85.3,116.0
933,48.23496,1.694848,88.31,217.5,85.2,116.0
934,48.234331,1.694124,88.31,217.5,85.2,116.0
935,48.233701,1.693399,88.31,217.5,85.2,116.0
936,48.233071,1.692674,88.32,217.5,85.1,116.0
937,48.232442,1.691949,88.32,217.5,85.1,116.0
938,48.231812,1.691224,88.32,217.5,85.1,116.0
939,48.231183,1.690499,88.32,217.5,85.1,116.0
940,48.230553,1.689775,88.32,217.5,85.0,116.0
941,48.229924,1.68905,88.32,217.5,85.0,116.0
942,48.229294,1.688325,88.32,217.5,85.0,115.0
943,48.228665,1.6876,88.32,217.5,85.0,115.0
944,48.228035,1.686875,88.32,217.5,84.9,115.0
945,48.227406,1.686151,88.32,217.5,84.9,115.0
946,48.226776,1.685426,88.32,217.5,84.9,115.0
947,48.226147,1.684701,88.32,217.5,84.8,115.0
948,48.225517,1.683976,88.32,217.5,84.8,115.0
949,48.224888,1.683251,88.32,217.5,84.8,115.0
950,48.224258,1.682527,88.32,217.5,84.8,115.0
951,48.223629,1.681802,88.32,217.5,84.7,115.0
952,48.222999,1.681077,88.32,217.5,84.7,115.0
953,48.22237,1.680352,88.32,217.5,84.7,115.0
954,48.22174,1.679627,88.32,217.5,84.7,115.0
955,48.221111,1.678902,88.32,217.5,84.6,115.0
956,48.220481,1.678178,88.32,217.5,84.6,115.0
957,48.219852,1.677453,88.32,217.5,84.6,115.0
958,48.219222,1.676728,88.32,217.5,84.5,115.0
959,48.218592,1.676003,88.32,217.5,84.5,115.0
960,48.217963,1.675278,88.32,217.5,84.5,115.0
961,48.217333,1.674554,88.33,217.5,84.5,115.0
962,48.216704,1.673829,88.33,217.5,84.4,115.0
963,48.216074,1.673104,88.33,217.5,84.4,115.0
964,48.215445,1.672379,88.33,217.5,84.4,115.0
965,48.214815,1.671654,88.33,217.5,84.3,115.0
966,48.214186,1.670929,88.33,217.5,84.3,115.0
967,48.213556,1.670205,88.33,217.5,84.3,115.0
968,48.212927,1.66948,88.33,217.5,84.3,115.0
969,48.212297,1.668755,88.33,217.5,84.2,115.0
970,48.211668,1.66803,88.33,217.5,84.2,115.0
971,48.211038,1.667305,88.33,217.5,84.2,115.0
972,48.210409,1.666581,88.33,217.5,84.2,115.0
973,48.209779,1.665856,88.33,217.5,84.1,115.0
974,48.20915,1.665131,88.33,217.5,84.1,115.0
975,48.20852,1.664406,88.33,217.5,84.1,115.0
976,48.207891,1.663681,88.33,217.5,84.0,115.0
977,48.207261,1.662957,88.33,217.5,84.0,115.0
978,48.206632,1.662232,88.33,217.5,84.0,115.0
979,48.206002,1.661507,88.33,217.5,84.0,115.0
980,48.205373,1.660782,88.33,217.5,83.9,115.0
981,48.204743,1.660057,88.33,217.5,83.9,115.0
982,48.204113,1.659332,88.33,217.5,83.9,115.0
983,48.203484,1.658608,88.33,217.5,83.8,115.0
984,48.202854,1.657883,88.33,217.5,83.8,115.0
985,48.202225,1.657158,88.33,217.5,83.8,115.0
986,48.201595,1.656433,88.34,217.5,83.8,115.0
987,48.200966,1.655708,88.34,217.5,83.7,115.0
988,48.200336,1.654984,88.34,217.5,83.7,115.0
989,48.199707,1.654259,88.34,217.5,83.7,115.0
990,48.199077,1.653534,88.34,217.5,83.6,115.0
991,48.198448,1.652809,88.34,217.5,83.6,115.0
992,48.197818,1.652084,88.34,217.5,83.6,115.0
993,48.197189,1.651359,88.34,217.5,83.6,115.0
994,48.196559,1.650635,88.34,217.5,83.5,115.0
995,48.19593,1.64991,88.34,217.5,83.5,115.0
996,48.1953,1.649185,88.34,217.5,83.5,114.0
997,48.194671,1.64846,88.34,217.5,83.4,114.0
998,48.194041,1.647735,88.34,217.5,83.4,114.0
999,48.193412,1.647011,88.34,217.5,83.4,114.0
1000,48.192782,1.646286,88.34,217.5,83.4,114.0
1001,48.192153,1.645561,88.34,217.5,83.3,114.0
1002,48.191523,1.644836,88.34,217.5,83.3,114.0
1003,48.190894,1.644111,88.34,217.5,83.3,114.0
1004,48.190264,1.643387,88.34,217.5,83.2,114.0
1005,48.189634,1.642662,88.34,217.5,83.2,114.0
1006,48.189005,1.641937,88.34,217.5,83.2,114.0
1007,48.188375,1.641212,88.34,217.5,83.1,114.0
1008,48.187746,1.640487,88.34,217.5,83.1,114.0
1009,48.187116,1.639762,88.34,217.5,83.1,114.0
1010,48.186487,1.639038,88.34,217.5,83.1,114.0
1011,48.185857,1.638313,88.35,217.5,83.0,114.0
1012,48.185228,1.637588,88.35,217.5,83.0,114.0
1013,48.184598,1.636863,88.35,217.5,83.0,114.0
1014,48.183969,1.636138,88.35,217.5,82.9,114.0
1015,48.183339,1.635414,88.35,217.5,82.9,114.0
1016,48.18271,1.634689,88.35,217.5,82.9,114.0
1017,48.18208,1.633964,88.35,217.5,82.9,114.0
1018,48.181451,1.633239,88.35,217.5,82.8,114.0
1019,48.180821,1.632514,88.35,217.5,82.8,114.0
1020,48.180192,1.63179,88.35,217.5,82.8,114.0
1021,48.179562,1.631065,88.35,217.5,82.7,114.0
1022,48.178933,1.63034,88.35,217.5,82.7,114.0
1023,48.178303,1.629615,88.35,217.5,82.7,114.0
1024,48.177674,1.62889,88.35,217.5,82.6,114.0
1025,48.177044,1.628165,88.35,217.5,82.6,114.0
1026,48.176414,1.627441,88.35,217.5,82.6,114.0
1027,48.175785,1.626716,88.35,217.5,82.6,114.0
1028,48.175155,1.625991,88.35,217.5,82.5,114.0
1029,48.174526,1.625266,88.35,217.5,82.5,114.0
1030,48.173896,1.624541,88.35,217.5,82.5,114.0
1031,48.173267,1.623817,88.35,217.5,82.4,114.0
1032,48.172637,1.623092,88.35,217.5,82.4,114.0
1033,48.172008,1.622367,88.35,217.5,82.4,114.0
1034,48.171378,1.621642,88.35,217.5,82.4,114.0
1035,48.170749,1.620917,88.35,217.5,82.3,114.0
1036,48.170119,1.620192,88.36,217.5,82.3,114.0
1037,48.16949,1.619468,88.36,217.5,82.3,114.0
1038,48.16886,1.618743,88.36,217.5,82.2,114.0
1039,48.168231,1.618018,88.36,217.5,82.2,114.0
1040,48.167601,1.617293,88.36,217.5,82.2,114.0
1041,48.166972,1.616568,88.36,217.5,82.1,114.0
1042,48.166342,1.615844,88.36,217.5,82.1,114.0
1043,48.165713,1.615119,88.36,217.5,82.1,114.0
1044,48.165083,1.614394,88.36,217.5,82.1,114.0
1045,48.164454,1.613669,88.36,217.5,82.0,114.0
1046,48.163824,1.612944,88.36,217.5,82.0,113.0
1047,48.163195,1.61222,88.36,217.5,82.0,113.0
1048,48.162565,1.611495,88.36,217.5,81.9,113.0
1049,48.161935,1.61077,88.36,217.5,81.9,113.0
1050,48.161306,1.610045,88.36,217.5,81.9,113.0
1051,48.160676,1.60932,88.36,217.5,81.8,113.0
1052,48.160047,1.608595,88.36,217.5,81.8,113.0
1053,48.159417,1.607871,88.36,217.5,81.8,113.0
1054,48.158788,1.607146,88.36,217.5,81.7,113.0
1055,48.158158,1.606421,88.36,217.5,81.7,113.0
1056,48.157529,1.605696,88.36,217.5,81.7,113.0
1057,48.156899,1.604971,88.36,217.5,81.7,113.0
1058,48.15627,1.604247,88.36,217.5,81.6,113.0
1059,48.15564,1.603522,88.36,217.5,81.6,113.0
1060,48.155011,1.602797,88.36,217.5,81.6,113.0
1061,48.154381,1.602072,88.37,217.5,81.5,113.0
1062,48.153752,1.601347,88.37,217.5,81.5,113.0
1063,48.153122,1.600622,88.37,217.5,81.5,113.0
1064,48.152493,1.599898,88.37,217.5,81.4,113.0
1065,48.151863,1.599173,88.37,217.5,81.4,113.0
1066,48.151234,1.598448,88.37,217.5,81.4,113.0
1067,48.150604,1.597723,88.37,217.5,81.3,113.0
1068,48.149975,1.596998,88.37,217.5,81.3,113.0
1069,48.149345,1.596274,88.37,217.5,81.3,113.0
1070,48.148716,1.595549,88.37,217.5,81.3,113.0
1071,48.148086,1.594824,88.37,217.5,81.2,113.0
1072,48.147456,1.594099,88.37,217.5,81.2,113.0
1073,48.146827,1.593374,88.37,217.5,81.2,113.0
1074,48.146197,1.59265,88.37,217.5,81.1,113.0
1075,48.145568,1.591925,88.37,217.5,81.1,113.0
1076,48.144938,1.5912,88.37,217.5,81.1,113.0
1077,48.144309,1.590475,88.37,217.5,81.0,113.0
1078,48.143679,1.58975,88.37,217.5,81.0,113.0
1079,48.14305,1.589025,88.37,217.5,81.0,113.0
1080,48.14242,1.588301,88.37,217.5,80.9,113.0
1081,48.141791,1.587576,88.37,217.5,80.9,113.0
1082,48.141161,1.586851,88.37,217.5,80.9,113.0
1083,48.140532,1.586126,88.37,217.5,80.9,113.0
1084,48.139902,1.585401,88.37,217.5,80.8,113.0
1085,48.139273,1.584677,88.37,217.5,80.8,113.0
1086,48.138643,1.583952,88.38,217.5,80.8,113.0
1087,48.138014,1.583227,88.38,217.5,80.7,113.0
1088,48.137384,1.582502,88.38,217.5,80.7,113.0
1089,48.136755,1.581777,88.38,217.5,80.7,113.0
1090,48.136125,1.581052,88.38,217.5,80.6,113.0
1091,48.135496,1.580328,88.38,217.5,80.6,113.0
1092,48.134866,1.579603,88.38,217.5,80.6,112.0
1093,48.134237,1.578878,88.38,217.5,80.5,112.0
1094,48.133607,1.578153,88.38,217.5,80.5,112.0
1095,48.132977,1.577428,88.38,217.5,80.5,112.0
1096,48.132348,1.576704,88.38,217.5,80.4,112.0
1097,48.131718,1.575979,88.38,217.5,80.4,112.0
1098,48.131089,1.575254,88.38,217.5,80.4,112.0
1099,48.130459,1.574529,88.38,217.5,80.3,112.0
1100,48.12983,1.573804,88.38,217.5,80.3,112.0
1101,48.1292,1.57308,88.38,217.5,80.3,112.0
1102,48.128571,1.572355,88.38,217.5,80.3,112.0
1103,48.127941,1.57163,88.38,217.5,80.2,112.0
1104,48.127312,1.570905,88.38,217.5,80.2,112.0
1105,48.126682,1.57018,88.38,217.5,80.2,112.0
1106,48.126053,1.569455,88.38,217.5,80.1,112.0
1107,48.125423,1.568731,88.38,217.5,80.1,112.0
1108,48.124794,1.568006,88.38,217.5,80.1,112.0
1109,48.124164,1.567281,88.38,217.5,80.0,112.0
1110,48.123535,1.566556,88.39,217.5,80.0,112.0
1111,48.122905,1.565831,88.39,217.5,80.0,112.0
1112,48.122276,1.565107,88.39,217.5,79.9,112.0
1113,48.121646,1.564382,88.39,217.5,79.9,112.0
1114,48.121017,1.563657,88.39,217.5,79.9,112.0
1115,48.120387,1.562932,88.39,217.5,79.8,112.0
1116,48.119757,1.562207,88.39,217.5,79.8,112.0
1117,48.119128,1.561483,88.39,217.5,79.8,112.0
1118,48.118498,1.560758,88.39,217.5,79.7,112.0
1119,48.117869,1.560033,88.39,217.5,79.7,112.0
1120,48.117239,1.559308,88.39,217.5,79.7,112.0
1121,48.11661,1.558583,88.39,217.5,79.6,112.0
1122,48.11598,1.557858,88.39,217.5,79.6,112.0
1123,48.115351,1.557134,88.39,217.5,79.6,112.0
1124,48.114721,1.556409,88.39,217.5,79.6,112.0
1125,48.114092,1.555684,88.39,217.5,79.5,112.0
1126,48.113462,1.554959,88.39,217.6,79.5,112.0
1127,48.112833,1.554234,88.39,217.6,79.5,112.0
1128,48.112203,1.55351,88.39,217.6,79.4,112.0
1129,48.111574,1.552785,88.39,217.6,79.4,112.0
1130,48.110944,1.55206,88.39,217.6,79.4,112.0
1131,48.110315,1.551335,88.39,217.6,79.3,112.0
1132,48.109685,1.55061,88.39,217.6,79.3,112.0
1133,48.109056,1.549885,88.39,217.6,79.3,112.0
1134,48.108426,1.549161,88.39,217.6,79.2,112.0
1135,48.107797,1.548436,88.4,217.6,79.2,111.0
1136,48.107167,1.547711,88.4,217.6,79.2,111.0
1137,48.106538,1.546986,88.4,217.6,79.1,111.0
1138,48.105908,1.546261,88.4,217.6,79.1,111.0
1139,48.105278,1.545537,88.4,217.6,79.1,111.0
1140,48.104649,1.544812,88.4,217.6,79.0,111.0
1141,48.104019,1.544087,88.4,217.6,79.0,111.0
1142,48.10339,1.543362,88.4,217.6,79.0,111.0
1143,48.10276,1.542637,88.4,217.6,78.9,111.0
1144,48.102131,1.541913,88.4,217.6,78.9,111.0
1145,48.101501,1.541188,88.4,217.6,78.9,111.0
1146,48.100872,1.540463,88.4,217.6,78.8,111.0
1147,48.100242,1.539738,88.4,217.6,78.8,111.0
1148,48.099613,1.539013,88.4,217.6,78.8,111.0
1149,48.098983,1.538288,88.4,217.6,78.7,111.0
1150,48.098354,1.537564,88.4,217.6,78.7,111.0
1151,48.097724,1.536839,88.4,217.6,78.7,111.0
1152,48.097095,1.536114,88.4,217.6,78.6,111.0
1153,48.096465,1.535389,88.4,217.6,78.6,111.0
1154,48.095836,1.534664,88.4,217.6,78.6,111.0
1155,48.095206,1.53394,88.4,217.6,78.5,111.0
1156,48.094577,1.533215,88.4,217.6,78.5,111.0
1157,48.093947,1.53249,88.4,217.6,78.5,111.0
1158,48.093318,1.531765,88.4,217.6,78.4,111.0
1159,48.092688,1.53104,88.4,217.6,78.4,111.0
1160,48.092059,1.530315,88.41,217.6,78.4,111.0
1161,48.091429,1.529591,88.41,217.6,78.3,111.0
1162,48.090799,1.528866,88.41,217.6,78.3,111.0
1163,48.09017,1.528141,88.41,217.6,78.3,111.0
1164,48.08954,1.527416,88.41,217.6,78.2,111.0
1165,48.088911,1.526691,88.41,217.6,78.2,111.0
1166,48.088281,1.525967,88.41,217.6,78.2,111.0
1167,48.087652,1.525242,88.41,217.6,78.1,111.0
1168,48.087022,1.524517,88.41,217.6,78.1,111.0
1169,48.086393,1.523792,88.41,217.6,78.1,111.0
1170,48.085763,1.523067,88.41,217.6,78.0,111.0
1171,48.085134,1.522343,88.41,217.6,78.0,111.0
1172,48.084504,1.521618,88.41,217.6,78.0,111.0
1173,48.083875,1.520893,88.41,217.6,77.9,111.0
1174,48.083245,1.520168,88.41,217.6,77.9,111.0
1175,48.082616,1.519443,88.41,217.6,77.9,111.0
1176,48.081986,1.518718,88.41,217.6,77.8,110.0
1177,48.081357,1.517994,88.41,217.6,77.8,110.0
1178,48.080727,1.517269,88.41,217.6,77.8,110.0
1179,48.080098,1.516544,88.41,217.6,77.7,110.0
1180,48.079468,1.515819,88.41,217.6,77.7,110.0
1181,48.078839,1.515094,88.41,217.6,77.7,110.0
1182,48.078209,1.51437,88.41,217.6,77.6,110.0
1183,48.07758,1.513645,88.41,217.6,77.6,110.0
1184,48.07695,1.51292,88.41,217.6,77.6,110.0
1185,48.07632,1.512195,88.42,217.6,77.5,110.0
1186,48.075691,1.51147,88.42,217.6,77.5,110.0
1187,48.075061,1.510746,88.42,217.6,77.5,110.0
1188,48.074432,1.510021,88.42,217.6,77.4,110.0
1189,48.073802,1.509296,88.42,217.6,77.4,110.0
1190,48.073173,1.508571,88.42,217.6,77.4,110.0
1191,48.072543,1.507846,88.42,217.6,77.3,110.0
1192,48.071914,1.507121,88.42,217.6,77.3,110.0
1193,48.071284,1.506397,88.42,217.6,77.3,110.0
1194,48.070655,1.505672,88.42,217.6,77.2,110.0
1195,48.070025,1.504947,88.42,217.6,77.2,110.0
1196,48.069396,1.504222,88.42,217.6,77.2,110.0
1197,48.068766,1.503497,88.42,217.6,77.1,110.0
1198,48.068137,1.502773,88.42,217.6,77.1,110.0
1199,48.067507,1.502048,88.42,217.6,77.1,110.0
1200,48.066878,1.501323,88.42,217.6,77.0,110.0
1201,48.066248,1.500598,88.42,217.6,77.0,110.0
1202,48.065619,1.499873,88.42,217.6,77.0,110.0
1203,48.064989,1.499148,88.42,217.6,76.9,110.0
1204,48.06436,1.498424,88.42,217.6,76.9,110.0
1205,48.06373,1.497699,88.42,217.6,76.9,110.0
1206,48.0631,1.496974,88.42,217.6,76.8,110.0
1207,48.062471,1.496249,88.42,217.6,76.8,110.0
1208,48.061841,1.495524,88.42,217.6,76.8,110.0
1209,48.061212,1.4948,88.42,217.6,76.7,110.0
1210,48.060582,1.494075,88.43,217.6,76.7,110.0
1211,48.059953,1.49335,88.43,217.6,76.7,110.0
1212,48.059323,1.492625,88.43,217.6,76.6,110.0
1213,48.058694,1.4919,88.43,217.6,76.6,110.0
1214,48.058064,1.491176,88.43,217.6,76.6,109.0
1215,48.057435,1.490451,88.43,217.6,76.5,109.0
1216,48.056805,1.489726,88.43,217.6,76.5,109.0
1217,48.056176,1.489001,88.43,217.6,76.5,109.0
1218,48.055546,1.488276,88.43,217.6,76.4,109.0
1219,48.054917,1.487551,88.43,217.6,76.4,109.0
1220,48.054287,1.486827,88.43,217.6,76.3,109.0
1221,48.053658,1.486102,88.43,217.6,76.3,109.0
1222,48.053028,1.485377,88.43,217.6,76.3,109.0
1223,48.052399,1.484652,88.43,217.6,76.2,109.0
1224,48.051769,1.483927,88.43,217.6,76.2,109.0
1225,48.05114,1.483203,88.43,217.6,76.2,109.0
1226,48.05051,1.482478,88.43,217.6,76.1,109.0
1227,48.049881,1.481753,88.43,217.6,76.1,109.0
1228,48.049251,1.481028,88.43,217.6,76.1,109.0
1229,48.048621,1.480303,88.43,217.6,76.0,109.0
1230,48.047992,1.479578,88.43,217.6,76.0,109.0
1231,48.047362,1.478854,88.43,217.6,76.0,109.0
1232,48.046733,1.478129,88.43,217.6,75.9,109.0
1233,48.046103,1.477404,88.43,217.6,75.9,109.0
1234,48.045474,1.476679,88.43,217.6,75.9,109.0
1235,48.044844,1.475954,88.44,217.6,75.8,109.0
1236,48.044215,1.47523,88.44,217.6,75.8,109.0
1237,48.043585,1.474505,88.44,217.6,75.8,109.0
1238,48.042956,1.47378,88.44,217.6,75.7,109.0
1239,48.042326,1.473055,88.44,217.6,75.7,109.0
1240,48.041697,1.47233,88.44,217.6,75.7,109.0
1241,48.041067,1.471606,88.44,217.6,75.6,109.0
1242,48.040438,1.470881,88.44,217.6,75.6,109.0
1243,48.039808,1.470156,88.44,217.6,75.6,109.0
1244,48.039179,1.469431,88.44,217.6,75.5,109.0
1245,48.038549,1.468706,88.44,217.6,75.5,109.0
1246,48.03792,1.467981,88.44,217.6,75.4,109.0
1247,48.03729,1.467257,88.44,217.6,75.4,109.0
1248,48.036661,1.466532,88.44,217.6,75.4,109.0
1249,48.036031,1.465807,88.44,217.6,75.3,109.0
1250,48.035402,1.465082,88.44,217.6,75.3,109.0
1251,48.034772,1.464357,88.44,217.6,75.3,108.0
1252,48.034142,1.463633,88.44,217.6,75.2,108.0
1253,48.033513,1.462908,88.44,217.6,75.2,108.0
1254,48.032883,1.462183,88.44,217.6,75.2,108.0
1255,48.032254,1.461458,88.44,217.6,75.1,108.0
1256,48.031624,1.460733,88.44,217.6,75.1,108.0
1257,48.030995,1.460008,88.44,217.6,75.1,108.0
1258,48.030365,1.459284,88.44,217.6,75.0,108.0
1259,48.029736,1.458559,88.44,217.6,75.0,108.0
1260,48.029106,1.457834,88.45,217.6,75.0,108.0
1261,48.028477,1.457109,88.45,217.6,74.9,108.0
1262,48.027847,1.456384,88.45,217.6,74.9,108.0
1263,48.027218,1.45566,88.45,217.6,74.9,108.0
1264,48.026588,1.454935,88.45,217.6,74.8,108.0
1265,48.025959,1.45421,88.45,217.6,74.8,108.0
1266,48.025329,1.453485,88.45,217.6,74.7,108.0
1267,48.0247,1.45276,88.45,217.6,74.7,108.0
1268,48.02407,1.452036,88.45,217.6,74.7,108.0
1269,48.023441,1.451311,88.45,217.6,74.6,108.0
1270,48.022811,1.450586,88.45,217.6,74.6,108.0
1271,48.022182,1.449861,88.45,217.6,74.6,108.0
1272,48.021552,1.449136,88.45,217.6,74.5,108.0
1273,48.020923,1.448411,88.45,217.6,74.5,108.0
1274,48.020293,1.447687,88.45,217.6,74.5,108.0
1275,48.019663,1.446962,88.45,217.6,74.4,108.0
1276,48.019034,1.446237,88.45,217.6,74.4,108.0
1277,48.018404,1.445512,88.45,217.6,74.4,108.0
1278,48.017775,1.444787,88.45,217.6,74.3,108.0
1279,48.017145,1.444063,88.45,217.6,74.3,108.0
1280,48.016516,1.443338,88.45,217.6,74.3,108.0
1281,48.015886,1.442613,88.45,217.6,74.2,108.0
1282,48.015257,1.441888,88.45,217.6,74.2,108.0
1283,48.014627,1.441163,88.45,217.6,74.1,108.0
1284,48.013998,1.440439,88.46,217.6,74.1,108.0
1285,48.013368,1.439714,88.46,217.6,74.1,108.0
1286,48.012739,1.438989,88.46,217.6,74.0,108.0
1287,48.012109,1.438264,88.46,217.6,74.0,107.0
1288,48.01148,1.437539,88.46,217.6,74.0,107.0
1289,48.01085,1.436814,88.46,217.6,73.9,107.0
1290,48.010221,1.43609,88.46,217.6,73.9,107.0
1291,48.009591,1.435365,88.46,217.6,73.9,107.0
1292,48.008962,1.43464,88.46,217.6,73.8,107.0
1293,48.008332,1.433915,88.46,217.6,73.8,107.0
1294,48.007703,1.43319,88.46,217.6,73.8,107.0
1295,48.007073,1.432466,88.46,217.6,73.7,107.0
1296,48.006443,1.431741,88.46,217.6,73.7,107.0
1297,48.005814,1.431016,88.46,217.6,73.6,107.0
1298,48.005184,1.430291,88.46,217.6,73.6,107.0
1299,48.004555,1.429566,88.46,217.6,73.6,107.0
1300,48.003925,1.428841,88.46,217.6,73.5,107.0
1301,48.003296,1.428117,88.46,217.6,73.5,107.0
1302,48.002666,1.427392,88.46,217.6,73.5,107.0
1303,48.002037,1.426667,88.46,217.6,73.4,107.0
1304,48.001407,1.425942,88.46,217.6,73.4,107.0
1305,48.000778,1.425217,88.46,217.6,73.4,107.0
1306,48.000148,1.424493,88.46,217.6,73.3,107.0
1307,47.999519,1.423768,88.46,217.6,73.3,107.0
1308,47.998889,1.423043,88.46,217.6,73.3,107.0
1309,47.99826,1.422318,88.47,217.6,73.2,107.0
1310,47.99763,1.421593,88.47,217.6,73.2,107.0
1311,47.997001,1.420869,88.47,217.6,73.1,107.0
1312,47.996371,1.420144,88.47,217.6,73.1,107.0
1313,47.995742,1.419419,88.47,217.6,73.1,107.0
1314,47.995112,1.418694,88.47,217.6,73.0,107.0
1315,47.994483,1.417969,88.47,217.6,73.0,107.0
1316,47.993853,1.417244,88.47,217.6,73.0,107.0
1317,47.993224,1.41652,88.47,217.6,72.9,107.0
1318,47.992594,1.415795,88.47,217.6,72.9,107.0
1319,47.991964,1.41507,88.47,217.6,72.9,107.0
1320,47.991335,1.414345,88.47,217.6,72.8,107.0
1321,47.990705,1.41362,88.47,217.6,72.8,106.0
1322,47.990076,1.412896,88.47,217.6,72.7,106.0
1323,47.989446,1.412171,88.47,217.6,72.7,106.0
1324,47.988817,1.411446,88.47,217.6,72.7,106.0
1325,47.988187,1.410721,88.47,217.6,72.6,106.0
1326,47.987558,1.409996,88.47,217.6,72.6,106.0
1327,47.986928,1.409271,88.47,217.6,72.6,106.0
1328,47.986299,1.408547,88.47,217.6,72.5,106.0
1329,47.985669,1.407822,88.47,217.6,72.5,106.0
1330,47.98504,1.407097,88.47,217.6,72.5,106.0
1331,47.98441,1.406372,88.47,217.6,72.4,106.0
1332,47.983781,1.405647,88.47,217.6,72.4,106.0
1333,47.983151,1.404923,88.47,217.6,72.3,106.0
1334,47.982522,1.404198,88.48,217.6,72.3,106.0
1335,47.981892,1.403473,88.48,217.6,72.3,106.0
1336,47.981263,1.402748,88.48,217.6,72.2,106.0
1337,47.980633,1.402023,88.48,217.6,72.2,106.0
1338,47.980004,1.401299,88.48,217.6,72.2,106.0
1339,47.979374,1.400574,88.48,217.6,72.1,106.0
1340,47.978745,1.399849,88.48,217.6,72.1,106.0
1341,47.978115,1.399124,88.48,217.6,72.1,106.0
1342,47.977485,1.398399,88.48,217.6,72.0,106.0
1343,47.976856,1.397674,88.48,217.6,72.0,106.0
1344,47.976226,1.39695,88.48,217.6,71.9,106.0
1345,47.975597,1.396225,88.48,217.6,71.9,106.0
1346,47.974967,1.3955,88.48,217.6,71.9,106.0
1347,47.974338,1.394775,88.48,217.6,71.8,106.0
1348,47.973708,1.39405,88.48,217.6,71.8,106.0
1349,47.973079,1.393326,88.48,217.6,71.8,106.0
1350,47.972449,1.392601,88.48,217.6,71.7,106.0
1351,47.97182,1.391876,88.48,217.6,71.7,106.0
1352,47.97119,1.391151,88.48,217.6,71.7,106.0
1353,47.970561,1.390426,88.48,217.6,71.6,106.0
1354,47.969931,1.389701,88.48,217.6,71.6,106.0
1355,47.969302,1.388977,88.48,217.6,71.5,105.0
1356,47.968672,1.388252,88.48,217.6,71.5,105.0
1357,47.968043,1.387527,88.48,217.6,71.5,105.0
1358,47.967413,1.386802,88.48,217.6,71.4,105.0
1359,47.966784,1.386077,88.49,217.6,71.4,105.0
1360,47.966154,1.385353,88.49,217.6,71.4,105.0
1361,47.965525,1.384628,88.49,217.6,71.3,105.0
1362,47.964895,1.383903,88.49,217.6,71.3,105.0
1363,47.964266,1.383178,88.49,217.6,71.2,105.0
1364,47.963636,1.382453,88.49,217.6,71.2,105.0
1365,47.963006,1.381729,88.49,217.6,71.2,105.0
1366,47.962377,1.381004,88.49,217.6,71.1,105.0
1367,47.961747,1.380279,88.49,217.6,71.1,105.0
1368,47.961118,1.379554,88.49,217.6,71.1,105.0
1369,47.960488,1.378829,88.49,217.6,71.0,105.0
1370,47.959859,1.378104,88.49,217.6,71.0,105.0
1371,47.959229,1.37738,88.49,217.6,71.0,105.0
1372,47.9586,1.376655,88.49,217.6,70.9,105.0
1373,47.95797,1.37593,88.49,217.6,70.9,105.0
1374,47.957341,1.375205,88.49,217.6,70.8,105.0
1375,47.956711,1.37448,88.49,217.6,70.8,105.0
1376,47.956082,1.373756,88.49,217.6,70.8,105.0
1377,47.955452,1.373031,88.49,217.6,70.7,105.0
1378,47.954823,1.372306,88.49,217.6,70.7,105.0
1379,47.954193,1.371581,88.49,217.6,70.7,105.0
1380,47.953564,1.370856,88.49,217.6,70.6,105.0
1381,47.952934,1.370132,88.49,217.6,70.6,105.0
1382,47.952305,1.369407,88.49,217.6,70.5,105.0
1383,47.951675,1.368682,88.49,217.6,70.5,105.0
1384,47.951046,1.367957,88.5,217.6,70.5,105.0
1385,47.950416,1.367232,88.5,217.6,70.4,105.0
1386,47.949786,1.366507,88.5,217.6,70.4,105.0
1387,47.949157,1.365783,88.5,217.6,70.4,104.0
1388,47.948527,1.365058,88.5,217.6,70.3,104.0
1389,47.947898,1.364333,88.5,217.6,70.3,104.0
1390,47.947268,1.363608,88.5,217.6,70.2,104.0
1391,47.946639,1.362883,88.5,217.6,70.2,104.0
1392,47.946009,1.362159,88.5,217.6,70.2,104.0
1393,47.94538,1.361434,88.5,217.6,70.1,104.0
1394,47.94475,1.360709,88.5,217.6,70.1,104.0
1395,47.944121,1.359984,88.5,217.6,70.1,104.0
1396,47.943491,1.359259,88.5,217.6,70.0,104.0
1397,47.942862,1.358534,88.5,217.6,70.0,104.0
1398,47.942232,1.35781,88.5,217.6,69.9,104.0
1399,47.941603,1.357085,88.5,217.6,69.9,104.0
1400,47.940973,1.35636,88.5,217.6,69.9,104.0
1401,47.940344,1.355635,88.5,217.6,69.8,104.0
1402,47.939714,1.35491,88.5,217.6,69.8,104.0
1403,47.939085,1.354186,88.5,217.6,69.8,104.0
1404,47.938455,1.353461,88.5,217.6,69.7,104.0
1405,47.937826,1.352736,88.5,217.6,69.7,104.0
1406,47.937196,1.352011,88.5,217.6,69.7,104.0
1407,47.936567,1.351286,88.5,217.6,69.6,104.0
1408,47.935937,1.350562,88.5,217.6,69.6,104.0
1409,47.935307,1.349837,88.51,217.6,69.5,104.0
1410,47.934678,1.349112,88.51,217.6,69.5,104.0
1411,47.934048,1.348387,88.51,217.6,69.5,104.0
1412,47.933419,1.347662,88.51,217.6,69.4,104.0
1413,47.932789,1.346937,88.51,217.6,69.4,104.0
1414,47.93216,1.346213,88.51,217.6,69.4,104.0
1415,47.93153,1.345488,88.51,217.6,69.3,104.0
1416,47.930901,1.344763,88.51,217.6,69.3,104.0
1417,47.930271,1.344038,88.51,217.6,69.2,104.0
1418,47.929642,1.343313,88.51,217.6,69.2,103.0
1419,47.929012,1.342589,88.51,217.6,69.2,103.0
1420,47.928383,1.341864,88.51,217.6,69.1,103.0
1421,47.927753,1.341139,88.51,217.7,69.1,103.0
1422,47.927124,1.340414,88.51,217.7,69.1,103.0
1423,47.926494,1.339689,88.51,217.7,69.0,103.0
1424,47.925865,1.338964,88.51,217.7,69.0,103.0
1425,47.925235,1.33824,88.51,217.7,68.9,103.0
1426,47.924606,1.337515,88.51,217.7,68.9,103.0
1427,47.923976,1.33679,88.51,217.7,68.9,103.0
1428,47.923347,1.336065,88.51,217.7,68.8,103.0
1429,47.922717,1.33534,88.51,217.7,68.8,103.0
1430,47.922088,1.334616,88.51,217.7,68.8,103.0
1431,47.921458,1.333891,88.51,217.7,68.7,103.0
1432,47.920828,1.333166,88.51,217.7,68.7,103.0
1433,47.920199,1.332441,88.51,217.7,68.6,103.0
1434,47.919569,1.331716,88.52,217.7,68.6,103.0
1435,47.91894,1.330992,88.52,217.7,68.6,103.0
1436,47.91831,1.330267,88.52,217.7,68.5,103.0
1437,47.917681,1.329542,88.52,217.7,68.5,103.0
1438,47.917051,1.328817,88.52,217.7,68.4,103.0
1439,47.916422,1.328092,88.52,217.7,68.4,103.0
1440,47.915792,1.327367,88.52,217.7,68.4,103.0
1441,47.915163,1.326643,88.52,217.7,68.3,103.0
1442,47.914533,1.325918,88.52,217.7,68.3,103.0
1443,47.913904,1.325193,88.52,217.7,68.3,103.0
1444,47.913274,1.324468,88.52,217.7,68.2,103.0
1445,47.912645,1.323743,88.52,217.7,68.2,103.0
1446,47.912015,1.323019,88.52,217.7,68.1,103.0
1447,47.911386,1.322294,88.52,217.7,68.1,103.0
1448,47.910756,1.321569,88.52,217.7,68.1,102.0
1449,47.910127,1.320844,88.52,217.7,68.0,102.0
1450,47.909497,1.320119,88.52,217.7,68.0,102.0
1451,47.908868,1.319394,88.52,217.7,68.0,102.0
1452,47.908238,1.31867,88.52,217.7,67.9,102.0
1453,47.907609,1.317945,88.52,217.7,67.9,102.0
1454,47.906979,1.31722,88.52,217.7,67.8,102.0
1455,47.906349,1.316495,88.52,217.7,67.8,102.0
1456,47.90572,1.31577,88.52,217.7,67.8,102.0
1457,47.90509,1.315046,88.52,217.7,67.7,102.0
1458,47.904461,1.314321,88.52,217.7,67.7,102.0
1459,47.903831,1.313596,88.53,217.7,67.7,102.0
1460,47.903202,1.312871,88.53,217.7,67.6,102.0
1461,47.902572,1.312146,88.53,217.7,67.6,102.0
1462,47.901943,1.311422,88.53,217.7,67.5,102.0
1463,47.901313,1.310697,88.53,217.7,67.5,102.0
1464,47.900684,1.309972,88.53,217.7,67.5,102.0
1465,47.900054,1.309247,88.53,217.7,67.4,102.0
1466,47.899425,1.308522,88.53,217.7,67.4,102.0
1467,47.898795,1.307797,88.53,217.7,67.4,102.0
1468,47.898166,1.307073,88.53,217.7,67.3,102.0
1469,47.897536,1.306348,88.53,217.7,67.3,102.0
1470,47.896907,1.305623,88.53,217.7,67.2,102.0
1471,47.896277,1.304898,88.53,217.7,67.2,102.0
1472,47.895648,1.304173,88.53,217.7,67.2,102.0
1473,47.895018,1.303449,88.53,217.7,67.1,102.0
1474,47.894389,1.302724,88.53,217.7,67.1,102.0
1475,47.893759,1.301999,88.53,217.7,67.0,102.0
1476,47.893129,1.301274,88.53,217.7,67.0,102.0
1477,47.8925,1.300549,88.53,217.7,67.0,102.0
1478,47.89187,1.299825,88.53,217.7,66.9,101.0
1479,47.891241,1.2991,88.53,217.7,66.9,101.0
1480,47.890611,1.298375,88.53,217.7,66.9,101.0
1481,47.889982,1.29765,88.53,217.7,66.8,101.0
1482,47.889352,1.296925,88.53,217.7,66.8,101.0
1483,47.888723,1.2962,88.54,217.7,66.7,101.0
1484,47.888093,1.295476,88.54,217.7,66.7,101.0
1485,47.887464,1.294751,88.54,217.7,66.7,101.0
1486,47.886834,1.294026,88.54,217.7,66.6,101.0
1487,47.886205,1.293301,88.54,217.7,66.6,101.0
1488,47.885575,1.292576,88.54,217.7,66.6,101.0
1489,47.884946,1.291852,88.54,217.7,66.5,101.0
1490,47.884316,1.291127,88.54,217.7,66.5,101.0
1491,47.883687,1.290402,88.54,217.7,66.4,101.0
1492,47.883057,1.289677,88.54,217.7,66.4,101.0
1493,47.882428,1.288952,88.54,217.7,66.4,101.0
1494,47.881798,1.288227,88.54,217.7,66.3,101.0
1495,47.881169,1.287503,88.54,217.7,66.3,101.0
1496,47.880539,1.286778,88.54,217.7,66.2,101.0
1497,47.87991,1.286053,88.54,217.7,66.2,101.0
1498,47.87928,1.285328,88.54,217.7,66.2,101.0
1499,47.87865,1.284603,88.54,217.7,66.1,101.0
1500,47.878021,1.283879,88.54,217.7,66.1,101.0
1501,47.877391,1.283154,88.54,217.7,66.1,101.0
1502,47.876762,1.282429,88.54,217.7,66.0,101.0
1503,47.876132,1.281704,88.54,217.7,66.0,101.0
1504,47.875503,1.280979,88.54,217.7,65.9,101.0
1505,47.874873,1.280255,88.54,217.7,65.9,101.0
1506,47.874244,1.27953,88.54,217.7,65.9,101.0
1507,47.873614,1.278805,88.54,217.7,65.8,100.0
1508,47.872985,1.27808,88.55,217.7,65.8,100.0
1509,47.872355,1.277355,88.55,217.7,65.7,100.0
1510,47.871726,1.27663,88.55,217.7,65.7,100.0
1511,47.871096,1.275906,88.55,217.7,65.7,100.0
1512,47.870467,1.275181,88.55,217.7,65.6,100.0
1513,47.869837,1.274456,88.55,217.7,65.6,100.0
1514,47.869208,1.273731,88.55,217.7,65.6,100.0
1515,47.868578,1.273006,88.55,217.7,65.5,100.0
1516,47.867949,1.272282,88.55,217.7,65.5,100.0
1517,47.867319,1.271557,88.55,217.7,65.4,100.0
1518,47.86669,1.270832,88.55,217.7,65.4,100.0
1519,47.86606,1.270107,88.55,217.7,65.4,100.0
1520,47.865431,1.269382,88.55,217.7,65.3,100.0
1521,47.864801,1.268657,88.55,217.7,65.3,100.0
1522,47.864171,1.267933,88.55,217.7,65.2,100.0
1523,47.863542,1.267208,88.55,217.7,65.2,100.0
1524,47.862912,1.266483,88.55,217.7,65.2,100.0
1525,47.862283,1.265758,88.55,217.7,65.1,100.0
1526,47.861653,1.265033,88.55,217.7,65.1,100.0
1527,47.861024,1.264309,88.55,217.7,65.1,100.0
1528,47.860394,1.263584,88.55,217.7,65.0,100.0
1529,47.859765,1.262859,88.55,217.7,65.0,100.0
1530,47.859135,1.262134,88.55,217.7,64.9,100.0
1531,47.858506,1.261409,88.55,217.7,64.9,100.0
1532,47.857876,1.260685,88.55,217.7,64.9,100.0
1533,47.857247,1.25996,88.56,217.7,64.8,100.0
1534,47.856617,1.259235,88.56,217.7,64.8,100.0
1535,47.855988,1.25851,88.56,217.7,64.7,99.0
1536,47.855358,1.257785,88.56,217.7,64.7,99.0
1537,47.854729,1.25706,88.56,217.7,64.7,99.0
1538,47.854099,1.256336,88.56,217.7,64.6,99.0
1539,47.85347,1.255611,88.56,217.7,64.6,99.0
1540,47.85284,1.254886,88.56,217.7,64.6,99.0
1541,47.852211,1.254161,88.56,217.7,64.5,99.0
1542,47.851581,1.253436,88.56,217.7,64.5,99.0
1543,47.850952,1.252712,88.56,217.7,64.4,99.0
1544,47.850322,1.251987,88.56,217.7,64.4,99.0
1545,47.849692,1.251262,88.56,217.7,64.4,99.0
1546,47.849063,1.250537,88.56,217.7,64.3,99.0
1547,47.848433,1.249812,88.56,217.7,64.3,99.0
1548,47.847804,1.249087,88.56,217.7,64.2,99.0
1549,47.847174,1.248363,88.56,217.7,64.2,99.0
1550,47.846545,1.247638,88.56,217.7,64.2,99.0
1551,47.845915,1.246913,88.56,217.7,64.1,99.0
1552,47.845286,1.246188,88.56,217.7,64.1,99.0
1553,47.844656,1.245463,88.56,217.7,64.1,99.0
1554,47.844027,1.244739,88.56,217.7,64.0,99.0
1555,47.843397,1.244014,88.56,217.7,64.0,99.0
1556,47.842768,1.243289,88.56,217.7,63.9,99.0
1557,47.842138,1.242564,88.56,217.7,63.9,99.0
1558,47.841509,1.241839,88.57,217.7,63.9,99.0
1559,47.840879,1.241115,88.57,217.7,63.8,99.0
1560,47.84025,1.24039,88.57,217.7,63.8,99.0
1561,47.83962,1.239665,88.57,217.7,63.7,99.0
1562,47.838991,1.23894,88.57,217.7,63.7,99.0
1563,47.838361,1.238215,88.57,217.7,63.7,98.0
1564,47.837732,1.23749,88.57,217.7,63.6,98.0
1565,47.837102,1.236766,88.57,217.7,63.6,98.0
1566,47.836472,1.236041,88.57,217.7,63.5,98.0
1567,47.835843,1.235316,88.57,217.7,63.5,98.0
1568,47.835213,1.234591,88.57,217.7,63.5,98.0
1569,47.834584,1.233866,88.57,217.7,63.4,98.0
1570,47.833954,1.233142,88.57,217.7,63.4,98.0
1571,47.833325,1.232417,88.57,217.7,63.4,98.0
1572,47.832695,1.231692,88.57,217.7,63.3,98.0
1573,47.832066,1.230967,88.57,217.7,63.3,98.0
1574,47.831436,1.230242,88.57,217.7,63.2,98.0
1575,47.830807,1.229518,88.57,217.7,63.2,98.0
1576,47.830177,1.228793,88.57,217.7,63.2,98.0
1577,47.829548,1.228068,88.57,217.7,63.1,98.0
1578,47.828918,1.227343,88.57,217.7,63.1,98.0
1579,47.828289,1.226618,88.57,217.7,63.0,98.0
1580,47.827659,1.225893,88.57,217.7,63.0,98.0
1581,47.82703,1.225169,88.57,217.7,63.0,98.0
1582,47.8264,1.224444,88.57,217.7,62.9,98.0
1583,47.825771,1.223719,88.58,217.7,62.9,98.0
1584,47.825141,1.222994,88.58,217.7,62.9,98.0
1585,47.824512,1.222269,88.58,217.7,62.8,98.0
1586,47.823882,1.221545,88.58,217.7,62.8,98.0
1587,47.823253,1.22082,88.58,217.7,62.7,98.0
1588,47.822623,1.220095,88.58,217.7,62.7,98.0
1589,47.821993,1.21937,88.58,217.7,62.7,98.0
1590,47.821364,1.218645,88.58,217.7,62.6,97.0
1591,47.820734,1.21792,88.58,217.7,62.6,97.0
1592,47.820105,1.217196,88.58,217.7,62.5,97.0
1593,47.819475,1.216471,88.58,217.7,62.5,97.0
1594,47.818846,1.215746,88.58,217.7,62.5,97.0
1595,47.818216,1.215021,88.58,217.7,62.4,97.0
1596,47.817587,1.214296,88.58,217.7,62.4,97.0
1597,47.816957,1.213572,88.58,217.7,62.3,97.0
1598,47.816328,1.212847,88.58,217.7,62.3,97.0
1599,47.815698,1.212122,88.58,217.7,62.3,97.0
1600,47.815069,1.211397,88.58,217.7,62.2,97.0
1601,47.814439,1.210672,88.58,217.7,62.2,97.0
1602,47.81381,1.209948,88.58,217.7,62.2,97.0
1603,47.81318,1.209223,88.58,217.7,62.1,97.0
1604,47.812551,1.208498,88.58,217.7,62.1,97.0
1605,47.811921,1.207773,88.58,217.7,62.0,97.0
1606,47.811292,1.207048,88.58,217.7,62.0,97.0
1607,47.810662,1.206323,88.58,217.7,62.0,97.0
1608,47.810033,1.205599,88.59,217.7,61.9,97.0
1609,47.809403,1.204874,88.59,217.7,61.9,97.0
1610,47.808774,1.204149,88.59,217.7,61.8,97.0
1611,47.808144,1.203424,88.59,217.7,61.8,97.0
1612,47.807514,1.202699,88.59,217.7,61.8,97.0
1613,47.806885,1.201975,88.59,217.7,61.7,97.0
1614,47.806255,1.20125,88.59,217.7,61.7,97.0
1615,47.805626,1.200525,88.59,217.7,61.6,97.0
1616,47.804996,1.1998,88.59,217.7,61.6,97.0
1617,47.804367,1.199075,88.59,217.7,61.6,96.0
1618,47.803737,1.19835,88.59,217.7,61.5,96.0
1619,47.803108,1.197626,88.59,217.7,61.5,96.0
1620,47.802478,1.196901,88.59,217.7,61.5,96.0
1621,47.801849,1.196176,88.59,217.7,61.4,96.0
1622,47.801219,1.195451,88.59,217.7,61.4,96.0
1623,47.80059,1.194726,88.59,217.7,61.3,96.0
1624,47.79996,1.194002,88.59,217.7,61.3,96.0
1625,47.799331,1.193277,88.59,217.7,61.3,96.0
1626,47.798701,1.192552,88.59,217.7,61.2,96.0
1627,47.798072,1.191827,88.59,217.7,61.2,96.0
1628,47.797442,1.191102,88.59,217.7,61.1,96.0
1629,47.796813,1.190378,88.59,217.7,61.1,96.0
1630,47.796183,1.189653,88.59,217.7,61.1,96.0
1631,47.795554,1.188928,88.59,217.7,61.0,96.0
1632,47.794924,1.188203,88.59,217.7,61.0,96.0
1633,47.794295,1.187478,88.6,217.7,61.0,96.0
1634,47.793665,1.186753,88.6,217.7,60.9,96.0
1635,47.793035,1.186029,88.6,217.7,60.9,96.0
1636,47.792406,1.185304,88.6,217.7,60.8,96.0
1637,47.791776,1.184579,88.6,217.7,60.8,96.0
1638,47.791147,1.183854,88.6,217.7,60.8,96.0
1639,47.790517,1.183129,88.6,217.7,60.7,96.0
1640,47.789888,1.182405,88.6,217.7,60.7,96.0
1641,47.789258,1.18168,88.6,217.7,60.6,96.0
1642,47.788629,1.180955,88.6,217.7,60.6,96.0
1643,47.787999,1.18023,88.6,217.7,60.6,95.0
1644,47.78737,1.179505,88.6,217.7,60.5,95.0
1645,47.78674,1.17878,88.6,217.7,60.5,95.0
1646,47.786111,1.178056,88.6,217.7,60.4,95.0
1647,47.785481,1.177331,88.6,217.7,60.4,95.0
1648,47.784852,1.176606,88.6,217.7,60.4,95.0
1649,47.784222,1.175881,88.6,217.7,60.3,95.0
1650,47.783593,1.175156,88.6,217.7,60.3,95.0
1651,47.782963,1.174432,88.6,217.7,60.3,95.0
1652,47.782334,1.173707,88.6,217.7,60.2,95.0
1653,47.781704,1.172982,88.6,217.7,60.2,95.0
1654,47.781075,1.172257,88.6,217.7,60.1,95.0
1655,47.780445,1.171532,88.6,217.7,60.1,95.0
1656,47.779815,1.170808,88.6,217.7,60.1,95.0
1657,47.779186,1.170083,88.6,217.7,60.0,95.0
1658,47.778556,1.169358,88.61,217.7,60.0,95.0
1659,47.777927,1.168633,88.61,217.7,59.9,95.0
1660,47.777297,1.167908,88.61,217.7,59.9,95.0
1661,47.776668,1.167183,88.61,217.7,59.9,95.0
1662,47.776038,1.166459,88.61,217.7,59.8,95.0
1663,47.775409,1.165734,88.61,217.7,59.8,95.0
1664,47.774779,1.165009,88.61,217.7,59.7,95.0
1665,47.77415,1.164284,88.61,217.7,59.7,95.0
1666,47.77352,1.163559,88.61,217.7,59.7,95.0
1667,47.772891,1.162835,88.61,217.7,59.6,95.0
1668,47.772261,1.16211,88.61,217.7,59.6,95.0
1669,47.771632,1.161385,88.61,217.7,59.6,94.0
1670,47.771002,1.16066,88.61,217.7,59.5,94.0
1671,47.770373,1.159935,88.61,217.7,59.5,94.0
1672,47.769743,1.159211,88.61,217.7,59.4,94.0
1673,47.769114,1.158486,88.61,217.7,59.4,94.0
1674,47.768484,1.157761,88.61,217.7,59.4,94.0
1675,47.767855,1.157036,88.61,217.7,59.3,94.0
1676,47.767225,1.156311,88.61,217.7,59.3,94.0
1677,47.766596,1.155586,88.61,217.7,59.2,94.0
1678,47.765966,1.154862,88.61,217.7,59.2,94.0
1679,47.765336,1.154137,88.61,217.7,59.2,94.0
1680,47.764707,1.153412,88.61,217.7,59.1,94.0
1681,47.764077,1.152687,88.61,217.7,59.1,94.0
1682,47.763448,1.151962,88.61,217.7,59.0,94.0
1683,47.762818,1.151238,88.62,217.7,59.0,94.0
1684,47.762189,1.150513,88.62,217.7,59.0,94.0
1685,47.761559,1.149788,88.62,217.7,58.9,94.0
1686,47.76093,1.149063,88.62,217.7,58.9,94.0
1687,47.7603,1.148338,88.62,217.7,58.9,94.0
1688,47.759671,1.147613,88.62,217.7,58.8,94.0
1689,47.759041,1.146889,88.62,217.7,58.8,94.0
1690,47.758412,1.146164,88.62,217.7,58.7,94.0
1691,47.757782,1.145439,88.62,217.7,58.7,94.0
1692,47.757153,1.144714,88.62,217.7,58.7,94.0
1693,47.756523,1.143989,88.62,217.7,58.6,94.0
1694,47.755894,1.143265,88.62,217.7,58.6,93.0
1695,47.755264,1.14254,88.62,217.7,58.5,93.0
1696,47.754635,1.141815,88.62,217.7,58.5,93.0
1697,47.754005,1.14109,88.62,217.7,58.5,93.0
1698,47.753376,1.140365,88.62,217.7,58.4,93.0
1699,47.752746,1.139641,88.62,217.7,58.4,93.0
1700,47.752117,1.138916,88.62,217.7,58.3,93.0
1701,47.751487,1.138191,88.62,217.7,58.3,93.0
1702,47.750857,1.137466,88.62,217.7,58.3,93.0
1703,47.750228,1.136741,88.62,217.7,58.2,93.0
1704,47.749598,1.136016,88.62,217.7,58.2,93.0
1705,47.748969,1.135292,88.62,217.7,58.2,93.0
1706,47.748339,1.134567,88.62,217.7,58.1,93.0
1707,47.74771,1.133842,88.63,217.7,58.1,93.0
1708,47.74708,1.133117,88.63,217.7,58.0,93.0
1709,47.746451,1.132392,88.63,217.7,58.0,93.0
1710,47.745821,1.131668,88.63,217.7,58.0,93.0
1711,47.745192,1.130943,88.63,217.7,57.9,93.0
1712,47.744562,1.130218,88.63,217.7,57.9,93.0
1713,47.743933,1.129493,88.63,217.7,57.8,93.0
1714,47.743303,1.128768,88.63,217.7,57.8,93.0
1715,47.742674,1.128043,88.63,217.7,57.8,93.0
1716,47.742044,1.127319,88.63,217.7,57.7,93.0
1717,47.741415,1.126594,88.63,217.7,57.7,93.0
1718,47.740785,1.125869,88.63,217.7,57.6,93.0
1719,47.740156,1.125144,88.63,217.8,57.6,92.0
1720,47.739526,1.124419,88.63,217.8,57.6,92.0
1721,47.738897,1.123695,88.63,217.8,57.5,92.0
1722,47.738267,1.12297,88.63,217.8,57.5,92.0
1723,47.737638,1.122245,88.63,217.8,57.5,92.0
1724,47.737008,1.12152,88.63,217.8,57.4,92.0
1725,47.736378,1.120795,88.63,217.8,57.4,92.0
1726,47.735749,1.120071,88.63,217.8,57.3,92.0
1727,47.735119,1.119346,88.63,217.8,57.3,92.0
1728,47.73449,1.118621,88.63,217.8,57.3,92.0
1729,47.73386,1.117896,88.63,217.8,57.2,92.0
1730,47.733231,1.117171,88.63,217.8,57.2,92.0
1731,47.732601,1.116446,88.63,217.8,57.1,92.0
1732,47.731972,1.115722,88.64,217.8,57.1,92.0
1733,47.731342,1.114997,88.64,217.8,57.1,92.0
1734,47.730713,1.114272,88.64,217.8,57.0,92.0
1735,47.730083,1.113547,88.64,217.8,57.0,92.0
1736,47.729454,1.112822,88.64,217.8,56.9,92.0
1737,47.728824,1.112098,88.64,217.8,56.9,92.0
1738,47.728195,1.111373,88.64,217.8,56.9,92.0
1739,47.727565,1.110648,88.64,217.8,56.8,92.0
1740,47.726936,1.109923,88.64,217.8,56.8,92.0
1741,47.726306,1.109198,88.64,217.8,56.8,92.0
1742,47.725677,1.108474,88.64,217.8,56.7,92.0
1743,47.725047,1.107749,88.64,217.8,56.7,91.0
1744,47.724418,1.107024,88.64,217.8,56.6,91.0
1745,47.723788,1.106299,88.64,217.8,56.6,91.0
1746,47.723158,1.105574,88.64,217.8,56.6,91.0
1747,47.722529,1.104849,88.64,217.8,56.5,91.0
1748,47.721899,1.104125,88.64,217.8,56.5,91.0
1749,47.72127,1.1034,88.64,217.8,56.4,91.0
1750,47.72064,1.102675,88.64,217.8,56.4,91.0
1751,47.720011,1.10195,88.64,217.8,56.4,91.0
1752,47.719381,1.101225,88.64,217.8,56.3,91.0
1753,47.718752,1.100501,88.64,217.8,56.3,91.0
1754,47.718122,1.099776,88.64,217.8,56.3,91.0
1755,47.717493,1.099051,88.64,217.8,56.2,91.0
1756,47.716863,1.098326,88.64,217.8,56.2,91.0
1757,47.716234,1.097601,88.65,217.8,56.1,91.0
1758,47.715604,1.096876,88.65,217.8,56.1,91.0
1759,47.714975,1.096152,88.65,217.8,56.1,91.0
1760,47.714345,1.095427,88.65,217.8,56.0,91.0
1761,47.713716,1.094702,88.65,217.8,56.0,91.0
1762,47.713086,1.093977,88.65,217.8,55.9,91.0
1763,47.712457,1.093252,88.65,217.8,55.9,91.0
1764,47.711827,1.092528,88.65,217.8,55.9,91.0
1765,47.711198,1.091803,88.65,217.8,55.8,91.0
1766,47.710568,1.091078,88.65,217.8,55.8,91.0
1767,47.709939,1.090353,88.65,217.8,55.7,91.0
1768,47.709309,1.089628,88.65,217.8,55.7,90.0
1769,47.708679,1.088904,88.65,217.8,55.7,90.0
1770,47.70805,1.088179,88.65,217.8,55.6,90.0
1771,47.70742,1.087454,88.65,217.8,55.6,90.0
1772,47.706791,1.086729,88.65,217.8,55.6,90.0
1773,47.706161,1.086004,88.65,217.8,55.5,90.0
1774,47.705532,1.085279,88.65,217.8,55.5,90.0
1775,47.704902,1.084555,88.65,217.8,55.4,90.0
1776,47.704273,1.08383,88.65,217.8,55.4,90.0
1777,47.703643,1.083105,88.65,217.8,55.4,90.0
1778,47.703014,1.08238,88.65,217.8,55.3,90.0
1779,47.702384,1.081655,88.65,217.8,55.3,90.0
1780,47.701755,1.080931,88.65,217.8,55.2,90.0
1781,47.701125,1.080206,88.65,217.8,55.2,90.0
1782,47.700496,1.079481,88.66,217.8,55.2,90.0
1783,47.699866,1.078756,88.66,217.8,55.1,90.0
1784,47.699237,1.078031,88.66,217.8,55.1,90.0
1785,47.698607,1.077306,88.66,217.8,55.1,90.0
1786,47.697978,1.076582,88.66,217.8,55.0,90.0
1787,47.697348,1.075857,88.66,217.8,55.0,90.0
1788,47.696719,1.075132,88.66,217.8,54.9,90.0
1789,47.696089,1.074407,88.66,217.8,54.9,90.0
1790,47.69546,1.073682,88.66,217.8,54.9,90.0
1791,47.69483,1.072958,88.66,217.8,54.8,89.0
1792,47.6942,1.072233,88.66,217.8,54.8,89.0
1793,47.693571,1.071508,88.66,217.8,54.7,89.0
1794,47.692941,1.070783,88.66,217.8,54.7,89.0
1795,47.692312,1.070058,88.66,217.8,54.7,89.0
1796,47.691682,1.069334,88.66,217.8,54.6,89.0
1797,47.691053,1.068609,88.66,217.8,54.6,89.0
1798,47.690423,1.067884,88.66,217.8,54.6,89.0
1799,47.689794,1.067159,88.66,217.8,54.5,89.0
1800,47.689164,1.066434,88.66,217.8,54.5,89.0
1801,47.688535,1.065709,88.66,217.8,54.4,89.0
1802,47.687905,1.064985,88.66,217.8,54.4,89.0
1803,47.687276,1.06426,88.66,217.8,54.4,89.0
1804,47.686646,1.063535,88.66,217.8,54.3,89.0
1805,47.686017,1.06281,88.66,217.8,54.3,89.0
1806,47.685387,1.062085,88.66,217.8,54.2,89.0
1807,47.684758,1.061361,88.67,217.8,54.2,89.0
1808,47.684128,1.060636,88.67,217.8,54.2,89.0
1809,47.683499,1.059911,88.67,217.8,54.1,89.0
1810,47.682869,1.059186,88.67,217.8,54.1,89.0
1811,47.68224,1.058461,88.67,217.8,54.1,89.0
1812,47.68161,1.057736,88.67,217.8,54.0,89.0
1813,47.680981,1.057012,88.67,217.8,54.0,89.0
1814,47.680351,1.056287,88.67,217.8,53.9,89.0
1815,47.679721,1.055562,88.67,217.8,53.9,88.0
1816,47.679092,1.054837,88.67,217.8,53.9,88.0
1817,47.678462,1.054112,88.67,217.8,53.8,88.0
1818,47.677833,1.053388,88.67,217.8,53.8,88.0
1819,47.677203,1.052663,88.67,217.8,53.8,88.0
1820,47.676574,1.051938,88.67,217.8,53.7,88.0
1821,47.675944,1.051213,88.67,217.8,53.7,88.0
1822,47.675315,1.050488,88.67,217.8,53.6,88.0
1823,47.674685,1.049764,88.67,217.8,53.6,88.0
1824,47.674056,1.049039,88.67,217.8,53.6,88.0
1825,47.673426,1.048314,88.67,217.8,53.5,88.0
1826,47.672797,1.047589,88.67,217.8,53.5,88.0
1827,47.672167,1.046864,88.67,217.8,53.4,88.0
1828,47.671538,1.046139,88.67,217.8,53.4,88.0
1829,47.670908,1.045415,88.67,217.8,53.4,88.0
1830,47.670279,1.04469,88.67,217.8,53.3,88.0
1831,47.669649,1.043965,88.67,217.8,53.3,88.0
1832,47.66902,1.04324,88.68,217.8,53.3,88.0
1833,47.66839,1.042515,88.68,217.8,53.2,88.0
1834,47.667761,1.041791,88.68,217.8,53.2,88.0
1835,47.667131,1.041066,88.68,217.8,53.1,88.0
1836,47.666501,1.040341,88.68,217.8,53.1,88.0
1837,47.665872,1.039616,88.68,217.8,53.1,88.0
1838,47.665242,1.038891,88.68,217.8,53.0,87.0
1839,47.664613,1.038167,88.68,217.8,53.0,87.0
1840,47.663983,1.037442,88.68,217.8,52.9,87.0
1841,47.663354,1.036717,88.68,217.8,52.9,87.0
1842,47.662724,1.035992,88.68,217.8,52.9,87.0
1843,47.662095,1.035267,88.68,217.8,52.8,87.0
1844,47.661465,1.034542,88.68,217.8,52.8,87.0
1845,47.660836,1.033818,88.68,217.8,52.8,87.0
1846,47.660206,1.033093,88.68,217.8,52.7,87.0
1847,47.659577,1.032368,88.68,217.8,52.7,87.0
1848,47.658947,1.031643,88.68,217.8,52.6,87.0
1849,47.658318,1.030918,88.68,217.8,52.6,87.0
1850,47.657688,1.030194,88.68,217.8,52.6,87.0
1851,47.657059,1.029469,88.68,217.8,52.5,87.0
1852,47.656429,1.028744,88.68,217.8,52.5,87.0
1853,47.6558,1.028019,88.68,217.8,52.5,87.0
1854,47.65517,1.027294,88.68,217.8,52.4,87.0
1855,47.654541,1.026569,88.68,217.8,52.4,87.0
1856,47.653911,1.025845,88.68,217.8,52.3,87.0
1857,47.653282,1.02512,88.69,217.8,52.3,87.0
1858,47.652652,1.024395,88.69,217.8,52.3,87.0
1859,47.652022,1.02367,88.69,217.8,52.2,87.0
1860,47.651393,1.022945,88.69,217.8,52.2,87.0
1861,47.650763,1.022221,88.69,217.8,52.2,86.0
1862,47.650134,1.021496,88.69,217.8,52.1,86.0
1863,47.649504,1.020771,88.69,217.8,52.1,86.0
1864,47.648875,1.020046,88.69,217.8,52.0,86.0
1865,47.648245,1.019321,88.69,217.8,52.0,86.0
1866,47.647616,1.018597,88.69,217.8,52.0,86.0
1867,47.646986,1.017872,88.69,217.8,51.9,86.0
1868,47.646357,1.017147,88.69,217.8,51.9,86.0
1869,47.645727,1.016422,88.69,217.8,51.8,86.0
1870,47.645098,1.015697,88.69,217.8,51.8,86.0
1871,47.644468,1.014972,88.69,217.8,51.8,86.0
1872,47.643839,1.014248,88.69,217.8,51.7,86.0
1873,47.643209,1.013523,88.69,217.8,51.7,86.0
1874,47.64258,1.012798,88.69,217.8,51.7,86.0
1875,47.64195,1.012073,88.69,217.8,51.6,86.0
1876,47.641321,1.011348,88.69,217.8,51.6,86.0
1877,47.640691,1.010624,88.69,217.8,51.5,86.0
1878,47.640062,1.009899,88.69,217.8,51.5,86.0
1879,47.639432,1.009174,88.69,217.8,51.5,86.0
1880,47.638803,1.008449,88.69,217.8,51.4,86.0
1881,47.638173,1.007724,88.69,217.8,51.4,86.0
1882,47.637543,1.006999,88.7,217.8,51.4,86.0
1883,47.636914,1.006275,88.7,217.8,51.3,86.0
1884,47.636284,1.00555,88.7,217.8,51.3,85.0
1885,47.635655,1.004825,88.7,217.8,51.2,85.0
1886,47.635025,1.0041,88.7,217.8,51.2,85.0
1887,47.634396,1.003375,88.7,217.8,51.2,85.0
1888,47.633766,1.002651,88.7,217.8,51.1,85.0
1889,47.633137,1.001926,88.7,217.8,51.1,85.0
1890,47.632507,1.001201,88.7,217.8,51.1,85.0
1891,47.631878,1.000476,88.7,217.8,51.0,85.0
1892,47.631248,0.999751,88.7,217.8,51.0,85.0
1893,47.630619,0.999027,88.7,217.8,50.9,85.0
1894,47.629989,0.998302,88.7,217.8,50.9,85.0
1895,47.62936,0.997577,88.7,217.8,50.9,85.0
1896,47.62873,0.996852,88.7,217.8,50.8,85.0
1897,47.628101,0.996127,88.7,217.8,50.8,85.0
1898,47.627471,0.995402,88.7,217.8,50.8,85.0
1899,47.626842,0.994678,88.7,217.8,50.7,85.0
1900,47.626212,0.993953,88.7,217.8,50.7,85.0
1901,47.625583,0.993228,88.7,217.8,50.6,85.0
1902,47.624953,0.992503,88.7,217.8,50.6,85.0
1903,47.624324,0.991778,88.7,217.8,50.6,85.0
1904,47.623694,0.991054,88.7,217.8,50.5,85.0
1905,47.623064,0.990329,88.7,217.8,50.5,85.0
1906,47.622435,0.989604,88.7,217.8,50.5,84.0
1907,47.621805,0.988879,88.71,217.8,50.4,84.0
1908,47.621176,0.988154,88.71,217.8,50.4,84.0
1909,47.620546,0.987429,88.71,217.8,50.3,84.0
1910,47.619917,0.986705,88.71,217.8,50.3,84.0
1911,47.619287,0.98598,88.71,217.8,50.3,84.0
1912,47.618658,0.985255,88.71,217.8,50.2,84.0
1913,47.618028,0.98453,88.71,217.8,50.2,84.0
1914,47.617399,0.983805,88.71,217.8,50.2,84.0
1915,47.616769,0.983081,88.71,217.8,50.1,84.0
1916,47.61614,0.982356,88.71,217.8,50.1,84.0
1917,47.61551,0.981631,88.71,217.8,50.0,84.0
1918,47.614881,0.980906,88.71,217.8,50.0,84.0
1919,47.614251,0.980181,88.71,217.8,50.0,84.0
1920,47.613622,0.979457,88.71,217.8,49.9,84.0
1921,47.612992,0.978732,88.71,217.8,49.9,84.0
1922,47.612363,0.978007,88.71,217.8,49.9,84.0
1923,47.611733,0.977282,88.71,217.8,49.8,84.0
1924,47.611104,0.976557,88.71,217.8,49.8,84.0
1925,47.610474,0.975832,88.71,217.8,49.7,84.0
1926,47.609844,0.975108,88.71,217.8,49.7,84.0
1927,47.609215,0.974383,88.71,217.8,49.7,84.0
1928,47.608585,0.973658,88.71,217.8,49.6,84.0
1929,47.607956,0.972933,88.71,217.8,49.6,83.0
1930,47.607326,0.972208,88.71,217.8,49.6,83.0
1931,47.606697,0.971484,88.71,217.8,49.5,83.0
1932,47.606067,0.970759,88.72,217.8,49.5,83.0
1933,47.605438,0.970034,88.72,217.8,49.5,83.0
1934,47.604808,0.969309,88.72,217.8,49.4,83.0
1935,47.604179,0.968584,88.72,217.8,49.4,83.0
1936,47.603549,0.96786,88.72,217.8,49.3,83.0
1937,47.60292,0.967135,88.72,217.8,49.3,83.0
1938,47.60229,0.96641,88.72,217.8,49.3,83.0
1939,47.601661,0.965685,88.72,217.8,49.2,83.0
1940,47.601031,0.96496,88.72,217.8,49.2,83.0
1941,47.600402,0.964235,88.72,217.8,49.2,83.0
1942,47.599772,0.963511,88.72,217.8,49.1,83.0
1943,47.599143,0.962786,88.72,217.8,49.1,83.0
1944,47.598513,0.962061,88.72,217.8,49.0,83.0
1945,47.597884,0.961336,88.72,217.8,49.0,83.0
1946,47.597254,0.960611,88.72,217.8,49.0,83.0
1947,47.596625,0.959887,88.72,217.8,48.9,83.0
1948,47.595995,0.959162,88.72,217.8,48.9,83.0
1949,47.595365,0.958437,88.72,217.8,48.9,83.0
1950,47.594736,0.957712,88.72,217.8,48.8,83.0
1951,47.594106,0.956987,88.72,217.8,48.8,82.0
1952,47.593477,0.956262,88.72,217.8,48.7,82.0
1953,47.592847,0.955538,88.72,217.8,48.7,82.0
1954,47.592218,0.954813,88.72,217.8,48.7,82.0
1955,47.591588,0.954088,88.72,217.8,48.6,82.0
1956,47.590959,0.953363,88.73,217.8,48.6,82.0
1957,47.590329,0.952638,88.73,217.8,48.6,82.0
1958,47.5897,0.951914,88.73,217.8,48.5,82.0
1959,47.58907,0.951189,88.73,217.8,48.5,82.0
1960,47.588441,0.950464,88.73,217.8,48.5,82.0
1961,47.587811,0.949739,88.73,217.8,48.4,82.0
1962,47.587182,0.949014,88.73,217.8,48.4,82.0
1963,47.586552,0.94829,88.73,217.8,48.3,82.0
1964,47.585923,0.947565,88.73,217.8,48.3,82.0
1965,47.585293,0.94684,88.73,217.8,48.3,82.0
1966,47.584664,0.946115,88.73,217.8,48.2,82.0
1967,47.584034,0.94539,88.73,217.8,48.2,82.0
1968,47.583405,0.944665,88.73,217.8,48.2,82.0
1969,47.582775,0.943941,88.73,217.8,48.1,82.0
1970,47.582146,0.943216,88.73,217.8,48.1,82.0
1971,47.581516,0.942491,88.73,217.8,48.1,82.0
1972,47.580886,0.941766,88.73,217.8,48.0,81.0
1973,47.580257,0.941041,88.73,217.8,48.0,81.0
1974,47.579627,0.940317,88.73,217.8,47.9,81.0
1975,47.578998,0.939592,88.73,217.8,47.9,81.0
1976,47.578368,0.938867,88.73,217.8,47.9,81.0
1977,47.577739,0.938142,88.73,217.8,47.8,81.0
1978,47.577109,0.937417,88.73,217.8,47.8,81.0
1979,47.57648,0.936692,88.73,217.8,47.8,81.0
1980,47.57585,0.935968,88.73,217.8,47.7,81.0
1981,47.575221,0.935243,88.74,217.8,47.7,81.0
1982,47.574591,0.934518,88.74,217.8,47.6,81.0
1983,47.573962,0.933793,88.74,217.8,47.6,81.0
1984,47.573332,0.933068,88.74,217.8,47.6,81.0
1985,47.572703,0.932344,88.74,217.8,47.5,81.0
1986,47.572073,0.931619,88.74,217.8,47.5,81.0
1987,47.571444,0.930894,88.74,217.8,47.5,81.0
1988,47.570814,0.930169,88.74,217.8,47.4,81.0
1989,47.570185,0.929444,88.74,217.8,47.4,81.0
1990,47.569555,0.92872,88.74,217.8,47.4,81.0
1991,47.568926,0.927995,88.74,217.8,47.3,81.0
1992,47.568296,0.92727,88.74,217.8,47.3,81.0
1993,47.567667,0.926545,88.74,217.8,47.3,81.0
1994,47.567037,0.92582,88.74,217.8,47.2,80.0
1995,47.566407,0.925095,88.74,217.8,47.2,80.0
1996,47.565778,0.924371,88.74,217.8,47.1,80.0
1997,47.565148,0.923646,88.74,217.8,47.1,80.0
1998,47.564519,0.922921,88.74,217.8,47.1,80.0
1999,47.563889,0.922196,88.74,217.8,47.0,80.0
2000,47.56326,0.921471,88.74,217.8,47.0,80.0
2001,47.56263,0.920747,88.74,217.8,47.0,80.0
2002,47.562001,0.920022,88.74,217.8,46.9,80.0
2003,47.561371,0.919297,88.74,217.8,46.9,80.0
2004,47.560742,0.918572,88.74,217.8,46.9,80.0
2005,47.560112,0.917847,88.74,217.8,46.8,80.0
2006,47.559483,0.917122,88.75,217.8,46.8,80.0
2007,47.558853,0.916398,88.75,217.8,46.7,80.0
2008,47.558224,0.915673,88.75,217.8,46.7,80.0
2009,47.557594,0.914948,88.75,217.8,46.7,80.0
2010,47.556965,0.914223,88.75,217.8,46.6,80.0
2011,47.556335,0.913498,88.75,217.8,46.6,80.0
2012,47.555706,0.912774,88.75,217.8,46.6,80.0
2013,47.555076,0.912049,88.75,217.8,46.5,80.0
2014,47.554447,0.911324,88.75,217.8,46.5,80.0
2015,47.553817,0.910599,88.75,217.8,46.5,79.0
2016,47.553187,0.909874,88.75,217.8,46.4,79.0
2017,47.552558,0.90915,88.75,217.8,46.4,79.0
2018,47.551928,0.908425,88.75,217.9,46.4,79.0
2019,47.551299,0.9077,88.75,217.9,46.3,79.0
2020,47.550669,0.906975,88.75,217.9,46.3,79.0
2021,47.55004,0.90625,88.75,217.9,46.2,79.0
2022,47.54941,0.905525,88.75,217.9,46.2,79.0
2023,47.548781,0.904801,88.75,217.9,46.2,79.0
2024,47.548151,0.904076,88.75,217.9,46.1,79.0
2025,47.547522,0.903351,88.75,217.9,46.1,79.0
2026,47.546892,0.902626,88.75,217.9,46.1,79.0
2027,47.546263,0.901901,88.75,217.9,46.0,79.0
2028,47.545633,0.901177,88.75,217.9,46.0,79.0
2029,47.545004,0.900452,88.75,217.9,46.0,79.0
2030,47.544374,0.899727,88.75,217.9,45.9,79.0
2031,47.543745,0.899002,88.76,217.9,45.9,79.0
2032,47.543115,0.898277,88.76,217.9,45.9,79.0
2033,47.542486,0.897553,88.76,217.9,45.8,79.0
2034,47.541856,0.896828,88.76,217.9,45.8,79.0
2035,47.541227,0.896103,88.76,217.9,45.7,79.0
2036,47.540597,0.895378,88.76,217.9,45.7,78.0
2037,47.539968,0.894653,88.76,217.9,45.7,78.0
2038,47.539338,0.893928,88.76,217.9,45.6,78.0
2039,47.538708,0.893204,88.76,217.9,45.6,78.0
2040,47.538079,0.892479,88.76,217.9,45.6,78.0
2041,47.537449,0.891754,88.76,217.9,45.5,78.0
2042,47.53682,0.891029,88.76,217.9,45.5,78.0
2043,47.53619,0.890304,88.76,217.9,45.5,78.0
2044,47.535561,0.88958,88.76,217.9,45.4,78.0
2045,47.534931,0.888855,88.76,217.9,45.4,78.0
2046,47.534302,0.88813,88.76,217.9,45.4,78.0
2047,47.533672,0.887405,88.76,217.9,45.3,78.0
2048,47.533043,0.88668,88.76,217.9,45.3,78.0
2049,47.532413,0.885955,88.76,217.9,45.2,78.0
2050,47.531784,0.885231,88.76,217.9,45.2,78.0
2051,47.531154,0.884506,88.76,217.9,45.2,78.0
2052,47.530525,0.883781,88.76,217.9,45.1,78.0
2053,47.529895,0.883056,88.76,217.9,45.1,78.0
2054,47.529266,0.882331,88.76,217.9,45.1,78.0
2055,47.528636,0.881607,88.76,217.9,45.0,78.0
2056,47.528007,0.880882,88.77,217.9,45.0,78.0
2057,47.527377,0.880157,88.77,217.9,45.0,77.0
2058,47.526748,0.879432,88.77,217.9,44.9,77.0
2059,47.526118,0.878707,88.77,217.9,44.9,77.0
2060,47.525489,0.877983,88.77,217.9,44.9,77.0
2061,47.524859,0.877258,88.77,217.9,44.8,77.0
2062,47.524229,0.876533,88.77,217.9,44.8,77.0
2063,47.5236,0.875808,88.77,217.9,44.8,77.0
2064,47.52297,0.875083,88.77,217.9,44.7,77.0
2065,47.522341,0.874358,88.77,217.9,44.7,77.0
2066,47.521711,0.873634,88.77,217.9,44.7,77.0
2067,47.521082,0.872909,88.77,217.9,44.6,77.0
2068,47.520452,0.872184,88.77,217.9,44.6,77.0
2069,47.519823,0.871459,88.77,217.9,44.5,77.0
2070,47.519193,0.870734,88.77,217.9,44.5,77.0
2071,47.518564,0.87001,88.77,217.9,44.5,77.0
2072,47.517934,0.869285,88.77,217.9,44.4,77.0
2073,47.517305,0.86856,88.77,217.9,44.4,77.0
2074,47.516675,0.867835,88.77,217.9,44.4,77.0
2075,47.516046,0.86711,88.77,217.9,44.3,77.0
2076,47.515416,0.866385,88.77,217.9,44.3,77.0
2077,47.514787,0.865661,88.77,217.9,44.3,77.0
2078,47.514157,0.864936,88.77,217.9,44.2,76.0
2079,47.513528,0.864211,88.77,217.9,44.2,76.0
2080,47.512898,0.863486,88.77,217.9,44.2,76.0
2081,47.512269,0.862761,88.78,217.9,44.1,76.0
2082,47.511639,0.862037,88.78,217.9,44.1,76.0
2083,47.51101,0.861312,88.78,217.9,44.1,76.0
2084,47.51038,0.860587,88.78,217.9,44.0,76.0
2085,47.50975,0.859862,88.78,217.9,44.0,76.0
2086,47.509121,0.859137,88.78,217.9,44.0,76.0
2087,47.508491,0.858413,88.78,217.9,43.9,76.0
2088,47.507862,0.857688,88.78,217.9,43.9,76.0
2089,47.507232,0.856963,88.78,217.9,43.9,76.0
2090,47.506603,0.856238,88.78,217.9,43.8,76.0
2091,47.505973,0.855513,88.78,217.9,43.8,76.0
2092,47.505344,0.854788,88.78,217.9,43.7,76.0
2093,47.504714,0.854064,88.78,217.9,43.7,76.0
2094,47.504085,0.853339,88.78,217.9,43.7,76.0
2095,47.503455,0.852614,88.78,217.9,43.6,76.0
2096,47.502826,0.851889,88.78,217.9,43.6,76.0
2097,47.502196,0.851164,88.78,217.9,43.6,76.0
2098,47.501567,0.85044,88.78,217.9,43.5,76.0
2099,47.500937,0.849715,88.78,217.9,43.5,75.0
2100,47.500308,0.84899,88.78,217.9,43.5,75.0
2101,47.499678,0.848265,88.78,217.9,43.4,75.0
2102,47.499049,0.84754,88.78,217.9,43.4,75.0
2103,47.498419,0.846815,88.78,217.9,43.4,75.0
2104,47.49779,0.846091,88.78,217.9,43.3,75.0
2105,47.49716,0.845366,88.78,217.9,43.3,75.0
2106,47.49653,0.844641,88.79,217.9,43.3,75.0
2107,47.495901,0.843916,88.79,217.9,43.2,75.0
2108,47.495271,0.843191,88.79,217.9,43.2,75.0
2109,47.494642,0.842467,88.79,217.9,43.2,75.0
2110,47.494012,0.841742,88.79,217.9,43.1,75.0
2111,47.493383,0.841017,88.79,217.9,43.1,75.0
2112,47.492753,0.840292,88.79,217.9,43.1,75.0
2113,47.492124,0.839567,88.79,217.9,43.0,75.0
2114,47.491494,0.838843,88.79,217.9,43.0,75.0
2115,47.490865,0.838118,88.79,217.9,43.0,75.0
2116,47.490235,0.837393,88.79,217.9,42.9,75.0
2117,47.489606,0.836668,88.79,217.9,42.9,75.0
2118,47.488976,0.835943,88.79,217.9,42.9,75.0
2119,47.488347,0.835218,88.79,217.9,42.8,75.0
2120,47.487717,0.834494,88.79,217.9,42.8,74.0
2121,47.487088,0.833769,88.79,217.9,42.8,74.0
2122,47.486458,0.833044,88.79,217.9,42.7,74.0
2123,47.485829,0.832319,88.79,217.9,42.7,74.0
2124,47.485199,0.831594,88.79,217.9,42.7,74.0
2125,47.48457,0.83087,88.79,217.9,42.6,74.0
2126,47.48394,0.830145,88.79,217.9,42.6,74.0
2127,47.483311,0.82942,88.79,217.9,42.6,74.0
2128,47.482681,0.828695,88.79,217.9,42.5,74.0
2129,47.482051,0.82797,88.79,217.9,42.5,74.0
2130,47.481422,0.827246,88.79,217.9,42.5,74.0
2131,47.480792,0.826521,88.8,217.9,42.4,74.0
2132,47.480163,0.825796,88.8,217.9,42.4,74.0
2133,47.479533,0.825071,88.8,217.9,42.4,74.0
2134,47.478904,0.824346,88.8,217.9,42.3,74.0
2135,47.478274,0.823621,88.8,217.9,42.3,74.0
2136,47.477645,0.822897,88.8,217.9,42.3,74.0
2137,47.477015,0.822172,88.8,217.9,42.2,74.0
2138,47.476386,0.821447,88.8,217.9,42.2,74.0
2139,47.475756,0.820722,88.8,217.9,42.2,74.0
2140,47.475127,0.819997,88.8,217.9,42.1,73.0
2141,47.474497,0.819273,88.8,217.9,42.1,73.0
2142,47.473868,0.818548,88.8,217.9,42.1,73.0
2143,47.473238,0.817823,88.8,217.9,42.0,73.0
2144,47.472609,0.817098,88.8,217.9,42.0,73.0
2145,47.471979,0.816373,88.8,217.9,42.0,73.0
2146,47.47135,0.815648,88.8,217.9,41.9,73.0
2147,47.47072,0.814924,88.8,217.9,41.9,73.0
2148,47.470091,0.814199,88.8,217.9,41.9,73.0
2149,47.469461,0.813474,88.8,217.9,41.8,73.0
2150,47.468832,0.812749,88.8,217.9,41.8,73.0
2151,47.468202,0.812024,88.8,217.9,41.8,73.0
2152,47.467572,0.8113,88.8,217.9,41.7,73.0
2153,47.466943,0.810575,88.8,217.9,41.7,73.0
2154,47.466313,0.80985,88.8,217.9,41.7,73.0
2155,47.465684,0.809125,88.8,217.9,41.6,73.0
2156,47.465054,0.8084,88.81,217.9,41.6,73.0
2157,47.464425,0.807676,88.81,217.9,41.6,73.0
2158,47.463795,0.806951,88.81,217.9,41.5,73.0
2159,47.463166,0.806226,88.81,217.9,41.5,73.0
2160,47.462536,0.805501,88.81,217.9,41.5,72.0
2161,47.461907,0.804776,88.81,217.9,41.4,72.0
2162,47.461277,0.804051,88.81,217.9,41.4,72.0
2163,47.460648,0.803327,88.81,217.9,41.4,72.0
2164,47.460018,0.802602,88.81,217.9,41.3,72.0
2165,47.459389,0.801877,88.81,217.9,41.3,72.0
2166,47.458759,0.801152,88.81,217.9,41.3,72.0
2167,47.45813,0.800427,88.81,217.9,41.2,72.0
2168,47.4575,0.799703,88.81,217.9,41.2,72.0
2169,47.456871,0.798978,88.81,217.9,41.2,72.0
2170,47.456241,0.798253,88.81,217.9,41.1,72.0
2171,47.455612,0.797528,88.81,217.9,41.1,72.0
2172,47.454982,0.796803,88.81,217.9,41.1,72.0
2173,47.454353,0.796078,88.81,217.9,41.0,72.0
2174,47.453723,0.795354,88.81,217.9,41.0,72.0
2175,47.453093,0.794629,88.81,217.9,41.0,72.0
2176,47.452464,0.793904,88.81,217.9,40.9,72.0
2177,47.451834,0.793179,88.81,217.9,40.9,72.0
2178,47.451205,0.792454,88.81,217.9,40.9,72.0
2179,47.450575,0.79173,88.81,217.9,40.8,72.0
2180,47.449946,0.791005,88.81,217.9,40.8,71.0
2181,47.449316,0.79028,88.82,217.9,40.8,71.0
2182,47.448687,0.789555,88.82,217.9,40.7,71.0
2183,47.448057,0.78883,88.82,217.9,40.7,71.0
2184,47.447428,0.788106,88.82,217.9,40.7,71.0
2185,47.446798,0.787381,88.82,217.9,40.6,71.0
2186,47.446169,0.786656,88.82,217.9,40.6,71.0
2187,47.445539,0.785931,88.82,217.9,40.6,71.0
2188,47.44491,0.785206,88.82,217.9,40.5,71.0
2189,47.44428,0.784481,88.82,217.9,40.5,71.0
2190,47.443651,0.783757,88.82,217.9,40.5,71.0
2191,47.443021,0.783032,88.82,217.9,40.4,71.0
2192,47.442392,0.782307,88.82,217.9,40.4,71.0
2193,47.441762,0.781582,88.82,217.9,40.4,71.0
2194,47.441133,0.780857,88.82,217.9,40.3,71.0
2195,47.440503,0.780133,88.82,217.9,40.3,71.0
2196,47.439873,0.779408,88.82,217.9,40.3,71.0
2197,47.439244,0.778683,88.82,217.9,40.3,71.0
2198,47.438614,0.777958,88.82,217.9,40.2,71.0
2199,47.437985,0.777233,88.82,217.9,40.2,71.0
2200,47.437355,0.776508,88.82,217.9,40.2,70.0
2201,47.436726,0.775784,88.82,217.9,40.1,70.0
2202,47.436096,0.775059,88.82,217.9,40.1,70.0
2203,47.435467,0.774334,88.82,217.9,40.1,70.0
2204,47.434837,0.773609,88.82,217.9,40.0,70.0
2205,47.434208,0.772884,88.82,217.9,40.0,70.0
2206,47.433578,0.77216,88.83,217.9,40.0,70.0
2207,47.432949,0.771435,88.83,217.9,39.9,70.0
2208,47.432319,0.77071,88.83,217.9,39.9,70.0
2209,47.43169,0.769985,88.83,217.9,39.9,70.0
2210,47.43106,0.76926,88.83,217.9,39.8,70.0
2211,47.430431,0.768536,88.83,217.9,39.8,70.0
2212,47.429801,0.767811,88.83,217.9,39.8,70.0
2213,47.429172,0.767086,88.83,217.9,39.7,70.0
2214,47.428542,0.766361,88.83,217.9,39.7,70.0
2215,47.427913,0.765636,88.83,217.9,39.7,70.0
2216,47.427283,0.764911,88.83,217.9,39.6,70.0
2217,47.426654,0.764187,88.83,217.9,39.6,70.0
2218,47.426024,0.763462,88.83,217.9,39.6,70.0
2219,47.425394,0.762737,88.83,217.9,39.6,70.0
2220,47.424765,0.762012,88.83,217.9,39.5,69.0
2221,47.424135,0.761287,88.83,217.9,39.5,69.0
2222,47.423506,0.760563,88.83,217.9,39.5,69.0
2223,47.422876,0.759838,88.83,217.9,39.4,69.0
2224,47.422247,0.759113,88.83,217.9,39.4,69.0
2225,47.421617,0.758388,88.83,217.9,39.4,69.0
2226,47.420988,0.757663,88.83,217.9,39.3,69.0
2227,47.420358,0.756939,88.83,217.9,39.3,69.0
2228,47.419729,0.756214,88.83,217.9,39.3,69.0
2229,47.419099,0.755489,88.83,217.9,39.2,69.0
2230,47.41847,0.754764,88.83,217.9,39.2,69.0
2231,47.41784,0.754039,88.84,217.9,39.2,69.0
2232,47.417211,0.753314,88.84,217.9,39.1,69.0
2233,47.416581,0.75259,88.84,217.9,39.1,69.0
2234,47.415952,0.751865,88.84,217.9,39.1,69.0
2235,47.415322,0.75114,88.84,217.9,39.0,69.0
2236,47.414693,0.750415,88.84,217.9,39.0,69.0
2237,47.414063,0.74969,88.84,217.9,39.0,69.0
2238,47.413434,0.748966,88.84,217.9,39.0,69.0
2239,47.412804,0.748241,88.84,217.9,38.9,69.0
2240,47.412175,0.747516,88.84,217.9,38.9,68.0
2241,47.411545,0.746791,88.84,217.9,38.9,68.0
2242,47.410915,0.746066,88.84,217.9,38.8,68.0
2243,47.410286,0.745341,88.84,217.9,38.8,68.0
2244,47.409656,0.744617,88.84,217.9,38.8,68.0
2245,47.409027,0.743892,88.84,217.9,38.7,68.0
2246,47.408397,0.743167,88.84,217.9,38.7,68.0
2247,47.407768,0.742442,88.84,217.9,38.7,68.0
2248,47.407138,0.741717,88.84,217.9,38.6,68.0
2249,47.406509,0.740993,88.84,217.9,38.6,68.0
2250,47.405879,0.740268,88.84,217.9,38.6,68.0
2251,47.40525,0.739543,88.84,217.9,38.6,68.0
2252,47.40462,0.738818,88.84,217.9,38.5,68.0
2253,47.403991,0.738093,88.84,217.9,38.5,68.0
2254,47.403361,0.737369,88.84,217.9,38.5,68.0
2255,47.402732,0.736644,88.85,217.9,38.4,68.0
2256,47.402102,0.735919,88.85,217.9,38.4,68.0
2257,47.401473,0.735194,88.85,217.9,38.4,68.0
2258,47.400843,0.734469,88.85,217.9,38.3,68.0
2259,47.400214,0.733744,88.85,217.9,38.3,67.0
2260,47.399584,0.73302,88.85,217.9,38.3,67.0
2261,47.398955,0.732295,88.85,217.9,38.2,67.0
2262,47.398325,0.73157,88.85,217.9,38.2,67.0
2263,47.397696,0.730845,88.85,217.9,38.2,67.0
2264,47.397066,0.73012,88.85,217.9,38.2,67.0
2265,47.396436,0.729396,88.85,217.9,38.1,67.0
2266,47.395807,0.728671,88.85,217.9,38.1,67.0
2267,47.395177,0.727946,88.85,217.9,38.1,67.0
2268,47.394548,0.727221,88.85,217.9,38.0,67.0
2269,47.393918,0.726496,88.85,217.9,38.0,67.0
2270,47.393289,0.725771,88.85,217.9,38.0,67.0
2271,47.392659,0.725047,88.85,217.9,37.9,67.0
2272,47.39203,0.724322,88.85,217.9,37.9,67.0
2273,47.3914,0.723597,88.85,217.9,37.9,67.0
2274,47.390771,0.722872,88.85,217.9,37.9,67.0
2275,47.390141,0.722147,88.85,217.9,37.8,67.0
2276,47.389512,0.721423,88.85,217.9,37.8,67.0
2277,47.388882,0.720698,88.85,217.9,37.8,67.0
2278,47.388253,0.719973,88.85,217.9,37.7,67.0
2279,47.387623,0.719248,88.85,217.9,37.7,66.0
2280,47.386994,0.718523,88.86,217.9,37.7,66.0
2281,47.386364,0.717799,88.86,217.9,37.6,66.0
2282,47.385735,0.717074,88.86,217.9,37.6,66.0
2283,47.385046,0.716526,87.1,208.3,37.6,66.0
2284,47.384294,0.716167,88.0,197.9,37.6,66.0
2285,47.383541,0.715807,88.0,197.9,37.5,66.0
2286,47.382789,0.715448,88.0,197.9,37.5,66.0
2287,47.382037,0.715088,88.0,197.9,37.5,66.0
2288,47.381285,0.714729,88.0,197.9,37.4,66.0
2289,47.380533,0.71437,88.0,197.9,37.4,66.0
2290,47.379781,0.71401,88.0,197.9,37.4,66.0
2291,47.379029,0.713651,88.0,197.9,37.3,66.0
2292,47.378276,0.713292,88.0,197.9,37.3,66.0
2293,47.377524,0.712932,88.0,197.9,37.3,66.0
2294,47.376772,0.712573,88.0,197.9,37.3,66.0
2295,47.37602,0.712213,88.0,197.9,37.2,66.0
2296,47.375268,0.711854,88.0,197.9,37.2,66.0
2297,47.374516,0.711495,88.0,197.9,37.2,66.0
2298,47.373764,0.711135,88.0,197.9,37.1,65.0
2299,47.373011,0.710776,88.0,197.9,37.1,65.0
2300,47.372259,0.710417,88.0,197.9,37.1,65.0
2301,47.371507,0.710057,88.0,197.9,37.1,65.0
2302,47.370755,0.709698,88.0,197.9,37.0,65.0
2303,47.370003,0.709339,88.0,197.9,37.0,65.0
2304,47.369251,0.708979,88.0,197.9,37.0,65.0
2305,47.368499,0.70862,88.0,197.9,36.9,65.0
2306,47.367747,0.70826,88.0,197.9,36.9,65.0
2307,47.366994,0.707901,88.0,197.9,36.9,65.0
2308,47.366242,0.707542,88.0,197.9,36.8,65.0
2309,47.36549,0.707182,88.0,197.9,36.8,65.0
2310,47.364738,0.706823,88.0,197.9,36.8,65.0
2311,47.363986,0.706464,88.0,197.9,36.8,65.0
2312,47.363234,0.706104,88.0,197.9,36.7,65.0
2313,47.362482,0.705745,88.0,197.9,36.7,65.0
2314,47.361729,0.705385,88.0,197.9,36.7,65.0
2315,47.360977,0.705026,88.0,197.9,36.6,65.0
2316,47.360225,0.704667,88.0,197.9,36.6,65.0
2317,47.359473,0.704307,88.0,197.9,36.6,65.0
2318,47.358721,0.703948,88.0,197.9,36.6,64.0
2319,47.357969,0.703589,88.0,197.9,36.5,64.0
2320,47.357217,0.703229,88.0,197.9,36.5,64.0
2321,47.356464,0.70287,88.0,197.9,36.5,64.0
2322,47.355712,0.70251,88.0,197.9,36.4,64.0
2323,47.35496,0.702151,88.0,197.9,36.4,64.0
2324,47.354208,0.701792,88.0,197.9,36.4,64.0
2325,47.353456,0.701432,88.01,197.9,36.4,64.0
2326,47.352704,0.701073,88.01,197.9,36.3,64.0
2327,47.351952,0.700714,88.01,197.9,36.3,64.0
2328,47.3512,0.700354,88.01,197.9,36.3,64.0
2329,47.350447,0.699995,88.01,197.9,36.2,64.0
2330,47.349695,0.699636,88.01,197.9,36.2,64.0
2331,47.348943,0.699276,88.01,197.9,36.2,64.0
2332,47.348191,0.698917,88.01,197.9,36.2,64.0
2333,47.347439,0.698557,88.01,197.9,36.1,64.0
2334,47.346687,0.698198,88.01,197.9,36.1,64.0
2335,47.345935,0.697839,88.01,197.9,36.1,64.0
2336,47.345182,0.697479,88.01,197.9,36.0,64.0
2337,47.34443,0.69712,88.01,197.9,36.0,63.0
2338,47.343678,0.696761,88.01,197.9,36.0,63.0
2339,47.342926,0.696401,88.01,197.9,36.0,63.0
2340,47.342174,0.696042,88.01,197.9,35.9,63.0
2341,47.341422,0.695682,88.01,197.9,35.9,63.0
2342,47.34067,0.695323,88.01,197.9,35.9,63.0
2343,47.339917,0.694964,88.01,197.9,35.8,63.0
2344,47.339165,0.694604,88.01,197.9,35.8,63.0
2345,47.338413,0.694245,88.01,197.9,35.8,63.0
2346,47.337661,0.693886,88.01,197.9,35.8,63.0
2347,47.336909,0.693526,88.01,197.9,35.7,63.0
2348,47.336157,0.693167,88.01,197.9,35.7,63.0
2349,47.335405,0.692807,88.01,197.9,35.7,63.0
2350,47.334653,0.692448,88.01,197.9,35.6,63.0
2351,47.3339,0.692089,88.01,197.9,35.6,63.0
2352,47.333148,0.691729,88.01,197.9,35.6,63.0
2353,47.332396,0.69137,88.01,197.9,35.6,63.0
2354,47.331644,0.691011,88.01,197.9,35.5,63.0
2355,47.330892,0.690651,88.01,197.9,35.5,63.0
2356,47.33014,0.690292,88.01,197.9,35.5,62.0
2357,47.329388,0.689933,88.01,197.9,35.5,62.0
2358,47.328635,0.689573,88.01,197.9,35.4,62.0
2359,47.327883,0.689214,88.01,197.9,35.4,62.0
2360,47.327131,0.688854,88.01,197.9,35.4,62.0
2361,47.326379,0.688495,88.01,197.9,35.3,62.0
2362,47.325627,0.688136,88.01,197.9,35.3,62.0
2363,47.324875,0.687776,88.01,197.9,35.3,62.0
2364,47.324123,0.687417,88.01,197.9,35.3,62.0
2365,47.32337,0.687058,88.01,197.9,35.2,62.0
2366,47.322618,0.686698,88.01,197.9,35.2,62.0
2367,47.321866,0.686339,88.01,197.9,35.2,62.0
2368,47.321114,0.685979,88.01,197.9,35.1,62.0
2369,47.320362,0.68562,88.01,197.9,35.1,62.0
2370,47.31961,0.685261,88.01,197.9,35.1,62.0
2371,47.318858,0.684901,88.01,197.9,35.1,62.0
2372,47.318106,0.684542,88.01,197.9,35.0,62.0
2373,47.317353,0.684183,88.01,197.9,35.0,62.0
2374,47.316601,0.683823,88.01,197.9,35.0,62.0
2375,47.315849,0.683464,88.01,197.9,35.0,61.0
2376,47.315097,0.683104,88.01,197.9,34.9,61.0
2377,47.314345,0.682745,88.01,197.9,34.9,61.0
2378,47.313593,0.682386,88.01,197.9,34.9,61.0
2379,47.312841,0.682026,88.01,197.9,34.9,61.0
2380,47.312088,0.681667,88.01,197.9,34.8,61.0
2381,47.311336,0.681308,88.01,197.9,34.8,61.0
2382,47.310584,0.680948,88.01,198.0,34.8,61.0
2383,47.309832,0.680589,88.01,198.0,34.7,61.0
2384,47.30908,0.68023,88.01,198.0,34.7,61.0
2385,47.308328,0.67987,88.01,198.0,34.7,61.0
2386,47.307576,0.679511,88.01,198.0,34.7,61.0
2387,47.306823,0.679151,88.01,198.0,34.6,61.0
2388,47.306071,0.678792,88.01,198.0,34.6,61.0
2389,47.305319,0.678433,88.01,198.0,34.6,61.0
2390,47.304567,0.678073,88.01,198.0,34.6,61.0
2391,47.303815,0.677714,88.01,198.0,34.5,61.0
2392,47.303063,0.677355,88.01,198.0,34.5,61.0
2393,47.302311,0.676995,88.01,198.0,34.5,61.0
2394,47.301559,0.676636,88.01,198.0,34.4,60.0
2395,47.300806,0.676276,88.01,198.0,34.4,60.0
2396,47.300054,0.675917,88.01,198.0,34.4,60.0
2397,47.299302,0.675558,88.01,198.0,34.4,60.0
2398,47.29855,0.675198,88.01,198.0,34.3,60.0
2399,47.297798,0.674839,88.01,198.0,34.3,60.0
2400,47.297046,0.67448,88.01,198.0,34.3,60.0
2401,47.296294,0.67412,88.01,198.0,34.3,60.0
2402,47.295541,0.673761,88.01,198.0,34.2,60.0
2403,47.294789,0.673401,88.01,198.0,34.2,60.0
2404,47.294037,0.673042,88.01,198.0,34.2,60.0
2405,47.293285,0.672683,88.01,198.0,34.2,60.0
2406,47.292533,0.672323,88.01,198.0,34.1,60.0
2407,47.291781,0.671964,88.01,198.0,34.1,60.0
2408,47.291029,0.671605,88.01,198.0,34.1,60.0
2409,47.290276,0.671245,88.02,198.0,34.1,60.0
2410,47.289524,0.670886,88.02,198.0,34.0,60.0
2411,47.288772,0.670527,88.02,198.0,34.0,60.0
2412,47.28802,0.670167,88.02,198.0,34.0,60.0
2413,47.287268,0.669808,88.02,198.0,33.9,59.0
2414,47.286516,0.669448,88.02,198.0,33.9,59.0
2415,47.285764,0.669089,88.02,198.0,33.9,59.0
2416,47.285012,0.66873,88.02,198.0,33.9,59.0
2417,47.284259,0.66837,88.02,198.0,33.8,59.0
2418,47.283507,0.668011,88.02,198.0,33.8,59.0
2419,47.282755,0.667652,88.02,198.0,33.8,59.0
2420,47.282003,0.667292,88.02,198.0,33.8,59.0
2421,47.281251,0.666933,88.02,198.0,33.7,59.0
2422,47.280499,0.666573,88.02,198.0,33.7,59.0
2423,47.279747,0.666214,88.02,198.0,33.7,59.0
2424,47.278994,0.665855,88.02,198.0,33.7,59.0
2425,47.278242,0.665495,88.02,198.0,33.6,59.0
2426,47.27749,0.665136,88.02,198.0,33.6,59.0
2427,47.276738,0.664777,88.02,198.0,33.6,59.0
2428,47.275986,0.664417,88.02,198.0,33.6,59.0
2429,47.275234,0.664058,88.02,198.0,33.5,59.0
2430,47.274482,0.663698,88.02,198.0,33.5,59.0
2431,47.273729,0.663339,88.02,198.0,33.5,59.0
2432,47.272977,0.66298,88.02,198.0,33.5,58.0
2433,47.272225,0.66262,88.02,198.0,33.4,58.0
2434,47.271473,0.662261,88.02,198.0,33.4,58.0
2435,47.270721,0.661902,88.02,198.0,33.4,58.0
2436,47.269969,0.661542,88.02,198.0,33.4,58.0
2437,47.269217,0.661183,88.02,198.0,33.3,58.0
2438,47.268465,0.660824,88.02,198.0,33.3,58.0
2439,47.267712,0.660464,88.02,198.0,33.3,58.0
2440,47.26696,0.660105,88.02,198.0,33.3,58.0
2441,47.266208,0.659745,88.02,198.0,33.2,58.0
2442,47.265456,0.659386,88.02,198.0,33.2,58.0
2443,47.264704,0.659027,88.02,198.0,33.2,58.0
2444,47.263952,0.658667,88.02,198.0,33.2,58.0
2445,47.2632,0.658308,88.02,198.0,33.1,58.0
2446,47.262447,0.657949,88.02,198.0,33.1,58.0
2447,47.261695,0.657589,88.02,198.0,33.1,58.0
2448,47.260943,0.65723,88.02,198.0,33.1,58.0
2449,47.260191,0.65687,88.02,198.0,33.0,58.0
2450,47.259439,0.656511,88.02,198.0,33.0,57.0
2451,47.258687,0.656152,88.02,198.0,33.0,57.0
2452,47.257935,0.655792,88.02,198.0,33.0,57.0
2453,47.257182,0.655433,88.02,198.0,32.9,57.0
2454,47.25643,0.655074,88.02,198.0,32.9,57.0
2455,47.255678,0.654714,88.02,198.0,32.9,57.0
2456,47.254926,0.654355,88.02,198.0,32.9,57.0
2457,47.254174,0.653995,88.02,198.0,32.8,57.0
2458,47.253422,0.653636,88.02,198.0,32.8,57.0
2459,47.25267,0.653277,88.02,198.0,32.8,57.0
2460,47.251918,0.652917,88.02,198.0,32.8,57.0
2461,47.251165,0.652558,88.02,198.0,32.7,57.0
2462,47.250413,0.652199,88.02,198.0,32.7,57.0
2463,47.249661,0.651839,88.02,198.0,32.7,57.0
2464,47.248909,0.65148,88.02,198.0,32.7,57.0
2465,47.248157,0.651121,88.02,198.0,32.6,57.0
2466,47.247405,0.650761,88.02,198.0,32.6,57.0
2467,47.246653,0.650402,88.02,198.0,32.6,57.0
2468,47.2459,0.650042,88.02,198.0,32.6,57.0
2469,47.245148,0.649683,88.02,198.0,32.5,56.0
2470,47.244396,0.649324,88.02,198.0,32.5,56.0
2471,47.243644,0.648964,88.02,198.0,32.5,56.0
2472,47.242892,0.648605,88.02,198.0,32.5,56.0
2473,47.24214,0.648246,88.02,198.0,32.4,56.0
2474,47.241388,0.647886,88.02,198.0,32.4,56.0
2475,47.240635,0.647527,88.02,198.0,32.4,56.0
2476,47.239883,0.647167,88.02,198.0,32.4,56.0
2477,47.239131,0.646808,88.02,198.0,32.4,56.0
2478,47.238379,0.646449,88.02,198.0,32.3,56.0
2479,47.237627,0.646089,88.02,198.0,32.3,56.0
2480,47.236875,0.64573,88.02,198.0,32.3,56.0
2481,47.236123,0.645371,88.02,198.0,32.3,56.0
2482,47.235371,0.645011,88.02,198.0,32.2,56.0
2483,47.234618,0.644652,88.02,198.0,32.2,56.0
2484,47.233866,0.644292,88.02,198.0,32.2,56.0
2485,47.233114,0.643933,88.02,198.0,32.2,56.0
2486,47.232362,0.643574,88.02,198.0,32.1,56.0
2487,47.23161,0.643214,88.02,198.0,32.1,55.0
2488,47.230858,0.642855,88.02,198.0,32.1,55.0
2489,47.230106,0.642496,88.02,198.0,32.1,55.0
2490,47.229353,0.642136,88.02,198.0,32.0,55.0
2491,47.228601,0.641777,88.02,198.0,32.0,55.0
2492,47.227849,0.641418,88.02,198.0,32.0,55.0
2493,47.227097,0.641058,88.03,198.0,32.0,55.0
2494,47.226345,0.640699,88.03,198.0,32.0,55.0
2495,47.225593,0.640339,88.03,198.0,31.9,55.0
2496,47.224841,0.63998,88.03,198.0,31.9,55.0
2497,47.224088,0.639621,88.03,198.0,31.9,55.0
2498,47.223336,0.639261,88.03,198.0,31.9,55.0
2499,47.222584,0.638902,88.03,198.0,31.8,55.0
2500,47.221832,0.638543,88.03,198.0,31.8,55.0
2501,47.22108,0.638183,88.03,198.0,31.8,55.0
2502,47.220328,0.637824,88.03,198.0,31.8,55.0
2503,47.219576,0.637464,88.03,198.0,31.7,55.0
2504,47.218824,0.637105,88.03,198.0,31.7,55.0
2505,47.218071,0.636746,88.03,198.0,31.7,55.0
2506,47.217319,0.636386,88.03,198.0,31.7,54.0
2507,47.216567,0.636027,88.03,198.0,31.7,54.0
2508,47.215815,0.635668,88.03,198.0,31.6,54.0
2509,47.215063,0.635308,88.03,198.0,31.6,54.0
2510,47.214311,0.634949,88.03,198.0,31.6,54.0
2511,47.213559,0.634589,88.03,198.0,31.6,54.0
2512,47.212806,0.63423,88.03,198.0,31.5,54.0
2513,47.212054,0.633871,88.03,198.0,31.5,54.0
2514,47.211302,0.633511,88.03,198.0,31.5,54.0
2515,47.21055,0.633152,88.03,198.0,31.5,54.0
2516,47.209798,0.632793,88.03,198.0,31.5,54.0
2517,47.209046,0.632433,88.03,198.0,31.4,54.0
2518,47.208294,0.632074,88.03,198.0,31.4,54.0
2519,47.207541,0.631715,88.03,198.0,31.4,54.0
2520,47.206789,0.631355,88.03,198.0,31.4,54.0
2521,47.206037,0.630996,88.03,198.0,31.3,54.0
2522,47.205285,0.630636,88.03,198.0,31.3,54.0
2523,47.204533,0.630277,88.03,198.0,31.3,54.0
2524,47.203781,0.629918,88.03,198.0,31.3,53.0
2525,47.203029,0.629558,88.03,198.0,31.2,53.0
2526,47.202277,0.629199,88.03,198.0,31.2,53.0
2527,47.201524,0.62884,88.03,198.0,31.2,53.0
2528,47.200772,0.62848,88.03,198.0,31.2,53.0
2529,47.20002,0.628121,88.03,198.0,31.2,53.0
2530,47.199268,0.627761,88.03,198.0,31.1,53.0
2531,47.198516,0.627402,88.03,198.0,31.1,53.0
2532,47.197764,0.627043,88.03,198.0,31.1,53.0
2533,47.197012,0.626683,88.03,198.0,31.1,53.0
2534,47.196259,0.626324,88.03,198.0,31.1,53.0
2535,47.195507,0.625965,88.03,198.0,31.0,53.0
2536,47.194755,0.625605,88.03,198.0,31.0,53.0
2537,47.194003,0.625246,88.03,198.0,31.0,53.0
2538,47.193251,0.624886,88.03,198.0,31.0,53.0
2539,47.192499,0.624527,88.03,198.0,30.9,53.0
2540,47.191747,0.624168,88.03,198.0,30.9,53.0
2541,47.190994,0.623808,88.03,198.0,30.9,53.0
2542,47.190242,0.623449,88.03,198.0,30.9,53.0
2543,47.18949,0.62309,88.03,198.0,30.9,52.0
2544,47.188738,0.62273,88.03,198.0,30.8,52.0
2545,47.187986,0.622371,88.03,198.0,30.8,52.0
2546,47.187234,0.622012,88.03,198.0,30.8,52.0
2547,47.186482,0.621652,88.03,198.0,30.8,52.0
2548,47.18573,0.621293,88.03,198.0,30.7,52.0
2549,47.184977,0.620933,88.03,198.0,30.7,52.0
2550,47.184225,0.620574,88.03,198.0,30.7,52.0
2551,47.183473,0.620215,88.03,198.0,30.7,52.0
2552,47.182721,0.619855,88.03,198.0,30.7,52.0
2553,47.181969,0.619496,88.03,198.0,30.6,52.0
2554,47.181217,0.619137,88.03,198.0,30.6,52.0
2555,47.180465,0.618777,88.03,198.0,30.6,52.0
2556,47.179712,0.618418,88.03,198.0,30.6,52.0
2557,47.17896,0.618058,88.03,198.0,30.6,52.0
2558,47.178208,0.617699,88.03,198.0,30.5,52.0
2559,47.177456,0.61734,88.03,198.0,30.5,52.0
2560,47.176704,0.61698,88.03,198.0,30.5,52.0
2561,47.175952,0.616621,88.03,198.0,30.5,51.0
2562,47.1752,0.616262,88.03,198.0,30.5,51.0
2563,47.174447,0.615902,88.03,198.0,30.4,51.0
2564,47.173695,0.615543,88.03,198.0,30.4,51.0
2565,47.172943,0.615183,88.03,198.0,30.4,51.0
2566,47.172191,0.614824,88.03,198.0,30.4,51.0
2567,47.171439,0.614465,88.03,198.0,30.3,51.0
2568,47.170687,0.614105,88.03,198.0,30.3,51.0
2569,47.169935,0.613746,88.03,198.0,30.3,51.0
2570,47.169183,0.613387,88.03,198.0,30.3,51.0
2571,47.16843,0.613027,88.03,198.0,30.3,51.0
2572,47.167678,0.612668,88.03,198.0,30.2,51.0
2573,47.166926,0.612309,88.03,198.0,30.2,51.0
2574,47.166174,0.611949,88.03,198.0,30.2,51.0
2575,47.165422,0.61159,88.03,198.0,30.2,51.0
2576,47.16467,0.61123,88.03,198.0,30.2,51.0
2577,47.163918,0.610871,88.04,198.0,30.1,51.0
2578,47.163165,0.610512,88.04,198.0,30.1,51.0
2579,47.162413,0.610152,88.04,198.0,30.1,50.0
2580,47.161661,0.609793,88.04,198.0,30.1,50.0
2581,47.160909,0.609434,88.04,198.0,30.1,50.0
2582,47.160157,0.609074,88.04,198.0,30.0,50.0
2583,47.159405,0.608715,88.04,198.0,30.0,50.0
2584,47.158653,0.608355,88.04,198.0,30.0,50.0
2585,47.1579,0.607996,88.04,198.0,30.0,50.0
2586,47.157148,0.607637,88.04,198.0,30.0,50.0
2587,47.156396,0.607277,88.04,198.0,29.9,50.0
2588,47.155644,0.606918,88.04,198.0,29.9,50.0
2589,47.154892,0.606559,88.04,198.0,29.9,50.0
2590,47.15414,0.606199,88.04,198.0,29.9,50.0
2591,47.153388,0.60584,88.04,198.0,29.9,50.0
2592,47.152636,0.60548,88.04,198.0,29.8,50.0
2593,47.151883,0.605121,88.04,198.0,29.8,50.0
2594,47.151131,0.604762,88.04,198.0,29.8,50.0
2595,47.150379,0.604402,88.04,198.0,29.8,50.0
2596,47.149627,0.604043,88.04,198.0,29.8,50.0
2597,47.148875,0.603684,88.04,198.0,29.7,50.0
2598,47.148123,0.603324,88.04,198.0,29.7,49.0
2599,47.147371,0.602965,88.04,198.0,29.7,49.0
2600,47.146618,0.602605,88.04,198.0,29.7,49.0
2601,47.145866,0.602246,88.04,198.0,29.7,49.0
2602,47.145114,0.601887,88.04,198.0,29.6,49.0
2603,47.144362,0.601527,88.04,198.0,29.6,49.0
2604,47.14361,0.601168,88.04,198.0,29.6,49.0
2605,47.142858,0.600809,88.04,198.0,29.6,49.0
2606,47.142106,0.600449,88.04,198.0,29.6,49.0
2607,47.141353,0.60009,88.04,198.0,29.6,49.0
2608,47.140601,0.599731,88.04,198.0,29.5,49.0
2609,47.139849,0.599371,88.04,198.0,29.5,49.0
2610,47.139097,0.599012,88.04,198.0,29.5,49.0
2611,47.138345,0.598652,88.04,198.0,29.5,49.0
2612,47.137593,0.598293,88.04,198.0,29.5,49.0
2613,47.136841,0.597934,88.04,198.0,29.4,49.0
2614,47.136089,0.597574,88.04,198.0,29.4,49.0
2615,47.135336,0.597215,88.04,198.0,29.4,49.0
2616,47.134584,0.596856,88.04,198.0,29.4,48.0
2617,47.133832,0.596496,88.04,198.0,29.4,48.0
2618,47.13308,0.596137,88.04,198.0,29.3,48.0
2619,47.132328,0.595777,88.04,198.0,29.3,48.0
2620,47.131576,0.595418,88.04,198.0,29.3,48.0
2621,47.130824,0.595059,88.04,198.0,29.3,48.0
2622,47.130071,0.594699,88.04,198.0,29.3,48.0
2623,47.129319,0.59434,88.04,198.0,29.3,48.0
2624,47.128567,0.593981,88.04,198.0,29.2,48.0
2625,47.127815,0.593621,88.04,198.0,29.2,48.0
2626,47.127063,0.593262,88.04,198.0,29.2,48.0
2627,47.126311,0.592902,88.04,198.0,29.2,48.0
2628,47.125559,0.592543,88.04,198.0,29.2,48.0
2629,47.124806,0.592184,88.04,198.0,29.1,48.0
2630,47.124054,0.591824,88.04,198.0,29.1,48.0
2631,47.123302,0.591465,88.04,198.0,29.1,48.0
2632,47.12255,0.591106,88.04,198.0,29.1,48.0
2633,47.121798,0.590746,88.04,198.0,29.1,48.0
2634,47.121046,0.590387,88.04,198.0,29.0,47.0
2635,47.120294,0.590028,88.04,198.0,29.0,47.0
2636,47.119542,0.589668,88.04,198.0,29.0,47.0
2637,47.118789,0.589309,88.04,198.0,29.0,47.0
2638,47.118037,0.588949,88.04,198.0,29.0,47.0
2639,47.117285,0.58859,88.04,198.0,29.0,47.0
2640,47.116533,0.588231,88.04,198.0,28.9,47.0
2641,47.115781,0.587871,88.04,198.0,28.9,47.0
2642,47.115029,0.587512,88.04,198.0,28.9,47.0
2643,47.114277,0.587153,88.04,198.0,28.9,47.0
2644,47.113524,0.586793,88.04,198.0,28.9,47.0
2645,47.112772,0.586434,88.04,198.0,28.9,47.0
2646,47.11202,0.586074,88.04,198.0,28.8,47.0
2647,47.111268,0.585715,88.04,198.0,28.8,47.0
2648,47.110516,0.585356,88.04,198.0,28.8,47.0
2649,47.109764,0.584996,88.04,198.0,28.8,47.0
2650,47.109012,0.584637,88.04,198.0,28.8,47.0
2651,47.108259,0.584278,88.04,198.0,28.7,47.0
2652,47.107507,0.583918,88.04,198.0,28.7,46.0
2653,47.106755,0.583559,88.04,198.0,28.7,46.0
2654,47.106003,0.583199,88.04,198.0,28.7,46.0
2655,47.105251,0.58284,88.04,198.0,28.7,46.0
2656,47.104499,0.582481,88.04,198.0,28.7,46.0
2657,47.103747,0.582121,88.04,198.0,28.6,46.0
2658,47.102995,0.581762,88.04,198.0,28.6,46.0
2659,47.102242,0.581403,88.04,198.0,28.6,46.0
2660,47.10149,0.581043,88.04,198.0,28.6,46.0
2661,47.100738,0.580684,88.05,198.0,28.6,46.0
2662,47.099986,0.580325,88.05,198.0,28.6,46.0
2663,47.099234,0.579965,88.05,198.0,28.5,46.0
2664,47.098482,0.579606,88.05,198.0,28.5,46.0
2665,47.09773,0.579246,88.05,198.0,28.5,46.0
2666,47.096977,0.578887,88.05,198.0,28.5,46.0
2667,47.096225,0.578528,88.05,198.0,28.5,46.0
2668,47.095473,0.578168,88.05,198.0,28.5,46.0
2669,47.094721,0.577809,88.05,198.0,28.4,46.0
2670,47.093969,0.57745,88.05,198.0,28.4,45.0
2671,47.093217,0.57709,88.05,198.0,28.4,45.0
2672,47.092465,0.576731,88.05,198.0,28.4,45.0
2673,47.091712,0.576371,88.05,198.0,28.4,45.0
2674,47.09096,0.576012,88.05,198.0,28.4,45.0
2675,47.090208,0.575653,88.05,198.0,28.3,45.0
2676,47.089456,0.575293,88.05,198.0,28.3,45.0
2677,47.088704,0.574934,88.05,198.0,28.3,45.0
2678,47.087952,0.574575,88.05,198.0,28.3,45.0
2679,47.0872,0.574215,88.05,198.0,28.3,45.0
2680,47.086448,0.573856,88.05,198.0,28.3,45.0
2681,47.085695,0.573496,88.05,198.0,28.2,45.0
2682,47.084943,0.573137,88.05,198.0,28.2,45.0
2683,47.084191,0.572778,88.05,198.0,28.2,45.0
2684,47.083439,0.572418,88.05,198.0,28.2,45.0
2685,47.082687,0.572059,88.05,198.0,28.2,45.0
2686,47.081935,0.5717,88.05,198.0,28.2,45.0
2687,47.081183,0.57134,88.05,198.0,28.1,45.0
2688,47.08043,0.570981,88.05,198.0,28.1,44.0
2689,47.079678,0.570622,88.05,198.0,28.1,44.0
2690,47.078926,0.570262,88.05,198.0,28.1,44.0
2691,47.078174,0.569903,88.05,198.0,28.1,44.0
2692,47.077422,0.569543,88.05,198.0,28.1,44.0
2693,47.07667,0.569184,88.05,198.0,28.0,44.0
2694,47.075918,0.568825,88.05,198.0,28.0,44.0
2695,47.075165,0.568465,88.05,198.0,28.0,44.0
2696,47.074413,0.568106,88.05,198.0,28.0,44.0
2697,47.073661,0.567747,88.05,198.0,28.0,44.0
2698,47.072909,0.567387,88.05,198.0,28.0,44.0
2699,47.072157,0.567028,88.05,198.0,27.9,44.0
2700,47.071405,0.566668,88.05,198.0,27.9,44.0
2701,47.070653,0.566309,88.05,198.0,27.9,44.0
2702,47.069901,0.56595,88.05,198.0,27.9,44.0
2703,47.069148,0.56559,88.05,198.0,27.9,44.0
2704,47.068396,0.565231,88.05,198.0,27.9,44.0
2705,47.067644,0.564872,88.05,198.0,27.9,44.0
2706,47.066892,0.564512,88.05,198.0,27.8,43.0
2707,47.06614,0.564153,88.05,198.0,27.8,43.0
2708,47.065388,0.563793,88.05,198.0,27.8,43.0
2709,47.064636,0.563434,88.05,198.0,27.8,43.0
2710,47.063883,0.563075,88.05,198.0,27.8,43.0
2711,47.063131,0.562715,88.05,198.0,27.8,43.0
2712,47.062379,0.562356,88.05,198.0,27.8,43.0
2713,47.061627,0.561997,88.05,198.0,27.7,43.0
2714,47.060875,0.561637,88.05,198.0,27.7,43.0
2715,47.060123,0.561278,88.05,198.0,27.7,43.0
2716,47.059371,0.560919,88.05,198.0,27.7,43.0
2717,47.058618,0.560559,88.05,198.0,27.7,43.0
2718,47.057866,0.5602,88.05,198.0,27.7,43.0
2719,47.057114,0.55984,88.05,198.0,27.6,43.0
2720,47.056362,0.559481,88.05,198.0,27.6,43.0
2721,47.05561,0.559122,88.05,198.0,27.6,43.0
2722,47.054858,0.558762,88.05,198.0,27.6,43.0
2723,47.054106,0.558403,88.05,198.0,27.6,43.0
2724,47.053354,0.558044,88.05,198.0,27.6,42.0
2725,47.052601,0.557684,88.05,198.0,27.6,42.0
2726,47.051849,0.557325,88.05,198.0,27.5,42.0
2727,47.051097,0.556965,88.05,198.0,27.5,42.0
2728,47.050345,0.556606,88.05,198.0,27.5,42.0
2729,47.049593,0.556247,88.05,198.0,27.5,42.0
2730,47.048841,0.555887,88.05,198.0,27.5,42.0
2731,47.048089,0.555528,88.05,198.0,27.5,42.0
2732,47.047336,0.555169,88.05,198.0,27.5,42.0
2733,47.046584,0.554809,88.05,198.0,27.4,42.0
2734,47.045832,0.55445,88.05,198.0,27.4,42.0
2735,47.04508,0.55409,88.05,198.0,27.4,42.0
2736,47.044328,0.553731,88.05,198.0,27.4,42.0
2737,47.043576,0.553372,88.05,198.0,27.4,42.0
2738,47.042824,0.553012,88.05,198.0,27.4,42.0
2739,47.042071,0.552653,88.05,198.0,27.4,42.0
2740,47.041319,0.552294,88.05,198.0,27.3,42.0
2741,47.040567,0.551934,88.05,198.0,27.3,42.0
2742,47.039815,0.551575,88.05,198.0,27.3,41.0
2743,47.039063,0.551216,88.05,198.0,27.3,41.0
2744,47.038311,0.550856,88.05,198.0,27.3,41.0
2745,47.037559,0.550497,88.06,198.0,27.3,41.0
2746,47.036807,0.550137,88.06,198.0,27.3,41.0
2747,47.036054,0.549778,88.06,198.0,27.2,41.0
2748,47.035302,0.549419,88.06,198.0,27.2,41.0
2749,47.03455,0.549059,88.06,198.0,27.2,41.0
2750,47.033798,0.5487,88.06,198.0,27.2,41.0
2751,47.033046,0.548341,88.06,198.0,27.2,41.0
2752,47.032294,0.547981,88.06,198.0,27.2,41.0
2753,47.031542,0.547622,88.06,198.0,27.2,41.0
2754,47.030789,0.547262,88.06,198.0,27.2,41.0
2755,47.030037,0.546903,88.06,198.0,27.1,41.0
2756,47.029285,0.546544,88.06,198.0,27.1,41.0
2757,47.028533,0.546184,88.06,198.0,27.1,41.0
2758,47.027781,0.545825,88.06,198.0,27.1,41.0
2759,47.027029,0.545466,88.06,198.0,27.1,41.0
2760,47.026277,0.545106,88.06,198.0,27.1,40.0
2761,47.025524,0.544747,88.06,198.0,27.1,40.0
2762,47.024772,0.544387,88.06,198.0,27.0,40.0
2763,47.02402,0.544028,88.06,198.0,27.0,40.0
2764,47.023268,0.543669,88.06,198.0,27.0,40.0
2765,47.022516,0.543309,88.06,198.0,27.0,40.0
2766,47.021764,0.54295,88.06,198.0,27.0,40.0
2767,47.021012,0.542591,88.06,198.0,27.0,40.0
2768,47.02026,0.542231,88.06,198.0,27.0,40.0
2769,47.019507,0.541872,88.06,198.0,27.0,40.0
2770,47.018755,0.541513,88.06,198.0,26.9,40.0
2771,47.018003,0.541153,88.06,198.0,26.9,40.0
2772,47.017251,0.540794,88.06,198.0,26.9,40.0
2773,47.016499,0.540434,88.06,198.0,26.9,40.0
2774,47.015747,0.540075,88.06,198.0,26.9,40.0
2775,47.014995,0.539716,88.06,198.0,26.9,40.0
2776,47.014242,0.539356,88.06,198.0,26.9,40.0
2777,47.01349,0.538997,88.06,198.0,26.9,40.0
2778,47.012738,0.538638,88.06,198.0,26.8,39.0
2779,47.011986,0.538278,88.06,198.0,26.8,39.0
2780,47.011234,0.537919,88.06,198.0,26.8,39.0
2781,47.010482,0.537559,88.06,198.0,26.8,39.0
2782,47.00973,0.5372,88.06,198.0,26.8,39.0
2783,47.008977,0.536841,88.06,198.0,26.8,39.0
2784,47.008225,0.536481,88.06,198.0,26.8,39.0
2785,47.007473,0.536122,88.06,198.0,26.8,39.0
2786,47.006721,0.535763,88.06,198.0,26.7,39.0
2787,47.005969,0.535403,88.06,198.0,26.7,39.0
2788,47.005217,0.535044,88.06,198.0,26.7,39.0
2789,47.004465,0.534684,88.06,198.0,26.7,39.0
2790,47.003713,0.534325,88.06,198.0,26.7,39.0
2791,47.00296,0.533966,88.06,198.0,26.7,39.0
2792,47.002208,0.533606,88.06,198.0,26.7,39.0
2793,47.001456,0.533247,88.06,198.0,26.7,39.0
2794,47.000704,0.532888,88.06,198.0,26.6,39.0
2795,46.999952,0.532528,88.06,198.0,26.6,39.0
2796,46.9992,0.532169,88.06,198.0,26.6,38.0
2797,46.998448,0.53181,88.06,198.0,26.6,38.0
2798,46.997695,0.53145,88.06,198.0,26.6,38.0
2799,46.996943,0.531091,88.06,198.0,26.6,38.0
2800,46.996191,0.530731,88.06,198.0,26.6,38.0
2801,46.995439,0.530372,88.06,198.1,26.6,38.0
2802,46.994687,0.530013,88.06,198.1,26.6,38.0
2803,46.993935,0.529653,88.06,198.1,26.5,38.0
2804,46.993183,0.529294,88.06,198.1,26.5,38.0
2805,46.99243,0.528935,88.06,198.1,26.5,38.0
2806,46.991678,0.528575,88.06,198.1,26.5,38.0
2807,46.990926,0.528216,88.06,198.1,26.5,38.0
2808,46.990174,0.527856,88.06,198.1,26.5,38.0
2809,46.989422,0.527497,88.06,198.1,26.5,38.0
2810,46.98867,0.527138,88.06,198.1,26.5,38.0
2811,46.987918,0.526778,88.06,198.1,26.5,38.0
2812,46.987166,0.526419,88.06,198.1,26.4,38.0
2813,46.986413,0.52606,88.06,198.1,26.4,38.0
2814,46.985661,0.5257,88.06,198.1,26.4,37.0
2815,46.984909,0.525341,88.06,198.1,26.4,37.0
2816,46.984157,0.524981,88.06,198.1,26.4,37.0
2817,46.983405,0.524622,88.06,198.1,26.4,37.0
2818,46.982653,0.524263,88.06,198.1,26.4,37.0
2819,46.981901,0.523903,88.06,198.1,26.4,37.0
2820,46.981148,0.523544,88.06,198.1,26.4,37.0
2821,46.980396,0.523185,88.06,198.1,26.3,37.0
2822,46.979644,0.522825,88.06,198.1,26.3,37.0
2823,46.978892,0.522466,88.06,198.1,26.3,37.0
2824,46.97814,0.522107,88.06,198.1,26.3,37.0
2825,46.977388,0.521747,88.06,198.1,26.3,37.0
2826,46.976636,0.521388,88.06,198.1,26.3,37.0
2827,46.975883,0.521028,88.06,198.1,26.3,37.0
2828,46.975131,0.520669,88.06,198.1,26.3,37.0
2829,46.974379,0.52031,88.07,198.1,26.3,37.0
2830,46.973627,0.51995,88.07,198.1,26.2,37.0
2831,46.972875,0.519591,88.07,198.1,26.2,36.0
2832,46.972123,0.519232,88.07,198.1,26.2,36.0
2833,46.971371,0.518872,88.07,198.1,26.2,36.0
2834,46.970619,0.518513,88.07,198.1,26.2,36.0
2835,46.969866,0.518153,88.07,198.1,26.2,36.0
2836,46.969114,0.517794,88.07,198.1,26.2,36.0
2837,46.968362,0.517435,88.07,198.1,26.2,36.0
2838,46.96761,0.517075,88.07,198.1,26.2,36.0
2839,46.966858,0.516716,88.07,198.1,26.2,36.0
2840,46.966106,0.516357,88.07,198.1,26.1,36.0
2841,46.965354,0.515997,88.07,198.1,26.1,36.0
2842,46.964601,0.515638,88.07,198.1,26.1,36.0
2843,46.963849,0.515278,88.07,198.1,26.1,36.0
2844,46.963097,0.514919,88.07,198.1,26.1,36.0
2845,46.962345,0.51456,88.07,198.1,26.1,36.0
2846,46.961593,0.5142,88.07,198.1,26.1,36.0
2847,46.960841,0.513841,88.07,198.1,26.1,36.0
2848,46.960089,0.513482,88.07,198.1,26.1,36.0
2849,46.959336,0.513122,88.07,198.1,26.1,35.0
2850,46.958584,0.512763,88.07,198.1,26.1,35.0
2851,46.957832,0.512404,88.07,198.1,26.0,35.0
2852,46.95708,0.512044,88.07,198.1,26.0,35.0
2853,46.956328,0.511685,88.07,198.1,26.0,35.0
2854,46.955576,0.511325,88.07,198.1,26.0,35.0
2855,46.954824,0.510966,88.07,198.1,26.0,35.0
2856,46.954072,0.510607,88.07,198.1,26.0,35.0
2857,46.953319,0.510247,88.07,198.1,26.0,35.0
2858,46.952567,0.509888,88.07,198.1,26.0,35.0
2859,46.951815,0.509529,88.07,198.1,26.0,35.0
2860,46.951063,0.509169,88.07,198.1,26.0,35.0
2861,46.950311,0.50881,88.07,198.1,25.9,35.0
2862,46.949559,0.50845,88.07,198.1,25.9,35.0
2863,46.948807,0.508091,88.07,198.1,25.9,35.0
2864,46.948054,0.507732,88.07,198.1,25.9,35.0
2865,46.947302,0.507372,88.07,198.1,25.9,35.0
2866,46.94655,0.507013,88.07,198.1,25.9,35.0
2867,46.945798,0.506654,88.07,198.1,25.9,34.0
2868,46.945046,0.506294,88.07,198.1,25.9,34.0
2869,46.944294,0.505935,88.07,198.1,25.9,34.0
2870,46.943542,0.505575,88.07,198.1,25.9,34.0
2871,46.942789,0.505216,88.07,198.1,25.9,34.0
2872,46.942037,0.504857,88.07,198.1,25.9,34.0
2873,46.941285,0.504497,88.07,198.1,25.8,34.0
2874,46.940533,0.504138,88.07,198.1,25.8,34.0
2875,46.939781,0.503779,88.07,198.1,25.8,34.0
2876,46.939029,0.503419,88.07,198.1,25.8,34.0
2877,46.938277,0.50306,88.07,198.1,25.8,34.0
2878,46.937525,0.502701,88.07,198.1,25.8,34.0
2879,46.936772,0.502341,88.07,198.1,25.8,34.0
2880,46.93602,0.501982,88.07,198.1,25.8,34.0
2881,46.935268,0.501622,88.07,198.1,25.8,34.0
2882,46.934516,0.501263,88.07,198.1,25.8,34.0
2883,46.933764,0.500904,88.07,198.1,25.8,34.0
2884,46.933012,0.500544,88.07,198.1,25.8,34.0
2885,46.93226,0.500185,88.07,198.1,25.7,33.0
2886,46.931507,0.499826,88.07,198.1,25.7,33.0
2887,46.930755,0.499466,88.07,198.1,25.7,33.0
2888,46.930003,0.499107,88.07,198.1,25.7,33.0
2889,46.929251,0.498747,88.07,198.1,25.7,33.0
2890,46.928499,0.498388,88.07,198.1,25.7,33.0
2891,46.927747,0.498029,88.07,198.1,25.7,33.0
2892,46.926995,0.497669,88.07,198.1,25.7,33.0
2893,46.926242,0.49731,88.07,198.1,25.7,33.0
2894,46.92549,0.496951,88.07,198.1,25.7,33.0
2895,46.924738,0.496591,88.07,198.1,25.7,33.0
2896,46.923986,0.496232,88.07,198.1,25.7,33.0
2897,46.923234,0.495872,88.07,198.1,25.7,33.0
2898,46.922482,0.495513,88.07,198.1,25.6,33.0
2899,46.92173,0.495154,88.07,198.1,25.6,33.0
2900,46.920978,0.494794,88.07,198.1,25.6,33.0
2901,46.920225,0.494435,88.07,198.1,25.6,33.0
2902,46.919473,0.494076,88.07,198.1,25.6,33.0
2903,46.918721,0.493716,88.07,198.1,25.6,32.0
2904,46.917969,0.493357,88.07,198.1,25.6,32.0
2905,46.917217,0.492998,88.07,198.1,25.6,32.0
2906,46.916465,0.492638,88.07,198.1,25.6,32.0
2907,46.915713,0.492279,88.07,198.1,25.6,32.0
2908,46.91496,0.491919,88.07,198.1,25.6,32.0
2909,46.914208,0.49156,88.07,198.1,25.6,32.0
2910,46.913456,0.491201,88.07,198.1,25.6,32.0
2911,46.912704,0.490841,88.07,198.1,25.6,32.0
2912,46.911952,0.490482,88.07,198.1,25.5,32.0
2913,46.9112,0.490123,88.08,198.1,25.5,32.0
2914,46.910448,0.489763,88.08,198.1,25.5,32.0
2915,46.909695,0.489404,88.08,198.1,25.5,32.0
2916,46.908943,0.489044,88.08,198.1,25.5,32.0
2917,46.908191,0.488685,88.08,198.1,25.5,32.0
2918,46.907439,0.488326,88.08,198.1,25.5,32.0
2919,46.906687,0.487966,88.08,198.1,25.5,32.0
2920,46.905935,0.487607,88.08,198.1,25.5,31.0
2921,46.905183,0.487248,88.08,198.1,25.5,31.0
2922,46.904431,0.486888,88.08,198.1,25.5,31.0
2923,46.903678,0.486529,88.08,198.1,25.5,31.0
2924,46.902926,0.486169,88.08,198.1,25.5,31.0
2925,46.902174,0.48581,88.08,198.1,25.5,31.0
2926,46.901422,0.485451,88.08,198.1,25.5,31.0
2927,46.90067,0.485091,88.08,198.1,25.4,31.0
2928,46.899918,0.484732,88.08,198.1,25.4,31.0
2929,46.899166,0.484373,88.08,198.1,25.4,31.0
2930,46.898413,0.484013,88.08,198.1,25.4,31.0
2931,46.897661,0.483654,88.08,198.1,25.4,31.0
2932,46.896909,0.483295,88.08,198.1,25.4,31.0
2933,46.896157,0.482935,88.08,198.1,25.4,31.0
2934,46.895405,0.482576,88.08,198.1,25.4,31.0
2935,46.894653,0.482216,88.08,198.1,25.4,31.0
2936,46.893901,0.481857,88.08,198.1,25.4,31.0
2937,46.893148,0.481498,88.08,198.1,25.4,31.0
2938,46.892396,0.481138,88.08,198.1,25.4,30.0
2939,46.891644,0.480779,88.08,198.1,25.4,30.0
2940,46.890892,0.48042,88.08,198.1,25.4,30.0
2941,46.89014,0.48006,88.08,198.1,25.4,30.0
2942,46.889388,0.479701,88.08,198.1,25.4,30.0
2943,46.888636,0.479341,88.08,198.1,25.4,30.0
2944,46.887884,0.478982,88.08,198.1,25.3,30.0
2945,46.887131,0.478623,88.08,198.1,25.3,30.0
2946,46.886379,0.478263,88.08,198.1,25.3,30.0
2947,46.885627,0.477904,88.08,198.1,25.3,30.0
2948,46.884875,0.477545,88.08,198.1,25.3,30.0
2949,46.884123,0.477185,88.08,198.1,25.3,30.0
2950,46.883371,0.476826,88.08,198.1,25.3,30.0
2951,46.882619,0.476466,88.08,198.1,25.3,30.0
2952,46.881866,0.476107,88.08,198.1,25.3,30.0
2953,46.881114,0.475748,88.08,198.1,25.3,30.0
2954,46.880362,0.475388,88.08,198.1,25.3,30.0
2955,46.87961,0.475029,88.08,198.1,25.3,30.0
2956,46.878858,0.47467,88.08,198.1,25.3,29.0
2957,46.878106,0.47431,88.08,198.1,25.3,29.0
2958,46.877354,0.473951,88.08,198.1,25.3,29.0
2959,46.876601,0.473592,88.08,198.1,25.3,29.0
2960,46.875849,0.473232,88.08,198.1,25.3,29.0
2961,46.875097,0.472873,88.08,198.1,25.3,29.0
2962,46.874345,0.472513,88.08,198.1,25.3,29.0
2963,46.873593,0.472154,88.08,198.1,25.3,29.0
2964,46.872841,0.471795,88.08,198.1,25.2,29.0
2965,46.872089,0.471435,88.08,198.1,25.2,29.0
2966,46.871337,0.471076,88.08,198.1,25.2,29.0
2967,46.870584,0.470717,88.08,198.1,25.2,29.0
2968,46.869832,0.470357,88.08,198.1,25.2,29.0
2969,46.86908,0.469998,88.08,198.1,25.2,29.0
2970,46.868328,0.469638,88.08,198.1,25.2,29.0
2971,46.867576,0.469279,88.08,198.1,25.2,29.0
2972,46.866824,0.46892,88.08,198.1,25.2,29.0
2973,46.866072,0.46856,88.08,198.1,25.2,29.0
2974,46.865319,0.468201,88.08,198.1,25.2,28.0
2975,46.864567,0.467842,88.08,198.1,25.2,28.0
2976,46.863815,0.467482,88.08,198.1,25.2,28.0
2977,46.863063,0.467123,88.08,198.1,25.2,28.0
2978,46.862311,0.466763,88.08,198.1,25.2,28.0
2979,46.861559,0.466404,88.08,198.1,25.2,28.0
2980,46.860807,0.466045,88.08,198.1,25.2,28.0
2981,46.860054,0.465685,88.08,198.1,25.2,28.0
2982,46.859302,0.465326,88.08,198.1,25.2,28.0
2983,46.85855,0.464967,88.08,198.1,25.2,28.0
2984,46.857798,0.464607,88.08,198.1,25.2,28.0
2985,46.857046,0.464248,88.08,198.1,25.2,28.0
2986,46.856294,0.463889,88.08,198.1,25.2,28.0
2987,46.855542,0.463529,88.08,198.1,25.2,28.0
2988,46.85479,0.46317,88.08,198.1,25.1,28.0
2989,46.854037,0.46281,88.08,198.1,25.1,28.0
2990,46.853285,0.462451,88.08,198.1,25.1,28.0
2991,46.852533,0.462092,88.08,198.1,25.1,27.0
2992,46.851781,0.461732,88.08,198.1,25.1,27.0
2993,46.851029,0.461373,88.08,198.1,25.1,27.0
2994,46.850277,0.461014,88.08,198.1,25.1,27.0
2995,46.849525,0.460654,88.08,198.1,25.1,27.0
2996,46.848772,0.460295,88.08,198.1,25.1,27.0
2997,46.84802,0.459935,88.09,198.1,25.1,27.0
2998,46.847268,0.459576,88.09,198.1,25.1,27.0
2999,46.846516,0.459217,88.09,198.1,25.1,27.0
3000,46.845764,0.458857,88.09,198.1,25.1,27.0
3001,46.845012,0.458498,88.09,198.1,25.1,27.0
3002,46.84426,0.458139,88.09,198.1,25.1,27.0
3003,46.843507,0.457779,88.09,198.1,25.1,27.0
3004,46.842755,0.45742,88.09,198.1,25.1,27.0
3005,46.842003,0.45706,88.09,198.1,25.1,27.0
3006,46.841251,0.456701,88.09,198.1,25.1,27.0
3007,46.840499,0.456342,88.09,198.1,25.1,27.0
3008,46.839747,0.455982,88.09,198.1,25.1,27.0
3009,46.838995,0.455623,88.09,198.1,25.1,26.0
3010,46.838243,0.455264,88.09,198.1,25.1,26.0
3011,46.83749,0.454904,88.09,198.1,25.1,26.0
3012,46.836738,0.454545,88.09,198.1,25.1,26.0
3013,46.835986,0.454186,88.09,198.1,25.1,26.0
3014,46.835234,0.453826,88.09,198.1,25.1,26.0
3015,46.834482,0.453467,88.09,198.1,25.1,26.0
3016,46.83373,0.453107,88.09,198.1,25.1,26.0
3017,46.832978,0.452748,88.09,198.1,25.1,26.0
3018,46.832225,0.452389,88.09,198.1,25.1,26.0
3019,46.831473,0.452029,88.09,198.1,25.1,26.0
3020,46.830721,0.45167,88.09,198.1,25.1,26.0
3021,46.829969,0.451311,88.09,198.1,25.1,26.0
3022,46.829217,0.450951,88.09,198.1,25.1,26.0
3023,46.828465,0.450592,88.09,198.1,25.1,26.0
3024,46.827713,0.450232,88.09,198.1,25.0,26.0
3025,46.82696,0.449873,88.09,198.1,25.0,26.0
3026,46.826208,0.449514,88.09,198.1,25.0,26.0
3027,46.825456,0.449154,88.09,198.1,25.0,25.0
3028,46.824704,0.448795,88.09,198.1,25.0,25.0
3029,46.823952,0.448436,88.09,198.1,25.0,25.0
3030,46.8232,0.448076,88.09,198.1,25.0,25.0
3031,46.822448,0.447717,88.09,198.1,25.0,25.0
3032,46.821695,0.447357,88.09,198.1,25.0,25.0
3033,46.820943,0.446998,88.09,198.1,25.0,25.0
3034,46.820191,0.446639,88.09,198.1,25.0,25.0
3035,46.819439,0.446279,88.09,198.1,25.0,25.0
3036,46.818687,0.44592,88.09,198.1,25.0,25.0
3037,46.817935,0.445561,88.09,198.1,25.0,25.0
3038,46.817183,0.445201,88.09,198.1,25.0,25.0
3039,46.816431,0.444842,88.09,198.1,25.0,25.0
3040,46.815678,0.444483,88.09,198.1,25.0,25.0
3041,46.814926,0.444123,88.09,198.1,25.0,25.0
3042,46.814174,0.443764,88.09,198.1,25.0,25.0
3043,46.813422,0.443404,88.09,198.1,25.0,25.0
3044,46.81267,0.443045,88.09,198.1,25.0,25.0
3045,46.811918,0.442686,88.09,198.1,25.0,24.0
3046,46.811166,0.442326,88.09,198.1,25.0,24.0
3047,46.810413,0.441967,88.09,198.1,25.0,24.0
3048,46.809661,0.441608,88.09,198.1,25.0,24.0
3049,46.808909,0.441248,88.09,198.1,25.0,24.0
3050,46.808157,0.440889,88.09,198.1,25.0,24.0
3051,46.807405,0.440529,88.09,198.1,25.0,24.0
3052,46.806653,0.44017,88.09,198.1,25.0,24.0
3053,46.805901,0.439811,88.09,198.1,25.0,24.0
3054,46.805148,0.439451,88.09,198.1,25.0,24.0
3055,46.804396,0.439092,88.09,198.1,25.0,24.0
3056,46.803644,0.438733,88.09,198.1,25.0,24.0
3057,46.802892,0.438373,88.09,198.1,25.0,24.0
3058,46.80214,0.438014,88.09,198.1,25.0,24.0
3059,46.801388,0.437654,88.09,198.1,25.0,24.0
3060,46.800636,0.437295,88.09,198.1,25.0,24.0
3061,46.799884,0.436936,88.09,198.1,25.0,24.0
3062,46.799131,0.436576,88.09,198.1,25.0,24.0
3063,46.798379,0.436217,88.09,198.1,25.0,23.0
3064,46.797627,0.435858,88.09,198.1,25.0,23.0
3065,46.796875,0.435498,88.09,198.1,25.0,23.0
3066,46.796123,0.435139,88.09,198.1,25.0,23.0
3067,46.795371,0.43478,88.09,198.1,25.0,23.0
3068,46.794619,0.43442,88.09,198.1,25.0,23.0
3069,46.793866,0.434061,88.09,198.1,25.0,23.0
3070,46.793114,0.433701,88.09,198.1,25.0,23.0
3071,46.792362,0.433342,88.09,198.1,25.0,23.0
3072,46.79161,0.432983,88.09,198.1,25.0,23.0
3073,46.790858,0.432623,88.09,198.1,25.0,23.0
3074,46.790106,0.432264,88.09,198.1,25.0,23.0
3075,46.789354,0.431905,88.09,198.1,25.0,23.0
3076,46.788601,0.431545,88.09,198.1,25.0,23.0
3077,46.787849,0.431186,88.09,198.1,25.0,23.0
3078,46.787097,0.430826,88.09,198.1,25.0,23.0
3079,46.786345,0.430467,88.09,198.1,25.0,23.0
3080,46.785593,0.430108,88.09,198.1,25.0,23.0
3081,46.784841,0.429748,88.1,198.1,25.0,22.0
3082,46.784089,0.429389,88.1,198.1,25.0,22.0
3083,46.783337,0.42903,88.1,198.1,25.0,22.0
3084,46.782584,0.42867,88.1,198.1,25.0,22.0
3085,46.781832,0.428311,88.1,198.1,25.0,22.0
3086,46.78108,0.427951,88.1,198.1,25.0,22.0
3087,46.780328,0.427592,88.1,198.1,25.0,22.0
3088,46.779576,0.427233,88.1,198.1,25.0,22.0
3089,46.778824,0.426873,88.1,198.1,25.0,22.0
3090,46.778072,0.426514,88.1,198.1,25.0,22.0
3091,46.777319,0.426155,88.1,198.1,25.0,22.0
3092,46.776567,0.425795,88.1,198.1,25.0,22.0
3093,46.775815,0.425436,88.1,198.1,25.0,22.0
3094,46.775063,0.425077,88.1,198.1,25.0,22.0
3095,46.774311,0.424717,88.1,198.1,25.0,22.0
3096,46.773559,0.424358,88.1,198.1,25.0,22.0
3097,46.772807,0.423998,88.1,198.1,25.0,22.0
3098,46.772054,0.423639,88.1,198.1,25.0,21.0
3099,46.771302,0.42328,88.1,198.1,25.0,21.0
3100,46.77055,0.42292,88.1,198.1,25.0,21.0
3101,46.769798,0.422561,88.1,198.1,25.0,21.0
3102,46.769046,0.422202,88.1,198.1,25.0,21.0
3103,46.768294,0.421842,88.1,198.1,25.0,21.0
3104,46.767542,0.421483,88.1,198.1,25.0,21.0
3105,46.76679,0.421123,88.1,198.1,25.0,21.0
3106,46.766037,0.420764,88.1,198.1,25.0,21.0
3107,46.765285,0.420405,88.1,198.1,25.0,21.0
3108,46.764533,0.420045,88.1,198.1,25.0,21.0
3109,46.763781,0.419686,88.1,198.1,25.0,21.0
3110,46.763029,0.419327,88.1,198.1,25.0,21.0
3111,46.762277,0.418967,88.1,198.1,25.0,21.0
3112,46.761525,0.418608,88.1,198.1,25.0,21.0
3113,46.760772,0.418248,88.1,198.1,25.0,21.0
3114,46.76002,0.417889,88.1,198.1,25.0,21.0
3115,46.759268,0.41753,88.1,198.1,25.0,21.0
3116,46.758516,0.41717,88.1,198.1,25.0,20.0
3117,46.757764,0.416811,88.1,198.1,25.0,20.0
3118,46.757012,0.416452,88.1,198.1,25.0,20.0
3119,46.75626,0.416092,88.1,198.1,25.0,20.0
3120,46.755507,0.415733,88.1,198.1,25.1,20.0
3121,46.754755,0.415374,88.1,198.1,25.1,20.0
3122,46.754003,0.415014,88.1,198.1,25.1,20.0
3123,46.753251,0.414655,88.1,198.1,25.1,20.0
3124,46.752499,0.414295,88.1,198.1,25.1,20.0
3125,46.751747,0.413936,88.1,198.1,25.1,20.0
3126,46.750995,0.413577,88.1,198.1,25.1,20.0
3127,46.750243,0.413217,88.1,198.1,25.1,20.0
3128,46.74949,0.412858,88.1,198.1,25.1,20.0
3129,46.748738,0.412499,88.1,198.1,25.1,20.0
3130,46.747986,0.412139,88.1,198.1,25.1,20.0
3131,46.747234,0.41178,88.1,198.1,25.1,20.0
3132,46.746482,0.41142,88.1,198.1,25.1,20.0
3133,46.74573,0.411061,88.1,198.1,25.1,20.0
3134,46.744978,0.410702,88.1,198.1,25.1,19.0
3135,46.744225,0.410342,88.1,198.1,25.1,19.0
3136,46.743473,0.409983,88.1,198.1,25.1,19.0
3137,46.742721,0.409624,88.1,198.1,25.1,19.0
3138,46.741969,0.409264,88.1,198.1,25.1,19.0
3139,46.741217,0.408905,88.1,198.1,25.1,19.0
3140,46.740465,0.408545,88.1,198.1,25.1,19.0
3141,46.739713,0.408186,88.1,198.1,25.1,19.0
3142,46.73896,0.407827,88.1,198.1,25.1,19.0
3143,46.738208,0.407467,88.1,198.1,25.1,19.0
3144,46.737456,0.407108,88.1,198.1,25.1,19.0
3145,46.736704,0.406749,88.1,198.1,25.1,19.0
3146,46.735952,0.406389,88.1,198.1,25.1,19.0
3147,46.7352,0.40603,88.1,198.1,25.1,19.0
3148,46.734448,0.405671,88.1,198.1,25.1,19.0
3149,46.733696,0.405311,88.1,198.1,25.1,19.0
3150,46.732943,0.404952,88.1,198.1,25.1,19.0
3151,46.732191,0.404592,88.1,198.1,25.1,19.0
3152,46.731439,0.404233,88.1,198.1,25.1,18.0
3153,46.730687,0.403874,88.1,198.1,25.1,18.0
3154,46.729935,0.403514,88.1,198.1,25.1,18.0
3155,46.729183,0.403155,88.1,198.1,25.2,18.0
3156,46.728431,0.402796,88.1,198.1,25.2,18.0
3157,46.727678,0.402436,88.1,198.1,25.2,18.0
3158,46.726926,0.402077,88.1,198.1,25.2,18.0
3159,46.726174,0.401717,88.1,198.1,25.2,18.0
3160,46.725422,0.401358,88.1,198.1,25.2,18.0
3161,46.72467,0.400999,88.1,198.1,25.2,18.0
3162,46.723918,0.400639,88.1,198.1,25.2,18.0
3163,46.723166,0.40028,88.1,198.1,25.2,18.0
3164,46.722413,0.399921,88.1,198.1,25.2,18.0
3165,46.721661,0.399561,88.11,198.1,25.2,18.0
3166,46.720909,0.399202,88.11,198.1,25.2,18.0
3167,46.720157,0.398842,88.11,198.1,25.2,18.0
3168,46.719405,0.398483,88.11,198.1,25.2,18.0
3169,46.718653,0.398124,88.11,198.1,25.2,18.0
3170,46.717901,0.397764,88.11,198.1,25.2,17.0
3171,46.717149,0.397405,88.11,198.1,25.2,17.0
3172,46.716396,0.397046,88.11,198.1,25.2,17.0
3173,46.715644,0.396686,88.11,198.1,25.2,17.0
3174,46.714892,0.396327,88.11,198.1,25.2,17.0
3175,46.71414,0.395968,88.11,198.1,25.2,17.0
3176,46.713388,0.395608,88.11,198.1,25.2,17.0
3177,46.712636,0.395249,88.11,198.1,25.2,17.0
3178,46.711884,0.394889,88.11,198.1,25.2,17.0
3179,46.711131,0.39453,88.11,198.1,25.3,17.0
3180,46.710379,0.394171,88.11,198.1,25.3,17.0
3181,46.709627,0.393811,88.11,198.1,25.3,17.0
3182,46.708875,0.393452,88.11,198.1,25.3,17.0
3183,46.708123,0.393093,88.11,198.1,25.3,17.0
3184,46.707371,0.392733,88.11,198.1,25.3,17.0
3185,46.706619,0.392374,88.11,198.1,25.3,17.0
3186,46.705866,0.392014,88.11,198.1,25.3,17.0
3187,46.705114,0.391655,88.11,198.1,25.3,17.0
3188,46.704362,0.391296,88.11,198.1,25.3,16.0
3189,46.70361,0.390936,88.11,198.1,25.3,16.0
3190,46.702858,0.390577,88.11,198.1,25.3,16.0
3191,46.702106,0.390218,88.11,198.1,25.3,16.0
3192,46.701354,0.389858,88.11,198.1,25.3,16.0
3193,46.700602,0.389499,88.11,198.1,25.3,16.0
3194,46.699849,0.389139,88.11,198.1,25.3,16.0
3195,46.699097,0.38878,88.11,198.1,25.3,16.0
3196,46.698345,0.388421,88.11,198.1,25.3,16.0
3197,46.697593,0.388061,88.11,198.1,25.3,16.0
3198,46.696841,0.387702,88.11,198.1,25.3,16.0
3199,46.696089,0.387343,88.11,198.1,25.4,16.0
3200,46.695337,0.386983,88.11,198.1,25.4,16.0
3201,46.694584,0.386624,88.11,198.1,25.4,16.0
3202,46.693832,0.386265,88.11,198.1,25.4,16.0
3203,46.69308,0.385905,88.11,198.1,25.4,16.0
3204,46.692328,0.385546,88.11,198.1,25.4,16.0
3205,46.691576,0.385186,88.11,198.1,25.4,16.0
3206,46.690824,0.384827,88.11,198.1,25.4,15.0
3207,46.690072,0.384468,88.11,198.1,25.4,15.0
3208,46.689319,0.384108,88.11,198.1,25.4,15.0
3209,46.688567,0.383749,88.11,198.1,25.4,15.0
3210,46.687815,0.38339,88.11,198.1,25.4,15.0
3211,46.687063,0.38303,88.11,198.1,25.4,15.0
3212,46.686311,0.382671,88.11,198.1,25.4,15.0
3213,46.685559,0.382311,88.11,198.1,25.4,15.0
3214,46.684807,0.381952,88.11,198.1,25.4,15.0
3215,46.684055,0.381593,88.11,198.1,25.4,15.0
3216,46.683302,0.381233,88.11,198.1,25.5,15.0
3217,46.68255,0.380874,88.11,198.1,25.5,15.0
3218,46.681798,0.380515,88.11,198.1,25.5,15.0
3219,46.681046,0.380155,88.11,198.1,25.5,15.0
3220,46.680294,0.379796,88.11,198.1,25.5,15.0
3221,46.679542,0.379436,88.11,198.1,25.5,15.0
3222,46.67879,0.379077,88.11,198.1,25.5,15.0
3223,46.678037,0.378718,88.11,198.2,25.5,15.0
3224,46.677285,0.378358,88.11,198.2,25.5,14.0
3225,46.676533,0.377999,88.11,198.2,25.5,14.0
3226,46.675781,0.37764,88.11,198.2,25.5,14.0
3227,46.675029,0.37728,88.11,198.2,25.5,14.0
3228,46.674277,0.376921,88.11,198.2,25.5,14.0
3229,46.673525,0.376562,88.11,198.2,25.5,14.0
3230,46.672772,0.376202,88.11,198.2,25.5,14.0
3231,46.67202,0.375843,88.11,198.2,25.6,14.0
3232,46.671268,0.375483,88.11,198.2,25.6,14.0
3233,46.670516,0.375124,88.11,198.2,25.6,14.0
3234,46.669764,0.374765,88.11,198.2,25.6,14.0
3235,46.669012,0.374405,88.11,198.2,25.6,14.0
3236,46.66826,0.374046,88.11,198.2,25.6,14.0
3237,46.667508,0.373687,88.11,198.2,25.6,14.0
3238,46.666755,0.373327,88.11,198.2,25.6,14.0
3239,46.666003,0.372968,88.11,198.2,25.6,14.0
3240,46.665251,0.372608,88.11,198.2,25.6,14.0
3241,46.664499,0.372249,88.11,198.2,25.6,14.0
3242,46.663747,0.37189,88.11,198.2,25.6,13.0
3243,46.662995,0.37153,88.11,198.2,25.6,13.0
3244,46.662243,0.371171,88.11,198.2,25.6,13.0
3245,46.66149,0.370812,88.11,198.2,25.7,13.0
3246,46.660738,0.370452,88.11,198.2,25.7,13.0
3247,46.659986,0.370093,88.11,198.2,25.7,13.0
3248,46.659234,0.369733,88.11,198.2,25.7,13.0
3249,46.658482,0.369374,88.12,198.2,25.7,13.0
3250,46.65773,0.369015,88.12,198.2,25.7,13.0
3251,46.656978,0.368655,88.12,198.2,25.7,13.0
3252,46.656225,0.368296,88.12,198.2,25.7,13.0
3253,46.655473,0.367937,88.12,198.2,25.7,13.0
3254,46.654721,0.367577,88.12,198.2,25.7,13.0
3255,46.653969,0.367218,88.12,198.2,25.7,13.0
3256,46.653217,0.366859,88.12,198.2,25.7,13.0
3257,46.652465,0.366499,88.12,198.2,25.7,13.0
3258,46.651713,0.36614,88.12,198.2,25.8,13.0
3259,46.650961,0.36578,88.12,198.2,25.8,13.0
3260,46.650208,0.365421,88.12,198.2,25.8,12.0
3261,46.649456,0.365062,88.12,198.2,25.8,12.0
3262,46.648704,0.364702,88.12,198.2,25.8,12.0
3263,46.647952,0.364343,88.12,198.2,25.8,12.0
3264,46.6472,0.363984,88.12,198.2,25.8,12.0
3265,46.646448,0.363624,88.12,198.2,25.8,12.0
3266,46.645696,0.363265,88.12,198.2,25.8,12.0
3267,46.644943,0.362905,88.12,198.2,25.8,12.0
3268,46.644191,0.362546,88.12,198.2,25.8,12.0
3269,46.643439,0.362187,88.12,198.2,25.8,12.0
3270,46.642687,0.361827,88.12,198.2,25.9,12.0
3271,46.641935,0.361468,88.12,198.2,25.9,12.0
3272,46.641183,0.361109,88.12,198.2,25.9,12.0
3273,46.640431,0.360749,88.12,198.2,25.9,12.0
3274,46.639678,0.36039,88.12,198.2,25.9,12.0
3275,46.638926,0.36003,88.12,198.2,25.9,12.0
3276,46.638174,0.359671,88.12,198.2,25.9,12.0
3277,46.637422,0.359312,88.12,198.2,25.9,12.0
3278,46.63667,0.358952,88.12,198.2,25.9,11.0
3279,46.635918,0.358593,88.12,198.2,25.9,11.0
3280,46.635166,0.358234,88.12,198.2,25.9,11.0
3281,46.634414,0.357874,88.12,198.2,25.9,11.0
3282,46.633661,0.357515,88.12,198.2,26.0,11.0
3283,46.632909,0.357156,88.12,198.2,26.0,11.0
3284,46.632157,0.356796,88.12,198.2,26.0,11.0
3285,46.631405,0.356437,88.12,198.2,26.0,11.0
3286,46.630653,0.356077,88.12,198.2,26.0,11.0
3287,46.629901,0.355718,88.12,198.2,26.0,11.0
3288,46.629149,0.355359,88.12,198.2,26.0,11.0
3289,46.628396,0.354999,88.12,198.2,26.0,11.0
3290,46.627644,0.35464,88.12,198.2,26.0,11.0
3291,46.626892,0.354281,88.12,198.2,26.0,11.0
3292,46.62614,0.353921,88.12,198.2,26.0,11.0
3293,46.625388,0.353562,88.12,198.2,26.1,11.0
3294,46.624636,0.353202,88.12,198.2,26.1,11.0
3295,46.623884,0.352843,88.12,198.2,26.1,11.0
3296,46.623131,0.352484,88.12,198.2,26.1,10.0
3297,46.622379,0.352124,88.12,198.2,26.1,10.0
3298,46.621627,0.351765,88.12,198.2,26.1,10.0
3299,46.620875,0.351406,88.12,198.2,26.1,10.0
3300,46.620123,0.351046,88.12,198.2,26.1,10.0
3301,46.619371,0.350687,88.12,198.2,26.1,10.0
3302,46.618619,0.350327,88.12,198.2,26.1,10.0
3303,46.617867,0.349968,88.12,198.2,26.2,10.0
3304,46.617114,0.349609,88.12,198.2,26.2,10.0
3305,46.616362,0.349249,88.12,198.2,26.2,10.0
3306,46.61561,0.34889,88.12,198.2,26.2,10.0
3307,46.614858,0.348531,88.12,198.2,26.2,10.0
3308,46.614106,0.348171,88.12,198.2,26.2,10.0
3309,46.613354,0.347812,88.12,198.2,26.2,10.0
3310,46.612602,0.347453,88.12,198.2,26.2,10.0
3311,46.611849,0.347093,88.12,198.2,26.2,10.0
3312,46.611097,0.346734,88.12,198.2,26.2,10.0
3313,46.610345,0.346374,88.12,198.2,26.3,10.0
3314,46.609593,0.346015,88.12,198.2,26.3,10.0
3315,46.608841,0.345656,88.12,198.2,26.3,9.0
3316,46.608089,0.345296,88.12,198.2,26.3,9.0
3317,46.607337,0.344937,88.12,198.2,26.3,9.0
3318,46.606584,0.344578,88.12,198.2,26.3,9.0
3319,46.605832,0.344218,88.12,198.2,26.3,9.0
3320,46.60508,0.343859,88.12,198.2,26.3,9.0
3321,46.604328,0.343499,88.12,198.2,26.3,9.0
3322,46.603576,0.34314,88.12,198.2,26.4,9.0
3323,46.602824,0.342781,88.12,198.2,26.4,9.0
3324,46.602072,0.342421,88.12,198.2,26.4,9.0
3325,46.60132,0.342062,88.12,198.2,26.4,9.0
3326,46.600567,0.341703,88.12,198.2,26.4,9.0
3327,46.599815,0.341343,88.12,198.2,26.4,9.0
3328,46.599063,0.340984,88.12,198.2,26.4,9.0
3329,46.598311,0.340624,88.12,198.2,26.4,9.0
3330,46.597559,0.340265,88.12,198.2,26.4,9.0
3331,46.596807,0.339906,88.12,198.2,26.4,9.0
3332,46.596055,0.339546,88.12,198.2,26.5,9.0
3333,46.595302,0.339187,88.13,198.2,26.5,8.0
3334,46.59455,0.338828,88.13,198.2,26.5,8.0
3335,46.593798,0.338468,88.13,198.2,26.5,8.0
3336,46.593046,0.338109,88.13,198.2,26.5,8.0
3337,46.592294,0.337749,88.13,198.2,26.5,8.0
3338,46.591542,0.33739,88.13,198.2,26.5,8.0
3339,46.59079,0.337031,88.13,198.2,26.5,8.0
3340,46.590037,0.336671,88.13,198.2,26.6,8.0
3341,46.589285,0.336312,88.13,198.2,26.6,8.0
3342,46.588533,0.335953,88.13,198.2,26.6,8.0
3343,46.587781,0.335593,88.13,198.2,26.6,8.0
3344,46.587029,0.335234,88.13,198.2,26.6,8.0
3345,46.586277,0.334875,88.13,198.2,26.6,8.0
3346,46.585525,0.334515,88.13,198.2,26.6,8.0
3347,46.584773,0.334156,88.13,198.2,26.6,8.0
3348,46.58402,0.333796,88.13,198.2,26.6,8.0
3349,46.583263,0.333474,87.88,196.3,26.7,8.0
3350,46.582479,0.333324,88.0,187.5,26.7,8.0
3351,46.581695,0.333175,88.0,187.5,26.7,7.0
3352,46.580911,0.333026,88.0,187.5,26.7,7.0
3353,46.580127,0.332876,88.0,187.5,26.7,7.0
3354,46.579344,0.332727,88.0,187.5,26.7,7.0
3355,46.57856,0.332577,88.0,187.5,26.7,7.0
3356,46.577776,0.332428,88.0,187.5,26.7,7.0
3357,46.576992,0.332278,88.0,187.5,26.8,7.0
3358,46.576208,0.332129,88.0,187.5,26.8,7.0
3359,46.575425,0.33198,88.0,187.5,26.8,7.0
3360,46.574641,0.33183,88.0,187.5,26.8,7.0
3361,46.573857,0.331681,88.0,187.5,26.8,7.0
3362,46.573073,0.331531,88.0,187.5,26.8,7.0
3363,46.572289,0.331382,88.0,187.5,26.8,7.0
3364,46.571505,0.331232,88.0,187.5,26.8,7.0
3365,46.570722,0.331083,88.0,187.5,26.8,7.0
3366,46.569938,0.330934,88.0,187.5,26.9,7.0
3367,46.569154,0.330784,88.0,187.5,26.9,7.0
3368,46.56837,0.330635,88.0,187.5,26.9,7.0
3369,46.567586,0.330485,88.0,187.5,26.9,7.0
3370,46.566803,0.330336,88.0,187.5,26.9,6.0
3371,46.566019,0.330186,88.0,187.5,26.9,6.0
3372,46.565235,0.330037,88.0,187.5,26.9,6.0
3373,46.564451,0.329888,88.0,187.5,27.0,6.0
3374,46.563667,0.329738,88.0,187.5,27.0,6.0
3375,46.562884,0.329589,88.0,187.5,27.0,6.0
3376,46.5621,0.329439,88.0,187.5,27.0,6.0
3377,46.561316,0.32929,88.0,187.5,27.0,6.0
3378,46.560532,0.32914,88.0,187.5,27.0,6.0
3379,46.559748,0.328991,88.0,187.5,27.0,6.0
3380,46.558964,0.328842,88.0,187.5,27.0,6.0
3381,46.558181,0.328692,88.0,187.5,27.1,6.0
3382,46.557397,0.328543,88.0,187.5,27.1,6.0
3383,46.556613,0.328393,88.0,187.5,27.1,6.0
3384,46.555829,0.328244,88.0,187.5,27.1,6.0
3385,46.555045,0.328094,88.0,187.5,27.1,6.0
3386,46.554262,0.327945,88.0,187.5,27.1,6.0
3387,46.553478,0.327796,88.0,187.5,27.1,6.0
3388,46.552694,0.327646,88.0,187.5,27.1,5.0
3389,46.55191,0.327497,88.0,187.5,27.2,5.0
3390,46.551126,0.327347,88.0,187.5,27.2,5.0
3391,46.550343,0.327198,88.0,187.5,27.2,5.0
3392,46.549559,0.327048,88.0,187.5,27.2,5.0
3393,46.548775,0.326899,88.0,187.5,27.2,5.0
3394,46.547991,0.32675,88.0,187.5,27.2,5.0
3395,46.547207,0.3266,88.0,187.5,27.2,5.0
3396,46.546423,0.326451,88.0,187.5,27.3,5.0
3397,46.54564,0.326301,88.0,187.5,27.3,5.0
3398,46.544856,0.326152,88.0,187.5,27.3,5.0
3399,46.544072,0.326002,88.0,187.5,27.3,5.0
3400,46.543288,0.325853,88.0,187.5,27.3,5.0
3401,46.542504,0.325704,88.0,187.5,27.3,5.0
3402,46.541721,0.325554,88.0,187.5,27.3,5.0
3403,46.540937,0.325405,88.0,187.5,27.4,5.0
3404,46.540153,0.325255,88.0,187.5,27.4,5.0
3405,46.539369,0.325106,88.0,187.5,27.4,5.0
3406,46.538585,0.324957,88.0,187.5,27.4,5.0
3407,46.537801,0.324807,88.0,187.5,27.4,4.0
3408,46.537018,0.324658,88.0,187.5,27.4,4.0
3409,46.536234,0.324508,88.0,187.5,27.4,4.0
3410,46.53545,0.324359,88.0,187.5,27.5,4.0
3411,46.534666,0.324209,88.0,187.5,27.5,4.0
3412,46.533882,0.32406,88.0,187.5,27.5,4.0
3413,46.533099,0.323911,88.0,187.5,27.5,4.0
3414,46.532315,0.323761,88.0,187.5,27.5,4.0
3415,46.531531,0.323612,88.0,187.5,27.5,4.0
3416,46.530747,0.323462,88.0,187.5,27.5,4.0
3417,46.529963,0.323313,88.0,187.5,27.6,4.0
3418,46.52918,0.323163,88.0,187.5,27.6,4.0
3419,46.528396,0.323014,88.0,187.5,27.6,4.0
3420,46.527612,0.322865,88.0,187.5,27.6,4.0
3421,46.526828,0.322715,88.0,187.5,27.6,4.0
3422,46.526044,0.322566,88.0,187.5,27.6,4.0
3423,46.52526,0.322416,88.0,187.5,27.6,4.0
3424,46.524477,0.322267,88.0,187.5,27.7,4.0
3425,46.523693,0.322117,88.0,187.5,27.7,3.0
3426,46.522909,0.321968,88.0,187.5,27.7,3.0
3427,46.522125,0.321819,88.0,187.5,27.7,3.0
3428,46.521341,0.321669,88.0,187.5,27.7,3.0
3429,46.520558,0.32152,88.0,187.5,27.7,3.0
3430,46.519774,0.32137,88.0,187.5,27.7,3.0
3431,46.51899,0.321221,88.0,187.5,27.8,3.0
3432,46.518206,0.321071,88.0,187.5,27.8,3.0
3433,46.517422,0.320922,88.0,187.5,27.8,3.0
3434,46.516639,0.320773,88.0,187.5,27.8,3.0
3435,46.515855,0.320623,88.0,187.5,27.8,3.0
3436,46.515071,0.320474,88.0,187.5,27.8,3.0
3437,46.514287,0.320324,88.0,187.5,27.9,3.0
3438,46.513503,0.320175,88.0,187.5,27.9,3.0
3439,46.512719,0.320025,88.0,187.5,27.9,3.0
3440,46.511936,0.319876,88.0,187.5,27.9,3.0
3441,46.511152,0.319727,88.0,187.5,27.9,3.0
3442,46.510368,0.319577,88.0,187.5,27.9,3.0
3443,46.509584,0.319428,88.0,187.5,27.9,3.0
3444,46.5088,0.319278,88.0,187.5,28.0,2.0
3445,46.508017,0.319129,88.0,187.5,28.0,2.0
3446,46.507233,0.318979,88.0,187.5,28.0,2.0
3447,46.506449,0.31883,88.0,187.5,28.0,2.0
3448,46.505665,0.318681,88.0,187.5,28.0,2.0
3449,46.504881,0.318531,88.0,187.5,28.0,2.0
3450,46.504097,0.318382,88.0,187.5,28.1,2.0
3451,46.503314,0.318232,88.0,187.5,28.1,2.0
3452,46.50253,0.318083,88.0,187.5,28.1,2.0
3453,46.501746,0.317933,88.0,187.5,28.1,2.0
3454,46.500962,0.317784,88.0,187.5,28.1,2.0
3455,46.500178,0.317635,88.0,187.5,28.1,2.0
3456,46.499395,0.317485,88.0,187.5,28.2,2.0
3457,46.498611,0.317336,88.0,187.5,28.2,2.0
3458,46.497827,0.317186,88.0,187.5,28.2,2.0
3459,46.497043,0.317037,88.0,187.5,28.2,2.0
3460,46.496259,0.316887,88.0,187.5,28.2,2.0
3461,46.495476,0.316738,88.0,187.5,28.2,2.0
3462,46.494692,0.316589,88.0,187.5,28.2,2.0
3463,46.493908,0.316439,88.0,187.5,28.3,1.0
3464,46.493124,0.31629,88.0,187.5,28.3,1.0
3465,46.49234,0.31614,88.0,187.5,28.3,1.0
3466,46.491556,0.315991,88.0,187.5,28.3,1.0
3467,46.490773,0.315841,88.0,187.5,28.3,1.0
3468,46.489989,0.315692,88.0,187.5,28.3,1.0
3469,46.489205,0.315543,88.0,187.5,28.4,1.0
3470,46.488421,0.315393,88.0,187.5,28.4,1.0
3471,46.487637,0.315244,88.0,187.5,28.4,1.0
3472,46.486854,0.315094,88.0,187.5,28.4,1.0
3473,46.48607,0.314945,88.0,187.5,28.4,1.0
3474,46.485286,0.314795,88.0,187.5,28.4,1.0
3475,46.484502,0.314646,88.0,187.5,28.5,1.0
3476,46.483718,0.314497,88.0,187.5,28.5,1.0
3477,46.482934,0.314347,88.0,187.5,28.5,1.0
3478,46.482151,0.314198,88.0,187.5,28.5,1.0
3479,46.481367,0.314048,88.0,187.5,28.5,1.0
3480,46.480583,0.313899,88.0,187.5,28.5,1.0
3481,46.479799,0.313749,88.0,187.5,28.6,0.0
3482,46.479015,0.3136,88.0,187.5,28.6,0.0
3483,46.478232,0.313451,88.0,187.5,28.6,0.0
3484,46.477448,0.313301,88.0,187.5,28.6,0.0
3485,46.476664,0.313152,88.0,187.5,28.6,0.0
3486,46.47588,0.313002,88.0,187.5,28.7,0.0
3487,46.475096,0.312853,88.0,187.5,28.7,0.0
3488,46.474313,0.312704,88.0,187.5,28.7,0.0
3489,46.473529,0.312554,88.0,187.5,28.7,0.0
3490,46.472745,0.312405,88.0,187.5,28.7,0.0
3491,46.471961,0.312255,88.0,187.5,28.7,0.0
3492,46.471177,0.312106,88.0,187.5,28.8,0.0
3493,46.470393,0.311956,88.0,187.5,28.8,0.0
3494,46.46961,0.311807,88.0,187.5,28.8,0.0
3495,46.468826,0.311658,88.0,187.5,28.8,0.0
3496,46.468042,0.311508,88.0,187.5,28.8,0.0
3497,46.467258,0.311359,88.0,187.5,28.8,0.0
3498,46.466474,0.311209,88.0,187.5,28.9,0.0
3499,46.465691,0.31106,88.0,187.5,28.9,0.0
3500,46.464907,0.31091,88.0,187.5,28.9,0.0
3501,46.464123,0.310761,88.0,187.5,28.9,0.0
3502,46.463339,0.310612,88.0,187.5,28.9,0.0
3503,46.462555,0.310462,88.0,187.5,29.0,0.0
3504,46.461772,0.310313,88.0,187.5,29.0,0.0
3505,46.460988,0.310163,88.0,187.5,29.0,0.0
3506,46.460204,0.310014,88.0,187.5,29.0,0.0
3507,46.45942,0.309864,88.0,187.5,29.0,0.0
3508,46.458636,0.309715,88.0,187.5,29.0,0.0
3509,46.457852,0.309566,88.0,187.5,29.1,0.0
3510,46.457069,0.309416,88.0,187.5,29.1,0.0
3511,46.456285,0.309267,88.0,187.5,29.1,0.0
3512,46.455501,0.309117,88.0,187.5,29.1,0.0
3513,46.454717,0.308968,88.0,187.5,29.1,0.0
3514,46.453933,0.308818,88.0,187.5,29.2,0.0
3515,46.45315,0.308669,88.0,187.5,29.2,0.0
3516,46.452366,0.30852,88.0,187.5,29.2,0.0
3517,46.451582,0.30837,88.0,187.5,29.2,0.0
3518,46.450798,0.308221,88.0,187.5,29.2,0.0
3519,46.450014,0.308071,88.0,187.5,29.2,0.0
3520,46.44923,0.307922,88.0,187.5,29.3,0.0
3521,46.448447,0.307772,88.0,187.5,29.3,0.0
3522,46.447663,0.307623,88.0,187.5,29.3,0.0
3523,46.446879,0.307474,88.0,187.5,29.3,0.0
3524,46.446095,0.307324,88.0,187.5,29.3,0.0
3525,46.445311,0.307175,88.0,187.5,29.4,0.0
3526,46.444528,0.307025,88.0,187.5,29.4,0.0
3527,46.443744,0.306876,88.0,187.5,29.4,0.0
3528,46.44296,0.306726,88.0,187.5,29.4,0.0
3529,46.442176,0.306577,88.0,187.5,29.4,0.0
3530,46.441392,0.306428,88.0,187.5,29.5,0.0
3531,46.440609,0.306278,88.0,187.5,29.5,0.0
3532,46.439825,0.306129,88.0,187.5,29.5,0.0
3533,46.439041,0.305979,88.0,187.5,29.5,0.0
3534,46.438257,0.30583,88.0,187.5,29.5,0.0
3535,46.437473,0.30568,88.0,187.5,29.5,0.0
3536,46.436689,0.305531,88.0,187.5,29.6,0.0
3537,46.435906,0.305382,88.0,187.5,29.6,0.0
3538,46.435122,0.305232,88.0,187.5,29.6,0.0
3539,46.434338,0.305083,88.0,187.5,29.6,0.0
3540,46.433554,0.304933,88.0,187.5,29.6,0.0
3541,46.43277,0.304784,88.0,187.5,29.7,0.0
3542,46.431987,0.304634,88.0,187.5,29.7,0.0
3543,46.431203,0.304485,88.0,187.5,29.7,0.0
3544,46.430419,0.304336,88.0,187.5,29.7,0.0
3545,46.429635,0.304186,88.0,187.5,29.7,0.0
3546,46.428851,0.304037,88.0,187.5,29.8,0.0
3547,46.428067,0.303887,88.0,187.5,29.8,0.0
3548,46.427284,0.303738,88.0,187.5,29.8,0.0
3549,46.4265,0.303588,88.0,187.5,29.8,0.0
3550,46.425716,0.303439,88.0,187.5,29.8,0.0
3551,46.424932,0.30329,88.0,187.5,29.9,0.0
3552,46.424148,0.30314,88.0,187.5,29.9,0.0
3553,46.423365,0.302991,88.0,187.5,29.9,0.0
3554,46.422581,0.302841,88.0,187.5,29.9,0.0
3555,46.421797,0.302692,88.0,187.5,29.9,0.0
3556,46.421013,0.302542,88.0,187.5,30.0,0.0
3557,46.420229,0.302393,88.0,187.5,30.0,0.0
3558,46.419446,0.302244,88.0,187.5,30.0,0.0
3559,46.418662,0.302094,88.0,187.5,30.0,0.0
3560,46.417878,0.301945,88.0,187.5,30.0,0.0
3561,46.417094,0.301795,88.0,187.5,30.1,0.0
3562,46.41631,0.301646,88.0,187.5,30.1,0.0
3563,46.415526,0.301497,88.0,187.5,30.1,0.0
3564,46.414743,0.301347,88.0,187.5,30.1,0.0
3565,46.413959,0.301198,88.0,187.5,30.1,0.0
3566,46.413175,0.301048,88.0,187.5,30.2,0.0
3567,46.412391,0.300899,88.0,187.5,30.2,0.0
3568,46.411607,0.300749,88.0,187.5,30.2,0.0
3569,46.410824,0.3006,88.0,187.5,30.2,0.0
3570,46.41004,0.300451,88.0,187.5,30.2,0.0
3571,46.409256,0.300301,88.0,187.5,30.3,0.0
3572,46.408472,0.300152,88.0,187.5,30.3,0.0
3573,46.407688,0.300002,88.0,187.5,30.3,0.0
3574,46.406905,0.299853,88.0,187.5,30.3,0.0
3575,46.406121,0.299703,88.0,187.5,30.3,0.0
3576,46.405337,0.299554,88.0,187.5,30.4,0.0
3577,46.404553,0.299405,88.0,187.5,30.4,0.0
3578,46.403769,0.299255,88.0,187.5,30.4,0.0
3579,46.402985,0.299106,88.0,187.5,30.4,0.0
3580,46.402202,0.298956,88.0,187.5,30.4,0.0
3581,46.401418,0.298807,88.0,187.5,30.5,0.0
3582,46.400634,0.298657,88.01,187.5,30.5,0.0
3583,46.39985,0.298508,88.01,187.5,30.5,0.0
3584,46.399066,0.298359,88.01,187.5,30.5,0.0
3585,46.398283,0.298209,88.01,187.5,30.6,0.0
3586,46.397499,0.29806,88.01,187.5,30.6,0.0
3587,46.396715,0.29791,88.01,187.5,30.6,0.0
3588,46.395931,0.297761,88.01,187.5,30.6,0.0
3589,46.395147,0.297611,88.01,187.5,30.6,0.0
3590,46.394363,0.297462,88.01,187.5,30.7,0.0
3591,46.39358,0.297313,88.01,187.5,30.7,0.0
3592,46.392796,0.297163,88.01,187.5,30.7,0.0
3593,46.392012,0.297014,88.01,187.5,30.7,0.0
3594,46.391228,0.296864,88.01,187.5,30.7,0.0
3595,46.390444,0.296715,88.01,187.5,30.8,0.0
3596,46.389661,0.296565,88.01,187.5,30.8,0.0
3597,46.388877,0.296416,88.01,187.5,30.8,0.0
3598,46.388093,0.296267,88.01,187.5,30.8,0.0
3599,46.387309,0.296117,88.01,187.5,30.8,0.0
3600,46.386525,0.295968,88.01,187.5,30.9,0.0
3601,46.385742,0.295818,88.01,187.5,30.9,0.0
3602,46.384958,0.295669,88.01,187.5,30.9,0.0
3603,46.384174,0.295519,88.01,187.5,30.9,0.0
3604,46.38339,0.29537,88.01,187.5,31.0,0.0
3605,46.382606,0.295221,88.01,187.5,31.0,0.0
3606,46.381822,0.295071,88.01,187.5,31.0,0.0
3607,46.381039,0.294922,88.01,187.5,31.0,0.0
3608,46.380255,0.294772,88.01,187.5,31.0,0.0
3609,46.379471,0.294623,88.01,187.5,31.1,0.0
3610,46.378687,0.294473,88.01,187.5,31.1,0.0
3611,46.377903,0.294324,88.01,187.5,31.1,0.0
3612,46.37712,0.294175,88.01,187.5,31.1,0.0
3613,46.376336,0.294025,88.01,187.5,31.2,0.0
3614,46.375552,0.293876,88.01,187.5,31.2,0.0
3615,46.374768,0.293726,88.01,187.5,31.2,0.0
3616,46.373984,0.293577,88.01,187.5,31.2,0.0
3617,46.373201,0.293427,88.01,187.5,31.2,0.0
3618,46.372417,0.293278,88.01,187.5,31.3,0.0
3619,46.371633,0.293129,88.01,187.5,31.3,0.0
3620,46.370849,0.292979,88.01,187.5,31.3,0.0
3621,46.370065,0.29283,88.01,187.5,31.3,0.0
3622,46.369281,0.29268,88.01,187.5,31.4,0.0
3623,46.368498,0.292531,88.01,187.5,31.4,0.0
3624,46.367714,0.292381,88.01,187.5,31.4,0.0
3625,46.36693,0.292232,88.01,187.5,31.4,0.0
3626,46.366146,0.292083,88.01,187.5,31.4,0.0
3627,46.365362,0.291933,88.01,187.5,31.5,0.0
3628,46.364579,0.291784,88.01,187.5,31.5,0.0
3629,46.363795,0.291634,88.01,187.5,31.5,0.0
3630,46.363011,0.291485,88.01,187.5,31.5,0.0
3631,46.362227,0.291335,88.01,187.5,31.6,0.0
3632,46.361443,0.291186,88.01,187.5,31.6,0.0
3633,46.360659,0.291037,88.01,187.5,31.6,0.0
3634,46.359876,0.290887,88.01,187.5,31.6,0.0
3635,46.359092,0.290738,88.01,187.5,31.6,0.0
3636,46.358308,0.290588,88.01,187.5,31.7,0.0
3637,46.357524,0.290439,88.01,187.5,31.7,0.0
3638,46.35674,0.29029,88.01,187.5,31.7,0.0
3639,46.355957,0.29014,88.01,187.5,31.7,0.0
3640,46.355173,0.289991,88.01,187.5,31.8,0.0
3641,46.354389,0.289841,88.01,187.5,31.8,0.0
3642,46.353605,0.289692,88.01,187.5,31.8,0.0
3643,46.352821,0.289542,88.01,187.5,31.8,0.0
3644,46.352038,0.289393,88.01,187.5,31.9,0.0
3645,46.351254,0.289244,88.01,187.5,31.9,0.0
3646,46.35047,0.289094,88.01,187.5,31.9,0.0
3647,46.349686,0.288945,88.01,187.5,31.9,0.0
3648,46.348902,0.288795,88.01,187.5,31.9,0.0
3649,46.348118,0.288646,88.01,187.5,32.0,0.0
3650,46.347335,0.288496,88.01,187.5,32.0,0.0
3651,46.346551,0.288347,88.01,187.5,32.0,0.0
3652,46.345767,0.288198,88.01,187.5,32.0,0.0
3653,46.344983,0.288048,88.01,187.5,32.1,0.0
3654,46.344199,0.287899,88.01,187.5,32.1,0.0
3655,46.343416,0.287749,88.01,187.5,32.1,0.0
3656,46.342632,0.2876,88.01,187.5,32.1,0.0
3657,46.341848,0.28745,88.01,187.5,32.2,0.0
3658,46.341064,0.287301,88.01,187.5,32.2,0.0
3659,46.34028,0.287152,88.01,187.5,32.2,0.0
3660,46.339496,0.287002,88.01,187.5,32.2,0.0
3661,46.338713,0.286853,88.01,187.5,32.3,0.0
3662,46.337929,0.286703,88.01,187.5,32.3,0.0
3663,46.337145,0.286554,88.01,187.5,32.3,0.0
3664,46.336361,0.286404,88.01,187.5,32.3,0.0
3665,46.335577,0.286255,88.01,187.5,32.3,0.0
3666,46.334794,0.286106,88.01,187.5,32.4,0.0
3667,46.33401,0.285956,88.01,187.5,32.4,0.0
3668,46.333226,0.285807,88.01,187.5,32.4,0.0
3669,46.332442,0.285657,88.01,187.5,32.4,0.0
3670,46.331658,0.285508,88.01,187.5,32.5,0.0
3671,46.330875,0.285358,88.01,187.5,32.5,0.0
3672,46.330091,0.285209,88.01,187.5,32.5,0.0
3673,46.329307,0.28506,88.01,187.5,32.5,0.0
3674,46.328523,0.28491,88.01,187.5,32.6,0.0
3675,46.327739,0.284761,88.01,187.5,32.6,0.0
3676,46.326955,0.284611,88.01,187.5,32.6,0.0
3677,46.326172,0.284462,88.01,187.5,32.6,0.0
3678,46.325388,0.284312,88.01,187.5,32.7,0.0
3679,46.324604,0.284163,88.01,187.5,32.7,0.0
3680,46.32382,0.284014,88.01,187.5,32.7,0.0
3681,46.323036,0.283864,88.01,187.5,32.7,0.0
3682,46.322253,0.283715,88.01,187.5,32.8,0.0
3683,46.321469,0.283565,88.01,187.5,32.8,0.0
3684,46.320685,0.283416,88.01,187.5,32.8,0.0
3685,46.319901,0.283266,88.01,187.5,32.8,0.0
3686,46.319117,0.283117,88.01,187.5,32.9,0.0
3687,46.318334,0.282968,88.01,187.5,32.9,0.0
3688,46.31755,0.282818,88.01,187.5,32.9,0.0
3689,46.316766,0.282669,88.01,187.5,32.9,0.0
3690,46.315982,0.282519,88.01,187.5,33.0,0.0
3691,46.315198,0.28237,88.01,187.5,33.0,0.0
3692,46.314414,0.28222,88.01,187.5,33.0,0.0
3693,46.313631,0.282071,88.01,187.5,33.0,0.0
3694,46.312847,0.281922,88.01,187.5,33.1,0.0
3695,46.312063,0.281772,88.01,187.5,33.1,0.0
3696,46.311279,0.281623,88.01,187.5,33.1,0.0
3697,46.310495,0.281473,88.01,187.5,33.1,0.0
3698,46.309712,0.281324,88.01,187.5,33.2,0.0
3699,46.308928,0.281174,88.01,187.5,33.2,0.0
3700,46.308144,0.281025,88.01,187.5,33.2,0.0
3701,46.30736,0.280876,88.01,187.5,33.2,0.0
3702,46.306576,0.280726,88.01,187.5,33.3,0.0
3703,46.305792,0.280577,88.01,187.5,33.3,0.0
3704,46.305009,0.280427,88.01,187.5,33.3,0.0
3705,46.304225,0.280278,88.01,187.5,33.3,0.0
3706,46.303441,0.280128,88.01,187.5,33.4,0.0
3707,46.302657,0.279979,88.01,187.5,33.4,0.0
3708,46.301873,0.27983,88.01,187.5,33.4,0.0
3709,46.30109,0.27968,88.01,187.5,33.4,0.0
3710,46.300306,0.279531,88.01,187.5,33.5,0.0
3711,46.299522,0.279381,88.01,187.5,33.5,0.0
3712,46.298738,0.279232,88.01,187.5,33.5,0.0
3713,46.297954,0.279082,88.01,187.5,33.5,0.0
3714,46.297171,0.278933,88.01,187.5,33.6,0.0
3715,46.296387,0.278784,88.01,187.5,33.6,0.0
3716,46.295603,0.278634,88.01,187.5,33.6,0.0
3717,46.294819,0.278485,88.01,187.5,33.6,0.0
3718,46.294035,0.278335,88.01,187.5,33.7,0.0
3719,46.293251,0.278186,88.01,187.5,33.7,0.0
3720,46.292468,0.278037,88.01,187.5,33.7,0.0
3721,46.291684,0.277887,88.01,187.5,33.7,0.0
3722,46.2909,0.277738,88.01,187.5,33.8,0.0
3723,46.290116,0.277588,88.01,187.5,33.8,0.0
3724,46.289332,0.277439,88.01,187.5,33.8,0.0
3725,46.288549,0.277289,88.01,187.5,33.8,0.0
3726,46.287765,0.27714,88.01,187.5,33.9,0.0
3727,46.286981,0.276991,88.01,187.5,33.9,0.0
3728,46.286197,0.276841,88.01,187.5,33.9,0.0
3729,46.285413,0.276692,88.01,187.5,33.9,0.0
3730,46.28463,0.276542,88.01,187.5,34.0,0.0
3731,46.283846,0.276393,88.01,187.5,34.0,0.0
3732,46.283062,0.276243,88.01,187.5,34.0,0.0
3733,46.282278,0.276094,88.01,187.5,34.0,0.0
3734,46.281494,0.275945,88.01,187.5,34.1,0.0
3735,46.28071,0.275795,88.01,187.5,34.1,0.0
3736,46.279927,0.275646,88.01,187.5,34.1,0.0
3737,46.279143,0.275496,88.01,187.5,34.1,0.0
3738,46.278359,0.275347,88.01,187.5,34.2,0.0
3739,46.277575,0.275197,88.01,187.5,34.2,0.0
3740,46.276791,0.275048,88.01,187.5,34.2,0.0
3741,46.276008,0.274899,88.01,187.5,34.3,0.0
3742,46.275224,0.274749,88.01,187.5,34.3,0.0
3743,46.27444,0.2746,88.01,187.5,34.3,0.0
3744,46.273656,0.27445,88.01,187.5,34.3,0.0
3745,46.272872,0.274301,88.01,187.5,34.4,0.0
3746,46.272088,0.274151,88.01,187.5,34.4,0.0
3747,46.271305,0.274002,88.01,187.5,34.4,0.0
3748,46.270521,0.273853,88.01,187.5,34.4,0.0
3749,46.269737,0.273703,88.01,187.5,34.5,0.0
3750,46.268953,0.273554,88.01,187.5,34.5,0.0
3751,46.268169,0.273404,88.01,187.5,34.5,0.0
3752,46.267386,0.273255,88.01,187.5,34.5,0.0
3753,46.266602,0.273105,88.01,187.5,34.6,0.0
3754,46.265818,0.272956,88.01,187.5,34.6,0.0
3755,46.265034,0.272807,88.01,187.5,34.6,0.0
3756,46.26425,0.272657,88.01,187.5,34.7,0.0
3757,46.263467,0.272508,88.01,187.5,34.7,0.0
3758,46.262683,0.272358,88.01,187.5,34.7,0.0
3759,46.261899,0.272209,88.01,187.5,34.7,0.0
3760,46.261115,0.272059,88.01,187.5,34.8,0.0
3761,46.260331,0.27191,88.01,187.5,34.8,0.0
3762,46.259547,0.271761,88.01,187.5,34.8,0.0
3763,46.258764,0.271611,88.01,187.5,34.8,0.0
3764,46.25798,0.271462,88.01,187.5,34.9,0.0
3765,46.257196,0.271312,88.01,187.5,34.9,0.0
3766,46.256412,0.271163,88.01,187.5,34.9,0.0
3767,46.255628,0.271013,88.01,187.5,35.0,0.0
3768,46.254845,0.270864,88.01,187.5,35.0,0.0
3769,46.254061,0.270715,88.01,187.5,35.0,0.0
3770,46.253277,0.270565,88.01,187.5,35.0,0.0
3771,46.252493,0.270416,88.01,187.5,35.1,0.0
3772,46.251709,0.270266,88.01,187.5,35.1,0.0
3773,46.250925,0.270117,88.01,187.5,35.1,0.0
3774,46.250142,0.269967,88.01,187.5,35.1,0.0
3775,46.249358,0.269818,88.01,187.5,35.2,0.0
3776,46.248574,0.269669,88.01,187.5,35.2,0.0
3777,46.24779,0.269519,88.01,187.5,35.2,0.0
3778,46.247006,0.26937,88.01,187.5,35.3,0.0
3779,46.246223,0.26922,88.01,187.5,35.3,0.0
3780,46.245439,0.269071,88.01,187.5,35.3,0.0
3781,46.244655,0.268921,88.01,187.5,35.3,0.0
3782,46.243871,0.268772,88.01,187.5,35.4,0.0
3783,46.243087,0.268623,88.01,187.5,35.4,0.0
3784,46.242304,0.268473,88.01,187.5,35.4,0.0
3785,46.24152,0.268324,88.01,187.5,35.4,0.0
3786,46.240736,0.268174,88.01,187.5,35.5,0.0
3787,46.239952,0.268025,88.01,187.5,35.5,0.0
3788,46.239168,0.267875,88.01,187.5,35.5,0.0
3789,46.238384,0.267726,88.01,187.5,35.6,0.0
3790,46.237601,0.267577,88.01,187.5,35.6,0.0
3791,46.236817,0.267427,88.01,187.5,35.6,0.0
3792,46.236033,0.267278,88.01,187.5,35.6,0.0
3793,46.235249,0.267128,88.01,187.5,35.7,0.0
3794,46.234465,0.266979,88.01,187.5,35.7,0.0
3795,46.233682,0.26683,88.01,187.5,35.7,0.0
3796,46.232898,0.26668,88.01,187.5,35.8,0.0
3797,46.232114,0.266531,88.01,187.5,35.8,0.0
3798,46.23133,0.266381,88.01,187.5,35.8,0.0
3799,46.230546,0.266232,88.01,187.5,35.8,0.0
3800,46.229763,0.266082,88.01,187.5,35.9,0.0
3801,46.228979,0.265933,88.01,187.5,35.9,0.0
3802,46.228195,0.265784,88.01,187.5,35.9,0.0
3803,46.227411,0.265634,88.01,187.5,35.9,0.0
3804,46.226627,0.265485,88.01,187.5,36.0,0.0
3805,46.225843,0.265335,88.01,187.5,36.0,0.0
3806,46.22506,0.265186,88.01,187.5,36.0,0.0
3807,46.224276,0.265036,88.01,187.5,36.1,0.0
3808,46.223492,0.264887,88.01,187.5,36.1,0.0
3809,46.222708,0.264738,88.01,187.5,36.1,0.0
3810,46.221924,0.264588,88.01,187.5,36.1,0.0
3811,46.221141,0.264439,88.01,187.5,36.2,0.0
3812,46.220357,0.264289,88.01,187.5,36.2,0.0
3813,46.219573,0.26414,88.01,187.5,36.2,0.0
3814,46.218789,0.26399,88.01,187.5,36.3,0.0
3815,46.218005,0.263841,88.01,187.5,36.3,0.0
3816,46.217221,0.263692,88.01,187.5,36.3,0.0
3817,46.216438,0.263542,88.01,187.5,36.3,0.0
3818,46.215654,0.263393,88.01,187.5,36.4,0.0
3819,46.21487,0.263243,88.01,187.5,36.4,0.0
3820,46.214086,0.263094,88.01,187.5,36.4,0.0
3821,46.213302,0.262944,88.01,187.5,36.5,0.0
3822,46.212519,0.262795,88.01,187.5,36.5,0.0
3823,46.211735,0.262646,88.01,187.5,36.5,0.0
3824,46.210951,0.262496,88.01,187.5,36.5,0.0
3825,46.210167,0.262347,88.01,187.5,36.6,0.0
3826,46.209383,0.262197,88.01,187.5,36.6,0.0
3827,46.2086,0.262048,88.01,187.5,36.6,0.0
3828,46.207816,0.261898,88.01,187.5,36.7,0.0
3829,46.207032,0.261749,88.01,187.5,36.7,0.0
3830,46.206248,0.2616,88.01,187.5,36.7,0.0
3831,46.205464,0.26145,88.01,187.5,36.8,0.0
3832,46.20468,0.261301,88.01,187.5,36.8,0.0
3833,46.203897,0.261151,88.01,187.5,36.8,0.0
3834,46.203113,0.261002,88.01,187.5,36.8,0.0
3835,46.202329,0.260852,88.01,187.5,36.9,0.0
3836,46.201545,0.260703,88.01,187.5,36.9,0.0
3837,46.200761,0.260554,88.01,187.5,36.9,0.0
3838,46.199978,0.260404,88.01,187.5,37.0,0.0
3839,46.199194,0.260255,88.01,187.5,37.0,0.0
3840,46.19841,0.260105,88.01,187.5,37.0,0.0
3841,46.197626,0.259956,88.01,187.5,37.0,0.0
3842,46.196842,0.259806,88.01,187.5,37.1,0.0
3843,46.196058,0.259657,88.01,187.5,37.1,0.0
3844,46.195275,0.259508,88.01,187.5,37.1,0.0
3845,46.194491,0.259358,88.01,187.5,37.2,0.0
3846,46.193707,0.259209,88.01,187.5,37.2,0.0
3847,46.192923,0.259059,88.01,187.5,37.2,0.0
3848,46.192139,0.25891,88.01,187.5,37.2,0.0
3849,46.191356,0.25876,88.01,187.5,37.3,0.0
3850,46.190572,0.258611,88.01,187.5,37.3,0.0
3851,46.189788,0.258462,88.01,187.5,37.3,0.0
3852,46.189004,0.258312,88.01,187.5,37.4,0.0
3853,46.18822,0.258163,88.01,187.5,37.4,0.0
3854,46.187437,0.258013,88.01,187.5,37.4,0.0
3855,46.186653,0.257864,88.01,187.5,37.5,0.0
3856,46.185869,0.257714,88.01,187.5,37.5,0.0
3857,46.185085,0.257565,88.01,187.5,37.5,0.0
3858,46.184301,0.257416,88.01,187.5,37.5,0.0
3859,46.183517,0.257266,88.01,187.5,37.6,0.0
3860,46.182734,0.257117,88.01,187.5,37.6,0.0
3861,46.18195,0.256967,88.01,187.5,37.6,0.0
3862,46.181166,0.256818,88.01,187.5,37.7,0.0
3863,46.180382,0.256668,88.01,187.5,37.7,0.0
3864,46.179598,0.256519,88.01,187.5,37.7,0.0
3865,46.178815,0.25637,88.01,187.5,37.8,0.0
3866,46.178031,0.25622,88.01,187.5,37.8,0.0
3867,46.177247,0.256071,88.01,187.5,37.8,0.0
3868,46.176463,0.255921,88.01,187.5,37.8,0.0
3869,46.175679,0.255772,88.01,187.5,37.9,0.0
3870,46.174896,0.255623,88.01,187.5,37.9,0.0
3871,46.174112,0.255473,88.01,187.5,37.9,0.0
3872,46.173328,0.255324,88.01,187.5,38.0,0.0
3873,46.172544,0.255174,88.01,187.5,38.0,0.0
3874,46.17176,0.255025,88.01,187.5,38.0,0.0
3875,46.170976,0.254875,88.01,187.5,38.1,0.0
3876,46.170193,0.254726,88.01,187.5,38.1,0.0
3877,46.169409,0.254577,88.01,187.5,38.1,0.0
3878,46.168625,0.254427,88.01,187.5,38.1,0.0
3879,46.167841,0.254278,88.01,187.5,38.2,0.0
3880,46.167057,0.254128,88.01,187.5,38.2,0.0
3881,46.166274,0.253979,88.01,187.5,38.2,0.0
3882,46.16549,0.253829,88.01,187.5,38.3,0.0
3883,46.164706,0.25368,88.01,187.5,38.3,0.0
3884,46.163922,0.253531,88.01,187.5,38.3,0.0
3885,46.163138,0.253381,88.01,187.5,38.4,0.0
3886,46.162354,0.253232,88.01,187.5,38.4,0.0
3887,46.161571,0.253082,88.01,187.5,38.4,0.0
3888,46.160787,0.252933,88.01,187.5,38.5,0.0
3889,46.160003,0.252783,88.01,187.5,38.5,0.0
3890,46.159219,0.252634,88.01,187.5,38.5,0.0
3891,46.158435,0.252485,88.01,187.5,38.5,0.0
3892,46.157652,0.252335,88.01,187.5,38.6,0.0
3893,46.156868,0.252186,88.01,187.5,38.6,0.0
3894,46.156084,0.252036,88.01,187.5,38.6,0.0
3895,46.1553,0.251887,88.01,187.5,38.7,0.0
3896,46.154516,0.251737,88.01,187.5,38.7,0.0
3897,46.153733,0.251588,88.01,187.5,38.7,0.0
3898,46.152949,0.251439,88.01,187.5,38.8,0.0
3899,46.152165,0.251289,88.01,187.5,38.8,0.0
3900,46.151381,0.25114,88.01,187.5,38.8,0.0
3901,46.150597,0.25099,88.01,187.5,38.9,0.0
3902,46.149813,0.250841,88.01,187.5,38.9,0.0
3903,46.14903,0.250691,88.01,187.5,38.9,0.0
3904,46.148246,0.250542,88.01,187.5,38.9,0.0
3905,46.147462,0.250393,88.01,187.5,39.0,0.0
3906,46.146678,0.250243,88.01,187.5,39.0,0.0
3907,46.145894,0.250094,88.01,187.5,39.0,0.0
3908,46.145111,0.249944,88.01,187.5,39.1,0.0
3909,46.144327,0.249795,88.01,187.5,39.1,0.0
3910,46.143543,0.249645,88.01,187.5,39.1,0.0
3911,46.142759,0.249496,88.01,187.5,39.2,0.0
3912,46.141975,0.249347,88.01,187.5,39.2,0.0
3913,46.141192,0.249197,88.01,187.5,39.2,0.0
3914,46.140408,0.249048,88.01,187.5,39.3,0.0
3915,46.139624,0.248898,88.01,187.5,39.3,0.0
3916,46.13884,0.248749,88.01,187.5,39.3,0.0
3917,46.138056,0.248599,88.01,187.5,39.4,0.0
3918,46.137272,0.24845,88.01,187.5,39.4,0.0
3919,46.136489,0.248301,88.01,187.5,39.4,0.0
3920,46.135705,0.248151,88.01,187.5,39.4,0.0
3921,46.134921,0.248002,88.01,187.5,39.5,0.0
3922,46.134137,0.247852,88.01,187.5,39.5,0.0
3923,46.133353,0.247703,88.01,187.5,39.5,0.0
3924,46.13257,0.247553,88.01,187.5,39.6,0.0
3925,46.131786,0.247404,88.01,187.5,39.6,0.0
3926,46.131002,0.247255,88.01,187.5,39.6,0.0
3927,46.130218,0.247105,88.01,187.5,39.7,0.0
3928,46.129434,0.246956,88.01,187.5,39.7,0.0
3929,46.12865,0.246806,88.01,187.5,39.7,0.0
3930,46.127867,0.246657,88.01,187.5,39.8,0.0
3931,46.127083,0.246507,88.01,187.5,39.8,0.0
3932,46.126299,0.246358,88.01,187.5,39.8,0.0
3933,46.125515,0.246209,88.01,187.5,39.9,0.0
3934,46.124731,0.246059,88.01,187.5,39.9,0.0
3935,46.123948,0.24591,88.01,187.5,39.9,0.0
3936,46.123164,0.24576,88.01,187.5,40.0,0.0
3937,46.12238,0.245611,88.01,187.5,40.0,0.0
3938,46.121596,0.245461,88.01,187.5,40.0,0.0
3939,46.120812,0.245312,88.01,187.5,40.0,0.0
3940,46.120029,0.245163,88.01,187.5,40.1,0.0
3941,46.119245,0.245013,88.01,187.5,40.1,0.0
3942,46.118461,0.244864,88.01,187.5,40.1,0.0
3943,46.117677,0.244714,88.01,187.5,40.2,0.0
3944,46.116893,0.244565,88.01,187.5,40.2,0.0
3945,46.116109,0.244415,88.01,187.5,40.2,0.0
3946,46.115326,0.244266,88.01,187.5,40.3,0.0
3947,46.114542,0.244117,88.01,187.5,40.3,0.0
3948,46.113758,0.243967,88.01,187.5,40.3,0.0
3949,46.112974,0.243818,88.01,187.5,40.4,0.0
3950,46.11219,0.243668,88.01,187.5,40.4,0.0
3951,46.111407,0.243519,88.01,187.5,40.4,0.0
3952,46.110623,0.24337,88.01,187.5,40.5,0.0
3953,46.109839,0.24322,88.01,187.5,40.5,0.0
3954,46.109055,0.243071,88.01,187.5,40.5,0.0
3955,46.108271,0.242921,88.01,187.5,40.6,0.0
3956,46.107487,0.242772,88.01,187.5,40.6,0.0
3957,46.106704,0.242622,88.01,187.5,40.6,0.0
3958,46.10592,0.242473,88.01,187.5,40.7,0.0
3959,46.105136,0.242324,88.01,187.5,40.7,0.0
3960,46.104352,0.242174,88.01,187.5,40.7,0.0
3961,46.103568,0.242025,88.01,187.5,40.8,0.0
3962,46.102785,0.241875,88.01,187.5,40.8,0.0
3963,46.102001,0.241726,88.01,187.5,40.8,0.0
3964,46.101217,0.241576,88.01,187.5,40.9,0.0
3965,46.100433,0.241427,88.01,187.5,40.9,0.0
3966,46.099649,0.241278,88.01,187.5,40.9,0.0
3967,46.098866,0.241128,88.01,187.5,41.0,0.0
3968,46.098082,0.240979,88.01,187.5,41.0,0.0
3969,46.097298,0.240829,88.01,187.5,41.0,0.0
3970,46.096514,0.24068,88.01,187.5,41.1,0.0
3971,46.09573,0.24053,88.01,187.5,41.1,0.0
3972,46.094946,0.240381,88.01,187.5,41.1,0.0
3973,46.094163,0.240232,88.01,187.5,41.1,0.0
3974,46.093379,0.240082,88.01,187.5,41.2,0.0
3975,46.092595,0.239933,88.01,187.5,41.2,0.0
3976,46.091811,0.239783,88.01,187.5,41.2,0.0
3977,46.091027,0.239634,88.01,187.5,41.3,0.0
3978,46.090244,0.239484,88.01,187.5,41.3,0.0
3979,46.08946,0.239335,88.01,187.5,41.3,0.0
3980,46.088676,0.239186,88.01,187.5,41.4,0.0
3981,46.087892,0.239036,88.01,187.5,41.4,0.0
3982,46.087108,0.238887,88.01,187.5,41.4,0.0
3983,46.086325,0.238737,88.01,187.5,41.5,0.0
3984,46.085541,0.238588,88.01,187.5,41.5,0.0
3985,46.084757,0.238438,88.01,187.5,41.5,0.0
3986,46.083973,0.238289,88.01,187.5,41.6,0.0
3987,46.083189,0.23814,88.01,187.5,41.6,0.0
3988,46.082405,0.23799,88.01,187.5,41.6,0.0
3989,46.081622,0.237841,88.01,187.5,41.7,0.0
3990,46.080838,0.237691,88.01,187.5,41.7,0.0
3991,46.080054,0.237542,88.01,187.5,41.7,0.0
3992,46.07927,0.237392,88.01,187.5,41.8,0.0
3993,46.078486,0.237243,88.01,187.5,41.8,0.0
3994,46.077703,0.237094,88.01,187.5,41.8,0.0
3995,46.076919,0.236944,88.01,187.5,41.9,0.0
3996,46.076135,0.236795,88.01,187.5,41.9,0.0
3997,46.075351,0.236645,88.01,187.5,41.9,0.0
3998,46.074567,0.236496,88.01,187.5,42.0,0.0
3999,46.073783,0.236346,88.01,187.5,42.0,0.0
4000,46.073,0.236197,88.01,187.5,42.0,0.0
4001,46.072216,0.236048,88.01,187.5,42.1,0.0
4002,46.071432,0.235898,88.01,187.5,42.1,0.0
4003,46.070648,0.235749,88.01,187.5,42.1,0.0
4004,46.069864,0.235599,88.01,187.5,42.2,0.0
4005,46.069081,0.23545,88.01,187.5,42.2,0.0
4006,46.068297,0.2353,88.01,187.5,42.2,0.0
4007,46.067513,0.235151,88.01,187.5,42.3,0.0
4008,46.066729,0.235002,88.01,187.5,42.3,0.0
4009,46.065945,0.234852,88.01,187.5,42.3,0.0
4010,46.065162,0.234703,88.01,187.5,42.4,0.0
4011,46.064378,0.234553,88.01,187.5,42.4,0.0
4012,46.063594,0.234404,88.01,187.5,42.4,0.0
4013,46.06281,0.234254,88.01,187.5,42.5,0.0
4014,46.062026,0.234105,88.01,187.5,42.5,0.0
4015,46.061242,0.233956,88.01,187.5,42.5,0.0
4016,46.060459,0.233806,88.01,187.5,42.6,0.0
4017,46.059675,0.233657,88.01,187.5,42.6,0.0
4018,46.058891,0.233507,88.01,187.5,42.6,0.0
4019,46.058107,0.233358,88.01,187.5,42.7,0.0
4020,46.057323,0.233208,88.01,187.5,42.7,0.0
4021,46.05654,0.233059,88.01,187.5,42.7,0.0
4022,46.055756,0.23291,88.01,187.5,42.8,0.0
4023,46.054972,0.23276,88.01,187.5,42.8,0.0
4024,46.054188,0.232611,88.01,187.5,42.9,0.0
4025,46.053404,0.232461,88.01,187.5,42.9,0.0
4026,46.052621,0.232312,88.01,187.5,42.9,0.0
4027,46.051837,0.232163,88.01,187.5,43.0,0.0
4028,46.051053,0.232013,88.01,187.5,43.0,0.0
4029,46.050269,0.231864,88.01,187.5,43.0,0.0
4030,46.049485,0.231714,88.01,187.5,43.1,0.0
4031,46.048701,0.231565,88.01,187.5,43.1,0.0
4032,46.047918,0.231415,88.01,187.5,43.1,0.0
4033,46.047134,0.231266,88.01,187.5,43.2,0.0
4034,46.04635,0.231117,88.01,187.5,43.2,0.0
4035,46.045566,0.230967,88.01,187.5,43.2,0.0
4036,46.044782,0.230818,88.01,187.5,43.3,0.0
4037,46.043999,0.230668,88.01,187.5,43.3,0.0
4038,46.043215,0.230519,88.01,187.5,43.3,0.0
4039,46.042431,0.230369,88.01,187.5,43.4,0.0
4040,46.041647,0.23022,88.01,187.5,43.4,0.0
4041,46.040863,0.230071,88.01,187.5,43.4,0.0
4042,46.040079,0.229921,88.01,187.5,43.5,0.0
4043,46.039296,0.229772,88.01,187.5,43.5,0.0
4044,46.038512,0.229622,88.01,187.5,43.5,0.0
4045,46.037728,0.229473,88.01,187.5,43.6,0.0
4046,46.036944,0.229323,88.01,187.5,43.6,0.0
4047,46.03616,0.229174,88.01,187.5,43.6,0.0
4048,46.035377,0.229025,88.02,187.5,43.7,0.0
4049,46.034593,0.228875,88.02,187.5,43.7,0.0
4050,46.033809,0.228726,88.02,187.5,43.7,0.0
4051,46.033025,0.228576,88.02,187.5,43.8,0.0
4052,46.032241,0.228427,88.02,187.5,43.8,0.0
4053,46.031458,0.228277,88.02,187.5,43.8,0.0
4054,46.030674,0.228128,88.02,187.5,43.9,0.0
4055,46.02989,0.227979,88.02,187.5,43.9,0.0
4056,46.029106,0.227829,88.02,187.5,43.9,0.0
4057,46.028322,0.22768,88.02,187.5,44.0,0.0
4058,46.027538,0.22753,88.02,187.5,44.0,0.0
4059,46.026755,0.227381,88.02,187.5,44.0,0.0
4060,46.025971,0.227231,88.02,187.5,44.1,0.0
4061,46.025187,0.227082,88.02,187.5,44.1,0.0
4062,46.024403,0.226933,88.02,187.5,44.2,0.0
4063,46.023619,0.226783,88.02,187.5,44.2,0.0
4064,46.022836,0.226634,88.02,187.5,44.2,0.0
4065,46.022052,0.226484,88.02,187.5,44.3,0.0
4066,46.021268,0.226335,88.02,187.5,44.3,0.0
4067,46.020484,0.226185,88.02,187.5,44.3,0.0
4068,46.0197,0.226036,88.02,187.5,44.4,0.0
4069,46.018916,0.225887,88.02,187.5,44.4,0.0
4070,46.018133,0.225737,88.02,187.5,44.4,0.0
4071,46.017349,0.225588,88.02,187.5,44.5,0.0
4072,46.016565,0.225438,88.02,187.5,44.5,0.0
4073,46.015781,0.225289,88.02,187.5,44.5,0.0
4074,46.014997,0.225139,88.02,187.5,44.6,0.0
4075,46.014214,0.22499,88.02,187.5,44.6,0.0
4076,46.01343,0.224841,88.02,187.5,44.6,0.0
4077,46.012646,0.224691,88.02,187.5,44.7,0.0
4078,46.011862,0.224542,88.02,187.5,44.7,0.0
4079,46.011078,0.224392,88.02,187.5,44.7,0.0
4080,46.010295,0.224243,88.02,187.5,44.8,0.0
4081,46.009511,0.224093,88.02,187.5,44.8,0.0
4082,46.008727,0.223944,88.02,187.5,44.9,0.0
4083,46.007943,0.223795,88.02,187.5,44.9,0.0
4084,46.007159,0.223645,88.02,187.5,44.9,0.0
4085,46.006375,0.223496,88.02,187.5,45.0,0.0
4086,46.005592,0.223346,88.02,187.5,45.0,0.0
4087,46.004808,0.223197,88.02,187.5,45.0,0.0
4088,46.004024,0.223047,88.02,187.5,45.1,0.0
4089,46.00324,0.222898,88.02,187.5,45.1,0.0
4090,46.002456,0.222749,88.02,187.5,45.1,0.0
4091,46.001673,0.222599,88.02,187.5,45.2,0.0
4092,46.000889,0.22245,88.02,187.5,45.2,0.0
4093,46.000105,0.2223,88.02,187.5,45.2,0.0
4094,45.999321,0.222151,88.02,187.5,45.3,0.0
4095,45.998537,0.222001,88.02,187.5,45.3,0.0
4096,45.997754,0.221852,88.02,187.5,45.3,0.0
4097,45.99697,0.221703,88.02,187.5,45.4,0.0
4098,45.996186,0.221553,88.02,187.5,45.4,0.0
4099,45.995402,0.221404,88.02,187.5,45.4,0.0
4100,45.994618,0.221254,88.02,187.5,45.5,0.0
4101,45.993834,0.221105,88.02,187.5,45.5,0.0
4102,45.993051,0.220955,88.02,187.5,45.6,0.0
4103,45.992267,0.220806,88.02,187.5,45.6,0.0
4104,45.991483,0.220657,88.02,187.5,45.6,0.0
4105,45.990699,0.220507,88.02,187.5,45.7,0.0
4106,45.989915,0.220358,88.02,187.5,45.7,0.0
4107,45.989132,0.220208,88.02,187.5,45.7,0.0
4108,45.988348,0.220059,88.02,187.5,45.8,0.0
4109,45.987564,0.21991,88.02,187.5,45.8,0.0
4110,45.98678,0.21976,88.02,187.5,45.8,0.0
4111,45.985996,0.219611,88.02,187.5,45.9,0.0
4112,45.985212,0.219461,88.02,187.5,45.9,0.0
4113,45.984429,0.219312,88.02,187.5,45.9,0.0
4114,45.983645,0.219162,88.02,187.5,46.0,0.0
4115,45.982861,0.219013,88.02,187.5,46.0,0.0
4116,45.982077,0.218864,88.02,187.5,46.1,0.0
4117,45.981293,0.218714,88.02,187.5,46.1,0.0
4118,45.98051,0.218565,88.02,187.5,46.1,0.0
4119,45.979726,0.218415,88.02,187.5,46.2,0.0
4120,45.978942,0.218266,88.02,187.5,46.2,0.0
4121,45.978158,0.218116,88.02,187.5,46.2,0.0
4122,45.977374,0.217967,88.02,187.5,46.3,0.0
4123,45.976591,0.217818,88.02,187.5,46.3,0.0
4124,45.975807,0.217668,88.02,187.5,46.3,0.0
4125,45.975023,0.217519,88.02,187.5,46.4,0.0
4126,45.974239,0.217369,88.02,187.5,46.4,0.0
4127,45.973455,0.21722,88.02,187.5,46.4,0.0
4128,45.972671,0.21707,88.02,187.5,46.5,0.0
4129,45.971888,0.216921,88.02,187.5,46.5,0.0
4130,45.971104,0.216772,88.02,187.5,46.6,0.0
4131,45.97032,0.216622,88.02,187.5,46.6,0.0
4132,45.969536,0.216473,88.02,187.5,46.6,0.0
4133,45.968752,0.216323,88.02,187.5,46.7,0.0
4134,45.967969,0.216174,88.02,187.5,46.7,0.0
4135,45.967185,0.216024,88.02,187.5,46.7,0.0
4136,45.966401,0.215875,88.02,187.5,46.8,0.0
4137,45.965617,0.215726,88.02,187.5,46.8,0.0
4138,45.964833,0.215576,88.02,187.5,46.8,0.0
4139,45.964049,0.215427,88.02,187.5,46.9,0.0
4140,45.963266,0.215277,88.02,187.5,46.9,0.0
4141,45.962482,0.215128,88.02,187.5,47.0,0.0
4142,45.961698,0.214978,88.02,187.5,47.0,0.0
4143,45.960914,0.214829,88.02,187.5,47.0,0.0
4144,45.96013,0.21468,88.02,187.5,47.1,0.0
4145,45.959347,0.21453,88.02,187.5,47.1,0.0
4146,45.958563,0.214381,88.02,187.5,47.1,0.0
4147,45.957779,0.214231,88.02,187.5,47.2,0.0
4148,45.956995,0.214082,88.02,187.5,47.2,0.0
4149,45.956211,0.213932,88.02,187.5,47.2,0.0
4150,45.955428,0.213783,88.02,187.5,47.3,0.0
4151,45.954644,0.213634,88.02,187.5,47.3,0.0
4152,45.95386,0.213484,88.02,187.6,47.3,0.0
4153,45.953076,0.213335,88.02,187.6,47.4,0.0
4154,45.952292,0.213185,88.02,187.6,47.4,0.0
4155,45.951508,0.213036,88.02,187.6,47.5,0.0
4156,45.950725,0.212886,88.02,187.6,47.5,0.0
4157,45.949941,0.212737,88.02,187.6,47.5,0.0
4158,45.949157,0.212588,88.02,187.6,47.6,0.0
4159,45.948373,0.212438,88.02,187.6,47.6,0.0
4160,45.947589,0.212289,88.02,187.6,47.6,0.0
4161,45.946806,0.212139,88.02,187.6,47.7,0.0
4162,45.946022,0.21199,88.02,187.6,47.7,0.0
4163,45.945238,0.21184,88.02,187.6,47.7,0.0
4164,45.944454,0.211691,88.02,187.6,47.8,0.0
4165,45.94367,0.211542,88.02,187.6,47.8,0.0
4166,45.942887,0.211392,88.02,187.6,47.9,0.0
4167,45.942103,0.211243,88.02,187.6,47.9,0.0
4168,45.941319,0.211093,88.02,187.6,47.9,0.0
4169,45.940535,0.210944,88.02,187.6,48.0,0.0
4170,45.939751,0.210794,88.02,187.6,48.0,0.0
4171,45.938967,0.210645,88.02,187.6,48.0,0.0
4172,45.938184,0.210496,88.02,187.6,48.1,0.0
4173,45.9374,0.210346,88.02,187.6,48.1,0.0
4174,45.936616,0.210197,88.02,187.6,48.1,0.0
4175,45.935832,0.210047,88.02,187.6,48.2,0.0
4176,45.935048,0.209898,88.02,187.6,48.2,0.0
4177,45.934265,0.209748,88.02,187.6,48.3,0.0
4178,45.933481,0.209599,88.02,187.6,48.3,0.0
4179,45.932697,0.20945,88.02,187.6,48.3,0.0
4180,45.931913,0.2093,88.02,187.6,48.4,0.0
4181,45.931129,0.209151,88.02,187.6,48.4,0.0
4182,45.930345,0.209001,88.02,187.6,48.4,0.0
4183,45.929562,0.208852,88.02,187.6,48.5,0.0
4184,45.928778,0.208703,88.02,187.6,48.5,0.0
4185,45.927994,0.208553,88.02,187.6,48.6,0.0
4186,45.92721,0.208404,88.02,187.6,48.6,0.0
4187,45.926426,0.208254,88.02,187.6,48.6,0.0
4188,45.925643,0.208105,88.02,187.6,48.7,0.0
4189,45.924859,0.207955,88.02,187.6,48.7,0.0
4190,45.924075,0.207806,88.02,187.6,48.7,0.0
4191,45.923291,0.207657,88.02,187.6,48.8,0.0
4192,45.922507,0.207507,88.02,187.6,48.8,0.0
4193,45.921724,0.207358,88.02,187.6,48.8,0.0
4194,45.92094,0.207208,88.02,187.6,48.9,0.0
4195,45.920156,0.207059,88.02,187.6,48.9,0.0
4196,45.919372,0.206909,88.02,187.6,49.0,0.0
4197,45.918588,0.20676,88.02,187.6,49.0,0.0
4198,45.917804,0.206611,88.02,187.6,49.0,0.0
4199,45.917021,0.206461,88.02,187.6,49.1,0.0
4200,45.916237,0.206312,88.02,187.6,49.1,0.0
4201,45.915453,0.206162,88.02,187.6,49.1,0.0
4202,45.914669,0.206013,88.02,187.6,49.2,0.0
4203,45.913885,0.205863,88.02,187.6,49.2,0.0
4204,45.913102,0.205714,88.02,187.6,49.3,0.0
4205,45.912318,0.205565,88.02,187.6,49.3,0.0
4206,45.911534,0.205415,88.02,187.6,49.3,0.0
4207,45.91075,0.205266,88.02,187.6,49.4,0.0
4208,45.909966,0.205116,88.02,187.6,49.4,0.0
4209,45.909183,0.204967,88.02,187.6,49.4,0.0
4210,45.908399,0.204817,88.02,187.6,49.5,0.0
4211,45.907615,0.204668,88.02,187.6,49.5,0.0
4212,45.906831,0.204519,88.02,187.6,49.6,0.0
4213,45.906047,0.204369,88.02,187.6,49.6,0.0
4214,45.905263,0.20422,88.02,187.6,49.6,0.0
4215,45.90448,0.20407,88.02,187.6,49.7,0.0
4216,45.903696,0.203921,88.02,187.6,49.7,0.0
4217,45.902912,0.203771,88.02,187.6,49.7,0.0
4218,45.902128,0.203622,88.02,187.6,49.8,0.0
4219,45.901344,0.203473,88.02,187.6,49.8,0.0
4220,45.900561,0.203323,88.02,187.6,49.8,0.0
4221,45.899777,0.203174,88.02,187.6,49.9,0.0
4222,45.898993,0.203024,88.02,187.6,49.9,0.0
4223,45.898209,0.202875,88.02,187.6,50.0,0.0
4224,45.897425,0.202725,88.02,187.6,50.0,0.0
4225,45.896641,0.202576,88.02,187.6,50.0,0.0
4226,45.895858,0.202427,88.02,187.6,50.1,0.0
4227,45.895074,0.202277,88.02,187.6,50.1,0.0
4228,45.89429,0.202128,88.02,187.6,50.1,0.0
4229,45.893506,0.201978,88.02,187.6,50.2,0.0
4230,45.892722,0.201829,88.02,187.6,50.2,0.0
4231,45.891939,0.201679,88.02,187.6,50.3,0.0
4232,45.891155,0.20153,88.02,187.6,50.3,0.0
4233,45.890371,0.201381,88.02,187.6,50.3,0.0
4234,45.889587,0.201231,88.02,187.6,50.4,0.0
4235,45.888803,0.201082,88.02,187.6,50.4,0.0
4236,45.88802,0.200932,88.02,187.6,50.4,0.0
4237,45.887236,0.200783,88.02,187.6,50.5,0.0
4238,45.886452,0.200633,88.02,187.6,50.5,0.0
4239,45.885668,0.200484,88.02,187.6,50.6,0.0
4240,45.884884,0.200335,88.02,187.6,50.6,0.0
4241,45.8841,0.200185,88.02,187.6,50.6,0.0
4242,45.883317,0.200036,88.02,187.6,50.7,0.0
4243,45.882533,0.199886,88.02,187.6,50.7,0.0
4244,45.881749,0.199737,88.02,187.6,50.7,0.0
4245,45.880965,0.199587,88.02,187.6,50.8,0.0
4246,45.880181,0.199438,88.02,187.6,50.8,0.0
4247,45.879398,0.199289,88.02,187.6,50.9,0.0
4248,45.878614,0.199139,88.02,187.6,50.9,0.0
4249,45.87783,0.19899,88.02,187.6,50.9,0.0
4250,45.877046,0.19884,88.02,187.6,51.0,0.0
4251,45.876262,0.198691,88.02,187.6,51.0,0.0
4252,45.875478,0.198541,88.02,187.6,51.0,0.0
4253,45.874695,0.198392,88.02,187.6,51.1,0.0
4254,45.873911,0.198243,88.02,187.6,51.1,0.0
4255,45.873127,0.198093,88.02,187.6,51.2,0.0
4256,45.872343,0.197944,88.02,187.6,51.2,0.0
4257,45.871559,0.197794,88.02,187.6,51.2,0.0
4258,45.870776,0.197645,88.02,187.6,51.3,0.0
4259,45.869992,0.197496,88.02,187.6,51.3,0.0
4260,45.869208,0.197346,88.02,187.6,51.3,0.0
4261,45.868424,0.197197,88.02,187.6,51.4,0.0
4262,45.86764,0.197047,88.02,187.6,51.4,0.0
4263,45.866857,0.196898,88.02,187.6,51.5,0.0
4264,45.866073,0.196748,88.02,187.6,51.5,0.0
4265,45.865289,0.196599,88.02,187.6,51.5,0.0
4266,45.864505,0.19645,88.02,187.6,51.6,0.0
4267,45.863721,0.1963,88.02,187.6,51.6,0.0
4268,45.862937,0.196151,88.02,187.6,51.6,0.0
4269,45.862154,0.196001,88.02,187.6,51.7,0.0
4270,45.86137,0.195852,88.02,187.6,51.7,0.0
4271,45.860586,0.195702,88.02,187.6,51.8,0.0
4272,45.859802,0.195553,88.02,187.6,51.8,0.0
4273,45.859018,0.195404,88.02,187.6,51.8,0.0
4274,45.858235,0.195254,88.02,187.6,51.9,0.0
4275,45.857451,0.195105,88.02,187.6,51.9,0.0
4276,45.856667,0.194955,88.02,187.6,52.0,0.0
4277,45.855883,0.194806,88.02,187.6,52.0,0.0
4278,45.855099,0.194656,88.02,187.6,52.0,0.0
4279,45.854316,0.194507,88.02,187.6,52.1,0.0
4280,45.853532,0.194358,88.02,187.6,52.1,0.0
4281,45.852748,0.194208,88.02,187.6,52.1,0.0
4282,45.851964,0.194059,88.02,187.6,52.2,0.0
4283,45.85118,0.193909,88.02,187.6,52.2,0.0
4284,45.850396,0.19376,88.02,187.6,52.3,0.0
4285,45.849613,0.19361,88.02,187.6,52.3,0.0
4286,45.848829,0.193461,88.02,187.6,52.3,0.0
4287,45.848045,0.193312,88.02,187.6,52.4,0.0
4288,45.847261,0.193162,88.02,187.6,52.4,0.0
4289,45.846477,0.193013,88.02,187.6,52.4,0.0
4290,45.845694,0.192863,88.02,187.6,52.5,0.0
4291,45.84491,0.192714,88.02,187.6,52.5,0.0
4292,45.844126,0.192564,88.02,187.6,52.6,0.0
4293,45.843342,0.192415,88.02,187.6,52.6,0.0
4294,45.842558,0.192266,88.02,187.6,52.6,0.0
4295,45.841774,0.192116,88.02,187.6,52.7,0.0
4296,45.840991,0.191967,88.02,187.6,52.7,0.0
4297,45.840207,0.191817,88.02,187.6,52.7,0.0
4298,45.839423,0.191668,88.02,187.6,52.8,0.0
4299,45.838639,0.191518,88.02,187.6,52.8,0.0
4300,45.837855,0.191369,88.02,187.6,52.9,0.0
4301,45.837072,0.19122,88.02,187.6,52.9,0.0
4302,45.836288,0.19107,88.02,187.6,52.9,0.0
4303,45.835504,0.190921,88.02,187.6,53.0,0.0
4304,45.83472,0.190771,88.02,187.6,53.0,0.0
4305,45.833936,0.190622,88.02,187.6,53.1,0.0
4306,45.833153,0.190472,88.02,187.6,53.1,0.0
4307,45.832369,0.190323,88.02,187.6,53.1,0.0
4308,45.831585,0.190174,88.02,187.6,53.2,0.0
4309,45.830801,0.190024,88.02,187.6,53.2,0.0
4310,45.830017,0.189875,88.02,187.6,53.2,0.0
4311,45.829233,0.189725,88.02,187.6,53.3,0.0
4312,45.82845,0.189576,88.02,187.6,53.3,0.0
4313,45.827666,0.189426,88.02,187.6,53.4,0.0
4314,45.826882,0.189277,88.02,187.6,53.4,0.0
4315,45.826098,0.189128,88.02,187.6,53.4,0.0
4316,45.825314,0.188978,88.02,187.6,53.5,0.0
4317,45.824531,0.188829,88.02,187.6,53.5,0.0
4318,45.823747,0.188679,88.02,187.6,53.5,0.0
4319,45.822963,0.18853,88.02,187.6,53.6,0.0
4320,45.822179,0.18838,88.02,187.6,53.6,0.0
4321,45.821395,0.188231,88.02,187.6,53.7,0.0
4322,45.820611,0.188082,88.02,187.6,53.7,0.0
4323,45.819828,0.187932,88.02,187.6,53.7,0.0
4324,45.819044,0.187783,88.02,187.6,53.8,0.0
4325,45.81826,0.187633,88.02,187.6,53.8,0.0
4326,45.817476,0.187484,88.02,187.6,53.9,0.0
4327,45.816692,0.187334,88.02,187.6,53.9,0.0
4328,45.815909,0.187185,88.02,187.6,53.9,0.0
4329,45.815125,0.187036,88.02,187.6,54.0,0.0
4330,45.814341,0.186886,88.02,187.6,54.0,0.0
4331,45.813557,0.186737,88.02,187.6,54.0,0.0
4332,45.812773,0.186587,88.02,187.6,54.1,0.0
4333,45.81199,0.186438,88.02,187.6,54.1,0.0
4334,45.811206,0.186288,88.02,187.6,54.2,0.0
4335,45.810422,0.186139,88.02,187.6,54.2,0.0
4336,45.809638,0.18599,88.02,187.6,54.2,0.0
4337,45.808854,0.18584,88.02,187.6,54.3,0.0
4338,45.80807,0.185691,88.02,187.6,54.3,0.0
4339,45.807287,0.185541,88.02,187.6,54.4,0.0
4340,45.806503,0.185392,88.02,187.6,54.4,0.0
4341,45.805719,0.185243,88.02,187.6,54.4,0.0
4342,45.804935,0.185093,88.02,187.6,54.5,0.0
4343,45.804151,0.184944,88.02,187.6,54.5,0.0
4344,45.803368,0.184794,88.02,187.6,54.5,0.0
4345,45.802584,0.184645,88.02,187.6,54.6,0.0
4346,45.8018,0.184495,88.02,187.6,54.6,0.0
4347,45.801016,0.184346,88.02,187.6,54.7,0.0
4348,45.800232,0.184197,88.02,187.6,54.7,0.0
4349,45.799449,0.184047,88.02,187.6,54.7,0.0
4350,45.798665,0.183898,88.02,187.6,54.8,0.0
4351,45.797881,0.183748,88.02,187.6,54.8,0.0
4352,45.797097,0.183599,88.02,187.6,54.9,0.0
4353,45.796313,0.183449,88.02,187.6,54.9,0.0
4354,45.795529,0.1833,88.02,187.6,54.9,0.0
4355,45.794746,0.183151,88.02,187.6,55.0,0.0
4356,45.793962,0.183001,88.02,187.6,55.0,0.0
4357,45.793178,0.182852,88.02,187.6,55.0,0.0
4358,45.792394,0.182702,88.02,187.6,55.1,0.0
4359,45.79161,0.182553,88.02,187.6,55.1,0.0
4360,45.790827,0.182403,88.02,187.6,55.2,0.0
4361,45.790043,0.182254,88.02,187.6,55.2,0.0
4362,45.789259,0.182105,88.02,187.6,55.2,0.0
4363,45.788475,0.181955,88.02,187.6,55.3,0.0
4364,45.787691,0.181806,88.02,187.6,55.3,0.0
4365,45.786907,0.181656,88.02,187.6,55.4,0.0
4366,45.786124,0.181507,88.02,187.6,55.4,0.0
4367,45.78534,0.181357,88.02,187.6,55.4,0.0
4368,45.784556,0.181208,88.02,187.6,55.5,0.0
4369,45.783772,0.181059,88.02,187.6,55.5,0.0
4370,45.782988,0.180909,88.02,187.6,55.5,0.0
4371,45.782205,0.18076,88.02,187.6,55.6,0.0
4372,45.781421,0.18061,88.02,187.6,55.6,0.0
4373,45.780637,0.180461,88.02,187.6,55.7,0.0
4374,45.779853,0.180311,88.02,187.6,55.7,0.0
4375,45.779069,0.180162,88.02,187.6,55.7,0.0
4376,45.778286,0.180013,88.02,187.6,55.8,0.0
4377,45.777502,0.179863,88.02,187.6,55.8,0.0
4378,45.776718,0.179714,88.02,187.6,55.9,0.0
4379,45.775934,0.179564,88.02,187.6,55.9,0.0
4380,45.77515,0.179415,88.02,187.6,55.9,0.0
4381,45.774366,0.179265,88.02,187.6,56.0,0.0
4382,45.773583,0.179116,88.02,187.6,56.0,0.0
4383,45.772799,0.178967,88.02,187.6,56.0,0.0
4384,45.772015,0.178817,88.02,187.6,56.1,0.0
4385,45.771231,0.178668,88.02,187.6,56.1,0.0
4386,45.770447,0.178518,88.02,187.6,56.2,0.0
4387,45.769664,0.178369,88.02,187.6,56.2,0.0
4388,45.76888,0.178219,88.02,187.6,56.2,0.0
4389,45.768096,0.17807,88.02,187.6,56.3,0.0
4390,45.767312,0.177921,88.02,187.6,56.3,0.0
4391,45.766528,0.177771,88.02,187.6,56.4,0.0
4392,45.765745,0.177622,88.02,187.6,56.4,0.0
4393,45.764961,0.177472,88.02,187.6,56.4,0.0
4394,45.764177,0.177323,88.02,187.6,56.5,0.0
4395,45.763393,0.177173,88.02,187.6,56.5,0.0
4396,45.762609,0.177024,88.02,187.6,56.5,0.0
4397,45.761825,0.176875,88.02,187.6,56.6,0.0
4398,45.761042,0.176725,88.02,187.6,56.6,0.0
4399,45.760258,0.176576,88.02,187.6,56.7,0.0
4400,45.759474,0.176426,88.02,187.6,56.7,0.0
4401,45.75869,0.176277,88.02,187.6,56.7,0.0
4402,45.757906,0.176127,88.02,187.6,56.8,0.0
4403,45.757123,0.175978,88.02,187.6,56.8,0.0
4404,45.756339,0.175829,88.02,187.6,56.9,0.0
4405,45.755555,0.175679,88.02,187.6,56.9,0.0
4406,45.754771,0.17553,88.02,187.6,56.9,0.0
4407,45.753987,0.17538,88.02,187.6,57.0,0.0
4408,45.753203,0.175231,88.02,187.6,57.0,0.0
4409,45.75242,0.175081,88.02,187.6,57.1,0.0
4410,45.751636,0.174932,88.02,187.6,57.1,0.0
4411,45.750852,0.174783,88.02,187.6,57.1,0.0
4412,45.750068,0.174633,88.02,187.6,57.2,0.0
4413,45.749284,0.174484,88.02,187.6,57.2,0.0
4414,45.748501,0.174334,88.02,187.6,57.2,0.0
4415,45.747717,0.174185,88.02,187.6,57.3,0.0
4416,45.746933,0.174036,88.02,187.6,57.3,0.0
4417,45.746149,0.173886,88.02,187.6,57.4,0.0
4418,45.745365,0.173737,88.02,187.6,57.4,0.0
4419,45.744582,0.173587,88.02,187.6,57.4,0.0
4420,45.743798,0.173438,88.02,187.6,57.5,0.0
4421,45.743014,0.173288,88.02,187.6,57.5,0.0
4422,45.74223,0.173139,88.02,187.6,57.6,0.0
4423,45.741446,0.17299,88.02,187.6,57.6,0.0
4424,45.740662,0.17284,88.02,187.6,57.6,0.0
4425,45.739879,0.172691,88.02,187.6,57.7,0.0
4426,45.739095,0.172541,88.02,187.6,57.7,0.0
4427,45.738311,0.172392,88.02,187.6,57.8,0.0
4428,45.737527,0.172242,88.02,187.6,57.8,0.0
4429,45.736743,0.172093,88.02,187.6,57.8,0.0
4430,45.73596,0.171944,88.02,187.6,57.9,0.0
4431,45.735176,0.171794,88.02,187.6,57.9,0.0
4432,45.734392,0.171645,88.02,187.6,57.9,0.0
4433,45.733608,0.171495,88.02,187.6,58.0,0.0
4434,45.732824,0.171346,88.02,187.6,58.0,0.0
4435,45.73204,0.171196,88.02,187.6,58.1,0.0
4436,45.731257,0.171047,88.02,187.6,58.1,0.0
4437,45.730473,0.170898,88.02,187.6,58.1,0.0
4438,45.729689,0.170748,88.02,187.6,58.2,0.0
4439,45.728905,0.170599,88.02,187.6,58.2,0.0
4440,45.728121,0.170449,88.02,187.6,58.3,0.0
4441,45.727338,0.1703,88.02,187.6,58.3,0.0
4442,45.726554,0.17015,88.02,187.6,58.3,0.0
4443,45.72577,0.170001,88.02,187.6,58.4,0.0
4444,45.724986,0.169852,88.02,187.6,58.4,0.0
4445,45.724202,0.169702,88.02,187.6,58.5,0.0
4446,45.723419,0.169553,88.02,187.6,58.5,0.0
4447,45.722635,0.169403,88.02,187.6,58.5,0.0
4448,45.721851,0.169254,88.02,187.6,58.6,0.0
4449,45.721067,0.169104,88.02,187.6,58.6,0.0
4450,45.720283,0.168955,88.02,187.6,58.6,0.0
4451,45.719499,0.168806,88.02,187.6,58.7,0.0
4452,45.718716,0.168656,88.02,187.6,58.7,0.0
4453,45.717932,0.168507,88.02,187.6,58.8,0.0
4454,45.717148,0.168357,88.02,187.6,58.8,0.0
4455,45.716364,0.168208,88.02,187.6,58.8,0.0
4456,45.71558,0.168058,88.02,187.6,58.9,0.0
4457,45.714797,0.167909,88.02,187.6,58.9,0.0
4458,45.714013,0.16776,88.02,187.6,59.0,0.0
4459,45.713229,0.16761,88.02,187.6,59.0,0.0
4460,45.712445,0.167461,88.02,187.6,59.0,0.0
4461,45.711661,0.167311,88.02,187.6,59.1,0.0
4462,45.710878,0.167162,88.02,187.6,59.1,0.0
4463,45.710094,0.167012,88.02,187.6,59.1,0.0
4464,45.70931,0.166863,88.02,187.6,59.2,0.0
4465,45.708526,0.166714,88.02,187.6,59.2,0.0
4466,45.707742,0.166564,88.02,187.6,59.3,0.0
4467,45.706958,0.166415,88.02,187.6,59.3,0.0
4468,45.706175,0.166265,88.02,187.6,59.3,0.0
4469,45.705391,0.166116,88.02,187.6,59.4,0.0
4470,45.704607,0.165966,88.02,187.6,59.4,0.0
4471,45.703823,0.165817,88.02,187.6,59.5,0.0
4472,45.703039,0.165668,88.02,187.6,59.5,0.0
4473,45.702256,0.165518,88.02,187.6,59.5,0.0
4474,45.701472,0.165369,88.02,187.6,59.6,0.0
4475,45.700688,0.165219,88.02,187.6,59.6,0.0
4476,45.699904,0.16507,88.02,187.6,59.7,0.0
4477,45.69912,0.16492,88.02,187.6,59.7,0.0
4478,45.698336,0.164771,88.02,187.6,59.7,0.0
4479,45.697553,0.164622,88.02,187.6,59.8,0.0
4480,45.696769,0.164472,88.02,187.6,59.8,0.0
4481,45.695985,0.164323,88.02,187.6,59.8,0.0
4482,45.695201,0.164173,88.02,187.6,59.9,0.0
4483,45.694417,0.164024,88.02,187.6,59.9,0.0
4484,45.693634,0.163874,88.02,187.6,60.0,0.0
4485,45.69285,0.163725,88.02,187.6,60.0,0.0
4486,45.692066,0.163576,88.02,187.6,60.0,0.0
4487,45.691282,0.163426,88.02,187.6,60.1,0.0
4488,45.690498,0.163277,88.02,187.6,60.1,0.0
4489,45.689715,0.163127,88.02,187.6,60.2,0.0
4490,45.688931,0.162978,88.02,187.6,60.2,0.0
4491,45.688147,0.162829,88.02,187.6,60.2,0.0
4492,45.687363,0.162679,88.02,187.6,60.3,0.0
4493,45.686579,0.16253,88.02,187.6,60.3,0.0
4494,45.685795,0.16238,88.02,187.6,60.4,0.0
4495,45.685012,0.162231,88.02,187.6,60.4,0.0
4496,45.684228,0.162081,88.02,187.6,60.4,0.0
4497,45.683444,0.161932,88.02,187.6,60.5,0.0
4498,45.68266,0.161783,88.02,187.6,60.5,0.0
4499,45.681876,0.161633,88.02,187.6,60.5,0.0
4500,45.681093,0.161484,88.02,187.6,60.6,0.0
4501,45.680309,0.161334,88.02,187.6,60.6,0.0
4502,45.679525,0.161185,88.02,187.6,60.7,0.0
4503,45.678741,0.161035,88.02,187.6,60.7,0.0
4504,45.677957,0.160886,88.02,187.6,60.7,0.0
4505,45.677174,0.160737,88.02,187.6,60.8,0.0
4506,45.67639,0.160587,88.02,187.6,60.8,0.0
4507,45.675606,0.160438,88.02,187.6,60.9,0.0
4508,45.674822,0.160288,88.02,187.6,60.9,0.0
4509,45.674038,0.160139,88.02,187.6,60.9,0.0
4510,45.673254,0.159989,88.02,187.6,61.0,0.0
4511,45.672471,0.15984,88.02,187.6,61.0,0.0
4512,45.671687,0.159691,88.02,187.6,61.1,0.0
4513,45.670903,0.159541,88.03,187.6,61.1,0.0
4514,45.670119,0.159392,88.03,187.6,61.1,0.0
4515,45.669335,0.159242,88.03,187.6,61.2,0.0
4516,45.668552,0.159093,88.03,187.6,61.2,0.0
4517,45.667768,0.158943,88.03,187.6,61.2,0.0
4518,45.666984,0.158794,88.03,187.6,61.3,0.0
4519,45.6662,0.158645,88.03,187.6,61.3,0.0
4520,45.665416,0.158495,88.03,187.6,61.4,0.0
4521,45.664632,0.158346,88.03,187.6,61.4,0.0
4522,45.663849,0.158196,88.03,187.6,61.4,0.0
4523,45.663065,0.158047,88.03,187.6,61.5,0.0
4524,45.662281,0.157897,88.03,187.6,61.5,0.0
4525,45.661497,0.157748,88.03,187.6,61.6,0.0
4526,45.660713,0.157599,88.03,187.6,61.6,0.0
4527,45.65993,0.157449,88.03,187.6,61.6,0.0
4528,45.659146,0.1573,88.03,187.6,61.7,0.0
4529,45.658362,0.15715,88.03,187.6,61.7,0.0
4530,45.657578,0.157001,88.03,187.6,61.8,0.0
4531,45.656794,0.156851,88.03,187.6,61.8,0.0
4532,45.656011,0.156702,88.03,187.6,61.8,0.0
4533,45.655331,0.156126,87.9,210.7,61.9,0.0
4534,45.654654,0.155543,88.0,211.0,61.9,0.0
4535,45.653976,0.154961,88.0,211.0,61.9,0.0
4536,45.653298,0.154379,88.0,211.0,62.0,0.0
4537,45.652621,0.153796,88.0,211.0,62.0,0.0
4538,45.651943,0.153214,88.0,211.0,62.1,0.0
4539,45.651265,0.152632,88.0,211.0,62.1,0.0
4540,45.650588,0.152049,88.0,211.0,62.1,0.0
4541,45.64991,0.151467,88.0,211.0,62.2,0.0
4542,45.649232,0.150885,88.0,211.0,62.2,0.0
4543,45.648555,0.150302,88.0,211.0,62.3,0.0
4544,45.647877,0.14972,88.0,211.0,62.3,0.0
4545,45.647199,0.149138,88.0,211.0,62.3,0.0
4546,45.646522,0.148555,88.0,211.0,62.4,0.0
4547,45.645844,0.147973,88.0,211.0,62.4,0.0
4548,45.645166,0.147391,88.0,211.0,62.5,0.0
4549,45.644489,0.146809,88.0,211.0,62.5,0.0
4550,45.643811,0.146226,88.01,211.0,62.5,0.0
4551,45.643133,0.145644,88.01,211.0,62.6,0.0
4552,45.642455,0.145062,88.01,211.0,62.6,0.0
4553,45.641778,0.144479,88.01,211.0,62.6,0.0
4554,45.6411,0.143897,88.01,211.0,62.7,0.0
4555,45.640422,0.143315,88.01,211.0,62.7,0.0
4556,45.639745,0.142732,88.01,211.0,62.8,0.0
4557,45.639067,0.14215,88.01,211.0,62.8,0.0
4558,45.638389,0.141568,88.01,211.0,62.8,0.0
4559,45.637712,0.140985,88.01,211.0,62.9,0.0
4560,45.637034,0.140403,88.01,211.0,62.9,0.0
4561,45.636356,0.139821,88.01,211.0,63.0,0.0
4562,45.635679,0.139239,88.01,211.0,63.0,0.0
4563,45.635001,0.138656,88.01,211.0,63.0,0.0
4564,45.634323,0.138074,88.01,211.0,63.1,0.0
4565,45.633646,0.137492,88.01,211.0,63.1,0.0
4566,45.632968,0.136909,88.01,211.0,63.2,0.0
4567,45.63229,0.136327,88.01,211.0,63.2,0.0
4568,45.631613,0.135745,88.01,211.0,63.2,0.0
4569,45.630935,0.135162,88.01,211.0,63.3,0.0
4570,45.630257,0.13458,88.01,211.0,63.3,0.0
4571,45.62958,0.133998,88.01,211.0,63.3,0.0
4572,45.628902,0.133415,88.01,211.0,63.4,0.0
4573,45.628224,0.132833,88.01,211.0,63.4,0.0
4574,45.627546,0.132251,88.01,211.0,63.5,0.0
4575,45.626869,0.131668,88.01,211.0,63.5,0.0
4576,45.626191,0.131086,88.01,211.0,63.5,0.0
4577,45.625513,0.130504,88.01,211.0,63.6,0.0
4578,45.624836,0.129922,88.01,211.0,63.6,0.0
4579,45.624158,0.129339,88.01,211.0,63.7,0.0
4580,45.62348,0.128757,88.01,211.0,63.7,0.0
4581,45.622803,0.128175,88.01,211.0,63.7,0.0
4582,45.622125,0.127592,88.01,211.0,63.8,0.0
4583,45.621447,0.12701,88.01,211.0,63.8,0.0
4584,45.62077,0.126428,88.01,211.0,63.8,0.0
4585,45.620092,0.125845,88.01,211.0,63.9,0.0
4586,45.619414,0.125263,88.02,211.0,63.9,0.0
4587,45.618737,0.124681,88.02,211.0,64.0,0.0
4588,45.618059,0.124098,88.02,211.0,64.0,0.0
4589,45.617381,0.123516,88.02,211.0,64.0,0.0
4590,45.616704,0.122934,88.02,211.0,64.1,0.0
4591,45.616026,0.122352,88.02,211.0,64.1,0.0
4592,45.615348,0.121769,88.02,211.0,64.2,0.0
4593,45.614671,0.121187,88.02,211.0,64.2,0.0
4594,45.613993,0.120605,88.02,211.0,64.2,0.0
4595,45.613315,0.120022,88.02,211.0,64.3,0.0
4596,45.612638,0.11944,88.02,211.0,64.3,0.0
4597,45.61196,0.118858,88.02,211.0,64.3,0.0
4598,45.611282,0.118275,88.02,211.0,64.4,0.0
4599,45.610604,0.117693,88.02,211.0,64.4,0.0
4600,45.609927,0.117111,88.02,211.0,64.5,0.0
4601,45.609249,0.116528,88.02,211.0,64.5,0.0
4602,45.608571,0.115946,88.02,211.0,64.5,0.0
4603,45.607894,0.115364,88.02,211.0,64.6,0.0
4604,45.607216,0.114782,88.02,211.0,64.6,0.0
4605,45.606538,0.114199,88.02,211.0,64.7,0.0
4606,45.605861,0.113617,88.02,211.0,64.7,0.0
4607,45.605183,0.113035,88.02,211.0,64.7,0.0
4608,45.604505,0.112452,88.02,211.0,64.8,0.0
4609,45.603828,0.11187,88.02,211.0,64.8,0.0
4610,45.60315,0.111288,88.02,211.0,64.9,0.0
4611,45.602472,0.110705,88.02,211.0,64.9,0.0
4612,45.601795,0.110123,88.02,211.0,64.9,0.0
4613,45.601117,0.109541,88.02,211.0,65.0,0.0
4614,45.600439,0.108958,88.02,211.0,65.0,0.0
4615,45.599762,0.108376,88.02,211.0,65.0,0.0
4616,45.599084,0.107794,88.02,211.0,65.1,0.0
4617,45.598406,0.107211,88.02,211.0,65.1,0.0
4618,45.597729,0.106629,88.02,211.0,65.2,0.0
4619,45.597051,0.106047,88.02,211.0,65.2,0.0
4620,45.596373,0.105465,88.02,211.0,65.2,0.0
4621,45.595695,0.104882,88.03,211.0,65.3,0.0
4622,45.595018,0.1043,88.03,211.0,65.3,0.0
4623,45.59434,0.103718,88.03,211.0,65.4,0.0
4624,45.593662,0.103135,88.03,211.0,65.4,0.0
4625,45.592985,0.102553,88.03,211.0,65.4,0.0
4626,45.592307,0.101971,88.03,211.0,65.5,0.0
4627,45.591629,0.101388,88.03,211.0,65.5,0.0
4628,45.590952,0.100806,88.03,211.0,65.5,0.0
4629,45.590274,0.100224,88.03,211.0,65.6,0.0
4630,45.589596,0.099641,88.03,211.0,65.6,0.0
4631,45.588919,0.099059,88.03,211.0,65.7,0.0
4632,45.588241,0.098477,88.03,211.0,65.7,0.0
4633,45.587563,0.097895,88.03,211.0,65.7,0.0
4634,45.586886,0.097312,88.03,211.0,65.8,0.0
4635,45.586208,0.09673,88.03,211.0,65.8,0.0
4636,45.58553,0.096148,88.03,211.0,65.8,0.0
4637,45.584853,0.095565,88.03,211.0,65.9,0.0
4638,45.584175,0.094983,88.03,211.0,65.9,0.0
4639,45.583497,0.094401,88.03,211.0,66.0,0.0
4640,45.58282,0.093818,88.03,211.0,66.0,0.0
4641,45.582142,0.093236,88.03,211.0,66.0,0.0
4642,45.581464,0.092654,88.03,211.0,66.1,0.0
4643,45.580786,0.092071,88.03,211.0,66.1,0.0
4644,45.580109,0.091489,88.03,211.0,66.2,0.0
4645,45.579431,0.090907,88.03,211.0,66.2,0.0
4646,45.578753,0.090324,88.03,211.0,66.2,0.0
4647,45.578076,0.089742,88.03,211.0,66.3,0.0
4648,45.577398,0.08916,88.03,211.0,66.3,0.0
4649,45.57672,0.088578,88.03,211.0,66.3,0.0
4650,45.576043,0.087995,88.03,211.0,66.4,0.0
4651,45.575365,0.087413,88.03,211.0,66.4,0.0
4652,45.574687,0.086831,88.03,211.0,66.5,0.0
4653,45.57401,0.086248,88.03,211.0,66.5,0.0
4654,45.573332,0.085666,88.03,211.0,66.5,0.0
4655,45.572654,0.085084,88.03,211.0,66.6,0.0
4656,45.571977,0.084501,88.03,211.0,66.6,0.0
4657,45.571299,0.083919,88.04,211.0,66.7,0.0
4658,45.570621,0.083337,88.04,211.0,66.7,0.0
4659,45.569944,0.082754,88.04,211.0,66.7,0.0
4660,45.569266,0.082172,88.04,211.0,66.8,0.0
4661,45.568588,0.08159,88.04,211.0,66.8,0.0
4662,45.567911,0.081008,88.04,211.0,66.8,0.0
4663,45.567233,0.080425,88.04,211.0,66.9,0.0
4664,45.566555,0.079843,88.04,211.0,66.9,0.0
4665,45.565878,0.079261,88.04,211.0,67.0,0.0
4666,45.5652,0.078678,88.04,211.0,67.0,0.0
4667,45.564522,0.078096,88.04,211.0,67.0,0.0
4668,45.563844,0.077514,88.04,211.0,67.1,0.0
4669,45.563167,0.076931,88.04,211.0,67.1,0.0
4670,45.562489,0.076349,88.04,211.0,67.1,0.0
4671,45.561811,0.075767,88.04,211.0,67.2,0.0
4672,45.561134,0.075184,88.04,211.0,67.2,0.0
4673,45.560456,0.074602,88.04,211.0,67.3,0.0
4674,45.559778,0.07402,88.04,211.0,67.3,0.0
4675,45.559101,0.073438,88.04,211.0,67.3,0.0
4676,45.558423,0.072855,88.04,211.0,67.4,0.0
4677,45.557745,0.072273,88.04,211.0,67.4,0.0
4678,45.557068,0.071691,88.04,211.0,67.5,0.0
4679,45.55639,0.071108,88.04,211.0,67.5,0.0
4680,45.555712,0.070526,88.04,211.0,67.5,0.0
4681,45.555035,0.069944,88.04,211.0,67.6,0.0
4682,45.554357,0.069361,88.04,211.0,67.6,0.0
4683,45.553679,0.068779,88.04,211.0,67.6,0.0
4684,45.553002,0.068197,88.04,211.0,67.7,0.0
4685,45.552324,0.067614,88.04,211.0,67.7,0.0
4686,45.551646,0.067032,88.04,211.0,67.8,0.0
4687,45.550969,0.06645,88.04,211.0,67.8,0.0
4688,45.550291,0.065867,88.04,211.0,67.8,0.0
4689,45.549613,0.065285,88.04,211.0,67.9,0.0
4690,45.548935,0.064703,88.04,211.0,67.9,0.0
4691,45.548258,0.064121,88.04,211.0,67.9,0.0
4692,45.54758,0.063538,88.05,211.0,68.0,0.0
4693,45.546902,0.062956,88.05,211.0,68.0,0.0
4694,45.546225,0.062374,88.05,211.0,68.1,0.0
4695,45.545547,0.061791,88.05,211.0,68.1,0.0
4696,45.544869,0.061209,88.05,211.0,68.1,0.0
4697,45.544192,0.060627,88.05,211.0,68.2,0.0
4698,45.543514,0.060044,88.05,211.0,68.2,0.0
4699,45.542836,0.059462,88.05,211.0,68.2,0.0
4700,45.542159,0.05888,88.05,211.0,68.3,0.0
4701,45.541481,0.058297,88.05,211.0,68.3,0.0
4702,45.540803,0.057715,88.05,211.0,68.4,0.0
4703,45.540126,0.057133,88.05,211.0,68.4,0.0
4704,45.539448,0.056551,88.05,211.0,68.4,0.0
4705,45.53877,0.055968,88.05,211.0,68.5,0.0
4706,45.538093,0.055386,88.05,211.0,68.5,0.0
4707,45.537415,0.054804,88.05,211.0,68.6,0.0
4708,45.536737,0.054221,88.05,211.0,68.6,0.0
4709,45.53606,0.053639,88.05,211.0,68.6,0.0
4710,45.535382,0.053057,88.05,211.0,68.7,0.0
4711,45.534704,0.052474,88.05,211.0,68.7,0.0
4712,45.534026,0.051892,88.05,211.0,68.7,0.0
4713,45.533349,0.05131,88.05,211.0,68.8,0.0
4714,45.532671,0.050727,88.05,211.0,68.8,0.0
4715,45.531993,0.050145,88.05,211.0,68.9,0.0
4716,45.531316,0.049563,88.05,211.0,68.9,0.0
4717,45.530638,0.048981,88.05,211.0,68.9,0.0
4718,45.52996,0.048398,88.05,211.0,69.0,0.0
4719,45.529283,0.047816,88.05,211.0,69.0,0.0
4720,45.528605,0.047234,88.05,211.0,69.0,0.0
4721,45.527927,0.046651,88.05,211.0,69.1,0.0
4722,45.52725,0.046069,88.05,211.0,69.1,0.0
4723,45.526572,0.045487,88.05,211.0,69.2,0.0
4724,45.525894,0.044904,88.05,211.0,69.2,0.0
4725,45.525217,0.044322,88.05,211.0,69.2,0.0
4726,45.524539,0.04374,88.05,211.0,69.3,0.0
4727,45.523861,0.043157,88.06,211.0,69.3,0.0
4728,45.523184,0.042575,88.06,211.0,69.3,0.0
4729,45.522506,0.041993,88.06,211.0,69.4,0.0
4730,45.521828,0.04141,88.06,211.0,69.4,0.0
4731,45.521151,0.040828,88.06,211.0,69.5,0.0
4732,45.520473,0.040246,88.06,211.1,69.5,0.0
4733,45.519795,0.039664,88.06,211.1,69.5,0.0
4734,45.519118,0.039081,88.06,211.1,69.6,0.0
4735,45.51844,0.038499,88.06,211.1,69.6,0.0
4736,45.517762,0.037917,88.06,211.1,69.6,0.0
4737,45.517084,0.037334,88.06,211.1,69.7,0.0
4738,45.516407,0.036752,88.06,211.1,69.7,0.0
4739,45.515729,0.03617,88.06,211.1,69.8,0.0
4740,45.515051,0.035587,88.06,211.1,69.8,0.0
4741,45.514374,0.035005,88.06,211.1,69.8,0.0
4742,45.513696,0.034423,88.06,211.1,69.9,0.0
4743,45.513018,0.03384,88.06,211.1,69.9,0.0
4744,45.512341,0.033258,88.06,211.1,69.9,0.0
4745,45.511663,0.032676,88.06,211.1,70.0,0.0
4746,45.510985,0.032094,88.06,211.1,70.0,0.0
4747,45.510308,0.031511,88.06,211.1,70.1,0.0
4748,45.50963,0.030929,88.06,211.1,70.1,0.0
4749,45.508952,0.030347,88.06,211.1,70.1,0.0
4750,45.508275,0.029764,88.06,211.1,70.2,0.0
4751,45.507597,0.029182,88.06,211.1,70.2,0.0
4752,45.506919,0.0286,88.06,211.1,70.2,0.0
4753,45.506242,0.028017,88.06,211.1,70.3,0.0
4754,45.505564,0.027435,88.06,211.1,70.3,0.0
4755,45.504886,0.026853,88.06,211.1,70.3,0.0
4756,45.504209,0.02627,88.06,211.1,70.4,0.0
4757,45.503531,0.025688,88.06,211.1,70.4,0.0
4758,45.502853,0.025106,88.06,211.1,70.5,0.0
4759,45.502175,0.024523,88.06,211.1,70.5,0.0
4760,45.501498,0.023941,88.06,211.1,70.5,0.0
4761,45.50082,0.023359,88.06,211.1,70.6,0.0
4762,45.500142,0.022777,88.06,211.1,70.6,0.0
4763,45.499465,0.022194,88.07,211.1,70.6,0.0
4764,45.498787,0.021612,88.07,211.1,70.7,0.0
4765,45.498109,0.02103,88.07,211.1,70.7,0.0
4766,45.497432,0.020447,88.07,211.1,70.8,0.0
4767,45.496754,0.019865,88.07,211.1,70.8,0.0
4768,45.496076,0.019283,88.07,211.1,70.8,0.0
4769,45.495399,0.0187,88.07,211.1,70.9,0.0
4770,45.494721,0.018118,88.07,211.1,70.9,0.0
4771,45.494043,0.017536,88.07,211.1,70.9,0.0
4772,45.493366,0.016953,88.07,211.1,71.0,0.0
4773,45.492688,0.016371,88.07,211.1,71.0,0.0
4774,45.49201,0.015789,88.07,211.1,71.1,0.0
4775,45.491333,0.015207,88.07,211.1,71.1,0.0
4776,45.490655,0.014624,88.07,211.1,71.1,0.0
4777,45.489977,0.014042,88.07,211.1,71.2,0.0
4778,45.4893,0.01346,88.07,211.1,71.2,0.0
4779,45.488622,0.012877,88.07,211.1,71.2,0.0
4780,45.487944,0.012295,88.07,211.1,71.3,0.0
4781,45.487266,0.011713,88.07,211.1,71.3,0.0
4782,45.486589,0.01113,88.07,211.1,71.3,0.0
4783,45.485911,0.010548,88.07,211.1,71.4,0.0
4784,45.485233,0.009966,88.07,211.1,71.4,0.0
4785,45.484556,0.009383,88.07,211.1,71.5,0.0
4786,45.483878,0.008801,88.07,211.1,71.5,0.0
4787,45.4832,0.008219,88.07,211.1,71.5,0.0
4788,45.482523,0.007637,88.07,211.1,71.6,0.0
4789,45.481845,0.007054,88.07,211.1,71.6,0.0
4790,45.481167,0.006472,88.07,211.1,71.6,0.0
4791,45.48049,0.00589,88.07,211.1,71.7,0.0
4792,45.479812,0.005307,88.07,211.1,71.7,0.0
4793,45.479134,0.004725,88.07,211.1,71.8,0.0
4794,45.478457,0.004143,88.07,211.1,71.8,0.0
4795,45.477779,0.00356,88.07,211.1,71.8,0.0
4796,45.477101,0.002978,88.07,211.1,71.9,0.0
4797,45.476424,0.002396,88.07,211.1,71.9,0.0
4798,45.475746,0.001813,88.08,211.1,71.9,0.0
4799,45.475068,0.001231,88.08,211.1,72.0,0.0
4800,45.474391,0.000649,88.08,211.1,72.0,0.0
4801,45.473713,6.6e-05,88.08,211.1,72.0,0.0
4802,45.473035,-0.000516,88.08,211.1,72.1,0.0
4803,45.472358,-0.001098,88.08,211.1,72.1,0.0
4804,45.47168,-0.00168,88.08,211.1,72.2,0.0
4805,45.471002,-0.002263,88.08,211.1,72.2,0.0
4806,45.470324,-0.002845,88.08,211.1,72.2,0.0
4807,45.469647,-0.003427,88.08,211.1,72.3,0.0
4808,45.468969,-0.00401,88.08,211.1,72.3,0.0
4809,45.468291,-0.004592,88.08,211.1,72.3,0.0
4810,45.467614,-0.005174,88.08,211.1,72.4,0.0
4811,45.466936,-0.005757,88.08,211.1,72.4,0.0
4812,45.466258,-0.006339,88.08,211.1,72.4,0.0
4813,45.465581,-0.006921,88.08,211.1,72.5,0.0
4814,45.464903,-0.007504,88.08,211.1,72.5,0.0
4815,45.464225,-0.008086,88.08,211.1,72.6,0.0
4816,45.463548,-0.008668,88.08,211.1,72.6,0.0
4817,45.46287,-0.00925,88.08,211.1,72.6,0.0
4818,45.462192,-0.009833,88.08,211.1,72.7,0.0
4819,45.461515,-0.010415,88.08,211.1,72.7,0.0
4820,45.460837,-0.010997,88.08,211.1,72.7,0.0
4821,45.460159,-0.01158,88.08,211.1,72.8,0.0
4822,45.459482,-0.012162,88.08,211.1,72.8,0.0
4823,45.458804,-0.012744,88.08,211.1,72.8,0.0
4824,45.458126,-0.013327,88.08,211.1,72.9,0.0
4825,45.457449,-0.013909,88.08,211.1,72.9,0.0
4826,45.456771,-0.014491,88.08,211.1,73.0,0.0
4827,45.456093,-0.015074,88.08,211.1,73.0,0.0
4828,45.455415,-0.015656,88.08,211.1,73.0,0.0
4829,45.454738,-0.016238,88.08,211.1,73.1,0.0
4830,45.45406,-0.016821,88.08,211.1,73.1,0.0
4831,45.453382,-0.017403,88.08,211.1,73.1,0.0
4832,45.452705,-0.017985,88.08,211.1,73.2,0.0
4833,45.452027,-0.018567,88.08,211.1,73.2,0.0
4834,45.451349,-0.01915,88.09,211.1,73.2,0.0
4835,45.450672,-0.019732,88.09,211.1,73.3,0.0
4836,45.449994,-0.020314,88.09,211.1,73.3,0.0
4837,45.449316,-0.020897,88.09,211.1,73.3,0.0
4838,45.448639,-0.021479,88.09,211.1,73.4,0.0
4839,45.447961,-0.022061,88.09,211.1,73.4,0.0
4840,45.447283,-0.022644,88.09,211.1,73.5,0.0
4841,45.446606,-0.023226,88.09,211.1,73.5,0.0
4842,45.445928,-0.023808,88.09,211.1,73.5,0.0
4843,45.44525,-0.024391,88.09,211.1,73.6,0.0
4844,45.444573,-0.024973,88.09,211.1,73.6,0.0
4845,45.443895,-0.025555,88.09,211.1,73.6,0.0
4846,45.443217,-0.026137,88.09,211.1,73.7,0.0
4847,45.44254,-0.02672,88.09,211.1,73.7,0.0
4848,45.441862,-0.027302,88.09,211.1,73.7,0.0
4849,45.441184,-0.027884,88.09,211.1,73.8,0.0
4850,45.440506,-0.028467,88.09,211.1,73.8,0.0
4851,45.439829,-0.029049,88.09,211.1,73.8,0.0
4852,45.439151,-0.029631,88.09,211.1,73.9,0.0
4853,45.438473,-0.030214,88.09,211.1,73.9,0.0
4854,45.437796,-0.030796,88.09,211.1,74.0,0.0
4855,45.437118,-0.031378,88.09,211.1,74.0,0.0
4856,45.43644,-0.031961,88.09,211.1,74.0,0.0
4857,45.435763,-0.032543,88.09,211.1,74.1,0.0
4858,45.435085,-0.033125,88.09,211.1,74.1,0.0
4859,45.434407,-0.033707,88.09,211.1,74.1,0.0
4860,45.43373,-0.03429,88.09,211.1,74.2,0.0
4861,45.433052,-0.034872,88.09,211.1,74.2,0.0
4862,45.432374,-0.035454,88.09,211.1,74.2,0.0
4863,45.431697,-0.036037,88.09,211.1,74.3,0.0
4864,45.431019,-0.036619,88.09,211.1,74.3,0.0
4865,45.430341,-0.037201,88.09,211.1,74.3,0.0
4866,45.429664,-0.037784,88.09,211.1,74.4,0.0
4867,45.428986,-0.038366,88.09,211.1,74.4,0.0
4868,45.428308,-0.038948,88.09,211.1,74.5,0.0
4869,45.427631,-0.039531,88.1,211.1,74.5,0.0
4870,45.426953,-0.040113,88.1,211.1,74.5,0.0
4871,45.426275,-0.040695,88.1,211.1,74.6,0.0
4872,45.425598,-0.041278,88.1,211.1,74.6,0.0
4873,45.42492,-0.04186,88.1,211.1,74.6,0.0
4874,45.424242,-0.042442,88.1,211.1,74.7,0.0
4875,45.423564,-0.043024,88.1,211.1,74.7,0.0
4876,45.422887,-0.043607,88.1,211.1,74.7,0.0
4877,45.422209,-0.044189,88.1,211.1,74.8,0.0
4878,45.421531,-0.044771,88.1,211.1,74.8,0.0
4879,45.420854,-0.045354,88.1,211.1,74.8,0.0
4880,45.420176,-0.045936,88.1,211.1,74.9,0.0
4881,45.419498,-0.046518,88.1,211.1,74.9,0.0
4882,45.418821,-0.047101,88.1,211.1,74.9,0.0
4883,45.418143,-0.047683,88.1,211.1,75.0,0.0
4884,45.417465,-0.048265,88.1,211.1,75.0,0.0
4885,45.416788,-0.048848,88.1,211.1,75.1,0.0
4886,45.41611,-0.04943,88.1,211.1,75.1,0.0
4887,45.415432,-0.050012,88.1,211.1,75.1,0.0
4888,45.414755,-0.050594,88.1,211.1,75.2,0.0
4889,45.414077,-0.051177,88.1,211.1,75.2,0.0
4890,45.413399,-0.051759,88.1,211.1,75.2,0.0
4891,45.412722,-0.052341,88.1,211.1,75.3,0.0
4892,45.412044,-0.052924,88.1,211.1,75.3,0.0
4893,45.411366,-0.053506,88.1,211.1,75.3,0.0
4894,45.410689,-0.054088,88.1,211.1,75.4,0.0
4895,45.410011,-0.054671,88.1,211.1,75.4,0.0
4896,45.409333,-0.055253,88.1,211.1,75.4,0.0
4897,45.408655,-0.055835,88.1,211.1,75.5,0.0
4898,45.407978,-0.056418,88.1,211.1,75.5,0.0
4899,45.4073,-0.057,88.1,211.1,75.5,0.0
4900,45.406622,-0.057582,88.1,211.1,75.6,0.0
4901,45.405945,-0.058164,88.1,211.1,75.6,0.0
4902,45.405267,-0.058747,88.1,211.1,75.6,0.0
4903,45.404589,-0.059329,88.1,211.1,75.7,0.0
4904,45.403912,-0.059911,88.1,211.1,75.7,0.0
4905,45.403234,-0.060494,88.11,211.1,75.8,0.0
4906,45.402556,-0.061076,88.11,211.1,75.8,0.0
4907,45.401879,-0.061658,88.11,211.1,75.8,0.0
4908,45.401201,-0.062241,88.11,211.1,75.9,0.0
4909,45.400523,-0.062823,88.11,211.1,75.9,0.0
4910,45.399846,-0.063405,88.11,211.1,75.9,0.0
4911,45.399168,-0.063988,88.11,211.1,76.0,0.0
4912,45.39849,-0.06457,88.11,211.1,76.0,0.0
4913,45.397813,-0.065152,88.11,211.1,76.0,0.0
4914,45.397135,-0.065735,88.11,211.1,76.1,0.0
4915,45.396457,-0.066317,88.11,211.1,76.1,0.0
4916,45.39578,-0.066899,88.11,211.1,76.1,0.0
4917,45.395102,-0.067481,88.11,211.1,76.2,0.0
4918,45.394424,-0.068064,88.11,211.1,76.2,0.0
4919,45.393746,-0.068646,88.11,211.1,76.2,0.0
4920,45.393069,-0.069228,88.11,211.1,76.3,0.0
4921,45.392391,-0.069811,88.11,211.1,76.3,0.0
4922,45.391713,-0.070393,88.11,211.1,76.3,0.0
4923,45.391036,-0.070975,88.11,211.1,76.4,0.0
4924,45.390358,-0.071558,88.11,211.1,76.4,0.0
4925,45.38968,-0.07214,88.11,211.1,76.4,0.0
4926,45.389003,-0.072722,88.11,211.1,76.5,0.0
4927,45.388325,-0.073305,88.11,211.1,76.5,0.0
4928,45.387647,-0.073887,88.11,211.1,76.5,0.0
4929,45.38697,-0.074469,88.11,211.1,76.6,0.0
4930,45.386292,-0.075051,88.11,211.1,76.6,0.0
4931,45.385614,-0.075634,88.11,211.1,76.6,0.0
4932,45.384937,-0.076216,88.11,211.1,76.7,0.0
4933,45.384259,-0.076798,88.11,211.1,76.7,0.0
4934,45.383581,-0.077381,88.11,211.1,76.8,0.0
4935,45.382904,-0.077963,88.11,211.1,76.8,0.0
4936,45.382226,-0.078545,88.11,211.1,76.8,0.0
4937,45.381548,-0.079128,88.11,211.1,76.9,0.0
4938,45.380871,-0.07971,88.11,211.1,76.9,0.0
4939,45.380193,-0.080292,88.11,211.1,76.9,0.0
4940,45.379515,-0.080875,88.12,211.1,77.0,0.0
4941,45.378838,-0.081457,88.12,211.1,77.0,0.0
4942,45.37816,-0.082039,88.12,211.1,77.0,0.0
4943,45.377482,-0.082622,88.12,211.1,77.1,0.0
4944,45.376804,-0.083204,88.12,211.1,77.1,0.0
4945,45.376127,-0.083786,88.12,211.1,77.1,0.0
4946,45.375449,-0.084368,88.12,211.1,77.2,0.0
4947,45.374771,-0.084951,88.12,211.1,77.2,0.0
4948,45.374094,-0.085533,88.12,211.1,77.2,0.0
4949,45.373416,-0.086115,88.12,211.1,77.3,0.0
4950,45.372738,-0.086698,88.12,211.1,77.3,0.0
4951,45.372061,-0.08728,88.12,211.1,77.3,0.0
4952,45.371383,-0.087862,88.12,211.1,77.4,0.0
4953,45.370705,-0.088445,88.12,211.1,77.4,0.0
4954,45.370028,-0.089027,88.12,211.1,77.4,0.0
4955,45.36935,-0.089609,88.12,211.1,77.5,0.0
4956,45.368672,-0.090192,88.12,211.1,77.5,0.0
4957,45.367995,-0.090774,88.12,211.1,77.5,0.0
4958,45.367317,-0.091356,88.12,211.1,77.6,0.0
4959,45.366639,-0.091938,88.12,211.1,77.6,0.0
4960,45.365962,-0.092521,88.12,211.1,77.6,0.0
4961,45.365284,-0.093103,88.12,211.1,77.7,0.0
4962,45.364606,-0.093685,88.12,211.1,77.7,0.0
4963,45.363929,-0.094268,88.12,211.1,77.7,0.0
4964,45.363251,-0.09485,88.12,211.1,77.8,0.0
4965,45.362573,-0.095432,88.12,211.1,77.8,0.0
4966,45.361895,-0.096015,88.12,211.1,77.8,0.0
4967,45.361218,-0.096597,88.12,211.1,77.9,0.0
4968,45.36054,-0.097179,88.12,211.1,77.9,0.0
4969,45.359862,-0.097762,88.12,211.1,77.9,0.0
4970,45.359185,-0.098344,88.12,211.1,78.0,0.0
4971,45.358507,-0.098926,88.12,211.1,78.0,0.0
4972,45.357829,-0.099508,88.12,211.1,78.0,0.0
4973,45.357152,-0.100091,88.12,211.1,78.1,0.0
4974,45.356474,-0.100673,88.12,211.1,78.1,0.0
4975,45.355796,-0.101255,88.12,211.1,78.1,0.0
4976,45.355119,-0.101838,88.13,211.1,78.2,0.0
4977,45.354441,-0.10242,88.13,211.1,78.2,0.0
4978,45.353763,-0.103002,88.13,211.1,78.2,0.0
4979,45.353086,-0.103585,88.13,211.1,78.3,0.0
4980,45.352408,-0.104167,88.13,211.1,78.3,0.0
4981,45.35173,-0.104749,88.13,211.1,78.3,0.0
4982,45.351053,-0.105332,88.13,211.1,78.4,0.0
4983,45.350375,-0.105914,88.13,211.1,78.4,0.0
4984,45.349697,-0.106496,88.13,211.1,78.4,0.0
4985,45.34902,-0.107079,88.13,211.1,78.5,0.0
4986,45.348342,-0.107661,88.13,211.1,78.5,0.0
4987,45.347664,-0.108243,88.13,211.1,78.5,0.0
4988,45.346986,-0.108825,88.13,211.1,78.6,0.0
4989,45.346309,-0.109408,88.13,211.1,78.6,0.0
4990,45.345631,-0.10999,88.13,211.1,78.6,0.0
4991,45.344953,-0.110572,88.13,211.1,78.7,0.0
4992,45.344276,-0.111155,88.13,211.1,78.7,0.0
4993,45.343598,-0.111737,88.13,211.1,78.7,0.0
4994,45.34292,-0.112319,88.13,211.1,78.8,0.0
4995,45.342243,-0.112902,88.13,211.1,78.8,0.0
4996,45.341565,-0.113484,88.13,211.1,78.8,0.0
4997,45.340887,-0.114066,88.13,211.1,78.9,0.0
4998,45.34021,-0.114649,88.13,211.1,78.9,0.0
4999,45.339532,-0.115231,88.13,211.1,78.9,0.0
5000,45.338854,-0.115813,88.13,211.1,79.0,0.0
5001,45.338177,-0.116395,88.13,211.1,79.0,0.0
5002,45.337499,-0.116978,88.13,211.1,79.0,0.0
5003,45.336821,-0.11756,88.13,211.1,79.1,0.0
5004,45.336144,-0.118142,88.13,211.1,79.1,0.0
5005,45.335466,-0.118725,88.13,211.1,79.1,0.0
5006,45.334788,-0.119307,88.13,211.1,79.2,0.0
5007,45.334111,-0.119889,88.13,211.1,79.2,0.0
5008,45.333433,-0.120472,88.13,211.1,79.2,0.0
5009,45.332755,-0.121054,88.13,211.1,79.3,0.0
5010,45.332078,-0.121636,88.13,211.1,79.3,0.0
5011,45.3314,-0.122219,88.14,211.1,79.3,0.0
5012,45.330722,-0.122801,88.14,211.1,79.3,0.0
5013,45.330044,-0.123383,88.14,211.1,79.4,0.0
5014,45.329367,-0.123966,88.14,211.1,79.4,0.0
5015,45.328689,-0.124548,88.14,211.1,79.4,0.0
5016,45.328011,-0.12513,88.14,211.1,79.5,0.0
5017,45.327334,-0.125712,88.14,211.1,79.5,0.0
5018,45.326656,-0.126295,88.14,211.1,79.5,0.0
5019,45.325978,-0.126877,88.14,211.1,79.6,0.0
5020,45.325301,-0.127459,88.14,211.1,79.6,0.0
5021,45.324623,-0.128042,88.14,211.1,79.6,0.0
5022,45.323945,-0.128624,88.14,211.1,79.7,0.0
5023,45.323268,-0.129206,88.14,211.1,79.7,0.0
5024,45.32259,-0.129789,88.14,211.1,79.7,0.0
5025,45.321912,-0.130371,88.14,211.1,79.8,0.0
5026,45.321235,-0.130953,88.14,211.1,79.8,0.0
5027,45.320557,-0.131536,88.14,211.1,79.8,0.0
5028,45.319879,-0.132118,88.14,211.1,79.9,0.0
5029,45.319202,-0.1327,88.14,211.1,79.9,0.0
5030,45.318524,-0.133282,88.14,211.1,79.9,0.0
5031,45.317846,-0.133865,88.14,211.1,80.0,0.0
5032,45.317169,-0.134447,88.14,211.1,80.0,0.0
5033,45.316491,-0.135029,88.14,211.1,80.0,0.0
5034,45.315813,-0.135612,88.14,211.1,80.1,0.0
5035,45.315135,-0.136194,88.14,211.1,80.1,0.0
5036,45.314458,-0.136776,88.14,211.1,80.1,0.0
5037,45.31378,-0.137359,88.14,211.1,80.2,0.0
5038,45.313102,-0.137941,88.14,211.1,80.2,0.0
5039,45.312425,-0.138523,88.14,211.1,80.2,0.0
5040,45.311747,-0.139106,88.14,211.1,80.2,0.0
5041,45.311069,-0.139688,88.14,211.1,80.3,0.0
5042,45.310392,-0.14027,88.14,211.1,80.3,0.0
5043,45.309714,-0.140852,88.14,211.1,80.3,0.0
5044,45.309036,-0.141435,88.14,211.1,80.4,0.0
5045,45.308359,-0.142017,88.14,211.1,80.4,0.0
5046,45.307681,-0.142599,88.15,211.1,80.4,0.0
5047,45.307003,-0.143182,88.15,211.1,80.5,0.0
5048,45.306326,-0.143764,88.15,211.1,80.5,0.0
5049,45.305648,-0.144346,88.15,211.1,80.5,0.0
5050,45.30497,-0.144929,88.15,211.1,80.6,0.0
5051,45.304293,-0.145511,88.15,211.1,80.6,0.0
5052,45.303615,-0.146093,88.15,211.1,80.6,0.0
5053,45.302937,-0.146676,88.15,211.1,80.7,0.0
5054,45.30226,-0.147258,88.15,211.1,80.7,0.0
5055,45.301582,-0.14784,88.15,211.1,80.7,0.0
5056,45.300904,-0.148423,88.15,211.1,80.7,0.0
5057,45.300226,-0.149005,88.15,211.1,80.8,0.0
5058,45.299549,-0.149587,88.15,211.1,80.8,0.0
5059,45.298871,-0.150169,88.15,211.1,80.8,0.0
5060,45.298193,-0.150752,88.15,211.1,80.9,0.0
5061,45.297516,-0.151334,88.15,211.2,80.9,0.0
5062,45.296838,-0.151916,88.15,211.2,80.9,0.0
5063,45.29616,-0.152499,88.15,211.2,81.0,0.0
5064,45.295483,-0.153081,88.15,211.2,81.0,0.0
5065,45.294805,-0.153663,88.15,211.2,81.0,0.0
5066,45.294127,-0.154246,88.15,211.2,81.1,0.0
5067,45.29345,-0.154828,88.15,211.2,81.1,0.0
5068,45.292772,-0.15541,88.15,211.2,81.1,0.0
5069,45.292094,-0.155993,88.15,211.2,81.2,0.0
5070,45.291417,-0.156575,88.15,211.2,81.2,0.0
5071,45.290739,-0.157157,88.15,211.2,81.2,0.0
5072,45.290061,-0.157739,88.15,211.2,81.2,0.0
5073,45.289384,-0.158322,88.15,211.2,81.3,0.0
5074,45.288706,-0.158904,88.15,211.2,81.3,0.0
5075,45.288028,-0.159486,88.15,211.2,81.3,0.0
5076,45.287351,-0.160069,88.15,211.2,81.4,0.0
5077,45.286673,-0.160651,88.15,211.2,81.4,0.0
5078,45.285995,-0.161233,88.15,211.2,81.4,0.0
5079,45.285318,-0.161816,88.15,211.2,81.5,0.0
5080,45.28464,-0.162398,88.15,211.2,81.5,0.0
5081,45.283962,-0.16298,88.15,211.2,81.5,0.0
5082,45.283284,-0.163563,88.16,211.2,81.6,0.0
5083,45.282607,-0.164145,88.16,211.2,81.6,0.0
5084,45.281929,-0.164727,88.16,211.2,81.6,0.0
5085,45.281251,-0.165309,88.16,211.2,81.6,0.0
5086,45.280574,-0.165892,88.16,211.2,81.7,0.0
5087,45.279896,-0.166474,88.16,211.2,81.7,0.0
5088,45.279218,-0.167056,88.16,211.2,81.7,0.0
5089,45.278541,-0.167639,88.16,211.2,81.8,0.0
5090,45.277863,-0.168221,88.16,211.2,81.8,0.0
5091,45.277185,-0.168803,88.16,211.2,81.8,0.0
5092,45.276508,-0.169386,88.16,211.2,81.9,0.0
5093,45.27583,-0.169968,88.16,211.2,81.9,0.0
5094,45.275152,-0.17055,88.16,211.2,81.9,0.0
5095,45.274475,-0.171133,88.16,211.2,82.0,0.0
5096,45.273797,-0.171715,88.16,211.2,82.0,0.0
5097,45.273119,-0.172297,88.16,211.2,82.0,0.0
5098,45.272442,-0.17288,88.16,211.2,82.0,0.0
5099,45.271764,-0.173462,88.16,211.2,82.1,0.0
5100,45.271086,-0.174044,88.16,211.2,82.1,0.0
5101,45.270409,-0.174626,88.16,211.2,82.1,0.0
5102,45.269731,-0.175209,88.16,211.2,82.2,0.0
5103,45.269053,-0.175791,88.16,211.2,82.2,0.0
5104,45.268375,-0.176373,88.16,211.2,82.2,0.0
5105,45.267698,-0.176956,88.16,211.2,82.3,0.0
5106,45.26702,-0.177538,88.16,211.2,82.3,0.0
5107,45.266342,-0.17812,88.16,211.2,82.3,0.0
5108,45.265665,-0.178703,88.16,211.2,82.3,0.0
5109,45.264987,-0.179285,88.16,211.2,82.4,0.0
5110,45.264309,-0.179867,88.16,211.2,82.4,0.0
5111,45.263632,-0.18045,88.16,211.2,82.4,0.0
5112,45.262954,-0.181032,88.16,211.2,82.5,0.0
5113,45.262276,-0.181614,88.16,211.2,82.5,0.0
5114,45.261599,-0.182196,88.16,211.2,82.5,0.0
5115,45.260921,-0.182779,88.16,211.2,82.6,0.0
5116,45.260243,-0.183361,88.16,211.2,82.6,0.0
5117,45.259566,-0.183943,88.17,211.2,82.6,0.0
5118,45.258888,-0.184526,88.17,211.2,82.6,0.0
5119,45.25821,-0.185108,88.17,211.2,82.7,0.0
5120,45.257533,-0.18569,88.17,211.2,82.7,0.0
5121,45.256855,-0.186273,88.17,211.2,82.7,0.0
5122,45.256177,-0.186855,88.17,211.2,82.8,0.0
5123,45.2555,-0.187437,88.17,211.2,82.8,0.0
5124,45.254822,-0.18802,88.17,211.2,82.8,0.0
5125,45.254144,-0.188602,88.17,211.2,82.8,0.0
5126,45.253466,-0.189184,88.17,211.2,82.9,0.0
5127,45.252789,-0.189767,88.17,211.2,82.9,0.0
5128,45.252111,-0.190349,88.17,211.2,82.9,0.0
5129,45.251433,-0.190931,88.17,211.2,83.0,0.0
5130,45.250756,-0.191513,88.17,211.2,83.0,0.0
5131,45.250078,-0.192096,88.17,211.2,83.0,0.0
5132,45.2494,-0.192678,88.17,211.2,83.1,0.0
5133,45.248723,-0.19326,88.17,211.2,83.1,0.0
5134,45.248045,-0.193843,88.17,211.2,83.1,0.0
5135,45.247367,-0.194425,88.17,211.2,83.1,0.0
5136,45.24669,-0.195007,88.17,211.2,83.2,0.0
5137,45.246012,-0.19559,88.17,211.2,83.2,0.0
5138,45.245334,-0.196172,88.17,211.2,83.2,0.0
5139,45.244657,-0.196754,88.17,211.2,83.3,0.0
5140,45.243979,-0.197337,88.17,211.2,83.3,0.0
5141,45.243301,-0.197919,88.17,211.2,83.3,0.0
5142,45.242624,-0.198501,88.17,211.2,83.3,0.0
5143,45.241946,-0.199083,88.17,211.2,83.4,0.0
5144,45.241268,-0.199666,88.17,211.2,83.4,0.0
5145,45.240591,-0.200248,88.17,211.2,83.4,0.0
5146,45.239913,-0.20083,88.17,211.2,83.5,0.0
5147,45.239235,-0.201413,88.17,211.2,83.5,0.0
5148,45.238558,-0.201995,88.17,211.2,83.5,0.0
5149,45.23788,-0.202577,88.17,211.2,83.5,0.0
5150,45.237202,-0.20316,88.17,211.2,83.6,0.0
5151,45.236524,-0.203742,88.17,211.2,83.6,0.0
5152,45.235847,-0.204324,88.17,211.2,83.6,0.0
5153,45.235169,-0.204907,88.18,211.2,83.7,0.0
5154,45.234491,-0.205489,88.18,211.2,83.7,0.0
5155,45.233814,-0.206071,88.18,211.2,83.7,0.0
5156,45.233136,-0.206653,88.18,211.2,83.7,0.0
5157,45.232458,-0.207236,88.18,211.2,83.8,0.0
5158,45.231781,-0.207818,88.18,211.2,83.8,0.0
5159,45.231103,-0.2084,88.18,211.2,83.8,0.0
5160,45.230425,-0.208983,88.18,211.2,83.9,0.0
5161,45.229748,-0.209565,88.18,211.2,83.9,0.0
5162,45.22907,-0.210147,88.18,211.2,83.9,0.0
5163,45.228392,-0.21073,88.18,211.2,83.9,0.0
5164,45.227715,-0.211312,88.18,211.2,84.0,0.0
5165,45.227037,-0.211894,88.18,211.2,84.0,0.0
5166,45.226359,-0.212477,88.18,211.2,84.0,0.0
5167,45.225682,-0.213059,88.18,211.2,84.1,0.0
5168,45.225004,-0.213641,88.18,211.2,84.1,0.0
5169,45.224326,-0.214224,88.18,211.2,84.1,0.0
5170,45.223649,-0.214806,88.18,211.2,84.1,0.0
5171,45.222971,-0.215388,88.18,211.2,84.2,0.0
5172,45.222293,-0.21597,88.18,211.2,84.2,0.0
5173,45.221615,-0.216553,88.18,211.2,84.2,0.0
5174,45.220938,-0.217135,88.18,211.2,84.3,0.0
5175,45.22026,-0.217717,88.18,211.2,84.3,0.0
5176,45.219582,-0.2183,88.18,211.2,84.3,0.0
5177,45.218905,-0.218882,88.18,211.2,84.3,0.0
5178,45.218227,-0.219464,88.18,211.2,84.4,0.0
5179,45.217549,-0.220047,88.18,211.2,84.4,0.0
5180,45.216872,-0.220629,88.18,211.2,84.4,0.0
5181,45.216194,-0.221211,88.18,211.2,84.5,0.0
5182,45.215516,-0.221794,88.18,211.2,84.5,0.0
5183,45.214839,-0.222376,88.18,211.2,84.5,0.0
5184,45.214161,-0.222958,88.18,211.2,84.5,0.0
5185,45.213483,-0.22354,88.18,211.2,84.6,0.0
5186,45.212806,-0.224123,88.18,211.2,84.6,0.0
5187,45.212128,-0.224705,88.18,211.2,84.6,0.0
5188,45.21145,-0.225287,88.19,211.2,84.6,0.0
5189,45.210773,-0.22587,88.19,211.2,84.7,0.0
5190,45.210095,-0.226452,88.19,211.2,84.7,0.0
5191,45.209417,-0.227034,88.19,211.2,84.7,0.0
5192,45.20874,-0.227617,88.19,211.2,84.8,0.0
5193,45.208062,-0.228199,88.19,211.2,84.8,0.0
5194,45.207384,-0.228781,88.19,211.2,84.8,0.0
5195,45.206706,-0.229364,88.19,211.2,84.8,0.0
5196,45.206029,-0.229946,88.19,211.2,84.9,0.0
5197,45.205351,-0.230528,88.19,211.2,84.9,0.0
5198,45.204673,-0.231111,88.19,211.2,84.9,0.0
5199,45.203996,-0.231693,88.19,211.2,84.9,0.0
5200,45.203318,-0.232275,88.19,211.2,85.0,0.0
5201,45.20264,-0.232857,88.19,211.2,85.0,0.0
5202,45.201963,-0.23344,88.19,211.2,85.0,0.0
5203,45.201285,-0.234022,88.19,211.2,85.1,0.0
5204,45.200607,-0.234604,88.19,211.2,85.1,0.0
5205,45.19993,-0.235187,88.19,211.2,85.1,0.0
5206,45.199252,-0.235769,88.19,211.2,85.1,0.0
5207,45.198574,-0.236351,88.19,211.2,85.2,0.0
5208,45.197897,-0.236934,88.19,211.2,85.2,0.0
5209,45.197219,-0.237516,88.19,211.2,85.2,0.0
5210,45.196541,-0.238098,88.19,211.2,85.2,0.0
5211,45.195864,-0.238681,88.19,211.2,85.3,0.0
5212,45.195186,-0.239263,88.19,211.2,85.3,0.0
5213,45.194508,-0.239845,88.19,211.2,85.3,0.0
5214,45.193831,-0.240427,88.19,211.2,85.4,0.0
5215,45.193153,-0.24101,88.19,211.2,85.4,0.0
5216,45.192475,-0.241592,88.19,211.2,85.4,0.0
5217,45.191798,-0.242174,88.19,211.2,85.4,0.0
5218,45.19112,-0.242757,88.19,211.2,85.5,0.0
5219,45.190442,-0.243339,88.19,211.2,85.5,0.0
5220,45.189764,-0.243921,88.19,211.2,85.5,0.0
5221,45.189087,-0.244504,88.19,211.2,85.5,0.0
5222,45.188409,-0.245086,88.19,211.2,85.6,0.0
5223,45.187731,-0.245668,88.19,211.2,85.6,0.0
5224,45.187054,-0.246251,88.2,211.2,85.6,0.0
5225,45.186376,-0.246833,88.2,211.2,85.6,0.0
5226,45.185698,-0.247415,88.2,211.2,85.7,0.0
5227,45.185021,-0.247997,88.2,211.2,85.7,0.0
5228,45.184343,-0.24858,88.2,211.2,85.7,0.0
5229,45.183665,-0.249162,88.2,211.2,85.8,0.0
5230,45.182988,-0.249744,88.2,211.2,85.8,0.0
5231,45.18231,-0.250327,88.2,211.2,85.8,0.0
5232,45.181632,-0.250909,88.2,211.2,85.8,0.0
5233,45.180955,-0.251491,88.2,211.2,85.9,0.0
5234,45.180277,-0.252074,88.2,211.2,85.9,0.0
5235,45.179599,-0.252656,88.2,211.2,85.9,0.0
5236,45.178922,-0.253238,88.2,211.2,85.9,0.0
5237,45.178244,-0.253821,88.2,211.2,86.0,0.0
5238,45.177566,-0.254403,88.2,211.2,86.0,0.0
5239,45.176889,-0.254985,88.2,211.2,86.0,0.0
5240,45.176211,-0.255568,88.2,211.2,86.0,0.0
5241,45.175533,-0.25615,88.2,211.2,86.1,0.0
5242,45.174855,-0.256732,88.2,211.2,86.1,0.0
5243,45.174178,-0.257314,88.2,211.2,86.1,0.0
5244,45.1735,-0.257897,88.2,211.2,86.1,0.0
5245,45.172822,-0.258479,88.2,211.2,86.2,0.0
5246,45.172145,-0.259061,88.2,211.2,86.2,0.0
5247,45.171467,-0.259644,88.2,211.2,86.2,0.0
5248,45.170789,-0.260226,88.2,211.2,86.2,0.0
5249,45.170112,-0.260808,88.2,211.2,86.3,0.0
5250,45.169434,-0.261391,88.2,211.2,86.3,0.0
5251,45.168756,-0.261973,88.2,211.2,86.3,0.0
5252,45.168079,-0.262555,88.2,211.2,86.3,0.0
5253,45.167401,-0.263138,88.2,211.2,86.4,0.0
5254,45.166723,-0.26372,88.2,211.2,86.4,0.0
5255,45.166046,-0.264302,88.2,211.2,86.4,0.0
5256,45.165368,-0.264884,88.2,211.2,86.5,0.0
5257,45.16469,-0.265467,88.2,211.2,86.5,0.0
5258,45.164013,-0.266049,88.2,211.2,86.5,0.0
5259,45.163335,-0.266631,88.21,211.2,86.5,0.0
5260,45.162657,-0.267214,88.21,211.2,86.6,0.0
5261,45.16198,-0.267796,88.21,211.2,86.6,0.0
5262,45.161302,-0.268378,88.21,211.2,86.6,0.0
5263,45.160624,-0.268961,88.21,211.2,86.6,0.0
5264,45.159946,-0.269543,88.21,211.2,86.7,0.0
5265,45.159269,-0.270125,88.21,211.2,86.7,0.0
5266,45.158591,-0.270708,88.21,211.2,86.7,0.0
5267,45.157913,-0.27129,88.21,211.2,86.7,0.0
5268,45.157236,-0.271872,88.21,211.2,86.8,0.0
5269,45.156558,-0.272454,88.21,211.2,86.8,0.0
5270,45.15588,-0.273037,88.21,211.2,86.8,0.0
5271,45.155203,-0.273619,88.21,211.2,86.8,0.0
5272,45.154525,-0.274201,88.21,211.2,86.9,0.0
5273,45.153847,-0.274784,88.21,211.2,86.9,0.0
5274,45.15317,-0.275366,88.21,211.2,86.9,0.0
5275,45.152492,-0.275948,88.21,211.2,86.9,0.0
5276,45.151814,-0.276531,88.21,211.2,87.0,0.0
5277,45.151137,-0.277113,88.21,211.2,87.0,0.0
5278,45.150459,-0.277695,88.21,211.2,87.0,0.0
5279,45.149781,-0.278278,88.21,211.2,87.0,0.0
5280,45.149104,-0.27886,88.21,211.2,87.1,0.0
5281,45.148426,-0.279442,88.21,211.2,87.1,0.0
5282,45.147748,-0.280025,88.21,211.2,87.1,0.0
5283,45.147071,-0.280607,88.21,211.2,87.1,0.0
5284,45.146393,-0.281189,88.21,211.2,87.2,0.0
5285,45.145715,-0.281771,88.21,211.2,87.2,0.0
5286,45.145038,-0.282354,88.21,211.2,87.2,0.0
5287,45.14436,-0.282936,88.21,211.2,87.2,0.0
5288,45.143682,-0.283518,88.21,211.2,87.2,0.0
5289,45.143004,-0.284101,88.21,211.2,87.3,0.0
5290,45.142327,-0.284683,88.21,211.2,87.3,0.0
5291,45.141649,-0.285265,88.21,211.2,87.3,0.0
5292,45.140971,-0.285848,88.21,211.2,87.3,0.0
5293,45.140294,-0.28643,88.21,211.2,87.4,0.0
5294,45.139616,-0.287012,88.21,211.2,87.4,0.0
5295,45.138938,-0.287595,88.22,211.2,87.4,0.0
5296,45.138261,-0.288177,88.22,211.2,87.4,0.0
5297,45.137583,-0.288759,88.22,211.2,87.5,0.0
5298,45.136905,-0.289341,88.22,211.2,87.5,0.0
5299,45.136228,-0.289924,88.22,211.2,87.5,0.0
5300,45.13555,-0.290506,88.22,211.2,87.5,0.0
5301,45.134872,-0.291088,88.22,211.2,87.6,0.0
5302,45.134195,-0.291671,88.22,211.2,87.6,0.0
5303,45.133517,-0.292253,88.22,211.2,87.6,0.0
5304,45.132839,-0.292835,88.22,211.2,87.6,0.0
5305,45.132162,-0.293418,88.22,211.2,87.7,0.0
5306,45.131484,-0.294,88.22,211.2,87.7,0.0
5307,45.130806,-0.294582,88.22,211.2,87.7,0.0
5308,45.130129,-0.295165,88.22,211.2,87.7,0.0
5309,45.129451,-0.295747,88.22,211.2,87.8,0.0
5310,45.128773,-0.296329,88.22,211.2,87.8,0.0
5311,45.128095,-0.296912,88.22,211.2,87.8,0.0
5312,45.127418,-0.297494,88.22,211.2,87.8,0.0
5313,45.12674,-0.298076,88.22,211.2,87.8,0.0
5314,45.126062,-0.298658,88.22,211.2,87.9,0.0
5315,45.125385,-0.299241,88.22,211.2,87.9,0.0
5316,45.124707,-0.299823,88.22,211.2,87.9,0.0
5317,45.124029,-0.300405,88.22,211.2,87.9,0.0
5318,45.123352,-0.300988,88.22,211.2,88.0,0.0
5319,45.122674,-0.30157,88.22,211.2,88.0,0.0
5320,45.121996,-0.302152,88.22,211.2,88.0,0.0
5321,45.121319,-0.302735,88.22,211.2,88.0,0.0
5322,45.120641,-0.303317,88.22,211.2,88.1,0.0
5323,45.119963,-0.303899,88.22,211.2,88.1,0.0
5324,45.119286,-0.304482,88.22,211.2,88.1,0.0
5325,45.118608,-0.305064,88.22,211.2,88.1,0.0
5326,45.11793,-0.305646,88.22,211.2,88.2,0.0
5327,45.117253,-0.306228,88.22,211.2,88.2,0.0
5328,45.116575,-0.306811,88.22,211.2,88.2,0.0
5329,45.115897,-0.307393,88.22,211.2,88.2,0.0
5330,45.11522,-0.307975,88.23,211.2,88.2,0.0
5331,45.114542,-0.308558,88.23,211.2,88.3,0.0
5332,45.113864,-0.30914,88.23,211.2,88.3,0.0
5333,45.113186,-0.309722,88.23,211.2,88.3,0.0
5334,45.112509,-0.310305,88.23,211.2,88.3,0.0
5335,45.111831,-0.310887,88.23,211.2,88.4,0.0
5336,45.111153,-0.311469,88.23,211.2,88.4,0.0
5337,45.110476,-0.312052,88.23,211.2,88.4,0.0
5338,45.109798,-0.312634,88.23,211.2,88.4,0.0
5339,45.10912,-0.313216,88.23,211.2,88.4,0.0
5340,45.108443,-0.313798,88.23,211.2,88.5,0.0
5341,45.107765,-0.314381,88.23,211.2,88.5,0.0
5342,45.107087,-0.314963,88.23,211.2,88.5,0.0
5343,45.10641,-0.315545,88.23,211.2,88.5,0.0
5344,45.105732,-0.316128,88.23,211.2,88.6,0.0
5345,45.105054,-0.31671,88.23,211.2,88.6,0.0
5346,45.104377,-0.317292,88.23,211.2,88.6,0.0
5347,45.103699,-0.317875,88.23,211.2,88.6,0.0
5348,45.103021,-0.318457,88.23,211.2,88.7,0.0
5349,45.102344,-0.319039,88.23,211.2,88.7,0.0
5350,45.101666,-0.319622,88.23,211.2,88.7,0.0
5351,45.100988,-0.320204,88.23,211.2,88.7,0.0
5352,45.100311,-0.320786,88.23,211.2,88.7,0.0
5353,45.099633,-0.321369,88.23,211.2,88.8,0.0
5354,45.098955,-0.321951,88.23,211.2,88.8,0.0
5355,45.098278,-0.322533,88.23,211.2,88.8,0.0
5356,45.0976,-0.323115,88.23,211.2,88.8,0.0
5357,45.096922,-0.323698,88.23,211.2,88.9,0.0
5358,45.096244,-0.32428,88.23,211.2,88.9,0.0
5359,45.095567,-0.324862,88.23,211.2,88.9,0.0
5360,45.094889,-0.325445,88.23,211.2,88.9,0.0
5361,45.094211,-0.326027,88.23,211.2,88.9,0.0
5362,45.093534,-0.326609,88.23,211.2,89.0,0.0
5363,45.092856,-0.327192,88.23,211.2,89.0,0.0
5364,45.092178,-0.327774,88.23,211.2,89.0,0.0
5365,45.091501,-0.328356,88.23,211.2,89.0,0.0
5366,45.090823,-0.328939,88.24,211.2,89.0,0.0
5367,45.090145,-0.329521,88.24,211.2,89.1,0.0
5368,45.089468,-0.330103,88.24,211.2,89.1,0.0
5369,45.08879,-0.330685,88.24,211.2,89.1,0.0
5370,45.088112,-0.331268,88.24,211.2,89.1,0.0
5371,45.087435,-0.33185,88.24,211.2,89.2,0.0
5372,45.086757,-0.332432,88.24,211.2,89.2,0.0
5373,45.086079,-0.333015,88.24,211.2,89.2,0.0
5374,45.085402,-0.333597,88.24,211.2,89.2,0.0
5375,45.084724,-0.334179,88.24,211.2,89.2,0.0
5376,45.084046,-0.334762,88.24,211.2,89.3,0.0
5377,45.083369,-0.335344,88.24,211.2,89.3,0.0
5378,45.082691,-0.335926,88.24,211.2,89.3,0.0
5379,45.082013,-0.336509,88.24,211.2,89.3,0.0
5380,45.081335,-0.337091,88.24,211.2,89.3,0.0
5381,45.080658,-0.337673,88.24,211.2,89.4,0.0
5382,45.07998,-0.338256,88.24,211.2,89.4,0.0
5383,45.079302,-0.338838,88.24,211.2,89.4,0.0
5384,45.078625,-0.33942,88.24,211.2,89.4,0.0
5385,45.077947,-0.340002,88.24,211.2,89.5,0.0
5386,45.077269,-0.340585,88.24,211.2,89.5,0.0
5387,45.076592,-0.341167,88.24,211.2,89.5,0.0
5388,45.075914,-0.341749,88.24,211.2,89.5,0.0
5389,45.075236,-0.342332,88.24,211.2,89.5,0.0
5390,45.074559,-0.342914,88.24,211.2,89.6,0.0
5391,45.073881,-0.343496,88.24,211.2,89.6,0.0
5392,45.073203,-0.344079,88.24,211.3,89.6,0.0
5393,45.072526,-0.344661,88.24,211.3,89.6,0.0
5394,45.071848,-0.345243,88.24,211.3,89.6,0.0
5395,45.07117,-0.345826,88.24,211.3,89.7,0.0
5396,45.070493,-0.346408,88.24,211.3,89.7,0.0
5397,45.069815,-0.34699,88.24,211.3,89.7,0.0
5398,45.069137,-0.347572,88.24,211.3,89.7,0.0
5399,45.06846,-0.348155,88.24,211.3,89.7,0.0
5400,45.067782,-0.348737,88.24,211.3,89.8,0.0
5401,45.067104,-0.349319,88.25,211.3,89.8,0.0
5402,45.066426,-0.349902,88.25,211.3,89.8,0.0
5403,45.065749,-0.350484,88.25,211.3,89.8,0.0
5404,45.065071,-0.351066,88.25,211.3,89.8,0.0
5405,45.064393,-0.351649,88.25,211.3,89.9,0.0
5406,45.063716,-0.352231,88.25,211.3,89.9,0.0
5407,45.063038,-0.352813,88.25,211.3,89.9,0.0
5408,45.06236,-0.353396,88.25,211.3,89.9,0.0
5409,45.061683,-0.353978,88.25,211.3,89.9,0.0
5410,45.061005,-0.35456,88.25,211.3,90.0,0.0
5411,45.060327,-0.355142,88.25,211.3,90.0,0.0
5412,45.05965,-0.355725,88.25,211.3,90.0,0.0
5413,45.058972,-0.356307,88.25,211.3,90.0,0.0
5414,45.058294,-0.356889,88.25,211.3,90.0,0.0
5415,45.057617,-0.357472,88.25,211.3,90.1,0.0
5416,45.056939,-0.358054,88.25,211.3,90.1,0.0
5417,45.056261,-0.358636,88.25,211.3,90.1,0.0
5418,45.055584,-0.359219,88.25,211.3,90.1,0.0
5419,45.054906,-0.359801,88.25,211.3,90.1,0.0
5420,45.054228,-0.360383,88.25,211.3,90.2,0.0
5421,45.053551,-0.360966,88.25,211.3,90.2,0.0
5422,45.052873,-0.361548,88.25,211.3,90.2,0.0
5423,45.052195,-0.36213,88.25,211.3,90.2,0.0
5424,45.051518,-0.362713,88.25,211.3,90.2,0.0
5425,45.05084,-0.363295,88.25,211.3,90.3,0.0
5426,45.050162,-0.363877,88.25,211.3,90.3,0.0
5427,45.049484,-0.364459,88.25,211.3,90.3,0.0
5428,45.048807,-0.365042,88.25,211.3,90.3,0.0
5429,45.048129,-0.365624,88.25,211.3,90.3,0.0
5430,45.047451,-0.366206,88.25,211.3,90.4,0.0
5431,45.046774,-0.366789,88.25,211.3,90.4,0.0
5432,45.046096,-0.367371,88.25,211.3,90.4,0.0
5433,45.045418,-0.367953,88.25,211.3,90.4,0.0
5434,45.044741,-0.368536,88.25,211.3,90.4,0.0
5435,45.044063,-0.369118,88.25,211.3,90.5,0.0
5436,45.043385,-0.3697,88.25,211.3,90.5,0.0
5437,45.042708,-0.370283,88.26,211.3,90.5,0.0
5438,45.04203,-0.370865,88.26,211.3,90.5,0.0
5439,45.041352,-0.371447,88.26,211.3,90.5,0.0
5440,45.040675,-0.372029,88.26,211.3,90.6,0.0
5441,45.039997,-0.372612,88.26,211.3,90.6,0.0
5442,45.039319,-0.373194,88.26,211.3,90.6,0.0
5443,45.038642,-0.373776,88.26,211.3,90.6,0.0
5444,45.037964,-0.374359,88.26,211.3,90.6,0.0
5445,45.037286,-0.374941,88.26,211.3,90.6,0.0
5446,45.036609,-0.375523,88.26,211.3,90.7,0.0
5447,45.035931,-0.376106,88.26,211.3,90.7,0.0
5448,45.035253,-0.376688,88.26,211.3,90.7,0.0
5449,45.034575,-0.37727,88.26,211.3,90.7,0.0
5450,45.033898,-0.377853,88.26,211.3,90.7,0.0
5451,45.03322,-0.378435,88.26,211.3,90.8,0.0
5452,45.032542,-0.379017,88.26,211.3,90.8,0.0
5453,45.031865,-0.3796,88.26,211.3,90.8,0.0
5454,45.031187,-0.380182,88.26,211.3,90.8,0.0
5455,45.030509,-0.380764,88.26,211.3,90.8,0.0
5456,45.029832,-0.381346,88.26,211.3,90.9,0.0
5457,45.029154,-0.381929,88.26,211.3,90.9,0.0
5458,45.028476,-0.382511,88.26,211.3,90.9,0.0
5459,45.027799,-0.383093,88.26,211.3,90.9,0.0
5460,45.027121,-0.383676,88.26,211.3,90.9,0.0
5461,45.026443,-0.384258,88.26,211.3,90.9,0.0
5462,45.025766,-0.38484,88.26,211.3,91.0,0.0
5463,45.025088,-0.385423,88.26,211.3,91.0,0.0
5464,45.02441,-0.386005,88.26,211.3,91.0,0.0
5465,45.023733,-0.386587,88.26,211.3,91.0,0.0
5466,45.023055,-0.38717,88.26,211.3,91.0,0.0
5467,45.022377,-0.387752,88.26,211.3,91.1,0.0
5468,45.0217,-0.388334,88.26,211.3,91.1,0.0
5469,45.021022,-0.388916,88.26,211.3,91.1,0.0
5470,45.020344,-0.389499,88.26,211.3,91.1,0.0
5471,45.019666,-0.390081,88.26,211.3,91.1,0.0
5472,45.018989,-0.390663,88.27,211.3,91.1,0.0
5473,45.018311,-0.391246,88.27,211.3,91.2,0.0
5474,45.017633,-0.391828,88.27,211.3,91.2,0.0
5475,45.016956,-0.39241,88.27,211.3,91.2,0.0
5476,45.016278,-0.392993,88.27,211.3,91.2,0.0
5477,45.0156,-0.393575,88.27,211.3,91.2,0.0
5478,45.014923,-0.394157,88.27,211.3,91.2,0.0
5479,45.014245,-0.39474,88.27,211.3,91.3,0.0
5480,45.013567,-0.395322,88.27,211.3,91.3,0.0
5481,45.01289,-0.395904,88.27,211.3,91.3,0.0
5482,45.012212,-0.396486,88.27,211.3,91.3,0.0
5483,45.011534,-0.397069,88.27,211.3,91.3,0.0
5484,45.010857,-0.397651,88.27,211.3,91.4,0.0
5485,45.010179,-0.398233,88.27,211.3,91.4,0.0
5486,45.009501,-0.398816,88.27,211.3,91.4,0.0
5487,45.008824,-0.399398,88.27,211.3,91.4,0.0
5488,45.008146,-0.39998,88.27,211.3,91.4,0.0
5489,45.007468,-0.400563,88.27,211.3,91.4,0.0
5490,45.006791,-0.401145,88.27,211.3,91.5,0.0
5491,45.006113,-0.401727,88.27,211.3,91.5,0.0
5492,45.005435,-0.40231,88.27,211.3,91.5,0.0
5493,45.004758,-0.402892,88.27,211.3,91.5,0.0
5494,45.00408,-0.403474,88.27,211.3,91.5,0.0
5495,45.003402,-0.404057,88.27,211.3,91.5,0.0
5496,45.002724,-0.404639,88.27,211.3,91.6,0.0
5497,45.002047,-0.405221,88.27,211.3,91.6,0.0
5498,45.001369,-0.405803,88.27,211.3,91.6,0.0
5499,45.000691,-0.406386,88.27,211.3,91.6,0.0
5500,45.000014,-0.406968,88.27,211.3,91.6,0.0
5501,44.999336,-0.40755,88.27,211.3,91.6,0.0
5502,44.998658,-0.408133,88.27,211.3,91.7,0.0
5503,44.997981,-0.408715,88.27,211.3,91.7,0.0
5504,44.997303,-0.409297,88.27,211.3,91.7,0.0
5505,44.996625,-0.40988,88.27,211.3,91.7,0.0
5506,44.995948,-0.410462,88.27,211.3,91.7,0.0
5507,44.99527,-0.411044,88.27,211.3,91.7,0.0
5508,44.994592,-0.411627,88.28,211.3,91.8,0.0
5509,44.993915,-0.412209,88.28,211.3,91.8,0.0
5510,44.993237,-0.412791,88.28,211.3,91.8,0.0
5511,44.992559,-0.413373,88.28,211.3,91.8,0.0
5512,44.991882,-0.413956,88.28,211.3,91.8,0.0
5513,44.991204,-0.414538,88.28,211.3,91.8,0.0
5514,44.990526,-0.41512,88.28,211.3,91.9,0.0
5515,44.989849,-0.415703,88.28,211.3,91.9,0.0
5516,44.989171,-0.416285,88.28,211.3,91.9,0.0
5517,44.988493,-0.416867,88.28,211.3,91.9,0.0
5518,44.987815,-0.41745,88.28,211.3,91.9,0.0
5519,44.987138,-0.418032,88.28,211.3,91.9,0.0
5520,44.98646,-0.418614,88.28,211.3,91.9,0.0
5521,44.985782,-0.419197,88.28,211.3,92.0,0.0
5522,44.985105,-0.419779,88.28,211.3,92.0,0.0
5523,44.984427,-0.420361,88.28,211.3,92.0,0.0
5524,44.983749,-0.420943,88.28,211.3,92.0,0.0
5525,44.983072,-0.421526,88.28,211.3,92.0,0.0
5526,44.982394,-0.422108,88.28,211.3,92.0,0.0
5527,44.981716,-0.42269,88.28,211.3,92.1,0.0
5528,44.981039,-0.423273,88.28,211.3,92.1,0.0
5529,44.980361,-0.423855,88.28,211.3,92.1,0.0
5530,44.979683,-0.424437,88.28,211.3,92.1,0.0
5531,44.979006,-0.42502,88.28,211.3,92.1,0.0
5532,44.978328,-0.425602,88.28,211.3,92.1,0.0
5533,44.97765,-0.426184,88.28,211.3,92.2,0.0
5534,44.976973,-0.426767,88.28,211.3,92.2,0.0
5535,44.976295,-0.427349,88.28,211.3,92.2,0.0
5536,44.975617,-0.427931,88.28,211.3,92.2,0.0
5537,44.97494,-0.428514,88.28,211.3,92.2,0.0
5538,44.974262,-0.429096,88.28,211.3,92.2,0.0
5539,44.973584,-0.429678,88.28,211.3,92.2,0.0
5540,44.972906,-0.43026,88.28,211.3,92.3,0.0
5541,44.972229,-0.430843,88.28,211.3,92.3,0.0
5542,44.971551,-0.431425,88.28,211.3,92.3,0.0
5543,44.970873,-0.432007,88.29,211.3,92.3,0.0
5544,44.970196,-0.43259,88.29,211.3,92.3,0.0
5545,44.969518,-0.433172,88.29,211.3,92.3,0.0
5546,44.96884,-0.433754,88.29,211.3,92.3,0.0
5547,44.968163,-0.434337,88.29,211.3,92.4,0.0
5548,44.967485,-0.434919,88.29,211.3,92.4,0.0
5549,44.966807,-0.435501,88.29,211.3,92.4,0.0
5550,44.96613,-0.436084,88.29,211.3,92.4,0.0
5551,44.965452,-0.436666,88.29,211.3,92.4,0.0
5552,44.964774,-0.437248,88.29,211.3,92.4,0.0
5553,44.964097,-0.43783,88.29,211.3,92.5,0.0
5554,44.963419,-0.438413,88.29,211.3,92.5,0.0
5555,44.962741,-0.438995,88.29,211.3,92.5,0.0
5556,44.962064,-0.439577,88.29,211.3,92.5,0.0
5557,44.961386,-0.44016,88.29,211.3,92.5,0.0
5558,44.960708,-0.440742,88.29,211.3,92.5,0.0
5559,44.960031,-0.441324,88.29,211.3,92.5,0.0
5560,44.959353,-0.441907,88.29,211.3,92.6,0.0
5561,44.958675,-0.442489,88.29,211.3,92.6,0.0
5562,44.957998,-0.443071,88.29,211.3,92.6,0.0
5563,44.95732,-0.443654,88.29,211.3,92.6,0.0
5564,44.956642,-0.444236,88.29,211.3,92.6,0.0
5565,44.955964,-0.444818,88.29,211.3,92.6,0.0
5566,44.955287,-0.445401,88.29,211.3,92.6,0.0
5567,44.954609,-0.445983,88.29,211.3,92.7,0.0
5568,44.953931,-0.446565,88.29,211.3,92.7,0.0
5569,44.953254,-0.447147,88.29,211.3,92.7,0.0
5570,44.952576,-0.44773,88.29,211.3,92.7,0.0
5571,44.951898,-0.448312,88.29,211.3,92.7,0.0
5572,44.951221,-0.448894,88.29,211.3,92.7,0.0
5573,44.950543,-0.449477,88.29,211.3,92.7,0.0
5574,44.949865,-0.450059,88.29,211.3,92.7,0.0
5575,44.949188,-0.450641,88.29,211.3,92.8,0.0
5576,44.94851,-0.451224,88.29,211.3,92.8,0.0
5577,44.947832,-0.451806,88.29,211.3,92.8,0.0
5578,44.947155,-0.452388,88.29,211.3,92.8,0.0
5579,44.946477,-0.452971,88.3,211.3,92.8,0.0
5580,44.945799,-0.453553,88.3,211.3,92.8,0.0
5581,44.945122,-0.454135,88.3,211.3,92.8,0.0
5582,44.944444,-0.454717,88.3,211.3,92.9,0.0
5583,44.943766,-0.4553,88.3,211.3,92.9,0.0
5584,44.943089,-0.455882,88.3,211.3,92.9,0.0
5585,44.942411,-0.456464,88.3,211.3,92.9,0.0
5586,44.941733,-0.457047,88.3,211.3,92.9,0.0
5587,44.941055,-0.457629,88.3,211.3,92.9,0.0
5588,44.940378,-0.458211,88.3,211.3,92.9,0.0
5589,44.9397,-0.458794,88.3,211.3,92.9,0.0
5590,44.939022,-0.459376,88.3,211.3,93.0,0.0
5591,44.938345,-0.459958,88.3,211.3,93.0,0.0
5592,44.937667,-0.460541,88.3,211.3,93.0,0.0
5593,44.936989,-0.461123,88.3,211.3,93.0,0.0
5594,44.936312,-0.461705,88.3,211.3,93.0,0.0
5595,44.935634,-0.462287,88.3,211.3,93.0,0.0
5596,44.934956,-0.46287,88.3,211.3,93.0,0.0
5597,44.934279,-0.463452,88.3,211.3,93.1,0.0
5598,44.933601,-0.464034,88.3,211.3,93.1,0.0
5599,44.932923,-0.464617,88.3,211.3,93.1,0.0
5600,44.932246,-0.465199,88.3,211.3,93.1,0.0
5601,44.931568,-0.465781,88.3,211.3,93.1,0.0
5602,44.93089,-0.466364,88.3,211.3,93.1,0.0
5603,44.930213,-0.466946,88.3,211.3,93.1,0.0
5604,44.929535,-0.467528,88.3,211.3,93.1,0.0
5605,44.928857,-0.468111,88.3,211.3,93.2,0.0
5606,44.92818,-0.468693,88.3,211.3,93.2,0.0
5607,44.927502,-0.469275,88.3,211.3,93.2,0.0
5608,44.926824,-0.469858,88.3,211.3,93.2,0.0
5609,44.926146,-0.47044,88.3,211.3,93.2,0.0
5610,44.925469,-0.471022,88.3,211.3,93.2,0.0
5611,44.924791,-0.471604,88.3,211.3,93.2,0.0
5612,44.924113,-0.472187,88.3,211.3,93.2,0.0
5613,44.923436,-0.472769,88.3,211.3,93.3,0.0
5614,44.922758,-0.473351,88.3,211.3,93.3,0.0
5615,44.92208,-0.473934,88.31,211.3,93.3,0.0
5616,44.921403,-0.474516,88.31,211.3,93.3,0.0
5617,44.920725,-0.475098,88.31,211.3,93.3,0.0
5618,44.920047,-0.475681,88.31,211.3,93.3,0.0
5619,44.91937,-0.476263,88.31,211.3,93.3,0.0
5620,44.918692,-0.476845,88.31,211.3,93.3,0.0
5621,44.918014,-0.477428,88.31,211.3,93.3,0.0
5622,44.917337,-0.47801,88.31,211.3,93.4,0.0
5623,44.916659,-0.478592,88.31,211.3,93.4,0.0
5624,44.915981,-0.479174,88.31,211.3,93.4,0.0
5625,44.915304,-0.479757,88.31,211.3,93.4,0.0
5626,44.914626,-0.480339,88.31,211.3,93.4,0.0
5627,44.913948,-0.480921,88.31,211.3,93.4,0.0
5628,44.913271,-0.481504,88.31,211.3,93.4,0.0
5629,44.912593,-0.482086,88.31,211.3,93.4,0.0
5630,44.911915,-0.482668,88.31,211.3,93.5,0.0
5631,44.911238,-0.483251,88.31,211.3,93.5,0.0
5632,44.91056,-0.483833,88.31,211.3,93.5,0.0
5633,44.909882,-0.484415,88.31,211.3,93.5,0.0
5634,44.909204,-0.484998,88.31,211.3,93.5,0.0
5635,44.908527,-0.48558,88.31,211.3,93.5,0.0
5636,44.907849,-0.486162,88.31,211.3,93.5,0.0
5637,44.907171,-0.486745,88.31,211.3,93.5,0.0
5638,44.906494,-0.487327,88.31,211.3,93.5,0.0
5639,44.905816,-0.487909,88.31,211.3,93.6,0.0
5640,44.905138,-0.488491,88.31,211.3,93.6,0.0
5641,44.904461,-0.489074,88.31,211.3,93.6,0.0
5642,44.903783,-0.489656,88.31,211.3,93.6,0.0
5643,44.903105,-0.490238,88.31,211.3,93.6,0.0
5644,44.902428,-0.490821,88.31,211.3,93.6,0.0
5645,44.90175,-0.491403,88.31,211.3,93.6,0.0
5646,44.901072,-0.491985,88.31,211.3,93.6,0.0
5647,44.900395,-0.492568,88.31,211.3,93.6,0.0
5648,44.899717,-0.49315,88.31,211.3,93.7,0.0
5649,44.899039,-0.493732,88.31,211.3,93.7,0.0
5650,44.898362,-0.494315,88.32,211.3,93.7,0.0
5651,44.897684,-0.494897,88.32,211.3,93.7,0.0
5652,44.897006,-0.495479,88.32,211.3,93.7,0.0
5653,44.896329,-0.496061,88.32,211.3,93.7,0.0
5654,44.895651,-0.496644,88.32,211.3,93.7,0.0
5655,44.894973,-0.497226,88.32,211.3,93.7,0.0
5656,44.894295,-0.497808,88.32,211.3,93.7,0.0
5657,44.893618,-0.498391,88.32,211.3,93.7,0.0
5658,44.89294,-0.498973,88.32,211.3,93.8,0.0
5659,44.892262,-0.499555,88.32,211.3,93.8,0.0
5660,44.891585,-0.500138,88.32,211.3,93.8,0.0
5661,44.890907,-0.50072,88.32,211.3,93.8,0.0
5662,44.890229,-0.501302,88.32,211.3,93.8,0.0
5663,44.889552,-0.501885,88.32,211.3,93.8,0.0
5664,44.888874,-0.502467,88.32,211.3,93.8,0.0
5665,44.888196,-0.503049,88.32,211.3,93.8,0.0
5666,44.887519,-0.503631,88.32,211.3,93.8,0.0
5667,44.886841,-0.504214,88.32,211.3,93.8,0.0
5668,44.886163,-0.504796,88.32,211.3,93.9,0.0
5669,44.885486,-0.505378,88.32,211.3,93.9,0.0
5670,44.884808,-0.505961,88.32,211.3,93.9,0.0
5671,44.88413,-0.506543,88.32,211.3,93.9,0.0
5672,44.883453,-0.507125,88.32,211.3,93.9,0.0
5673,44.882775,-0.507708,88.32,211.3,93.9,0.0
5674,44.882097,-0.50829,88.32,211.3,93.9,0.0
5675,44.88142,-0.508872,88.32,211.3,93.9,0.0
5676,44.880742,-0.509455,88.32,211.3,93.9,0.0
5677,44.880064,-0.510037,88.32,211.3,93.9,0.0
5678,44.879386,-0.510619,88.32,211.3,94.0,0.0
5679,44.878709,-0.511202,88.32,211.3,94.0,0.0
5680,44.878031,-0.511784,88.32,211.3,94.0,0.0
5681,44.877353,-0.512366,88.32,211.3,94.0,0.0
5682,44.876676,-0.512948,88.32,211.3,94.0,0.0
5683,44.875998,-0.513531,88.32,211.3,94.0,0.0
5684,44.87532,-0.514113,88.32,211.3,94.0,0.0
5685,44.874643,-0.514695,88.32,211.3,94.0,0.0
5686,44.873965,-0.515278,88.33,211.3,94.0,0.0
5687,44.873287,-0.51586,88.33,211.3,94.0,0.0
5688,44.87261,-0.516442,88.33,211.3,94.0,0.0
5689,44.871932,-0.517025,88.33,211.3,94.1,0.0
5690,44.871254,-0.517607,88.33,211.3,94.1,0.0
5691,44.870577,-0.518189,88.33,211.3,94.1,0.0
5692,44.869899,-0.518772,88.33,211.3,94.1,0.0
5693,44.869221,-0.519354,88.33,211.3,94.1,0.0
5694,44.868544,-0.519936,88.33,211.3,94.1,0.0
5695,44.867866,-0.520518,88.33,211.3,94.1,0.0
5696,44.867188,-0.521101,88.33,211.3,94.1,0.0
5697,44.866511,-0.521683,88.33,211.3,94.1,0.0
5698,44.865833,-0.522265,88.33,211.3,94.1,0.0
5699,44.865155,-0.522848,88.33,211.3,94.1,0.0
5700,44.864478,-0.52343,88.33,211.3,94.2,0.0
5701,44.8638,-0.524012,88.33,211.3,94.2,0.0
5702,44.863122,-0.524595,88.33,211.3,94.2,0.0
5703,44.862444,-0.525177,88.33,211.3,94.2,0.0
5704,44.861767,-0.525759,88.33,211.3,94.2,0.0
5705,44.861089,-0.526342,88.33,211.3,94.2,0.0
5706,44.860411,-0.526924,88.33,211.3,94.2,0.0
5707,44.859734,-0.527506,88.33,211.3,94.2,0.0
5708,44.859056,-0.528088,88.33,211.3,94.2,0.0
5709,44.858378,-0.528671,88.33,211.3,94.2,0.0
5710,44.857701,-0.529253,88.33,211.3,94.2,0.0
5711,44.857023,-0.529835,88.33,211.3,94.2,0.0
5712,44.856345,-0.530418,88.33,211.3,94.3,0.0
5713,44.855668,-0.531,88.33,211.3,94.3,0.0
5714,44.85499,-0.531582,88.33,211.3,94.3,0.0
5715,44.854312,-0.532165,88.33,211.3,94.3,0.0
5716,44.853635,-0.532747,88.33,211.3,94.3,0.0
5717,44.852957,-0.533329,88.33,211.3,94.3,0.0
5718,44.852279,-0.533912,88.33,211.3,94.3,0.0
5719,44.851602,-0.534494,88.33,211.3,94.3,0.0
5720,44.850924,-0.535076,88.33,211.3,94.3,0.0
5721,44.850246,-0.535659,88.34,211.3,94.3,0.0
5722,44.849569,-0.536241,88.34,211.3,94.3,0.0
5723,44.848891,-0.536823,88.34,211.3,94.3,0.0
5724,44.848213,-0.537405,88.34,211.3,94.3,0.0
5725,44.847535,-0.537988,88.34,211.4,94.4,0.0
5726,44.846858,-0.53857,88.34,211.4,94.4,0.0
5727,44.84618,-0.539152,88.34,211.4,94.4,0.0
5728,44.845502,-0.539735,88.34,211.4,94.4,0.0
5729,44.844825,-0.540317,88.34,211.4,94.4,0.0
5730,44.844147,-0.540899,88.34,211.4,94.4,0.0
5731,44.843469,-0.541482,88.34,211.4,94.4,0.0
5732,44.842792,-0.542064,88.34,211.4,94.4,0.0
5733,44.842114,-0.542646,88.34,211.4,94.4,0.0
5734,44.841436,-0.543229,88.34,211.4,94.4,0.0
5735,44.840759,-0.543811,88.34,211.4,94.4,0.0
5736,44.840081,-0.544393,88.34,211.4,94.4,0.0
5737,44.839403,-0.544975,88.34,211.4,94.4,0.0
5738,44.838726,-0.545558,88.34,211.4,94.4,0.0
5739,44.838048,-0.54614,88.34,211.4,94.5,0.0
5740,44.83737,-0.546722,88.34,211.4,94.5,0.0
5741,44.836693,-0.547305,88.34,211.4,94.5,0.0
5742,44.836015,-0.547887,88.34,211.4,94.5,0.0
5743,44.835337,-0.548469,88.34,211.4,94.5,0.0
5744,44.83466,-0.549052,88.34,211.4,94.5,0.0
5745,44.833982,-0.549634,88.34,211.4,94.5,0.0
5746,44.833304,-0.550216,88.34,211.4,94.5,0.0
5747,44.832626,-0.550799,88.34,211.4,94.5,0.0
5748,44.831949,-0.551381,88.34,211.4,94.5,0.0
5749,44.831271,-0.551963,88.34,211.4,94.5,0.0
5750,44.830593,-0.552546,88.34,211.4,94.5,0.0
5751,44.829916,-0.553128,88.34,211.4,94.5,0.0
5752,44.829238,-0.55371,88.34,211.4,94.5,0.0
5753,44.82856,-0.554292,88.34,211.4,94.5,0.0
5754,44.827883,-0.554875,88.34,211.4,94.5,0.0
5755,44.827205,-0.555457,88.34,211.4,94.6,0.0
5756,44.826527,-0.556039,88.34,211.4,94.6,0.0
5757,44.82585,-0.556622,88.35,211.4,94.6,0.0
5758,44.826508,-0.556056,85.82,31.4,94.6,0.0
5759,44.827186,-0.555474,88.34,31.4,94.6,0.0
5760,44.827863,-0.554891,88.34,31.4,94.6,0.0
5761,44.828541,-0.554309,88.34,31.4,94.6,0.0
5762,44.829219,-0.553727,88.34,31.4,94.6,0.0
5763,44.829896,-0.553144,88.34,31.4,94.6,0.0
5764,44.830574,-0.552562,88.34,31.4,94.6,0.0
5765,44.831252,-0.55198,88.34,31.4,94.6,0.0
5766,44.831929,-0.551398,88.34,31.4,94.6,0.0
5767,44.832607,-0.550815,88.34,31.4,94.6,0.0
5768,44.833285,-0.550233,88.34,31.4,94.6,0.0
5769,44.833962,-0.549651,88.34,31.4,94.6,0.0
5770,44.83464,-0.549068,88.34,31.4,94.6,0.0
5771,44.835318,-0.548486,88.34,31.4,94.6,0.0
5772,44.835996,-0.547904,88.34,31.4,94.7,0.0
5773,44.836673,-0.547321,88.34,31.4,94.7,0.0
5774,44.837351,-0.546739,88.34,31.4,94.7,0.0
5775,44.838029,-0.546157,88.34,31.4,94.7,0.0
5776,44.838706,-0.545574,88.34,31.4,94.7,0.0
5777,44.839384,-0.544992,88.34,31.4,94.7,0.0
5778,44.840062,-0.54441,88.34,31.4,94.7,0.0
5779,44.840739,-0.543828,88.34,31.4,94.7,0.0
5780,44.841417,-0.543245,88.34,31.4,94.7,0.0
5781,44.842095,-0.542663,88.34,31.4,94.7,0.0
5782,44.842772,-0.542081,88.34,31.4,94.7,0.0
5783,44.84345,-0.541498,88.34,31.4,94.7,0.0
5784,44.844128,-0.540916,88.34,31.4,94.7,0.0
5785,44.844805,-0.540334,88.34,31.4,94.7,0.0
5786,44.845483,-0.539751,88.34,31.4,94.7,0.0
5787,44.846161,-0.539169,88.34,31.4,94.7,0.0
5788,44.846838,-0.538587,88.34,31.4,94.7,0.0
5789,44.847516,-0.538004,88.34,31.4,94.7,0.0
5790,44.848194,-0.537422,88.34,31.3,94.7,0.0
5791,44.848871,-0.53684,88.34,31.3,94.8,0.0
5792,44.849549,-0.536257,88.34,31.3,94.8,0.0
5793,44.850227,-0.535675,88.34,31.3,94.8,0.0
5794,44.850905,-0.535093,88.33,31.3,94.8,0.0
5795,44.851582,-0.534511,88.33,31.3,94.8,0.0
5796,44.85226,-0.533928,88.33,31.3,94.8,0.0
5797,44.852938,-0.533346,88.33,31.3,94.8,0.0
5798,44.853615,-0.532764,88.33,31.3,94.8,0.0
5799,44.854293,-0.532181,88.33,31.3,94.8,0.0
5800,44.854971,-0.531599,88.33,31.3,94.8,0.0
5801,44.855648,-0.531017,88.33,31.3,94.8,0.0
5802,44.856326,-0.530434,88.33,31.3,94.8,0.0
5803,44.857004,-0.529852,88.33,31.3,94.8,0.0
5804,44.857681,-0.52927,88.33,31.3,94.8,0.0
5805,44.858359,-0.528687,88.33,31.3,94.8,0.0
5806,44.859037,-0.528105,88.33,31.3,94.8,0.0
5807,44.859714,-0.527523,88.33,31.3,94.8,0.0
5808,44.860392,-0.526941,88.33,31.3,94.8,0.0
5809,44.86107,-0.526358,88.33,31.3,94.8,0.0
5810,44.861747,-0.525776,88.33,31.3,94.8,0.0
5811,44.862425,-0.525194,88.33,31.3,94.8,0.0
5812,44.863103,-0.524611,88.33,31.3,94.8,0.0
5813,44.86378,-0.524029,88.33,31.3,94.8,0.0
5814,44.864458,-0.523447,88.33,31.3,94.8,0.0
5815,44.865136,-0.522864,88.33,31.3,94.8,0.0
5816,44.865814,-0.522282,88.33,31.3,94.9,0.0
5817,44.866491,-0.5217,88.33,31.3,94.9,0.0
5818,44.867169,-0.521117,88.33,31.3,94.9,0.0
5819,44.867847,-0.520535,88.33,31.3,94.9,0.0
5820,44.868524,-0.519953,88.33,31.3,94.9,0.0
5821,44.869202,-0.51937,88.33,31.3,94.9,0.0
5822,44.86988,-0.518788,88.33,31.3,94.9,0.0
5823,44.870557,-0.518206,88.33,31.3,94.9,0.0
5824,44.871235,-0.517624,88.33,31.3,94.9,0.0
5825,44.871913,-0.517041,88.33,31.3,94.9,0.0
5826,44.87259,-0.516459,88.33,31.3,94.9,0.0
5827,44.873268,-0.515877,88.33,31.3,94.9,0.0
5828,44.873946,-0.515294,88.33,31.3,94.9,0.0
5829,44.874623,-0.514712,88.32,31.3,94.9,0.0
5830,44.875301,-0.51413,88.32,31.3,94.9,0.0
5831,44.875979,-0.513547,88.32,31.3,94.9,0.0
5832,44.876656,-0.512965,88.32,31.3,94.9,0.0
5833,44.877334,-0.512383,88.32,31.3,94.9,0.0
5834,44.878012,-0.5118,88.32,31.3,94.9,0.0
5835,44.878689,-0.511218,88.32,31.3,94.9,0.0
5836,44.879367,-0.510636,88.32,31.3,94.9,0.0
5837,44.880045,-0.510054,88.32,31.3,94.9,0.0
5838,44.880722,-0.509471,88.32,31.3,94.9,0.0
5839,44.8814,-0.508889,88.32,31.3,94.9,0.0
5840,44.882078,-0.508307,88.32,31.3,94.9,0.0
5841,44.882756,-0.507724,88.32,31.3,94.9,0.0
5842,44.883433,-0.507142,88.32,31.3,94.9,0.0
5843,44.884111,-0.50656,88.32,31.3,94.9,0.0
5844,44.884789,-0.505977,88.32,31.3,94.9,0.0
5845,44.885466,-0.505395,88.32,31.3,94.9,0.0
5846,44.886144,-0.504813,88.32,31.3,94.9,0.0
5847,44.886822,-0.50423,88.32,31.3,94.9,0.0
5848,44.887499,-0.503648,88.32,31.3,94.9,0.0
5849,44.888177,-0.503066,88.32,31.3,94.9,0.0
5850,44.888855,-0.502484,88.32,31.3,94.9,0.0
5851,44.889532,-0.501901,88.32,31.3,95.0,0.0
5852,44.89021,-0.501319,88.32,31.3,95.0,0.0
5853,44.890888,-0.500737,88.32,31.3,95.0,0.0
5854,44.891565,-0.500154,88.32,31.3,95.0,0.0
5855,44.892243,-0.499572,88.32,31.3,95.0,0.0
5856,44.892921,-0.49899,88.32,31.3,95.0,0.0
5857,44.893598,-0.498407,88.32,31.3,95.0,0.0
5858,44.894276,-0.497825,88.32,31.3,95.0,0.0
5859,44.894954,-0.497243,88.32,31.3,95.0,0.0
5860,44.895631,-0.49666,88.32,31.3,95.0,0.0
5861,44.896309,-0.496078,88.32,31.3,95.0,0.0
5862,44.896987,-0.495496,88.32,31.3,95.0,0.0
5863,44.897665,-0.494913,88.32,31.3,95.0,0.0
5864,44.898342,-0.494331,88.32,31.3,95.0,0.0
5865,44.89902,-0.493749,88.31,31.3,95.0,0.0
5866,44.899698,-0.493167,88.31,31.3,95.0,0.0
5867,44.900375,-0.492584,88.31,31.3,95.0,0.0
5868,44.901053,-0.492002,88.31,31.3,95.0,0.0
5869,44.901731,-0.49142,88.31,31.3,95.0,0.0
5870,44.902408,-0.490837,88.31,31.3,95.0,0.0
5871,44.903086,-0.490255,88.31,31.3,95.0,0.0
5872,44.903764,-0.489673,88.31,31.3,95.0,0.0
5873,44.904441,-0.48909,88.31,31.3,95.0,0.0
5874,44.905119,-0.488508,88.31,31.3,95.0,0.0
5875,44.905797,-0.487926,88.31,31.3,95.0,0.0
5876,44.906474,-0.487343,88.31,31.3,95.0,0.0
5877,44.907152,-0.486761,88.31,31.3,95.0,0.0
5878,44.90783,-0.486179,88.31,31.3,95.0,0.0
5879,44.908507,-0.485597,88.31,31.3,95.0,0.0
5880,44.909185,-0.485014,88.31,31.3,95.0,0.0
5881,44.909863,-0.484432,88.31,31.3,95.0,0.0
5882,44.91054,-0.48385,88.31,31.3,95.0,0.0
5883,44.911218,-0.483267,88.31,31.3,95.0,0.0
5884,44.911896,-0.482685,88.31,31.3,95.0,0.0
5885,44.912574,-0.482103,88.31,31.3,95.0,0.0
5886,44.913251,-0.48152,88.31,31.3,95.0,0.0
5887,44.913929,-0.480938,88.31,31.3,95.0,0.0
5888,44.914607,-0.480356,88.31,31.3,95.0,0.0
5889,44.915284,-0.479773,88.31,31.3,95.0,0.0
5890,44.915962,-0.479191,88.31,31.3,95.0,0.0
5891,44.91664,-0.478609,88.31,31.3,95.0,0.0
5892,44.917317,-0.478027,88.31,31.3,95.0,0.0
5893,44.917995,-0.477444,88.31,31.3,95.0,0.0
5894,44.918673,-0.476862,88.31,31.3,95.0,0.0
5895,44.91935,-0.47628,88.31,31.3,95.0,0.0
5896,44.920028,-0.475697,88.31,31.3,95.0,0.0
5897,44.920706,-0.475115,88.31,31.3,95.0,0.0
5898,44.921383,-0.474533,88.31,31.3,95.0,0.0
5899,44.922061,-0.47395,88.31,31.3,95.0,0.0
5900,44.922739,-0.473368,88.3,31.3,95.0,0.0
5901,44.923416,-0.472786,88.3,31.3,95.0,0.0
5902,44.924094,-0.472203,88.3,31.3,95.0,0.0
5903,44.924772,-0.471621,88.3,31.3,95.0,0.0
5904,44.925449,-0.471039,88.3,31.3,95.0,0.0
5905,44.926127,-0.470456,88.3,31.3,95.0,0.0
5906,44.926805,-0.469874,88.3,31.3,95.0,0.0
5907,44.927482,-0.469292,88.3,31.3,95.0,0.0
5908,44.92816,-0.46871,88.3,31.3,95.0,0.0
5909,44.928838,-0.468127,88.3,31.3,95.0,0.0
5910,44.929516,-0.467545,88.3,31.3,95.0,0.0
5911,44.930193,-0.466963,88.3,31.3,95.0,0.0
5912,44.930871,-0.46638,88.3,31.3,95.0,0.0
5913,44.931549,-0.465798,88.3,31.3,95.0,0.0
5914,44.932226,-0.465216,88.3,31.3,95.0,0.0
5915,44.932904,-0.464633,88.3,31.3,95.0,0.0
5916,44.933582,-0.464051,88.3,31.3,95.0,0.0
5917,44.934259,-0.463469,88.3,31.3,95.0,0.0
5918,44.934937,-0.462886,88.3,31.3,95.0,0.0
5919,44.935615,-0.462304,88.3,31.3,95.0,0.0
5920,44.936292,-0.461722,88.3,31.3,95.0,0.0
5921,44.93697,-0.46114,88.3,31.3,95.0,0.0
5922,44.937648,-0.460557,88.3,31.3,95.0,0.0
5923,44.938325,-0.459975,88.3,31.3,95.0,0.0
5924,44.939003,-0.459393,88.3,31.3,95.0,0.0
5925,44.939681,-0.45881,88.3,31.3,95.0,0.0
5926,44.940358,-0.458228,88.3,31.3,95.0,0.0
5927,44.941036,-0.457646,88.3,31.3,95.0,0.0
5928,44.941714,-0.457063,88.3,31.3,95.0,0.0
5929,44.942391,-0.456481,88.3,31.3,95.0,0.0
5930,44.943069,-0.455899,88.3,31.3,95.0,0.0
5931,44.943747,-0.455316,88.3,31.3,95.0,0.0
5932,44.944425,-0.454734,88.3,31.3,95.0,0.0
5933,44.945102,-0.454152,88.3,31.3,95.0,0.0
5934,44.94578,-0.453569,88.3,31.3,95.0,0.0
5935,44.946458,-0.452987,88.3,31.3,95.0,0.0
5936,44.947135,-0.452405,88.29,31.3,95.0,0.0
5937,44.947813,-0.451823,88.29,31.3,95.0,0.0
5938,44.948491,-0.45124,88.29,31.3,95.0,0.0
5939,44.949168,-0.450658,88.29,31.3,95.0,0.0
5940,44.949846,-0.450076,88.29,31.3,95.0,0.0
5941,44.950524,-0.449493,88.29,31.3,95.0,0.0
5942,44.951201,-0.448911,88.29,31.3,95.0,0.0
5943,44.951879,-0.448329,88.29,31.3,95.0,0.0
5944,44.952557,-0.447746,88.29,31.3,95.0,0.0
5945,44.953234,-0.447164,88.29,31.3,95.0,0.0
5946,44.953912,-0.446582,88.29,31.3,95.0,0.0
5947,44.95459,-0.445999,88.29,31.3,94.9,0.0
5948,44.955267,-0.445417,88.29,31.3,94.9,0.0
5949,44.955945,-0.444835,88.29,31.3,94.9,0.0
5950,44.956623,-0.444253,88.29,31.3,94.9,0.0
5951,44.9573,-0.44367,88.29,31.3,94.9,0.0
5952,44.957978,-0.443088,88.29,31.3,94.9,0.0
5953,44.958656,-0.442506,88.29,31.3,94.9,0.0
5954,44.959333,-0.441923,88.29,31.3,94.9,0.0
5955,44.960011,-0.441341,88.29,31.3,94.9,0.0
5956,44.960689,-0.440759,88.29,31.3,94.9,0.0
5957,44.961367,-0.440176,88.29,31.3,94.9,0.0
5958,44.962044,-0.439594,88.29,31.3,94.9,0.0
5959,44.962722,-0.439012,88.29,31.3,94.9,0.0
5960,44.9634,-0.438429,88.29,31.3,94.9,0.0
5961,44.964077,-0.437847,88.29,31.3,94.9,0.0
5962,44.964755,-0.437265,88.29,31.3,94.9,0.0
5963,44.965433,-0.436683,88.29,31.3,94.9,0.0
5964,44.96611,-0.4361,88.29,31.3,94.9,0.0
5965,44.966788,-0.435518,88.29,31.3,94.9,0.0
5966,44.967466,-0.434936,88.29,31.3,94.9,0.0
5967,44.968143,-0.434353,88.29,31.3,94.9,0.0
5968,44.968821,-0.433771,88.29,31.3,94.9,0.0
5969,44.969499,-0.433189,88.29,31.3,94.9,0.0
5970,44.970176,-0.432606,88.29,31.3,94.9,0.0
5971,44.970854,-0.432024,88.29,31.3,94.9,0.0
5972,44.971532,-0.431442,88.28,31.3,94.9,0.0
5973,44.972209,-0.430859,88.28,31.3,94.9,0.0
5974,44.972887,-0.430277,88.28,31.3,94.9,0.0
5975,44.973565,-0.429695,88.28,31.3,94.9,0.0
5976,44.974242,-0.429112,88.28,31.3,94.9,0.0
5977,44.97492,-0.42853,88.28,31.3,94.9,0.0
5978,44.975598,-0.427948,88.28,31.3,94.9,0.0
5979,44.976276,-0.427366,88.28,31.3,94.9,0.0
5980,44.976953,-0.426783,88.28,31.3,94.9,0.0
5981,44.977631,-0.426201,88.28,31.3,94.9,0.0
5982,44.978309,-0.425619,88.28,31.3,94.8,0.0
5983,44.978986,-0.425036,88.28,31.3,94.8,0.0
5984,44.979664,-0.424454,88.28,31.3,94.8,0.0
5985,44.980342,-0.423872,88.28,31.3,94.8,0.0
5986,44.981019,-0.423289,88.28,31.3,94.8,0.0
5987,44.981697,-0.422707,88.28,31.3,94.8,0.0
5988,44.982375,-0.422125,88.28,31.3,94.8,0.0
5989,44.983052,-0.421542,88.28,31.3,94.8,0.0
5990,44.98373,-0.42096,88.28,31.3,94.8,0.0
5991,44.984408,-0.420378,88.28,31.3,94.8,0.0
5992,44.985085,-0.419796,88.28,31.3,94.8,0.0
5993,44.985763,-0.419213,88.28,31.3,94.8,0.0
5994,44.986441,-0.418631,88.28,31.3,94.8,0.0
5995,44.987118,-0.418049,88.28,31.3,94.8,0.0
5996,44.987796,-0.417466,88.28,31.3,94.8,0.0
5997,44.988474,-0.416884,88.28,31.3,94.8,0.0
5998,44.989151,-0.416302,88.28,31.3,94.8,0.0
5999,44.989829,-0.415719,88.28,31.3,94.8,0.0
6000,44.990507,-0.415137,88.28,31.3,94.8,0.0
6001,44.991185,-0.414555,88.28,31.3,94.8,0.0
6002,44.991862,-0.413972,88.28,31.3,94.8,0.0
6003,44.99254,-0.41339,88.28,31.3,94.8,0.0
6004,44.993218,-0.412808,88.28,31.3,94.8,0.0
6005,44.993895,-0.412225,88.28,31.3,94.8,0.0
6006,44.994573,-0.411643,88.28,31.3,94.8,0.0
6007,44.995251,-0.411061,88.27,31.3,94.7,0.0
6008,44.995928,-0.410479,88.27,31.3,94.7,0.0
6009,44.996606,-0.409896,88.27,31.3,94.7,0.0
6010,44.997284,-0.409314,88.27,31.3,94.7,0.0
6011,44.997961,-0.408732,88.27,31.3,94.7,0.0
6012,44.998639,-0.408149,88.27,31.3,94.7,0.0
6013,44.999317,-0.407567,88.27,31.3,94.7,0.0
6014,44.999994,-0.406985,88.27,31.3,94.7,0.0
6015,45.000672,-0.406402,88.27,31.3,94.7,0.0
6016,45.00135,-0.40582,88.27,31.3,94.7,0.0
6017,45.002027,-0.405238,88.27,31.3,94.7,0.0
6018,45.002705,-0.404655,88.27,31.3,94.7,0.0
6019,45.003383,-0.404073,88.27,31.3,94.7,0.0
6020,45.00406,-0.403491,88.27,31.3,94.7,0.0
6021,45.004738,-0.402909,88.27,31.3,94.7,0.0
6022,45.005416,-0.402326,88.27,31.3,94.7,0.0
6023,45.006093,-0.401744,88.27,31.3,94.7,0.0
6024,45.006771,-0.401162,88.27,31.3,94.7,0.0
6025,45.007449,-0.400579,88.27,31.3,94.7,0.0
6026,45.008127,-0.399997,88.27,31.3,94.6,0.0
6027,45.008804,-0.399415,88.27,31.3,94.6,0.0
6028,45.009482,-0.398832,88.27,31.3,94.6,0.0
6029,45.01016,-0.39825,88.27,31.3,94.6,0.0
6030,45.010837,-0.397668,88.27,31.3,94.6,0.0
6031,45.011515,-0.397085,88.27,31.3,94.6,0.0
6032,45.012193,-0.396503,88.27,31.3,94.6,0.0
6033,45.01287,-0.395921,88.27,31.3,94.6,0.0
6034,45.013548,-0.395339,88.27,31.3,94.6,0.0
6035,45.014226,-0.394756,88.27,31.3,94.6,0.0
6036,45.014903,-0.394174,88.27,31.3,94.6,0.0
6037,45.015581,-0.393592,88.27,31.3,94.6,0.0
6038,45.016259,-0.393009,88.27,31.3,94.6,0.0
6039,45.016936,-0.392427,88.27,31.3,94.6,0.0
6040,45.017614,-0.391845,88.27,31.3,94.6,0.0
6041,45.018292,-0.391262,88.27,31.3,94.6,0.0
6042,45.018969,-0.39068,88.27,31.3,94.6,0.0
6043,45.019647,-0.390098,88.26,31.3,94.6,0.0
6044,45.020325,-0.389515,88.26,31.3,94.5,0.0
6045,45.021002,-0.388933,88.26,31.3,94.5,0.0
6046,45.02168,-0.388351,88.26,31.3,94.5,0.0
6047,45.022358,-0.387768,88.26,31.3,94.5,0.0
6048,45.023036,-0.387186,88.26,31.3,94.5,0.0
6049,45.023713,-0.386604,88.26,31.3,94.5,0.0
6050,45.024391,-0.386022,88.26,31.3,94.5,0.0
6051,45.025069,-0.385439,88.26,31.3,94.5,0.0
6052,45.025746,-0.384857,88.26,31.3,94.5,0.0
6053,45.026424,-0.384275,88.26,31.3,94.5,0.0
6054,45.027102,-0.383692,88.26,31.3,94.5,0.0
6055,45.027779,-0.38311,88.26,31.3,94.5,0.0
6056,45.028457,-0.382528,88.26,31.3,94.5,0.0
6057,45.029135,-0.381945,88.26,31.3,94.5,0.0
6058,45.029812,-0.381363,88.26,31.3,94.5,0.0
6059,45.03049,-0.380781,88.26,31.3,94.4,0.0
6060,45.031168,-0.380198,88.26,31.3,94.4,0.0
6061,45.031845,-0.379616,88.26,31.3,94.4,0.0
6062,45.032523,-0.379034,88.26,31.3,94.4,0.0
6063,45.033201,-0.378452,88.26,31.3,94.4,0.0
6064,45.033878,-0.377869,88.26,31.3,94.4,0.0
6065,45.034556,-0.377287,88.26,31.3,94.4,0.0
6066,45.035234,-0.376705,88.26,31.3,94.4,0.0
6067,45.035911,-0.376122,88.26,31.3,94.4,0.0
6068,45.036589,-0.37554,88.26,31.3,94.4,0.0
6069,45.037267,-0.374958,88.26,31.3,94.4,0.0
6070,45.037945,-0.374375,88.26,31.3,94.4,0.0
6071,45.038622,-0.373793,88.26,31.3,94.4,0.0
6072,45.0393,-0.373211,88.26,31.3,94.4,0.0
6073,45.039978,-0.372628,88.26,31.3,94.3,0.0
6074,45.040655,-0.372046,88.26,31.3,94.3,0.0
6075,45.041333,-0.371464,88.26,31.3,94.3,0.0
6076,45.042011,-0.370882,88.26,31.3,94.3,0.0
6077,45.042688,-0.370299,88.26,31.3,94.3,0.0
6078,45.043366,-0.369717,88.25,31.3,94.3,0.0
6079,45.044044,-0.369135,88.25,31.3,94.3,0.0
6080,45.044721,-0.368552,88.25,31.3,94.3,0.0
6081,45.045399,-0.36797,88.25,31.3,94.3,0.0
6082,45.046077,-0.367388,88.25,31.3,94.3,0.0
6083,45.046754,-0.366805,88.25,31.3,94.3,0.0
6084,45.047432,-0.366223,88.25,31.3,94.3,0.0
6085,45.04811,-0.365641,88.25,31.3,94.3,0.0
6086,45.048787,-0.365058,88.25,31.3,94.2,0.0
6087,45.049465,-0.364476,88.25,31.3,94.2,0.0
6088,45.050143,-0.363894,88.25,31.3,94.2,0.0
6089,45.05082,-0.363311,88.25,31.3,94.2,0.0
6090,45.051498,-0.362729,88.25,31.3,94.2,0.0
6091,45.052176,-0.362147,88.25,31.3,94.2,0.0
6092,45.052853,-0.361565,88.25,31.3,94.2,0.0
6093,45.053531,-0.360982,88.25,31.3,94.2,0.0
6094,45.054209,-0.3604,88.25,31.3,94.2,0.0
6095,45.054887,-0.359818,88.25,31.3,94.2,0.0
6096,45.055564,-0.359235,88.25,31.3,94.2,0.0
6097,45.056242,-0.358653,88.25,31.3,94.2,0.0
6098,45.05692,-0.358071,88.25,31.3,94.1,0.0
6099,45.057597,-0.357488,88.25,31.3,94.1,0.0
6100,45.058275,-0.356906,88.25,31.3,94.1,0.0
6101,45.058953,-0.356324,88.25,31.3,94.1,0.0
6102,45.05963,-0.355741,88.25,31.3,94.1,0.0
6103,45.060308,-0.355159,88.25,31.3,94.1,0.0
6104,45.060986,-0.354577,88.25,31.3,94.1,0.0
6105,45.061663,-0.353995,88.25,31.3,94.1,0.0
6106,45.062341,-0.353412,88.25,31.3,94.1,0.0
6107,45.063019,-0.35283,88.25,31.3,94.1,0.0
6108,45.063696,-0.352248,88.25,31.3,94.1,0.0
6109,45.064374,-0.351665,88.25,31.3,94.0,0.0
6110,45.065052,-0.351083,88.25,31.3,94.0,0.0
6111,45.065729,-0.350501,88.25,31.3,94.0,0.0
6112,45.066407,-0.349918,88.25,31.3,94.0,0.0
6113,45.067085,-0.349336,88.25,31.3,94.0,0.0
6114,45.067762,-0.348754,88.24,31.3,94.0,0.0
6115,45.06844,-0.348171,88.24,31.3,94.0,0.0
6116,45.069118,-0.347589,88.24,31.3,94.0,0.0
6117,45.069796,-0.347007,88.24,31.3,94.0,0.0
6118,45.070473,-0.346424,88.24,31.3,94.0,0.0
6119,45.071151,-0.345842,88.24,31.3,94.0,0.0
6120,45.071829,-0.34526,88.24,31.3,93.9,0.0
6121,45.072506,-0.344678,88.24,31.3,93.9,0.0
6122,45.073184,-0.344095,88.24,31.3,93.9,0.0
6123,45.073862,-0.343513,88.24,31.2,93.9,0.0
6124,45.074539,-0.342931,88.24,31.2,93.9,0.0
6125,45.075217,-0.342348,88.24,31.2,93.9,0.0
6126,45.075895,-0.341766,88.24,31.2,93.9,0.0
6127,45.076572,-0.341184,88.24,31.2,93.9,0.0
6128,45.07725,-0.340601,88.24,31.2,93.9,0.0
6129,45.077928,-0.340019,88.24,31.2,93.9,0.0
6130,45.078605,-0.339437,88.24,31.2,93.8,0.0
6131,45.079283,-0.338854,88.24,31.2,93.8,0.0
6132,45.079961,-0.338272,88.24,31.2,93.8,0.0
6133,45.080638,-0.33769,88.24,31.2,93.8,0.0
6134,45.081316,-0.337108,88.24,31.2,93.8,0.0
6135,45.081994,-0.336525,88.24,31.2,93.8,0.0
6136,45.082671,-0.335943,88.24,31.2,93.8,0.0
6137,45.083349,-0.335361,88.24,31.2,93.8,0.0
6138,45.084027,-0.334778,88.24,31.2,93.8,0.0
6139,45.084705,-0.334196,88.24,31.2,93.8,0.0
6140,45.085382,-0.333614,88.24,31.2,93.7,0.0
6141,45.08606,-0.333031,88.24,31.2,93.7,0.0
6142,45.086738,-0.332449,88.24,31.2,93.7,0.0
6143,45.087415,-0.331867,88.24,31.2,93.7,0.0
6144,45.088093,-0.331284,88.24,31.2,93.7,0.0
6145,45.088771,-0.330702,88.24,31.2,93.7,0.0
6146,45.089448,-0.33012,88.24,31.2,93.7,0.0
6147,45.090126,-0.329538,88.24,31.2,93.7,0.0
6148,45.090804,-0.328955,88.24,31.2,93.7,0.0
6149,45.091481,-0.328373,88.23,31.2,93.7,0.0
6150,45.092159,-0.327791,88.23,31.2,93.6,0.0
6151,45.092837,-0.327208,88.23,31.2,93.6,0.0
6152,45.093514,-0.326626,88.23,31.2,93.6,0.0
6153,45.094192,-0.326044,88.23,31.2,93.6,0.0
6154,45.09487,-0.325461,88.23,31.2,93.6,0.0
6155,45.095547,-0.324879,88.23,31.2,93.6,0.0
6156,45.096225,-0.324297,88.23,31.2,93.6,0.0
6157,45.096903,-0.323714,88.23,31.2,93.6,0.0
6158,45.09758,-0.323132,88.23,31.2,93.6,0.0
6159,45.098258,-0.32255,88.23,31.2,93.5,0.0
6160,45.098936,-0.321967,88.23,31.2,93.5,0.0
6161,45.099613,-0.321385,88.23,31.2,93.5,0.0
6162,45.100291,-0.320803,88.23,31.2,93.5,0.0
6163,45.100969,-0.320221,88.23,31.2,93.5,0.0
6164,45.101647,-0.319638,88.23,31.2,93.5,0.0
6165,45.102324,-0.319056,88.23,31.2,93.5,0.0
6166,45.103002,-0.318474,88.23,31.2,93.5,0.0
6167,45.10368,-0.317891,88.23,31.2,93.5,0.0
6168,45.104357,-0.317309,88.23,31.2,93.4,0.0
6169,45.105035,-0.316727,88.23,31.2,93.4,0.0
6170,45.105713,-0.316144,88.23,31.2,93.4,0.0
6171,45.10639,-0.315562,88.23,31.2,93.4,0.0
6172,45.107068,-0.31498,88.23,31.2,93.4,0.0
6173,45.107746,-0.314397,88.23,31.2,93.4,0.0
6174,45.108423,-0.313815,88.23,31.2,93.4,0.0
6175,45.109101,-0.313233,88.23,31.2,93.4,0.0
6176,45.109779,-0.312651,88.23,31.2,93.4,0.0
6177,45.110456,-0.312068,88.23,31.2,93.3,0.0
6178,45.111134,-0.311486,88.23,31.2,93.3,0.0
6179,45.111812,-0.310904,88.23,31.2,93.3,0.0
6180,45.112489,-0.310321,88.23,31.2,93.3,0.0
6181,45.113167,-0.309739,88.23,31.2,93.3,0.0
6182,45.113845,-0.309157,88.23,31.2,93.3,0.0
6183,45.114522,-0.308574,88.23,31.2,93.3,0.0
6184,45.1152,-0.307992,88.23,31.2,93.3,0.0
6185,45.115878,-0.30741,88.22,31.2,93.2,0.0
6186,45.116556,-0.306827,88.22,31.2,93.2,0.0
6187,45.117233,-0.306245,88.22,31.2,93.2,0.0
6188,45.117911,-0.305663,88.22,31.2,93.2,0.0
6189,45.118589,-0.30508,88.22,31.2,93.2,0.0
6190,45.119266,-0.304498,88.22,31.2,93.2,0.0
6191,45.119944,-0.303916,88.22,31.2,93.2,0.0
6192,45.120622,-0.303334,88.22,31.2,93.2,0.0
6193,45.121299,-0.302751,88.22,31.2,93.1,0.0
6194,45.121977,-0.302169,88.22,31.2,93.1,0.0
6195,45.122655,-0.301587,88.22,31.2,93.1,0.0
6196,45.123332,-0.301004,88.22,31.2,93.1,0.0
6197,45.12401,-0.300422,88.22,31.2,93.1,0.0
6198,45.124688,-0.29984,88.22,31.2,93.1,0.0
6199,45.125365,-0.299257,88.22,31.2,93.1,0.0
6200,45.126043,-0.298675,88.22,31.2,93.1,0.0
6201,45.126721,-0.298093,88.22,31.2,93.0,0.0
6202,45.127398,-0.29751,88.22,31.2,93.0,0.0
6203,45.128076,-0.296928,88.22,31.2,93.0,0.0
6204,45.128754,-0.296346,88.22,31.2,93.0,0.0
6205,45.129431,-0.295764,88.22,31.2,93.0,0.0
6206,45.130109,-0.295181,88.22,31.2,93.0,0.0
6207,45.130787,-0.294599,88.22,31.2,93.0,0.0
6208,45.131465,-0.294017,88.22,31.2,93.0,0.0
6209,45.132142,-0.293434,88.22,31.2,92.9,0.0
6210,45.13282,-0.292852,88.22,31.2,92.9,0.0
6211,45.133498,-0.29227,88.22,31.2,92.9,0.0
6212,45.134175,-0.291687,88.22,31.2,92.9,0.0
6213,45.134853,-0.291105,88.22,31.2,92.9,0.0
6214,45.135531,-0.290523,88.22,31.2,92.9,0.0
6215,45.136208,-0.28994,88.22,31.2,92.9,0.0
6216,45.136886,-0.289358,88.22,31.2,92.8,0.0
6217,45.137564,-0.288776,88.22,31.2,92.8,0.0
6218,45.138241,-0.288194,88.22,31.2,92.8,0.0
6219,45.138919,-0.287611,88.22,31.2,92.8,0.0
6220,45.139597,-0.287029,88.21,31.2,92.8,0.0
6221,45.140274,-0.286447,88.21,31.2,92.8,0.0
6222,45.140952,-0.285864,88.21,31.2,92.8,0.0
6223,45.14163,-0.285282,88.21,31.2,92.8,0.0
6224,45.142307,-0.2847,88.21,31.2,92.7,0.0
6225,45.142985,-0.284117,88.21,31.2,92.7,0.0
6226,45.143663,-0.283535,88.21,31.2,92.7,0.0
6227,45.14434,-0.282953,88.21,31.2,92.7,0.0
6228,45.145018,-0.28237,88.21,31.2,92.7,0.0
6229,45.145696,-0.281788,88.21,31.2,92.7,0.0
6230,45.146373,-0.281206,88.21,31.2,92.7,0.0
6231,45.147051,-0.280623,88.21,31.2,92.6,0.0
6232,45.147729,-0.280041,88.21,31.2,92.6,0.0
6233,45.148407,-0.279459,88.21,31.2,92.6,0.0
6234,45.149084,-0.278877,88.21,31.2,92.6,0.0
6235,45.149762,-0.278294,88.21,31.2,92.6,0.0
6236,45.15044,-0.277712,88.21,31.2,92.6,0.0
6237,45.151117,-0.27713,88.21,31.2,92.6,0.0
6238,45.151795,-0.276547,88.21,31.2,92.5,0.0
6239,45.152473,-0.275965,88.21,31.2,92.5,0.0
6240,45.15315,-0.275383,88.21,31.2,92.5,0.0
6241,45.153828,-0.2748,88.21,31.2,92.5,0.0
6242,45.154506,-0.274218,88.21,31.2,92.5,0.0
6243,45.155183,-0.273636,88.21,31.2,92.5,0.0
6244,45.155861,-0.273053,88.21,31.2,92.5,0.0
6245,45.156539,-0.272471,88.21,31.2,92.4,0.0
6246,45.157216,-0.271889,88.21,31.2,92.4,0.0
6247,45.157894,-0.271307,88.21,31.2,92.4,0.0
6248,45.158572,-0.270724,88.21,31.2,92.4,0.0
6249,45.159249,-0.270142,88.21,31.2,92.4,0.0
6250,45.159927,-0.26956,88.21,31.2,92.4,0.0
6251,45.160605,-0.268977,88.21,31.2,92.4,0.0
6252,45.161282,-0.268395,88.21,31.2,92.3,0.0
6253,45.16196,-0.267813,88.21,31.2,92.3,0.0
6254,45.162638,-0.26723,88.21,31.2,92.3,0.0
6255,45.163316,-0.266648,88.21,31.2,92.3,0.0
6256,45.163993,-0.266066,88.2,31.2,92.3,0.0
6257,45.164671,-0.265483,88.2,31.2,92.3,0.0
6258,45.165349,-0.264901,88.2,31.2,92.2,0.0
6259,45.166026,-0.264319,88.2,31.2,92.2,0.0
6260,45.166704,-0.263736,88.2,31.2,92.2,0.0
6261,45.167382,-0.263154,88.2,31.2,92.2,0.0
6262,45.168059,-0.262572,88.2,31.2,92.2,0.0
6263,45.168737,-0.26199,88.2,31.2,92.2,0.0
6264,45.169415,-0.261407,88.2,31.2,92.2,0.0
6265,45.170092,-0.260825,88.2,31.2,92.1,0.0
6266,45.17077,-0.260243,88.2,31.2,92.1,0.0
6267,45.171448,-0.25966,88.2,31.2,92.1,0.0
6268,45.172125,-0.259078,88.2,31.2,92.1,0.0
6269,45.172803,-0.258496,88.2,31.2,92.1,0.0
6270,45.173481,-0.257913,88.2,31.2,92.1,0.0
6271,45.174158,-0.257331,88.2,31.2,92.0,0.0
6272,45.174836,-0.256749,88.2,31.2,92.0,0.0
6273,45.175514,-0.256166,88.2,31.2,92.0,0.0
6274,45.176191,-0.255584,88.2,31.2,92.0,0.0
6275,45.176869,-0.255002,88.2,31.2,92.0,0.0
6276,45.177547,-0.25442,88.2,31.2,92.0,0.0
6277,45.178225,-0.253837,88.2,31.2,92.0,0.0
6278,45.178902,-0.253255,88.2,31.2,91.9,0.0
6279,45.17958,-0.252673,88.2,31.2,91.9,0.0
6280,45.180258,-0.25209,88.2,31.2,91.9,0.0
6281,45.180935,-0.251508,88.2,31.2,91.9,0.0
6282,45.181613,-0.250926,88.2,31.2,91.9,0.0
6283,45.182291,-0.250343,88.2,31.2,91.9,0.0
6284,45.182968,-0.249761,88.2,31.2,91.8,0.0
6285,45.183646,-0.249179,88.2,31.2,91.8,0.0
6286,45.184324,-0.248596,88.2,31.2,91.8,0.0
6287,45.185001,-0.248014,88.2,31.2,91.8,0.0
6288,45.185679,-0.247432,88.2,31.2,91.8,0.0
6289,45.186357,-0.24685,88.2,31.2,91.8,0.0
6290,45.187034,-0.246267,88.2,31.2,91.7,0.0
6291,45.187712,-0.245685,88.19,31.2,91.7,0.0
6292,45.18839,-0.245103,88.19,31.2,91.7,0.0
6293,45.189067,-0.24452,88.19,31.2,91.7,0.0
6294,45.189745,-0.243938,88.19,31.2,91.7,0.0
6295,45.190423,-0.243356,88.19,31.2,91.7,0.0
6296,45.1911,-0.242773,88.19,31.2,91.6,0.0
6297,45.191778,-0.242191,88.19,31.2,91.6,0.0
6298,45.192456,-0.241609,88.19,31.2,91.6,0.0
6299,45.193133,-0.241026,88.19,31.2,91.6,0.0
6300,45.193811,-0.240444,88.19,31.2,91.6,0.0
6301,45.194489,-0.239862,88.19,31.2,91.6,0.0
6302,45.195167,-0.239279,88.19,31.2,91.5,0.0
6303,45.195844,-0.238697,88.19,31.2,91.5,0.0
6304,45.196522,-0.238115,88.19,31.2,91.5,0.0
6305,45.1972,-0.237533,88.19,31.2,91.5,0.0
6306,45.197877,-0.23695,88.19,31.2,91.5,0.0
6307,45.198555,-0.236368,88.19,31.2,91.5,0.0
6308,45.199233,-0.235786,88.19,31.2,91.4,0.0
6309,45.19991,-0.235203,88.19,31.2,91.4,0.0
6310,45.200588,-0.234621,88.19,31.2,91.4,0.0
6311,45.201266,-0.234039,88.19,31.2,91.4,0.0
6312,45.201943,-0.233456,88.19,31.2,91.4,0.0
6313,45.202621,-0.232874,88.19,31.2,91.4,0.0
6314,45.203299,-0.232292,88.19,31.2,91.3,0.0
6315,45.203976,-0.231709,88.19,31.2,91.3,0.0
6316,45.204654,-0.231127,88.19,31.2,91.3,0.0
6317,45.205332,-0.230545,88.19,31.2,91.3,0.0
6318,45.206009,-0.229963,88.19,31.2,91.3,0.0
6319,45.206687,-0.22938,88.19,31.2,91.3,0.0
6320,45.207365,-0.228798,88.19,31.2,91.2,0.0
6321,45.208042,-0.228216,88.19,31.2,91.2,0.0
6322,45.20872,-0.227633,88.19,31.2,91.2,0.0
6323,45.209398,-0.227051,88.19,31.2,91.2,0.0
6324,45.210076,-0.226469,88.19,31.2,91.2,0.0
6325,45.210753,-0.225886,88.19,31.2,91.1,0.0
6326,45.211431,-0.225304,88.19,31.2,91.1,0.0
6327,45.212109,-0.224722,88.18,31.2,91.1,0.0
6328,45.212786,-0.224139,88.18,31.2,91.1,0.0
6329,45.213464,-0.223557,88.18,31.2,91.1,0.0
6330,45.214142,-0.222975,88.18,31.2,91.1,0.0
6331,45.214819,-0.222393,88.18,31.2,91.0,0.0
6332,45.215497,-0.22181,88.18,31.2,91.0,0.0
6333,45.216175,-0.221228,88.18,31.2,91.0,0.0
6334,45.216852,-0.220646,88.18,31.2,91.0,0.0
6335,45.21753,-0.220063,88.18,31.2,91.0,0.0
6336,45.218208,-0.219481,88.18,31.2,90.9,0.0
6337,45.218885,-0.218899,88.18,31.2,90.9,0.0
6338,45.219563,-0.218316,88.18,31.2,90.9,0.0
6339,45.220241,-0.217734,88.18,31.2,90.9,0.0
6340,45.220918,-0.217152,88.18,31.2,90.9,0.0
6341,45.221596,-0.216569,88.18,31.2,90.9,0.0
6342,45.222274,-0.215987,88.18,31.2,90.8,0.0
6343,45.222951,-0.215405,88.18,31.2,90.8,0.0
6344,45.223629,-0.214822,88.18,31.2,90.8,0.0
6345,45.224307,-0.21424,88.18,31.2,90.8,0.0
6346,45.224985,-0.213658,88.18,31.2,90.8,0.0
6347,45.225662,-0.213076,88.18,31.2,90.7,0.0
6348,45.22634,-0.212493,88.18,31.2,90.7,0.0
6349,45.227018,-0.211911,88.18,31.2,90.7,0.0
6350,45.227695,-0.211329,88.18,31.2,90.7,0.0
6351,45.228373,-0.210746,88.18,31.2,90.7,0.0
6352,45.229051,-0.210164,88.18,31.2,90.7,0.0
6353,45.229728,-0.209582,88.18,31.2,90.6,0.0
6354,45.230406,-0.208999,88.18,31.2,90.6,0.0
6355,45.231084,-0.208417,88.18,31.2,90.6,0.0
6356,45.231761,-0.207835,88.18,31.2,90.6,0.0
6357,45.232439,-0.207252,88.18,31.2,90.6,0.0
6358,45.233117,-0.20667,88.18,31.2,90.5,0.0
6359,45.233794,-0.206088,88.18,31.2,90.5,0.0
6360,45.234472,-0.205506,88.18,31.2,90.5,0.0
6361,45.23515,-0.204923,88.18,31.2,90.5,0.0
6362,45.235827,-0.204341,88.17,31.2,90.5,0.0
6363,45.236505,-0.203759,88.17,31.2,90.4,0.0
6364,45.237183,-0.203176,88.17,31.2,90.4,0.0
6365,45.23786,-0.202594,88.17,31.2,90.4,0.0
6366,45.238538,-0.202012,88.17,31.2,90.4,0.0
6367,45.239216,-0.201429,88.17,31.2,90.4,0.0
6368,45.239893,-0.200847,88.17,31.2,90.3,0.0
6369,45.240571,-0.200265,88.17,31.2,90.3,0.0
6370,45.241249,-0.199682,88.17,31.2,90.3,0.0
6371,45.241927,-0.1991,88.17,31.2,90.3,0.0
6372,45.242604,-0.198518,88.17,31.2,90.3,0.0
6373,45.243282,-0.197935,88.17,31.2,90.2,0.0
6374,45.24396,-0.197353,88.17,31.2,90.2,0.0
6375,45.244637,-0.196771,88.17,31.2,90.2,0.0
6376,45.245315,-0.196189,88.17,31.2,90.2,0.0
6377,45.245993,-0.195606,88.17,31.2,90.2,0.0
6378,45.24667,-0.195024,88.17,31.2,90.2,0.0
6379,45.247348,-0.194442,88.17,31.2,90.1,0.0
6380,45.248026,-0.193859,88.17,31.2,90.1,0.0
6381,45.248703,-0.193277,88.17,31.2,90.1,0.0
6382,45.249381,-0.192695,88.17,31.2,90.1,0.0
6383,45.250059,-0.192112,88.17,31.2,90.1,0.0
6384,45.250736,-0.19153,88.17,31.2,90.0,0.0
6385,45.251414,-0.190948,88.17,31.2,90.0,0.0
6386,45.252092,-0.190365,88.17,31.2,90.0,0.0
6387,45.252769,-0.189783,88.17,31.2,90.0,0.0
6388,45.253447,-0.189201,88.17,31.2,90.0,0.0
6389,45.254125,-0.188619,88.17,31.2,89.9,0.0
6390,45.254802,-0.188036,88.17,31.2,89.9,0.0
6391,45.25548,-0.187454,88.17,31.2,89.9,0.0
6392,45.256158,-0.186872,88.17,31.2,89.9,0.0
6393,45.256836,-0.186289,88.17,31.2,89.9,0.0
6394,45.257513,-0.185707,88.17,31.2,89.8,0.0
6395,45.258191,-0.185125,88.17,31.2,89.8,0.0
6396,45.258869,-0.184542,88.17,31.2,89.8,0.0
6397,45.259546,-0.18396,88.17,31.2,89.8,0.0
6398,45.260224,-0.183378,88.16,31.2,89.7,0.0
6399,45.260902,-0.182795,88.16,31.2,89.7,0.0
6400,45.261579,-0.182213,88.16,31.2,89.7,0.0
6401,45.262257,-0.181631,88.16,31.2,89.7,0.0
6402,45.262935,-0.181049,88.16,31.2,89.7,0.0
6403,45.263612,-0.180466,88.16,31.2,89.6,0.0
6404,45.26429,-0.179884,88.16,31.2,89.6,0.0
6405,45.264968,-0.179302,88.16,31.2,89.6,0.0
6406,45.265645,-0.178719,88.16,31.2,89.6,0.0
6407,45.266323,-0.178137,88.16,31.2,89.6,0.0
6408,45.267001,-0.177555,88.16,31.2,89.5,0.0
6409,45.267678,-0.176972,88.16,31.2,89.5,0.0
6410,45.268356,-0.17639,88.16,31.2,89.5,0.0
6411,45.269034,-0.175808,88.16,31.2,89.5,0.0
6412,45.269711,-0.175225,88.16,31.2,89.5,0.0
6413,45.270389,-0.174643,88.16,31.2,89.4,0.0
6414,45.271067,-0.174061,88.16,31.2,89.4,0.0
6415,45.271745,-0.173478,88.16,31.2,89.4,0.0
6416,45.272422,-0.172896,88.16,31.2,89.4,0.0
6417,45.2731,-0.172314,88.16,31.2,89.4,0.0
6418,45.273778,-0.171732,88.16,31.2,89.3,0.0
6419,45.274455,-0.171149,88.16,31.2,89.3,0.0
6420,45.275133,-0.170567,88.16,31.2,89.3,0.0
6421,45.275811,-0.169985,88.16,31.2,89.3,0.0
6422,45.276488,-0.169402,88.16,31.2,89.2,0.0
6423,45.277166,-0.16882,88.16,31.2,89.2,0.0
6424,45.277844,-0.168238,88.16,31.2,89.2,0.0
6425,45.278521,-0.167655,88.16,31.2,89.2,0.0
6426,45.279199,-0.167073,88.16,31.2,89.2,0.0
6427,45.279877,-0.166491,88.16,31.2,89.1,0.0
6428,45.280554,-0.165908,88.16,31.2,89.1,0.0
6429,45.281232,-0.165326,88.16,31.2,89.1,0.0
6430,45.28191,-0.164744,88.16,31.2,89.1,0.0
6431,45.282587,-0.164162,88.16,31.2,89.1,0.0
6432,45.283265,-0.163579,88.16,31.2,89.0,0.0
6433,45.283943,-0.162997,88.15,31.2,89.0,0.0
6434,45.28462,-0.162415,88.15,31.2,89.0,0.0
6435,45.285298,-0.161832,88.15,31.2,89.0,0.0
6436,45.285976,-0.16125,88.15,31.2,88.9,0.0
6437,45.286653,-0.160668,88.15,31.2,88.9,0.0
6438,45.287331,-0.160085,88.15,31.2,88.9,0.0
6439,45.288009,-0.159503,88.15,31.2,88.9,0.0
6440,45.288687,-0.158921,88.15,31.2,88.9,0.0
6441,45.289364,-0.158338,88.15,31.2,88.8,0.0
6442,45.290042,-0.157756,88.15,31.2,88.8,0.0
6443,45.29072,-0.157174,88.15,31.2,88.8,0.0
6444,45.291397,-0.156591,88.15,31.2,88.8,0.0
6445,45.292075,-0.156009,88.15,31.2,88.7,0.0
6446,45.292753,-0.155427,88.15,31.2,88.7,0.0
6447,45.29343,-0.154845,88.15,31.2,88.7,0.0
6448,45.294108,-0.154262,88.15,31.2,88.7,0.0
6449,45.294786,-0.15368,88.15,31.2,88.7,0.0
6450,45.295463,-0.153098,88.15,31.2,88.6,0.0
6451,45.296141,-0.152515,88.15,31.2,88.6,0.0
6452,45.296819,-0.151933,88.15,31.2,88.6,0.0
6453,45.297496,-0.151351,88.15,31.2,88.6,0.0
6454,45.298174,-0.150768,88.15,31.1,88.5,0.0
6455,45.298852,-0.150186,88.15,31.1,88.5,0.0
6456,45.299529,-0.149604,88.15,31.1,88.5,0.0
6457,45.300207,-0.149021,88.15,31.1,88.5,0.0
6458,45.300885,-0.148439,88.15,31.1,88.5,0.0
6459,45.301562,-0.147857,88.15,31.1,88.4,0.0
6460,45.30224,-0.147275,88.15,31.1,88.4,0.0
6461,45.302918,-0.146692,88.15,31.1,88.4,0.0
6462,45.303596,-0.14611,88.15,31.1,88.4,0.0
6463,45.304273,-0.145528,88.15,31.1,88.3,0.0
6464,45.304951,-0.144945,88.15,31.1,88.3,0.0
6465,45.305629,-0.144363,88.15,31.1,88.3,0.0
6466,45.306306,-0.143781,88.15,31.1,88.3,0.0
6467,45.306984,-0.143198,88.15,31.1,88.2,0.0
6468,45.307662,-0.142616,88.15,31.1,88.2,0.0
6469,45.308339,-0.142034,88.14,31.1,88.2,0.0
6470,45.309017,-0.141451,88.14,31.1,88.2,0.0
6471,45.309695,-0.140869,88.14,31.1,88.2,0.0
6472,45.310372,-0.140287,88.14,31.1,88.1,0.0
6473,45.31105,-0.139705,88.14,31.1,88.1,0.0
6474,45.311728,-0.139122,88.14,31.1,88.1,0.0
6475,45.312405,-0.13854,88.14,31.1,88.1,0.0
6476,45.313083,-0.137958,88.14,31.1,88.0,0.0
6477,45.313761,-0.137375,88.14,31.1,88.0,0.0
6478,45.314438,-0.136793,88.14,31.1,88.0,0.0
6479,45.315116,-0.136211,88.14,31.1,88.0,0.0
6480,45.315794,-0.135628,88.14,31.1,87.9,0.0
6481,45.316471,-0.135046,88.14,31.1,87.9,0.0
6482,45.317149,-0.134464,88.14,31.1,87.9,0.0
6483,45.317827,-0.133881,88.14,31.1,87.9,0.0
6484,45.318505,-0.133299,88.14,31.1,87.9,0.0
6485,45.319182,-0.132717,88.14,31.1,87.8,0.0
6486,45.31986,-0.132134,88.14,31.1,87.8,0.0
6487,45.320538,-0.131552,88.14,31.1,87.8,0.0
6488,45.321215,-0.13097,88.14,31.1,87.8,0.0
6489,45.321893,-0.130388,88.14,31.1,87.7,0.0
6490,45.322571,-0.129805,88.14,31.1,87.7,0.0
6491,45.323248,-0.129223,88.14,31.1,87.7,0.0
6492,45.323926,-0.128641,88.14,31.1,87.7,0.0
6493,45.324604,-0.128058,88.14,31.1,87.6,0.0
6494,45.325281,-0.127476,88.14,31.1,87.6,0.0
6495,45.325959,-0.126894,88.14,31.1,87.6,0.0
6496,45.326637,-0.126311,88.14,31.1,87.6,0.0
6497,45.327314,-0.125729,88.14,31.1,87.5,0.0
6498,45.327992,-0.125147,88.14,31.1,87.5,0.0
6499,45.32867,-0.124564,88.14,31.1,87.5,0.0
6500,45.329347,-0.123982,88.14,31.1,87.5,0.0
6501,45.330025,-0.1234,88.14,31.1,87.4,0.0
6502,45.330703,-0.122818,88.14,31.1,87.4,0.0
6503,45.33138,-0.122235,88.14,31.1,87.4,0.0
6504,45.332058,-0.121653,88.13,31.1,87.4,0.0
6505,45.332736,-0.121071,88.13,31.1,87.4,0.0
6506,45.333413,-0.120488,88.13,31.1,87.3,0.0
6507,45.334091,-0.119906,88.13,31.1,87.3,0.0
6508,45.334769,-0.119324,88.13,31.1,87.3,0.0
6509,45.335447,-0.118741,88.13,31.1,87.3,0.0
6510,45.336124,-0.118159,88.13,31.1,87.2,0.0
6511,45.336802,-0.117577,88.13,31.1,87.2,0.0
6512,45.33748,-0.116994,88.13,31.1,87.2,0.0
6513,45.338157,-0.116412,88.13,31.1,87.2,0.0
6514,45.338835,-0.11583,88.13,31.1,87.1,0.0
6515,45.339513,-0.115248,88.13,31.1,87.1,0.0
6516,45.34019,-0.114665,88.13,31.1,87.1,0.0
6517,45.340868,-0.114083,88.13,31.1,87.1,0.0
6518,45.341546,-0.113501,88.13,31.1,87.0,0.0
6519,45.342223,-0.112918,88.13,31.1,87.0,0.0
6520,45.342901,-0.112336,88.13,31.1,87.0,0.0
6521,45.343579,-0.111754,88.13,31.1,87.0,0.0
6522,45.344256,-0.111171,88.13,31.1,86.9,0.0
6523,45.344934,-0.110589,88.13,31.1,86.9,0.0
6524,45.345612,-0.110007,88.13,31.1,86.9,0.0
6525,45.346289,-0.109424,88.13,31.1,86.9,0.0
6526,45.346967,-0.108842,88.13,31.1,86.8,0.0
6527,45.347645,-0.10826,88.13,31.1,86.8,0.0
6528,45.348322,-0.107677,88.13,31.1,86.8,0.0
6529,45.349,-0.107095,88.13,31.1,86.8,0.0
6530,45.349678,-0.106513,88.13,31.1,86.7,0.0
6531,45.350356,-0.105931,88.13,31.1,86.7,0.0
6532,45.351033,-0.105348,88.13,31.1,86.7,0.0
6533,45.351711,-0.104766,88.13,31.1,86.7,0.0
6534,45.352389,-0.104184,88.13,31.1,86.6,0.0
6535,45.353066,-0.103601,88.13,31.1,86.6,0.0
6536,45.353744,-0.103019,88.13,31.1,86.6,0.0
6537,45.354422,-0.102437,88.13,31.1,86.6,0.0
6538,45.355099,-0.101854,88.13,31.1,86.5,0.0
6539,45.355777,-0.101272,88.12,31.1,86.5,0.0
6540,45.356455,-0.10069,88.12,31.1,86.5,0.0
6541,45.357132,-0.100107,88.12,31.1,86.5,0.0
6542,45.35781,-0.099525,88.12,31.1,86.4,0.0
6543,45.358488,-0.098943,88.12,31.1,86.4,0.0
6544,45.359165,-0.098361,88.12,31.1,86.4,0.0
6545,45.359843,-0.097778,88.12,31.1,86.4,0.0
6546,45.360521,-0.097196,88.12,31.1,86.3,0.0
6547,45.361198,-0.096614,88.12,31.1,86.3,0.0
6548,45.361876,-0.096031,88.12,31.1,86.3,0.0
6549,45.362554,-0.095449,88.12,31.1,86.3,0.0
6550,45.363231,-0.094867,88.12,31.1,86.2,0.0
6551,45.363909,-0.094284,88.12,31.1,86.2,0.0
6552,45.364587,-0.093702,88.12,31.1,86.2,0.0
6553,45.365265,-0.09312,88.12,31.1,86.1,0.0
6554,45.365942,-0.092537,88.12,31.1,86.1,0.0
6555,45.36662,-0.091955,88.12,31.1,86.1,0.0
6556,45.367298,-0.091373,88.12,31.1,86.1,0.0
6557,45.367975,-0.09079,88.12,31.1,86.0,0.0
6558,45.368653,-0.090208,88.12,31.1,86.0,0.0
6559,45.369331,-0.089626,88.12,31.1,86.0,0.0
6560,45.370008,-0.089044,88.12,31.1,86.0,0.0
6561,45.370686,-0.088461,88.12,31.1,85.9,0.0
6562,45.371364,-0.087879,88.12,31.1,85.9,0.0
6563,45.372041,-0.087297,88.12,31.1,85.9,0.0
6564,45.372719,-0.086714,88.12,31.1,85.9,0.0
6565,45.373397,-0.086132,88.12,31.1,85.8,0.0
6566,45.374074,-0.08555,88.12,31.1,85.8,0.0
6567,45.374752,-0.084967,88.12,31.1,85.8,0.0
6568,45.37543,-0.084385,88.12,31.1,85.8,0.0
6569,45.376107,-0.083803,88.12,31.1,85.7,0.0
6570,45.376785,-0.08322,88.12,31.1,85.7,0.0
6571,45.377463,-0.082638,88.12,31.1,85.7,0.0
6572,45.37814,-0.082056,88.12,31.1,85.7,0.0
6573,45.378818,-0.081474,88.12,31.1,85.6,0.0
6574,45.379496,-0.080891,88.12,31.1,85.6,0.0
6575,45.380173,-0.080309,88.11,31.1,85.6,0.0
6576,45.380851,-0.079727,88.11,31.1,85.5,0.0
6577,45.381529,-0.079144,88.11,31.1,85.5,0.0
6578,45.382207,-0.078562,88.11,31.1,85.5,0.0
6579,45.382884,-0.07798,88.11,31.1,85.5,0.0
6580,45.383562,-0.077397,88.11,31.1,85.4,0.0
6581,45.38424,-0.076815,88.11,31.1,85.4,0.0
6582,45.384917,-0.076233,88.11,31.1,85.4,0.0
6583,45.385595,-0.07565,88.11,31.1,85.4,0.0
6584,45.386273,-0.075068,88.11,31.1,85.3,0.0
6585,45.38695,-0.074486,88.11,31.1,85.3,0.0
6586,45.387628,-0.073904,88.11,31.1,85.3,0.0
6587,45.388306,-0.073321,88.11,31.1,85.3,0.0
6588,45.388983,-0.072739,88.11,31.1,85.2,0.0
6589,45.389661,-0.072157,88.11,31.1,85.2,0.0
6590,45.390339,-0.071574,88.11,31.1,85.2,0.0
6591,45.391016,-0.070992,88.11,31.1,85.1,0.0
6592,45.391694,-0.07041,88.11,31.1,85.1,0.0
6593,45.392372,-0.069827,88.11,31.1,85.1,0.0
6594,45.393049,-0.069245,88.11,31.1,85.1,0.0
6595,45.393727,-0.068663,88.11,31.1,85.0,0.0
6596,45.394405,-0.06808,88.11,31.1,85.0,0.0
6597,45.395082,-0.067498,88.11,31.1,85.0,0.0
6598,45.39576,-0.066916,88.11,31.1,85.0,0.0
6599,45.396438,-0.066333,88.11,31.1,84.9,0.0
6600,45.397116,-0.065751,88.11,31.1,84.9,0.0
6601,45.397793,-0.065169,88.11,31.1,84.9,0.0
6602,45.398471,-0.064587,88.11,31.1,84.8,0.0
6603,45.399149,-0.064004,88.11,31.1,84.8,0.0
6604,45.399826,-0.063422,88.11,31.1,84.8,0.0
6605,45.400504,-0.06284,88.11,31.1,84.8,0.0
6606,45.401182,-0.062257,88.11,31.1,84.7,0.0
6607,45.401859,-0.061675,88.11,31.1,84.7,0.0
6608,45.402537,-0.061093,88.11,31.1,84.7,0.0
6609,45.403215,-0.06051,88.11,31.1,84.7,0.0
6610,45.403892,-0.059928,88.1,31.1,84.6,0.0
6611,45.40457,-0.059346,88.1,31.1,84.6,0.0
6612,45.405248,-0.058763,88.1,31.1,84.6,0.0
6613,45.405925,-0.058181,88.1,31.1,84.5,0.0
6614,45.406603,-0.057599,88.1,31.1,84.5,0.0
6615,45.407281,-0.057017,88.1,31.1,84.5,0.0
6616,45.407958,-0.056434,88.1,31.1,84.5,0.0
6617,45.408636,-0.055852,88.1,31.1,84.4,0.0
6618,45.409314,-0.05527,88.1,31.1,84.4,0.0
6619,45.409991,-0.054687,88.1,31.1,84.4,0.0
6620,45.410669,-0.054105,88.1,31.1,84.3,0.0
6621,45.411347,-0.053523,88.1,31.1,84.3,0.0
6622,45.412025,-0.05294,88.1,31.1,84.3,0.0
6623,45.412702,-0.052358,88.1,31.1,84.3,0.0
6624,45.41338,-0.051776,88.1,31.1,84.2,0.0
6625,45.414058,-0.051193,88.1,31.1,84.2,0.0
6626,45.414735,-0.050611,88.1,31.1,84.2,0.0
6627,45.415413,-0.050029,88.1,31.1,84.1,0.0
6628,45.416091,-0.049446,88.1,31.1,84.1,0.0
6629,45.416768,-0.048864,88.1,31.1,84.1,0.0
6630,45.417446,-0.048282,88.1,31.1,84.1,0.0
6631,45.418124,-0.0477,88.1,31.1,84.0,0.0
6632,45.418801,-0.047117,88.1,31.1,84.0,0.0
6633,45.419479,-0.046535,88.1,31.1,84.0,0.0
6634,45.420157,-0.045953,88.1,31.1,84.0,0.0
6635,45.420834,-0.04537,88.1,31.1,83.9,0.0
6636,45.421512,-0.044788,88.1,31.1,83.9,0.0
6637,45.42219,-0.044206,88.1,31.1,83.9,0.0
6638,45.422867,-0.043623,88.1,31.1,83.8,0.0
6639,45.423545,-0.043041,88.1,31.1,83.8,0.0
6640,45.424223,-0.042459,88.1,31.1,83.8,0.0
6641,45.4249,-0.041876,88.1,31.1,83.8,0.0
6642,45.425578,-0.041294,88.1,31.1,83.7,0.0
6643,45.426256,-0.040712,88.1,31.1,83.7,0.0
6644,45.426933,-0.04013,88.1,31.1,83.7,0.0
6645,45.427611,-0.039547,88.1,31.1,83.6,0.0
6646,45.428289,-0.038965,88.09,31.1,83.6,0.0
6647,45.428967,-0.038383,88.09,31.1,83.6,0.0
6648,45.429644,-0.0378,88.09,31.1,83.6,0.0
6649,45.430322,-0.037218,88.09,31.1,83.5,0.0
6650,45.431,-0.036636,88.09,31.1,83.5,0.0
6651,45.431677,-0.036053,88.09,31.1,83.5,0.0
6652,45.432355,-0.035471,88.09,31.1,83.4,0.0
6653,45.433033,-0.034889,88.09,31.1,83.4,0.0
6654,45.43371,-0.034306,88.09,31.1,83.4,0.0
6655,45.434388,-0.033724,88.09,31.1,83.3,0.0
6656,45.435066,-0.033142,88.09,31.1,83.3,0.0
6657,45.435743,-0.03256,88.09,31.1,83.3,0.0
6658,45.436421,-0.031977,88.09,31.1,83.3,0.0
6659,45.437099,-0.031395,88.09,31.1,83.2,0.0
6660,45.437776,-0.030813,88.09,31.1,83.2,0.0
6661,45.438454,-0.03023,88.09,31.1,83.2,0.0
6662,45.439132,-0.029648,88.09,31.1,83.1,0.0
6663,45.439809,-0.029066,88.09,31.1,83.1,0.0
6664,45.440487,-0.028483,88.09,31.1,83.1,0.0
6665,45.441165,-0.027901,88.09,31.1,83.1,0.0
6666,45.441842,-0.027319,88.09,31.1,83.0,0.0
6667,45.44252,-0.026736,88.09,31.1,83.0,0.0
6668,45.443198,-0.026154,88.09,31.1,83.0,0.0
6669,45.443876,-0.025572,88.09,31.1,82.9,0.0
6670,45.444553,-0.024989,88.09,31.1,82.9,0.0
6671,45.445231,-0.024407,88.09,31.1,82.9,0.0
6672,45.445909,-0.023825,88.09,31.1,82.9,0.0
6673,45.446586,-0.023243,88.09,31.1,82.8,0.0
6674,45.447264,-0.02266,88.09,31.1,82.8,0.0
6675,45.447942,-0.022078,88.09,31.1,82.8,0.0
6676,45.448619,-0.021496,88.09,31.1,82.7,0.0
6677,45.449297,-0.020913,88.09,31.1,82.7,0.0
6678,45.449975,-0.020331,88.09,31.1,82.7,0.0
6679,45.450652,-0.019749,88.09,31.1,82.6,0.0
6680,45.45133,-0.019166,88.09,31.1,82.6,0.0
6681,45.452008,-0.018584,88.08,31.1,82.6,0.0
6682,45.452685,-0.018002,88.08,31.1,82.6,0.0
6683,45.453363,-0.017419,88.08,31.1,82.5,0.0
6684,45.454041,-0.016837,88.08,31.1,82.5,0.0
6685,45.454718,-0.016255,88.08,31.1,82.5,0.0
6686,45.455396,-0.015673,88.08,31.1,82.4,0.0
6687,45.456074,-0.01509,88.08,31.1,82.4,0.0
6688,45.456751,-0.014508,88.08,31.1,82.4,0.0
6689,45.457429,-0.013926,88.08,31.1,82.3,0.0
6690,45.458107,-0.013343,88.08,31.1,82.3,0.0
6691,45.458785,-0.012761,88.08,31.1,82.3,0.0
6692,45.459462,-0.012179,88.08,31.1,82.3,0.0
6693,45.46014,-0.011596,88.08,31.1,82.2,0.0
6694,45.460818,-0.011014,88.08,31.1,82.2,0.0
6695,45.461495,-0.010432,88.08,31.1,82.2,0.0
6696,45.462173,-0.009849,88.08,31.1,82.1,0.0
6697,45.462851,-0.009267,88.08,31.1,82.1,0.0
6698,45.463528,-0.008685,88.08,31.1,82.1,0.0
6699,45.464206,-0.008103,88.08,31.1,82.0,0.0
6700,45.464884,-0.00752,88.08,31.1,82.0,0.0
6701,45.465561,-0.006938,88.08,31.1,82.0,0.0
6702,45.466239,-0.006356,88.08,31.1,82.0,0.0
6703,45.466917,-0.005773,88.08,31.1,81.9,0.0
6704,45.467594,-0.005191,88.08,31.1,81.9,0.0
6705,45.468272,-0.004609,88.08,31.1,81.9,0.0
6706,45.46895,-0.004026,88.08,31.1,81.8,0.0
6707,45.469627,-0.003444,88.08,31.1,81.8,0.0
6708,45.470305,-0.002862,88.08,31.1,81.8,0.0
6709,45.470983,-0.002279,88.08,31.1,81.7,0.0
6710,45.47166,-0.001697,88.08,31.1,81.7,0.0
6711,45.472338,-0.001115,88.08,31.1,81.7,0.0
6712,45.473016,-0.000532,88.08,31.1,81.7,0.0
6713,45.473693,5e-05,88.08,31.1,81.6,0.0
6714,45.474371,0.000632,88.08,31.1,81.6,0.0
6715,45.475049,0.001214,88.08,31.1,81.6,0.0
6716,45.475727,0.001797,88.08,31.1,81.5,0.0
6717,45.476404,0.002379,88.07,31.1,81.5,0.0
6718,45.477082,0.002961,88.07,31.1,81.5,0.0
6719,45.47776,0.003544,88.07,31.1,81.4,0.0
6720,45.478437,0.004126,88.07,31.1,81.4,0.0
6721,45.479115,0.004708,88.07,31.1,81.4,0.0
6722,45.479793,0.005291,88.07,31.1,81.3,0.0
6723,45.48047,0.005873,88.07,31.1,81.3,0.0
6724,45.481148,0.006455,88.07,31.1,81.3,0.0
6725,45.481826,0.007038,88.07,31.1,81.3,0.0
6726,45.482503,0.00762,88.07,31.1,81.2,0.0
6727,45.483181,0.008202,88.07,31.1,81.2,0.0
6728,45.483859,0.008784,88.07,31.1,81.2,0.0
6729,45.484536,0.009367,88.07,31.1,81.1,0.0
6730,45.485214,0.009949,88.07,31.1,81.1,0.0
6731,45.485892,0.010531,88.07,31.1,81.1,0.0
6732,45.486569,0.011114,88.07,31.1,81.0,0.0
6733,45.487247,0.011696,88.07,31.1,81.0,0.0
6734,45.487925,0.012278,88.07,31.1,81.0,0.0
6735,45.488602,0.012861,88.07,31.1,80.9,0.0
6736,45.48928,0.013443,88.07,31.1,80.9,0.0
6737,45.489958,0.014025,88.07,31.1,80.9,0.0
6738,45.490636,0.014608,88.07,31.1,80.8,0.0
6739,45.491313,0.01519,88.07,31.1,80.8,0.0
6740,45.491991,0.015772,88.07,31.1,80.8,0.0
6741,45.492669,0.016355,88.07,31.1,80.8,0.0
6742,45.493346,0.016937,88.07,31.1,80.7,0.0
6743,45.494024,0.017519,88.07,31.1,80.7,0.0
6744,45.494702,0.018101,88.07,31.1,80.7,0.0
6745,45.495379,0.018684,88.07,31.1,80.6,0.0
6746,45.496057,0.019266,88.07,31.1,80.6,0.0
6747,45.496735,0.019848,88.07,31.1,80.6,0.0
6748,45.497412,0.020431,88.07,31.1,80.5,0.0
6749,45.49809,0.021013,88.07,31.1,80.5,0.0
6750,45.498768,0.021595,88.07,31.1,80.5,0.0
6751,45.499445,0.022178,88.07,31.1,80.4,0.0
6752,45.500123,0.02276,88.06,31.1,80.4,0.0
6753,45.500801,0.023342,88.06,31.1,80.4,0.0
6754,45.501478,0.023925,88.06,31.1,80.3,0.0
6755,45.502156,0.024507,88.06,31.1,80.3,0.0
6756,45.502834,0.025089,88.06,31.1,80.3,0.0
6757,45.503511,0.025671,88.06,31.1,80.3,0.0
6758,45.504189,0.026254,88.06,31.1,80.2,0.0
6759,45.504867,0.026836,88.06,31.1,80.2,0.0
6760,45.505545,0.027418,88.06,31.1,80.2,0.0
6761,45.506222,0.028001,88.06,31.1,80.1,0.0
6762,45.5069,0.028583,88.06,31.1,80.1,0.0
6763,45.507578,0.029165,88.06,31.1,80.1,0.0
6764,45.508255,0.029748,88.06,31.1,80.0,0.0
6765,45.508933,0.03033,88.06,31.1,80.0,0.0
6766,45.509611,0.030912,88.06,31.1,80.0,0.0
6767,45.510288,0.031495,88.06,31.1,79.9,0.0
6768,45.510966,0.032077,88.06,31.1,79.9,0.0
6769,45.511644,0.032659,88.06,31.1,79.9,0.0
6770,45.512321,0.033241,88.06,31.1,79.8,0.0
6771,45.512999,0.033824,88.06,31.1,79.8,0.0
6772,45.513677,0.034406,88.06,31.1,79.8,0.0
6773,45.514354,0.034988,88.06,31.1,79.7,0.0
6774,45.515032,0.035571,88.06,31.1,79.7,0.0
6775,45.51571,0.036153,88.06,31.1,79.7,0.0
6776,45.516387,0.036735,88.06,31.1,79.6,0.0
6777,45.517065,0.037318,88.06,31.1,79.6,0.0
6778,45.517743,0.0379,88.06,31.1,79.6,0.0
6779,45.51842,0.038482,88.06,31.1,79.5,0.0
6780,45.519098,0.039065,88.06,31.1,79.5,0.0
6781,45.519776,0.039647,88.06,31.1,79.5,0.0
6782,45.520453,0.040229,88.06,31.1,79.5,0.0
6783,45.521131,0.040812,88.06,31.0,79.4,0.0
6784,45.521809,0.041394,88.06,31.0,79.4,0.0
6785,45.522487,0.041976,88.06,31.0,79.4,0.0
6786,45.523164,0.042558,88.06,31.0,79.3,0.0
6787,45.523842,0.043141,88.06,31.0,79.3,0.0
6788,45.52452,0.043723,88.05,31.0,79.3,0.0
6789,45.525197,0.044305,88.05,31.0,79.2,0.0
6790,45.525875,0.044888,88.05,31.0,79.2,0.0
6791,45.526553,0.04547,88.05,31.0,79.2,0.0
6792,45.52723,0.046052,88.05,31.0,79.1,0.0
6793,45.527908,0.046635,88.05,31.0,79.1,0.0
6794,45.528586,0.047217,88.05,31.0,79.1,0.0
6795,45.529263,0.047799,88.05,31.0,79.0,0.0
6796,45.529941,0.048382,88.05,31.0,79.0,0.0
6797,45.530619,0.048964,88.05,31.0,79.0,0.0
6798,45.531296,0.049546,88.05,31.0,78.9,0.0
6799,45.531974,0.050128,88.05,31.0,78.9,0.0
6800,45.532652,0.050711,88.05,31.0,78.9,0.0
6801,45.533329,0.051293,88.05,31.0,78.8,0.0
6802,45.534007,0.051875,88.05,31.0,78.8,0.0
6803,45.534685,0.052458,88.05,31.0,78.8,0.0
6804,45.535362,0.05304,88.05,31.0,78.7,0.0
6805,45.53604,0.053622,88.05,31.0,78.7,0.0
6806,45.536718,0.054205,88.05,31.0,78.7,0.0
6807,45.537396,0.054787,88.05,31.0,78.6,0.0
6808,45.538073,0.055369,88.05,31.0,78.6,0.0
6809,45.538751,0.055952,88.05,31.0,78.6,0.0
6810,45.539429,0.056534,88.05,31.0,78.5,0.0
6811,45.540106,0.057116,88.05,31.0,78.5,0.0
6812,45.540784,0.057699,88.05,31.0,78.5,0.0
6813,45.541462,0.058281,88.05,31.0,78.4,0.0
6814,45.542139,0.058863,88.05,31.0,78.4,0.0
6815,45.542817,0.059445,88.05,31.0,78.4,0.0
6816,45.543495,0.060028,88.05,31.0,78.3,0.0
6817,45.544172,0.06061,88.05,31.0,78.3,0.0
6818,45.54485,0.061192,88.05,31.0,78.3,0.0
6819,45.545528,0.061775,88.05,31.0,78.2,0.0
6820,45.546205,0.062357,88.05,31.0,78.2,0.0
6821,45.546883,0.062939,88.05,31.0,78.2,0.0
6822,45.547561,0.063522,88.05,31.0,78.1,0.0
6823,45.548238,0.064104,88.04,31.0,78.1,0.0
6824,45.548916,0.064686,88.04,31.0,78.1,0.0
6825,45.549594,0.065269,88.04,31.0,78.0,0.0
6826,45.550271,0.065851,88.04,31.0,78.0,0.0
6827,45.550949,0.066433,88.04,31.0,78.0,0.0
6828,45.551627,0.067015,88.04,31.0,77.9,0.0
6829,45.552305,0.067598,88.04,31.0,77.9,0.0
6830,45.552982,0.06818,88.04,31.0,77.9,0.0
6831,45.55366,0.068762,88.04,31.0,77.8,0.0
6832,45.554338,0.069345,88.04,31.0,77.8,0.0
6833,45.555015,0.069927,88.04,31.0,77.8,0.0
6834,45.555693,0.070509,88.04,31.0,77.7,0.0
6835,45.556371,0.071092,88.04,31.0,77.7,0.0
6836,45.557048,0.071674,88.04,31.0,77.7,0.0
6837,45.557726,0.072256,88.04,31.0,77.6,0.0
6838,45.558404,0.072839,88.04,31.0,77.6,0.0
6839,45.559081,0.073421,88.04,31.0,77.6,0.0
6840,45.559759,0.074003,88.04,31.0,77.5,0.0
6841,45.560437,0.074585,88.04,31.0,77.5,0.0
6842,45.561114,0.075168,88.04,31.0,77.5,0.0
6843,45.561792,0.07575,88.04,31.0,77.4,0.0
6844,45.56247,0.076332,88.04,31.0,77.4,0.0
6845,45.563147,0.076915,88.04,31.0,77.4,0.0
6846,45.563825,0.077497,88.04,31.0,77.3,0.0
6847,45.564503,0.078079,88.04,31.0,77.3,0.0
6848,45.56518,0.078662,88.04,31.0,77.3,0.0
6849,45.565858,0.079244,88.04,31.0,77.2,0.0
6850,45.566536,0.079826,88.04,31.0,77.2,0.0
6851,45.567213,0.080409,88.04,31.0,77.2,0.0
6852,45.567891,0.080991,88.04,31.0,77.1,0.0
6853,45.568569,0.081573,88.04,31.0,77.1,0.0
6854,45.569247,0.082156,88.04,31.0,77.1,0.0
6855,45.569924,0.082738,88.04,31.0,77.0,0.0
6856,45.570602,0.08332,88.04,31.0,77.0,0.0
6857,45.57128,0.083902,88.04,31.0,77.0,0.0
6858,45.571957,0.084485,88.04,31.0,76.9,0.0
6859,45.572635,0.085067,88.03,31.0,76.9,0.0
6860,45.573313,0.085649,88.03,31.0,76.9,0.0
6861,45.57399,0.086232,88.03,31.0,76.8,0.0
6862,45.574668,0.086814,88.03,31.0,76.8,0.0
6863,45.575346,0.087396,88.03,31.0,76.8,0.0
6864,45.576023,0.087979,88.03,31.0,76.7,0.0
6865,45.576701,0.088561,88.03,31.0,76.7,0.0
6866,45.577379,0.089143,88.03,31.0,76.7,0.0
6867,45.578056,0.089726,88.03,31.0,76.6,0.0
6868,45.578734,0.090308,88.03,31.0,76.6,0.0
6869,45.579412,0.09089,88.03,31.0,76.6,0.0
6870,45.580089,0.091472,88.03,31.0,76.5,0.0
6871,45.580767,0.092055,88.03,31.0,76.5,0.0
6872,45.581445,0.092637,88.03,31.0,76.4,0.0
6873,45.582122,0.093219,88.03,31.0,76.4,0.0
6874,45.5828,0.093802,88.03,31.0,76.4,0.0
6875,45.583478,0.094384,88.03,31.0,76.3,0.0
6876,45.584156,0.094966,88.03,31.0,76.3,0.0
6877,45.584833,0.095549,88.03,31.0,76.3,0.0
6878,45.585511,0.096131,88.03,31.0,76.2,0.0
6879,45.586189,0.096713,88.03,31.0,76.2,0.0
6880,45.586866,0.097296,88.03,31.0,76.2,0.0
6881,45.587544,0.097878,88.03,31.0,76.1,0.0
6882,45.588222,0.09846,88.03,31.0,76.1,0.0
6883,45.588899,0.099042,88.03,31.0,76.1,0.0
6884,45.589577,0.099625,88.03,31.0,76.0,0.0
6885,45.590255,0.100207,88.03,31.0,76.0,0.0
6886,45.590932,0.100789,88.03,31.0,76.0,0.0
6887,45.59161,0.101372,88.03,31.0,75.9,0.0
6888,45.592288,0.101954,88.03,31.0,75.9,0.0
6889,45.592965,0.102536,88.03,31.0,75.9,0.0
6890,45.593643,0.103119,88.03,31.0,75.8,0.0
6891,45.594321,0.103701,88.03,31.0,75.8,0.0
6892,45.594998,0.104283,88.03,31.0,75.8,0.0
6893,45.595676,0.104866,88.03,31.0,75.7,0.0
6894,45.596354,0.105448,88.02,31.0,75.7,0.0
6895,45.597031,0.10603,88.02,31.0,75.7,0.0
6896,45.597709,0.106613,88.02,31.0,75.6,0.0
6897,45.598387,0.107195,88.02,31.0,75.6,0.0
6898,45.599065,0.107777,88.02,31.0,75.5,0.0
6899,45.599742,0.108359,88.02,31.0,75.5,0.0
6900,45.60042,0.108942,88.02,31.0,75.5,0.0
6901,45.601098,0.109524,88.02,31.0,75.4,0.0
6902,45.601775,0.110106,88.02,31.0,75.4,0.0
6903,45.602453,0.110689,88.02,31.0,75.4,0.0
6904,45.603131,0.111271,88.02,31.0,75.3,0.0
6905,45.603808,0.111853,88.02,31.0,75.3,0.0
6906,45.604486,0.112436,88.02,31.0,75.3,0.0
6907,45.605164,0.113018,88.02,31.0,75.2,0.0
6908,45.605841,0.1136,88.02,31.0,75.2,0.0
6909,45.606519,0.114183,88.02,31.0,75.2,0.0
6910,45.607197,0.114765,88.02,31.0,75.1,0.0
6911,45.607874,0.115347,88.02,31.0,75.1,0.0
6912,45.608552,0.115929,88.02,31.0,75.1,0.0
6913,45.60923,0.116512,88.02,31.0,75.0,0.0
6914,45.609907,0.117094,88.02,31.0,75.0,0.0
6915,45.610585,0.117676,88.02,31.0,75.0,0.0
6916,45.611263,0.118259,88.02,31.0,74.9,0.0
6917,45.61194,0.118841,88.02,31.0,74.9,0.0
6918,45.612618,0.119423,88.02,31.0,74.8,0.0
6919,45.613296,0.120006,88.02,31.0,74.8,0.0
6920,45.613973,0.120588,88.02,31.0,74.8,0.0
6921,45.614651,0.12117,88.02,31.0,74.7,0.0
6922,45.615329,0.121753,88.02,31.0,74.7,0.0
6923,45.616007,0.122335,88.02,31.0,74.7,0.0
6924,45.616684,0.122917,88.02,31.0,74.6,0.0
6925,45.617362,0.1235,88.02,31.0,74.6,0.0
6926,45.61804,0.124082,88.02,31.0,74.6,0.0
6927,45.618717,0.124664,88.02,31.0,74.5,0.0
6928,45.619395,0.125246,88.02,31.0,74.5,0.0
6929,45.620073,0.125829,88.01,31.0,74.5,0.0
6930,45.62075,0.126411,88.01,31.0,74.4,0.0
6931,45.621428,0.126993,88.01,31.0,74.4,0.0
6932,45.622106,0.127576,88.01,31.0,74.4,0.0
6933,45.622783,0.128158,88.01,31.0,74.3,0.0
6934,45.623461,0.12874,88.01,31.0,74.3,0.0
6935,45.624139,0.129323,88.01,31.0,74.2,0.0
6936,45.624816,0.129905,88.01,31.0,74.2,0.0
6937,45.625494,0.130487,88.01,31.0,74.2,0.0
6938,45.626172,0.13107,88.01,31.0,74.1,0.0
6939,45.626849,0.131652,88.01,31.0,74.1,0.0
6940,45.627527,0.132234,88.01,31.0,74.1,0.0
6941,45.628205,0.132816,88.01,31.0,74.0,0.0
6942,45.628882,0.133399,88.01,31.0,74.0,0.0
6943,45.62956,0.133981,88.01,31.0,74.0,0.0
6944,45.630238,0.134563,88.01,31.0,73.9,0.0
6945,45.630916,0.135146,88.01,31.0,73.9,0.0
6946,45.631593,0.135728,88.01,31.0,73.9,0.0
6947,45.632271,0.13631,88.01,31.0,73.8,0.0
6948,45.632949,0.136893,88.01,31.0,73.8,0.0
6949,45.633626,0.137475,88.01,31.0,73.7,0.0
6950,45.634304,0.138057,88.01,31.0,73.7,0.0
6951,45.634982,0.13864,88.01,31.0,73.7,0.0
6952,45.635659,0.139222,88.01,31.0,73.6,0.0
6953,45.636337,0.139804,88.01,31.0,73.6,0.0
6954,45.637015,0.140386,88.01,31.0,73.6,0.0
6955,45.637692,0.140969,88.01,31.0,73.5,0.0
6956,45.63837,0.141551,88.01,31.0,73.5,0.0
6957,45.639048,0.142133,88.01,31.0,73.5,0.0
6958,45.639725,0.142716,88.01,31.0,73.4,0.0
6959,45.640403,0.143298,88.01,31.0,73.4,0.0
6960,45.641081,0.14388,88.01,31.0,73.4,0.0
6961,45.641758,0.144463,88.01,31.0,73.3,0.0
6962,45.642436,0.145045,88.01,31.0,73.3,0.0
6963,45.643114,0.145627,88.01,31.0,73.2,0.0
6964,45.643791,0.14621,88.01,31.0,73.2,0.0
6965,45.644469,0.146792,88.0,31.0,73.2,0.0
6966,45.645147,0.147374,88.0,31.0,73.1,0.0
6967,45.645825,0.147957,88.0,31.0,73.1,0.0
6968,45.646502,0.148539,88.0,31.0,73.1,0.0
6969,45.64718,0.149121,88.0,31.0,73.0,0.0
6970,45.647858,0.149703,88.0,31.0,73.0,0.0
6971,45.648535,0.150286,88.0,31.0,73.0,0.0
6972,45.649213,0.150868,88.0,31.0,72.9,0.0
6973,45.649891,0.15145,88.0,31.0,72.9,0.0
6974,45.650568,0.152033,88.0,31.0,72.8,0.0
6975,45.651246,0.152615,88.0,31.0,72.8,0.0
6976,45.651924,0.153197,88.0,31.0,72.8,0.0
6977,45.652601,0.15378,88.0,31.0,72.7,0.0
6978,45.653279,0.154362,88.0,31.0,72.7,0.0
6979,45.653957,0.154944,88.0,31.0,72.7,0.0
6980,45.654634,0.155527,88.0,31.0,72.6,0.0
6981,45.655312,0.156109,88.0,31.0,72.6,0.0
6982,45.65599,0.156691,88.0,31.0,72.6,0.0
6983,45.656772,0.156847,87.92,7.9,72.5,0.0
6984,45.657556,0.156997,88.03,7.6,72.5,0.0
6985,45.65834,0.157146,88.03,7.6,72.4,0.0
6986,45.659123,0.157295,88.03,7.6,72.4,0.0
6987,45.659907,0.157445,88.03,7.6,72.4,0.0
6988,45.660691,0.157594,88.03,7.6,72.3,0.0
6989,45.661475,0.157744,88.03,7.6,72.3,0.0
6990,45.662259,0.157893,88.03,7.6,72.3,0.0
6991,45.663042,0.158043,88.03,7.6,72.2,0.0
6992,45.663826,0.158192,88.03,7.6,72.2,0.0
6993,45.66461,0.158341,88.03,7.6,72.2,0.0
6994,45.665394,0.158491,88.03,7.6,72.1,0.0
6995,45.666178,0.15864,88.03,7.6,72.1,0.0
6996,45.666962,0.15879,88.03,7.6,72.0,0.0
6997,45.667745,0.158939,88.03,7.6,72.0,0.0
6998,45.668529,0.159089,88.03,7.6,72.0,0.0
6999,45.669313,0.159238,88.03,7.6,71.9,0.0
7000,45.670097,0.159387,88.03,7.6,71.9,0.0
7001,45.670881,0.159537,88.03,7.6,71.9,0.0
7002,45.671664,0.159686,88.02,7.6,71.8,0.0
7003,45.672448,0.159836,88.02,7.6,71.8,0.0
7004,45.673232,0.159985,88.02,7.6,71.8,0.0
7005,45.674016,0.160135,88.02,7.6,71.7,0.0
7006,45.6748,0.160284,88.02,7.6,71.7,0.0
7007,45.675583,0.160433,88.02,7.6,71.6,0.0
7008,45.676367,0.160583,88.02,7.6,71.6,0.0
7009,45.677151,0.160732,88.02,7.6,71.6,0.0
7010,45.677935,0.160882,88.02,7.6,71.5,0.0
7011,45.678719,0.161031,88.02,7.6,71.5,0.0
7012,45.679503,0.161181,88.02,7.6,71.5,0.0
7013,45.680286,0.16133,88.02,7.6,71.4,0.0
7014,45.68107,0.161479,88.02,7.6,71.4,0.0
7015,45.681854,0.161629,88.02,7.6,71.4,0.0
7016,45.682638,0.161778,88.02,7.6,71.3,0.0
7017,45.683422,0.161928,88.02,7.6,71.3,0.0
7018,45.684205,0.162077,88.02,7.6,71.2,0.0
7019,45.684989,0.162227,88.02,7.6,71.2,0.0
7020,45.685773,0.162376,88.02,7.6,71.2,0.0
7021,45.686557,0.162525,88.02,7.6,71.1,0.0
7022,45.687341,0.162675,88.02,7.6,71.1,0.0
7023,45.688124,0.162824,88.02,7.6,71.1,0.0
7024,45.688908,0.162974,88.02,7.6,71.0,0.0
7025,45.689692,0.163123,88.02,7.6,71.0,0.0
7026,45.690476,0.163273,88.02,7.6,70.9,0.0
7027,45.69126,0.163422,88.02,7.6,70.9,0.0
7028,45.692044,0.163571,88.02,7.6,70.9,0.0
7029,45.692827,0.163721,88.02,7.6,70.8,0.0
7030,45.693611,0.16387,88.02,7.6,70.8,0.0
7031,45.694395,0.16402,88.02,7.6,70.8,0.0
7032,45.695179,0.164169,88.02,7.6,70.7,0.0
7033,45.695963,0.164318,88.02,7.6,70.7,0.0
7034,45.696746,0.164468,88.02,7.6,70.7,0.0
7035,45.69753,0.164617,88.02,7.6,70.6,0.0
7036,45.698314,0.164767,88.02,7.6,70.6,0.0
7037,45.699098,0.164916,88.02,7.6,70.5,0.0
7038,45.699882,0.165066,88.02,7.6,70.5,0.0
7039,45.700666,0.165215,88.02,7.6,70.5,0.0
7040,45.701449,0.165364,88.02,7.6,70.4,0.0
7041,45.702233,0.165514,88.02,7.6,70.4,0.0
7042,45.703017,0.165663,88.02,7.6,70.4,0.0
7043,45.703801,0.165813,88.02,7.6,70.3,0.0
7044,45.704585,0.165962,88.02,7.6,70.3,0.0
7045,45.705368,0.166112,88.02,7.6,70.2,0.0
7046,45.706152,0.166261,88.02,7.6,70.2,0.0
7047,45.706936,0.16641,88.02,7.6,70.2,0.0
7048,45.70772,0.16656,88.02,7.6,70.1,0.0
7049,45.708504,0.166709,88.02,7.6,70.1,0.0
7050,45.709287,0.166859,88.02,7.6,70.1,0.0
7051,45.710071,0.167008,88.02,7.6,70.0,0.0
7052,45.710855,0.167158,88.02,7.6,70.0,0.0
7053,45.711639,0.167307,88.02,7.6,69.9,0.0
7054,45.712423,0.167456,88.02,7.6,69.9,0.0
7055,45.713207,0.167606,88.02,7.6,69.9,0.0
7056,45.71399,0.167755,88.02,7.6,69.8,0.0
7057,45.714774,0.167905,88.02,7.6,69.8,0.0
7058,45.715558,0.168054,88.02,7.6,69.8,0.0
7059,45.716342,0.168204,88.02,7.6,69.7,0.0
7060,45.717126,0.168353,88.02,7.6,69.7,0.0
7061,45.717909,0.168502,88.02,7.6,69.6,0.0
7062,45.718693,0.168652,88.02,7.6,69.6,0.0
7063,45.719477,0.168801,88.02,7.6,69.6,0.0
7064,45.720261,0.168951,88.02,7.6,69.5,0.0
7065,45.721045,0.1691,88.02,7.6,69.5,0.0
7066,45.721829,0.16925,88.02,7.6,69.5,0.0
7067,45.722612,0.169399,88.02,7.6,69.4,0.0
7068,45.723396,0.169548,88.02,7.6,69.4,0.0
7069,45.72418,0.169698,88.02,7.6,69.3,0.0
7070,45.724964,0.169847,88.02,7.6,69.3,0.0
7071,45.725748,0.169997,88.02,7.6,69.3,0.0
7072,45.726531,0.170146,88.02,7.6,69.2,0.0
7073,45.727315,0.170296,88.02,7.6,69.2,0.0
7074,45.728099,0.170445,88.02,7.6,69.2,0.0
7075,45.728883,0.170594,88.02,7.6,69.1,0.0
7076,45.729667,0.170744,88.02,7.6,69.1,0.0
7077,45.73045,0.170893,88.02,7.6,69.0,0.0
7078,45.731234,0.171043,88.02,7.6,69.0,0.0
7079,45.732018,0.171192,88.02,7.6,69.0,0.0
7080,45.732802,0.171342,88.02,7.6,68.9,0.0
7081,45.733586,0.171491,88.02,7.6,68.9,0.0
7082,45.73437,0.17164,88.02,7.6,68.9,0.0
7083,45.735153,0.17179,88.02,7.6,68.8,0.0
7084,45.735937,0.171939,88.02,7.6,68.8,0.0
7085,45.736721,0.172089,88.02,7.6,68.7,0.0
7086,45.737505,0.172238,88.02,7.6,68.7,0.0
7087,45.738289,0.172388,88.02,7.6,68.7,0.0
7088,45.739072,0.172537,88.02,7.6,68.6,0.0
7089,45.739856,0.172686,88.02,7.6,68.6,0.0
7090,45.74064,0.172836,88.02,7.6,68.6,0.0
7091,45.741424,0.172985,88.02,7.6,68.5,0.0
7092,45.742208,0.173135,88.02,7.6,68.5,0.0
7093,45.742991,0.173284,88.02,7.6,68.4,0.0
7094,45.743775,0.173434,88.02,7.6,68.4,0.0
7095,45.744559,0.173583,88.02,7.6,68.4,0.0
7096,45.745343,0.173732,88.02,7.6,68.3,0.0
7097,45.746127,0.173882,88.02,7.6,68.3,0.0
7098,45.746911,0.174031,88.02,7.6,68.3,0.0
7099,45.747694,0.174181,88.02,7.6,68.2,0.0
7100,45.748478,0.17433,88.02,7.6,68.2,0.0
7101,45.749262,0.17448,88.02,7.6,68.1,0.0
7102,45.750046,0.174629,88.02,7.6,68.1,0.0
7103,45.75083,0.174778,88.02,7.6,68.1,0.0
7104,45.751613,0.174928,88.02,7.6,68.0,0.0
7105,45.752397,0.175077,88.02,7.6,68.0,0.0
7106,45.753181,0.175227,88.02,7.6,68.0,0.0
7107,45.753965,0.175376,88.02,7.6,67.9,0.0
7108,45.754749,0.175526,88.02,7.6,67.9,0.0
7109,45.755533,0.175675,88.02,7.6,67.8,0.0
7110,45.756316,0.175824,88.02,7.6,67.8,0.0
7111,45.7571,0.175974,88.02,7.6,67.8,0.0
7112,45.757884,0.176123,88.02,7.6,67.7,0.0
7113,45.758668,0.176273,88.02,7.6,67.7,0.0
7114,45.759452,0.176422,88.02,7.6,67.6,0.0
7115,45.760235,0.176571,88.02,7.6,67.6,0.0
7116,45.761019,0.176721,88.02,7.6,67.6,0.0
7117,45.761803,0.17687,88.02,7.6,67.5,0.0
7118,45.762587,0.17702,88.02,7.6,67.5,0.0
7119,45.763371,0.177169,88.02,7.6,67.5,0.0
7120,45.764154,0.177319,88.02,7.6,67.4,0.0
7121,45.764938,0.177468,88.02,7.6,67.4,0.0
7122,45.765722,0.177617,88.02,7.6,67.3,0.0
7123,45.766506,0.177767,88.02,7.6,67.3,0.0
7124,45.76729,0.177916,88.02,7.6,67.3,0.0
7125,45.768074,0.178066,88.02,7.6,67.2,0.0
7126,45.768857,0.178215,88.02,7.6,67.2,0.0
7127,45.769641,0.178365,88.02,7.6,67.2,0.0
7128,45.770425,0.178514,88.02,7.6,67.1,0.0
7129,45.771209,0.178663,88.02,7.6,67.1,0.0
7130,45.771993,0.178813,88.02,7.6,67.0,0.0
7131,45.772776,0.178962,88.02,7.6,67.0,0.0
7132,45.77356,0.179112,88.02,7.6,67.0,0.0
7133,45.774344,0.179261,88.02,7.6,66.9,0.0
7134,45.775128,0.179411,88.02,7.6,66.9,0.0
7135,45.775912,0.17956,88.02,7.6,66.9,0.0
7136,45.776695,0.179709,88.02,7.6,66.8,0.0
7137,45.777479,0.179859,88.02,7.6,66.8,0.0
7138,45.778263,0.180008,88.02,7.6,66.7,0.0
7139,45.779047,0.180158,88.02,7.6,66.7,0.0
7140,45.779831,0.180307,88.02,7.6,66.7,0.0
7141,45.780615,0.180457,88.02,7.6,66.6,0.0
7142,45.781398,0.180606,88.02,7.6,66.6,0.0
7143,45.782182,0.180755,88.02,7.6,66.5,0.0
7144,45.782966,0.180905,88.02,7.6,66.5,0.0
7145,45.78375,0.181054,88.02,7.6,66.5,0.0
7146,45.784534,0.181204,88.02,7.6,66.4,0.0
7147,45.785317,0.181353,88.02,7.6,66.4,0.0
7148,45.786101,0.181503,88.02,7.6,66.4,0.0
7149,45.786885,0.181652,88.02,7.6,66.3,0.0
7150,45.787669,0.181801,88.02,7.6,66.3,0.0
7151,45.788453,0.181951,88.02,7.6,66.2,0.0
7152,45.789237,0.1821,88.02,7.6,66.2,0.0
7153,45.79002,0.18225,88.02,7.6,66.2,0.0
7154,45.790804,0.182399,88.02,7.6,66.1,0.0
7155,45.791588,0.182549,88.02,7.6,66.1,0.0
7156,45.792372,0.182698,88.02,7.6,66.0,0.0
7157,45.793156,0.182847,88.02,7.6,66.0,0.0
7158,45.793939,0.182997,88.02,7.6,66.0,0.0
7159,45.794723,0.183146,88.02,7.6,65.9,0.0
7160,45.795507,0.183296,88.02,7.6,65.9,0.0
7161,45.796291,0.183445,88.02,7.6,65.9,0.0
7162,45.797075,0.183595,88.02,7.6,65.8,0.0
7163,45.797858,0.183744,88.02,7.6,65.8,0.0
7164,45.798642,0.183893,88.02,7.6,65.7,0.0
7165,45.799426,0.184043,88.02,7.6,65.7,0.0
7166,45.80021,0.184192,88.02,7.6,65.7,0.0
7167,45.800994,0.184342,88.02,7.6,65.6,0.0
7168,45.801778,0.184491,88.02,7.6,65.6,0.0
7169,45.802561,0.184641,88.02,7.6,65.5,0.0
7170,45.803345,0.18479,88.02,7.6,65.5,0.0
7171,45.804129,0.184939,88.02,7.6,65.5,0.0
7172,45.804913,0.185089,88.02,7.6,65.4,0.0
7173,45.805697,0.185238,88.02,7.6,65.4,0.0
7174,45.80648,0.185388,88.02,7.6,65.4,0.0
7175,45.807264,0.185537,88.02,7.6,65.3,0.0
7176,45.808048,0.185687,88.02,7.6,65.3,0.0
7177,45.808832,0.185836,88.02,7.6,65.2,0.0
7178,45.809616,0.185985,88.02,7.6,65.2,0.0
7179,45.8104,0.186135,88.02,7.6,65.2,0.0
7180,45.811183,0.186284,88.02,7.6,65.1,0.0
7181,45.811967,0.186434,88.02,7.6,65.1,0.0
7182,45.812751,0.186583,88.02,7.6,65.0,0.0
7183,45.813535,0.186733,88.02,7.6,65.0,0.0
7184,45.814319,0.186882,88.02,7.6,65.0,0.0
7185,45.815102,0.187031,88.02,7.6,64.9,0.0
7186,45.815886,0.187181,88.02,7.6,64.9,0.0
7187,45.81667,0.18733,88.02,7.6,64.9,0.0
7188,45.817454,0.18748,88.02,7.6,64.8,0.0
7189,45.818238,0.187629,88.02,7.6,64.8,0.0
7190,45.819021,0.187778,88.02,7.6,64.7,0.0
7191,45.819805,0.187928,88.02,7.6,64.7,0.0
7192,45.820589,0.188077,88.02,7.6,64.7,0.0
7193,45.821373,0.188227,88.02,7.6,64.6,0.0
7194,45.822157,0.188376,88.02,7.6,64.6,0.0
7195,45.822941,0.188526,88.02,7.6,64.5,0.0
7196,45.823724,0.188675,88.02,7.6,64.5,0.0
7197,45.824508,0.188824,88.02,7.6,64.5,0.0
7198,45.825292,0.188974,88.02,7.6,64.4,0.0
7199,45.826076,0.189123,88.02,7.6,64.4,0.0
7200,45.82686,0.189273,88.02,7.6,64.4,0.0
