timestamp,latitude,longitude,speed,heading,pax_load,delay_s
0,48.84437,2.37344,92.0,0.0,60.0,30.0
1,48.843674,2.374117,92.0,147.4,60.0,30.0
2,48.842978,2.374794,92.0,147.4,60.1,30.0
3,48.842282,2.375471,92.0,147.4,60.1,30.0
4,48.841586,2.376148,92.0,147.4,60.2,30.0
5,48.84089,2.376825,92.0,147.4,60.2,30.0
6,48.840194,2.377502,92.0,147.4,60.2,30.0
7,48.839498,2.378179,92.0,147.4,60.3,30.0
8,48.838802,2.378857,92.0,147.4,60.3,30.0
9,48.838106,2.379534,92.0,147.4,60.3,31.0
10,48.83741,2.380211,92.0,147.4,60.4,31.0
11,48.836714,2.380888,92.0,147.4,60.4,31.0
12,48.836018,2.381565,92.0,147.4,60.5,31.0
13,48.835322,2.382242,92.0,147.4,60.5,31.0
14,48.834625,2.382919,92.01,147.4,60.5,31.0
15,48.833929,2.383596,92.01,147.4,60.6,31.0
16,48.833233,2.384273,92.01,147.4,60.6,31.0
17,48.832537,2.38495,92.01,147.4,60.7,31.0
18,48.831841,2.385627,92.01,147.4,60.7,31.0
19,48.831145,2.386304,92.01,147.4,60.7,31.0
20,48.830449,2.386981,92.01,147.4,60.8,31.0
21,48.829753,2.387658,92.01,147.4,60.8,31.0
22,48.829057,2.388336,92.01,147.4,60.9,31.0
23,48.828361,2.389013,92.01,147.4,60.9,31.0
24,48.827665,2.38969,92.01,147.4,60.9,31.0
25,48.826969,2.390367,92.01,147.4,61.0,31.0
26,48.826273,2.391044,92.01,147.4,61.0,31.0
27,48.825577,2.391721,92.01,147.4,61.0,32.0
28,48.824881,2.392398,92.01,147.4,61.1,32.0
29,48.824185,2.393075,92.01,147.4,61.1,32.0
30,48.823489,2.393752,92.01,147.4,61.2,32.0
31,48.822793,2.394429,92.01,147.4,61.2,32.0
32,48.822097,2.395106,92.01,147.4,61.2,32.0
33,48.821401,2.395783,92.01,147.4,61.3,32.0
34,48.820705,2.39646,92.01,147.4,61.3,32.0
35,48.820009,2.397137,92.01,147.4,61.4,32.0
36,48.819313,2.397815,92.01,147.4,61.4,32.0
37,48.818617,2.398492,92.01,147.4,61.4,32.0
38,48.817921,2.399169,92.01,147.4,61.5,32.0
39,48.817225,2.399846,92.01,147.4,61.5,32.0
40,48.816529,2.400523,92.01,147.4,61.6,32.0
41,48.815832,2.4012,92.02,147.4,61.6,32.0
42,48.815136,2.401877,92.02,147.4,61.6,32.0
43,48.81444,2.402554,92.02,147.4,61.7,32.0
44,48.813744,2.403231,92.02,147.4,61.7,32.0
45,48.813048,2.403908,92.02,147.4,61.7,33.0
46,48.812352,2.404585,92.02,147.4,61.8,33.0
47,48.811656,2.405262,92.02,147.4,61.8,33.0
48,48.81096,2.405939,92.02,147.4,61.9,33.0
49,48.810264,2.406616,92.02,147.4,61.9,33.0
50,48.809568,2.407294,92.02,147.4,61.9,33.0
51,48.808872,2.407971,92.02,147.4,62.0,33.0
52,48.808176,2.408648,92.02,147.4,62.0,33.0
53,48.80748,2.409325,92.02,147.4,62.1,33.0
54,48.806784,2.410002,92.02,147.4,62.1,33.0
55,48.806088,2.410679,92.02,147.4,62.1,33.0
56,48.805392,2.411356,92.02,147.4,62.2,33.0
57,48.804696,2.412033,92.02,147.4,62.2,33.0
58,48.804,2.41271,92.02,147.4,62.3,33.0
59,48.803304,2.413387,92.02,147.4,62.3,33.0
60,48.802608,2.414064,92.02,147.4,62.3,33.0
61,48.801912,2.414741,92.02,147.4,62.4,33.0
62,48.801216,2.415418,92.02,147.4,62.4,33.0
63,48.80052,2.416095,92.02,147.4,62.4,34.0
64,48.799824,2.416773,92.02,147.4,62.5,34.0
65,48.799128,2.41745,92.02,147.4,62.5,34.0
66,48.798432,2.418127,92.02,147.3,62.6,34.0
67,48.797736,2.418804,92.02,147.3,62.6,34.0
68,48.797039,2.419481,92.03,147.3,62.6,34.0
69,48.796343,2.420158,92.03,147.3,62.7,34.0
70,48.795647,2.420835,92.03,147.3,62.7,34.0
71,48.794951,2.421512,92.03,147.3,62.8,34.0
72,48.794255,2.422189,92.03,147.3,62.8,34.0
73,48.793559,2.422866,92.03,147.3,62.8,34.0
74,48.792863,2.423543,92.03,147.3,62.9,34.0
75,48.792167,2.42422,92.03,147.3,62.9,34.0
76,48.791471,2.424897,92.03,147.3,63.0,34.0
77,48.790775,2.425574,92.03,147.3,63.0,34.0
78,48.790079,2.426252,92.03,147.3,63.0,34.0
79,48.789383,2.426929,92.03,147.3,63.1,34.0
80,48.788687,2.427606,92.03,147.3,63.1,34.0
81,48.787991,2.428283,92.03,147.3,63.1,35.0
82,48.787295,2.42896,92.03,147.3,63.2,35.0
83,48.786599,2.429637,92.03,147.3,63.2,35.0
84,48.785903,2.430314,92.03,147.3,63.3,35.0
85,48.785207,2.430991,92.03,147.3,63.3,35.0
86,48.784511,2.431668,92.03,147.3,63.3,35.0
87,48.783815,2.432345,92.03,147.3,63.4,35.0
88,48.783119,2.433022,92.03,147.3,63.4,35.0
89,48.782423,2.433699,92.03,147.3,63.5,35.0
90,48.781727,2.434376,92.03,147.3,63.5,35.0
91,48.781031,2.435053,92.03,147.3,63.5,35.0
92,48.780335,2.435731,92.03,147.3,63.6,35.0
93,48.779639,2.436408,92.03,147.3,63.6,35.0
94,48.778943,2.437085,92.03,147.3,63.6,35.0
95,48.778246,2.437762,92.04,147.3,63.7,35.0
96,48.77755,2.438439,92.04,147.3,63.7,35.0
97,48.776854,2.439116,92.04,147.3,63.8,35.0
98,48.776158,2.439793,92.04,147.3,63.8,36.0
99,48.775462,2.44047,92.04,147.3,63.8,36.0
100,48.774766,2.441147,92.04,147.3,63.9,36.0
101,48.77407,2.441824,92.04,147.3,63.9,36.0
102,48.773374,2.442501,92.04,147.3,64.0,36.0
103,48.772678,2.443178,92.04,147.3,64.0,36.0
104,48.771982,2.443855,92.04,147.3,64.0,36.0
105,48.771286,2.444532,92.04,147.3,64.1,36.0
106,48.77059,2.445209,92.04,147.3,64.1,36.0
107,48.769894,2.445887,92.04,147.3,64.2,36.0
108,48.769198,2.446564,92.04,147.3,64.2,36.0
109,48.768502,2.447241,92.04,147.3,64.2,36.0
110,48.767806,2.447918,92.04,147.3,64.3,36.0
111,48.76711,2.448595,92.04,147.3,64.3,36.0
112,48.766414,2.449272,92.04,147.3,64.3,36.0
113,48.765718,2.449949,92.04,147.3,64.4,36.0
114,48.765022,2.450626,92.04,147.3,64.4,36.0
115,48.764326,2.451303,92.04,147.3,64.5,36.0
116,48.76363,2.45198,92.04,147.3,64.5,37.0
117,48.762934,2.452657,92.04,147.3,64.5,37.0
118,48.762238,2.453334,92.04,147.3,64.6,37.0
119,48.761542,2.454011,92.04,147.3,64.6,37.0
120,48.760846,2.454688,92.04,147.3,64.7,37.0
121,48.76015,2.455366,92.04,147.3,64.7,37.0
122,48.759453,2.456043,92.05,147.3,64.7,37.0
123,48.758757,2.45672,92.05,147.3,64.8,37.0
124,48.758061,2.457397,92.05,147.3,64.8,37.0
125,48.757365,2.458074,92.05,147.3,64.8,37.0
126,48.756669,2.458751,92.05,147.3,64.9,37.0
127,48.755973,2.459428,92.05,147.3,64.9,37.0
128,48.755277,2.460105,92.05,147.3,65.0,37.0
129,48.754581,2.460782,92.05,147.3,65.0,37.0
130,48.753885,2.461459,92.05,147.3,65.0,37.0
131,48.753189,2.462136,92.05,147.3,65.1,37.0
132,48.752493,2.462813,92.05,147.3,65.1,37.0
133,48.751797,2.46349,92.05,147.3,65.2,37.0
134,48.751101,2.464167,92.05,147.3,65.2,38.0
135,48.750405,2.464845,92.05,147.3,65.2,38.0
136,48.749709,2.465522,92.05,147.3,65.3,38.0
137,48.749013,2.466199,92.05,147.3,65.3,38.0
138,48.748317,2.466876,92.05,147.3,65.3,38.0
139,48.747621,2.467553,92.05,147.3,65.4,38.0
140,48.746925,2.46823,92.05,147.3,65.4,38.0
141,48.746229,2.468907,92.05,147.3,65.5,38.0
142,48.745533,2.469584,92.05,147.3,65.5,38.0
143,48.744837,2.470261,92.05,147.3,65.5,38.0
144,48.744141,2.470938,92.05,147.3,65.6,38.0
145,48.743445,2.471615,92.05,147.3,65.6,38.0
146,48.742749,2.472292,92.05,147.3,65.7,38.0
147,48.742053,2.472969,92.05,147.3,65.7,38.0
148,48.741356,2.473646,92.06,147.3,65.7,38.0
149,48.74066,2.474324,92.06,147.3,65.8,38.0
150,48.739964,2.475001,92.06,147.3,65.8,38.0
151,48.739268,2.475678,92.06,147.3,65.8,38.0
152,48.738572,2.476355,92.06,147.3,65.9,39.0
153,48.737876,2.477032,92.06,147.3,65.9,39.0
154,48.73718,2.477709,92.06,147.3,66.0,39.0
155,48.736484,2.478386,92.06,147.3,66.0,39.0
156,48.735788,2.479063,92.06,147.3,66.0,39.0
157,48.735092,2.47974,92.06,147.3,66.1,39.0
158,48.734396,2.480417,92.06,147.3,66.1,39.0
159,48.7337,2.481094,92.06,147.3,66.2,39.0
160,48.733004,2.481771,92.06,147.3,66.2,39.0
161,48.732308,2.482448,92.06,147.3,66.2,39.0
162,48.731612,2.483125,92.06,147.3,66.3,39.0
163,48.730916,2.483803,92.06,147.3,66.3,39.0
164,48.73022,2.48448,92.06,147.3,66.3,39.0
165,48.729524,2.485157,92.06,147.3,66.4,39.0
166,48.728828,2.485834,92.06,147.3,66.4,39.0
167,48.728132,2.486511,92.06,147.3,66.5,39.0
168,48.727436,2.487188,92.06,147.3,66.5,39.0
169,48.72674,2.487865,92.06,147.3,66.5,39.0
170,48.726044,2.488542,92.06,147.3,66.6,40.0
171,48.725348,2.489219,92.06,147.3,66.6,40.0
172,48.724652,2.489896,92.06,147.3,66.6,40.0
173,48.723956,2.490573,92.06,147.3,66.7,40.0
174,48.72326,2.49125,92.06,147.3,66.7,40.0
175,48.722563,2.491927,92.07,147.3,66.8,40.0
176,48.721867,2.492604,92.07,147.3,66.8,40.0
177,48.721171,2.493282,92.07,147.3,66.8,40.0
178,48.720475,2.493959,92.07,147.3,66.9,40.0
179,48.719779,2.494636,92.07,147.3,66.9,40.0
180,48.719083,2.495313,92.07,147.3,67.0,40.0
181,48.718387,2.49599,92.07,147.3,67.0,40.0
182,48.717691,2.496667,92.07,147.3,67.0,40.0
183,48.716995,2.497344,92.07,147.3,67.1,40.0
184,48.716299,2.498021,92.07,147.3,67.1,40.0
185,48.715603,2.498698,92.07,147.3,67.1,40.0
186,48.714907,2.499375,92.07,147.3,67.2,40.0
187,48.714211,2.500052,92.07,147.3,67.2,40.0
188,48.713515,2.500729,92.07,147.3,67.3,41.0
189,48.712819,2.501406,92.07,147.3,67.3,41.0
190,48.712123,2.502083,92.07,147.3,67.3,41.0
191,48.711427,2.50276,92.07,147.3,67.4,41.0
192,48.710731,2.503438,92.07,147.3,67.4,41.0
193,48.710035,2.504115,92.07,147.3,67.4,41.0
194,48.709339,2.504792,92.07,147.3,67.5,41.0
195,48.708643,2.505469,92.07,147.3,67.5,41.0
196,48.707947,2.506146,92.07,147.3,67.6,41.0
197,48.707251,2.506823,92.07,147.3,67.6,41.0
198,48.706555,2.5075,92.07,147.3,67.6,41.0
199,48.705859,2.508177,92.07,147.3,67.7,41.0
200,48.705163,2.508854,92.07,147.3,67.7,41.0
201,48.704467,2.509531,92.07,147.3,67.8,41.0
202,48.70377,2.510208,92.08,147.3,67.8,41.0
203,48.703074,2.510885,92.08,147.3,67.8,41.0
204,48.702378,2.511562,92.08,147.3,67.9,41.0
205,48.701682,2.512239,92.08,147.3,67.9,41.0
206,48.700986,2.512917,92.08,147.3,67.9,42.0
207,48.70029,2.513594,92.08,147.3,68.0,42.0
208,48.699594,2.514271,92.08,147.3,68.0,42.0
209,48.698898,2.514948,92.08,147.3,68.1,42.0
210,48.698202,2.515625,92.08,147.3,68.1,42.0
211,48.697506,2.516302,92.08,147.3,68.1,42.0
212,48.69681,2.516979,92.08,147.3,68.2,42.0
213,48.696114,2.517656,92.08,147.3,68.2,42.0
214,48.695418,2.518333,92.08,147.3,68.2,42.0
215,48.694722,2.51901,92.08,147.3,68.3,42.0
216,48.694026,2.519687,92.08,147.3,68.3,42.0
217,48.69333,2.520364,92.08,147.3,68.4,42.0
218,48.692634,2.521041,92.08,147.3,68.4,42.0
219,48.691938,2.521718,92.08,147.3,68.4,42.0
220,48.691242,2.522396,92.08,147.3,68.5,42.0
221,48.690546,2.523073,92.08,147.3,68.5,42.0
222,48.68985,2.52375,92.08,147.3,68.5,42.0
223,48.689154,2.524427,92.08,147.3,68.6,43.0
224,48.688458,2.525104,92.08,147.3,68.6,43.0
225,48.687762,2.525781,92.08,147.3,68.7,43.0
226,48.687066,2.526458,92.08,147.3,68.7,43.0
227,48.68637,2.527135,92.08,147.3,68.7,43.0
228,48.685674,2.527812,92.08,147.3,68.8,43.0
229,48.684977,2.528489,92.09,147.3,68.8,43.0
230,48.684281,2.529166,92.09,147.3,68.8,43.0
231,48.683585,2.529843,92.09,147.3,68.9,43.0
232,48.682889,2.53052,92.09,147.3,68.9,43.0
233,48.682193,2.531197,92.09,147.3,69.0,43.0
234,48.681497,2.531875,92.09,147.3,69.0,43.0
235,48.680801,2.532552,92.09,147.3,69.0,43.0
236,48.680105,2.533229,92.09,147.3,69.1,43.0
237,48.679409,2.533906,92.09,147.3,69.1,43.0
238,48.678713,2.534583,92.09,147.3,69.1,43.0
239,48.678017,2.53526,92.09,147.3,69.2,43.0
240,48.677321,2.535937,92.09,147.3,69.2,43.0
241,48.676625,2.536614,92.09,147.3,69.3,44.0
242,48.675929,2.537291,92.09,147.3,69.3,44.0
243,48.675233,2.537968,92.09,147.3,69.3,44.0
244,48.674537,2.538645,92.09,147.3,69.4,44.0
245,48.673841,2.539322,92.09,147.3,69.4,44.0
246,48.673145,2.539999,92.09,147.3,69.4,44.0
247,48.672449,2.540676,92.09,147.3,69.5,44.0
248,48.671753,2.541354,92.09,147.3,69.5,44.0
249,48.671057,2.542031,92.09,147.3,69.6,44.0
250,48.670361,2.542708,92.09,147.3,69.6,44.0
251,48.669665,2.543385,92.09,147.3,69.6,44.0
252,48.668969,2.544062,92.09,147.3,69.7,44.0
253,48.668273,2.544739,92.09,147.3,69.7,44.0
254,48.667577,2.545416,92.09,147.3,69.7,44.0
255,48.666881,2.546093,92.09,147.3,69.8,44.0
256,48.666184,2.54677,92.1,147.3,69.8,44.0
257,48.665488,2.547447,92.1,147.3,69.9,44.0
258,48.664792,2.548124,92.1,147.3,69.9,44.0
259,48.664096,2.548801,92.1,147.3,69.9,45.0
260,48.6634,2.549478,92.1,147.3,70.0,45.0
261,48.662704,2.550155,92.1,147.3,70.0,45.0
262,48.662008,2.550833,92.1,147.3,70.0,45.0
263,48.661312,2.55151,92.1,147.3,70.1,45.0
264,48.660616,2.552187,92.1,147.3,70.1,45.0
265,48.65992,2.552864,92.1,147.3,70.2,45.0
266,48.659224,2.553541,92.1,147.3,70.2,45.0
267,48.658528,2.554218,92.1,147.3,70.2,45.0
268,48.657832,2.554895,92.1,147.3,70.3,45.0
269,48.657136,2.555572,92.1,147.3,70.3,45.0
270,48.65644,2.556249,92.1,147.3,70.3,45.0
271,48.655744,2.556926,92.1,147.3,70.4,45.0
272,48.655048,2.557603,92.1,147.3,70.4,45.0
273,48.654352,2.55828,92.1,147.3,70.5,45.0
274,48.653656,2.558957,92.1,147.3,70.5,45.0
275,48.65296,2.559634,92.1,147.3,70.5,45.0
276,48.652264,2.560312,92.1,147.3,70.6,45.0
277,48.651568,2.560989,92.1,147.3,70.6,46.0
278,48.650872,2.561666,92.1,147.3,70.6,46.0
279,48.650176,2.562343,92.1,147.3,70.7,46.0
280,48.64948,2.56302,92.1,147.3,70.7,46.0
281,48.648784,2.563697,92.1,147.3,70.8,46.0
282,48.648088,2.564374,92.1,147.3,70.8,46.0
283,48.647391,2.565051,92.11,147.3,70.8,46.0
284,48.646695,2.565728,92.11,147.3,70.9,46.0
285,48.645999,2.566405,92.11,147.3,70.9,46.0
286,48.645303,2.567082,92.11,147.3,70.9,46.0
287,48.644607,2.567759,92.11,147.3,71.0,46.0
288,48.643911,2.568436,92.11,147.3,71.0,46.0
289,48.643215,2.569113,92.11,147.3,71.0,46.0
290,48.642519,2.56979,92.11,147.3,71.1,46.0
291,48.641823,2.570468,92.11,147.3,71.1,46.0
292,48.641127,2.571145,92.11,147.3,71.2,46.0
293,48.640431,2.571822,92.11,147.3,71.2,46.0
294,48.639735,2.572499,92.11,147.3,71.2,46.0
295,48.639039,2.573176,92.11,147.3,71.3,46.0
296,48.638343,2.573853,92.11,147.3,71.3,47.0
297,48.637647,2.57453,92.11,147.3,71.3,47.0
298,48.636951,2.575207,92.11,147.3,71.4,47.0
299,48.636255,2.575884,92.11,147.3,71.4,47.0
300,48.635559,2.576561,92.11,147.3,71.5,47.0
301,48.634863,2.577238,92.11,147.3,71.5,47.0
302,48.634167,2.577915,92.11,147.3,71.5,47.0
303,48.633471,2.578592,92.11,147.3,71.6,47.0
304,48.632775,2.579269,92.11,147.3,71.6,47.0
305,48.632079,2.579947,92.11,147.3,71.6,47.0
306,48.631383,2.580624,92.11,147.3,71.7,47.0
307,48.630687,2.581301,92.11,147.3,71.7,47.0
308,48.629991,2.581978,92.11,147.3,71.7,47.0
309,48.629295,2.582655,92.11,147.3,71.8,47.0
310,48.628598,2.583332,92.12,147.3,71.8,47.0
311,48.627902,2.584009,92.12,147.3,71.9,47.0
312,48.627206,2.584686,92.12,147.3,71.9,47.0
313,48.62651,2.585363,92.12,147.3,71.9,47.0
314,48.625814,2.58604,92.12,147.3,72.0,48.0
315,48.625118,2.586717,92.12,147.3,72.0,48.0
316,48.624422,2.587394,92.12,147.3,72.0,48.0
317,48.623726,2.588071,92.12,147.3,72.1,48.0
318,48.62303,2.588748,92.12,147.3,72.1,48.0
319,48.622334,2.589426,92.12,147.3,72.1,48.0
320,48.621638,2.590103,92.12,147.3,72.2,48.0
321,48.620942,2.59078,92.12,147.3,72.2,48.0
322,48.620246,2.591457,92.12,147.3,72.3,48.0
323,48.61955,2.592134,92.12,147.3,72.3,48.0
324,48.618854,2.592811,92.12,147.3,72.3,48.0
325,48.618158,2.593488,92.12,147.3,72.4,48.0
326,48.617462,2.594165,92.12,147.3,72.4,48.0
327,48.616766,2.594842,92.12,147.3,72.4,48.0
328,48.61607,2.595519,92.12,147.3,72.5,48.0
329,48.615374,2.596196,92.12,147.3,72.5,48.0
330,48.614678,2.596873,92.12,147.3,72.5,48.0
331,48.613982,2.59755,92.12,147.3,72.6,48.0
332,48.613286,2.598227,92.12,147.3,72.6,49.0
333,48.61259,2.598905,92.12,147.3,72.7,49.0
334,48.611894,2.599582,92.12,147.3,72.7,49.0
335,48.611198,2.600259,92.12,147.3,72.7,49.0
336,48.610502,2.600936,92.12,147.3,72.8,49.0
337,48.609805,2.601613,92.13,147.3,72.8,49.0
338,48.609109,2.60229,92.13,147.3,72.8,49.0
339,48.608413,2.602967,92.13,147.3,72.9,49.0
340,48.607717,2.603644,92.13,147.3,72.9,49.0
341,48.607021,2.604321,92.13,147.3,72.9,49.0
342,48.606325,2.604998,92.13,147.3,73.0,49.0
343,48.605629,2.605675,92.13,147.3,73.0,49.0
344,48.604933,2.606352,92.13,147.2,73.1,49.0
345,48.604237,2.607029,92.13,147.2,73.1,49.0
346,48.603541,2.607706,92.13,147.2,73.1,49.0
347,48.602845,2.608384,92.13,147.2,73.2,49.0
348,48.602149,2.609061,92.13,147.2,73.2,49.0
349,48.601453,2.609738,92.13,147.2,73.2,49.0
350,48.600757,2.610415,92.13,147.2,73.3,50.0
351,48.600061,2.611092,92.13,147.2,73.3,50.0
352,48.599365,2.611769,92.13,147.2,73.3,50.0
353,48.598669,2.612446,92.13,147.2,73.4,50.0
354,48.597973,2.613123,92.13,147.2,73.4,50.0
355,48.597277,2.6138,92.13,147.2,73.5,50.0
356,48.596581,2.614477,92.13,147.2,73.5,50.0
357,48.595885,2.615154,92.13,147.2,73.5,50.0
358,48.595189,2.615831,92.13,147.2,73.6,50.0
359,48.594493,2.616508,92.13,147.2,73.6,50.0
360,48.593797,2.617185,92.13,147.2,73.6,50.0
361,48.593101,2.617863,92.13,147.2,73.7,50.0
362,48.592405,2.61854,92.13,147.2,73.7,50.0
363,48.591709,2.619217,92.13,147.2,73.7,50.0
364,48.591012,2.619894,92.14,147.2,73.8,50.0
365,48.590316,2.620571,92.14,147.2,73.8,50.0
366,48.58962,2.621248,92.14,147.2,73.8,50.0
367,48.588924,2.621925,92.14,147.2,73.9,50.0
368,48.588228,2.622602,92.14,147.2,73.9,51.0
369,48.587532,2.623279,92.14,147.2,74.0,51.0
370,48.586836,2.623956,92.14,147.2,74.0,51.0
371,48.58614,2.624633,92.14,147.2,74.0,51.0
372,48.585444,2.62531,92.14,147.2,74.1,51.0
373,48.584748,2.625987,92.14,147.2,74.1,51.0
374,48.584052,2.626664,92.14,147.2,74.1,51.0
375,48.583356,2.627341,92.14,147.2,74.2,51.0
376,48.58266,2.628019,92.14,147.2,74.2,51.0
377,48.581964,2.628696,92.14,147.2,74.2,51.0
378,48.581268,2.629373,92.14,147.2,74.3,51.0
379,48.580572,2.63005,92.14,147.2,74.3,51.0
380,48.579876,2.630727,92.14,147.2,74.3,51.0
381,48.57918,2.631404,92.14,147.2,74.4,51.0
382,48.578484,2.632081,92.14,147.2,74.4,51.0
383,48.577788,2.632758,92.14,147.2,74.4,51.0
384,48.577092,2.633435,92.14,147.2,74.5,51.0
385,48.576396,2.634112,92.14,147.2,74.5,51.0
386,48.5757,2.634789,92.14,147.2,74.6,52.0
387,48.575004,2.635466,92.14,147.2,74.6,52.0
388,48.574308,2.636143,92.14,147.2,74.6,52.0
389,48.573612,2.63682,92.14,147.2,74.7,52.0
390,48.572915,2.637498,92.14,147.2,74.7,52.0
391,48.572219,2.638175,92.15,147.2,74.7,52.0
392,48.571523,2.638852,92.15,147.2,74.8,52.0
393,48.570827,2.639529,92.15,147.2,74.8,52.0
394,48.570131,2.640206,92.15,147.2,74.8,52.0
395,48.569435,2.640883,92.15,147.2,74.9,52.0
396,48.568739,2.64156,92.15,147.2,74.9,52.0
397,48.568043,2.642237,92.15,147.2,74.9,52.0
398,48.567347,2.642914,92.15,147.2,75.0,52.0
399,48.566651,2.643591,92.15,147.2,75.0,52.0
400,48.565955,2.644268,92.15,147.2,75.0,52.0
401,48.565259,2.644945,92.15,147.2,75.1,52.0
402,48.564563,2.645622,92.15,147.2,75.1,52.0
403,48.563867,2.646299,92.15,147.2,75.2,52.0
404,48.563171,2.646977,92.15,147.2,75.2,52.0
405,48.562475,2.647654,92.15,147.2,75.2,53.0
406,48.561779,2.648331,92.15,147.2,75.3,53.0
407,48.561083,2.649008,92.15,147.2,75.3,53.0
408,48.560387,2.649685,92.15,147.2,75.3,53.0
409,48.559691,2.650362,92.15,147.2,75.4,53.0
410,48.558995,2.651039,92.15,147.2,75.4,53.0
411,48.558299,2.651716,92.15,147.2,75.4,53.0
412,48.557603,2.652393,92.15,147.2,75.5,53.0
413,48.556907,2.65307,92.15,147.2,75.5,53.0
414,48.556211,2.653747,92.15,147.2,75.5,53.0
415,48.555515,2.654424,92.15,147.2,75.6,53.0
416,48.554819,2.655101,92.15,147.2,75.6,53.0
417,48.554122,2.655778,92.15,147.2,75.6,53.0
418,48.553426,2.656456,92.16,147.2,75.7,53.0
419,48.55273,2.657133,92.16,147.2,75.7,53.0
420,48.552034,2.65781,92.16,147.2,75.7,53.0
421,48.551338,2.658487,92.16,147.2,75.8,53.0
422,48.550642,2.659164,92.16,147.2,75.8,53.0
423,48.549946,2.659841,92.16,147.2,75.9,54.0
424,48.54925,2.660518,92.16,147.2,75.9,54.0
425,48.548554,2.661195,92.16,147.2,75.9,54.0
426,48.547858,2.661872,92.16,147.2,76.0,54.0
427,48.547162,2.662549,92.16,147.2,76.0,54.0
428,48.546466,2.663226,92.16,147.2,76.0,54.0
429,48.54577,2.663903,92.16,147.2,76.1,54.0
430,48.545074,2.66458,92.16,147.2,76.1,54.0
431,48.544378,2.665257,92.16,147.2,76.1,54.0
432,48.543682,2.665935,92.16,147.2,76.2,54.0
433,48.542986,2.666612,92.16,147.2,76.2,54.0
434,48.54229,2.667289,92.16,147.2,76.2,54.0
435,48.541594,2.667966,92.16,147.2,76.3,54.0
436,48.540898,2.668643,92.16,147.2,76.3,54.0
437,48.540202,2.66932,92.16,147.2,76.3,54.0
438,48.539506,2.669997,92.16,147.2,76.4,54.0
439,48.53881,2.670674,92.16,147.2,76.4,54.0
440,48.538114,2.671351,92.16,147.2,76.4,54.0
441,48.537418,2.672028,92.16,147.2,76.5,54.0
442,48.536722,2.672705,92.16,147.2,76.5,55.0
443,48.536026,2.673382,92.16,147.2,76.5,55.0
444,48.535329,2.674059,92.17,147.2,76.6,55.0
445,48.534633,2.674736,92.17,147.2,76.6,55.0
446,48.533937,2.675414,92.17,147.2,76.6,55.0
447,48.533241,2.676091,92.17,147.2,76.7,55.0
448,48.532545,2.676768,92.17,147.2,76.7,55.0
449,48.531849,2.677445,92.17,147.2,76.7,55.0
450,48.531153,2.678122,92.17,147.2,76.8,55.0
451,48.530457,2.678799,92.17,147.2,76.8,55.0
452,48.529761,2.679476,92.17,147.2,76.8,55.0
453,48.529065,2.680153,92.17,147.2,76.9,55.0
454,48.528369,2.68083,92.17,147.2,76.9,55.0
455,48.527673,2.681507,92.17,147.2,77.0,55.0
456,48.526977,2.682184,92.17,147.2,77.0,55.0
457,48.526281,2.682861,92.17,147.2,77.0,55.0
458,48.525585,2.683538,92.17,147.2,77.1,55.0
459,48.524889,2.684215,92.17,147.2,77.1,55.0
460,48.524193,2.684893,92.17,147.2,77.1,56.0
461,48.523497,2.68557,92.17,147.2,77.2,56.0
462,48.522801,2.686247,92.17,147.2,77.2,56.0
463,48.522105,2.686924,92.17,147.2,77.2,56.0
464,48.521409,2.687601,92.17,147.2,77.3,56.0
465,48.520713,2.688278,92.17,147.2,77.3,56.0
466,48.520017,2.688955,92.17,147.2,77.3,56.0
467,48.519321,2.689632,92.17,147.2,77.4,56.0
468,48.518625,2.690309,92.17,147.2,77.4,56.0
469,48.517929,2.690986,92.17,147.2,77.4,56.0
470,48.517233,2.691663,92.17,147.2,77.5,56.0
471,48.516536,2.69234,92.18,147.2,77.5,56.0
472,48.51584,2.693017,92.18,147.2,77.5,56.0
473,48.515144,2.693694,92.18,147.2,77.6,56.0
474,48.514448,2.694371,92.18,147.2,77.6,56.0
475,48.513752,2.695049,92.18,147.2,77.6,56.0
476,48.513056,2.695726,92.18,147.2,77.7,56.0
477,48.51236,2.696403,92.18,147.2,77.7,56.0
478,48.511664,2.69708,92.18,147.2,77.7,56.0
479,48.510968,2.697757,92.18,147.2,77.8,57.0
480,48.510272,2.698434,92.18,147.2,77.8,57.0
481,48.509576,2.699111,92.18,147.2,77.8,57.0
482,48.50888,2.699788,92.18,147.2,77.9,57.0
483,48.508184,2.700465,92.18,147.2,77.9,57.0
484,48.507488,2.701142,92.18,147.2,77.9,57.0
485,48.506792,2.701819,92.18,147.2,78.0,57.0
486,48.506096,2.702496,92.18,147.2,78.0,57.0
487,48.5054,2.703173,92.18,147.2,78.0,57.0
488,48.504704,2.70385,92.18,147.2,78.1,57.0
489,48.504008,2.704528,92.18,147.2,78.1,57.0
490,48.503312,2.705205,92.18,147.2,78.1,57.0
491,48.502616,2.705882,92.18,147.2,78.2,57.0
492,48.50192,2.706559,92.18,147.2,78.2,57.0
493,48.501224,2.707236,92.18,147.2,78.2,57.0
494,48.500528,2.707913,92.18,147.2,78.3,57.0
495,48.499832,2.70859,92.18,147.2,78.3,57.0
496,48.499136,2.709267,92.18,147.2,78.3,57.0
497,48.49844,2.709944,92.18,147.2,78.4,58.0
498,48.497743,2.710621,92.19,147.2,78.4,58.0
499,48.497047,2.711298,92.19,147.2,78.4,58.0
500,48.496351,2.711975,92.19,147.2,78.5,58.0
501,48.495655,2.712652,92.19,147.2,78.5,58.0
502,48.494959,2.713329,92.19,147.2,78.5,58.0
503,48.494263,2.714007,92.19,147.2,78.6,58.0
504,48.493567,2.714684,92.19,147.2,78.6,58.0
505,48.492871,2.715361,92.19,147.2,78.6,58.0
506,48.492175,2.716038,92.19,147.2,78.7,58.0
507,48.491479,2.716715,92.19,147.2,78.7,58.0
508,48.490783,2.717392,92.19,147.2,78.7,58.0
509,48.490087,2.718069,92.19,147.2,78.8,58.0
510,48.489391,2.718746,92.19,147.2,78.8,58.0
511,48.488695,2.719423,92.19,147.2,78.8,58.0
512,48.487999,2.7201,92.19,147.2,78.9,58.0
513,48.487303,2.720777,92.19,147.2,78.9,58.0
514,48.486607,2.721454,92.19,147.2,78.9,58.0
515,48.485911,2.722131,92.19,147.2,79.0,58.0
516,48.485215,2.722808,92.19,147.2,79.0,59.0
517,48.484519,2.723486,92.19,147.2,79.0,59.0
518,48.483823,2.724163,92.19,147.2,79.1,59.0
519,48.483127,2.72484,92.19,147.2,79.1,59.0
520,48.482431,2.725517,92.19,147.2,79.1,59.0
521,48.481735,2.726194,92.19,147.2,79.1,59.0
522,48.481039,2.726871,92.19,147.2,79.2,59.0
523,48.480343,2.727548,92.19,147.2,79.2,59.0
524,48.479647,2.728225,92.19,147.2,79.2,59.0
525,48.47895,2.728902,92.2,147.2,79.3,59.0
526,48.478254,2.729579,92.2,147.2,79.3,59.0
527,48.477558,2.730256,92.2,147.2,79.3,59.0
528,48.476862,2.730933,92.2,147.2,79.4,59.0
529,48.476166,2.73161,92.2,147.2,79.4,59.0
530,48.47547,2.732287,92.2,147.2,79.4,59.0
531,48.474774,2.732965,92.2,147.2,79.5,59.0
532,48.474078,2.733642,92.2,147.2,79.5,59.0
533,48.473382,2.734319,92.2,147.2,79.5,59.0
534,48.472686,2.734996,92.2,147.2,79.6,59.0
535,48.47199,2.735673,92.2,147.2,79.6,60.0
536,48.471294,2.73635,92.2,147.2,79.6,60.0
537,48.470598,2.737027,92.2,147.2,79.7,60.0
538,48.469902,2.737704,92.2,147.2,79.7,60.0
539,48.469206,2.738381,92.2,147.2,79.7,60.0
540,48.46851,2.739058,92.2,147.2,79.8,60.0
541,48.467814,2.739735,92.2,147.2,79.8,60.0
542,48.467118,2.740412,92.2,147.2,79.8,60.0
543,48.466422,2.741089,92.2,147.2,79.9,60.0
544,48.465726,2.741766,92.2,147.2,79.9,60.0
545,48.46503,2.742444,92.2,147.2,79.9,60.0
546,48.464334,2.743121,92.2,147.2,80.0,60.0
547,48.463638,2.743798,92.2,147.2,80.0,60.0
548,48.462942,2.744475,92.2,147.2,80.0,60.0
549,48.462246,2.745152,92.2,147.2,80.1,60.0
550,48.46155,2.745829,92.2,147.2,80.1,60.0
551,48.460854,2.746506,92.2,147.2,80.1,60.0
552,48.460157,2.747183,92.21,147.2,80.1,60.0
553,48.459461,2.74786,92.21,147.2,80.2,60.0
554,48.458765,2.748537,92.21,147.2,80.2,61.0
555,48.458069,2.749214,92.21,147.2,80.2,61.0
556,48.457373,2.749891,92.21,147.2,80.3,61.0
557,48.456677,2.750568,92.21,147.2,80.3,61.0
558,48.455981,2.751245,92.21,147.2,80.3,61.0
559,48.455285,2.751922,92.21,147.2,80.4,61.0
560,48.454589,2.7526,92.21,147.2,80.4,61.0
561,48.453893,2.753277,92.21,147.2,80.4,61.0
562,48.453197,2.753954,92.21,147.2,80.5,61.0
563,48.452501,2.754631,92.21,147.2,80.5,61.0
564,48.451805,2.755308,92.21,147.2,80.5,61.0
565,48.451109,2.755985,92.21,147.2,80.6,61.0
566,48.450413,2.756662,92.21,147.2,80.6,61.0
567,48.449717,2.757339,92.21,147.2,80.6,61.0
568,48.449021,2.758016,92.21,147.2,80.7,61.0
569,48.448325,2.758693,92.21,147.2,80.7,61.0
570,48.447629,2.75937,92.21,147.2,80.7,61.0
571,48.446933,2.760047,92.21,147.2,80.7,61.0
572,48.446237,2.760724,92.21,147.2,80.8,61.0
573,48.445541,2.761401,92.21,147.2,80.8,62.0
574,48.444845,2.762079,92.21,147.2,80.8,62.0
575,48.444149,2.762756,92.21,147.2,80.9,62.0
576,48.443453,2.763433,92.21,147.2,80.9,62.0
577,48.442757,2.76411,92.21,147.2,80.9,62.0
578,48.442061,2.764787,92.21,147.2,81.0,62.0
579,48.441364,2.765464,92.22,147.2,81.0,62.0
580,48.440668,2.766141,92.22,147.2,81.0,62.0
581,48.439972,2.766818,92.22,147.2,81.1,62.0
582,48.439276,2.767495,92.22,147.2,81.1,62.0
583,48.43858,2.768172,92.22,147.2,81.1,62.0
584,48.437884,2.768849,92.22,147.2,81.2,62.0
585,48.437188,2.769526,92.22,147.2,81.2,62.0
586,48.436492,2.770203,92.22,147.2,81.2,62.0
587,48.435796,2.77088,92.22,147.2,81.2,62.0
588,48.4351,2.771558,92.22,147.2,81.3,62.0
589,48.434404,2.772235,92.22,147.2,81.3,62.0
590,48.433708,2.772912,92.22,147.2,81.3,62.0
591,48.433012,2.773589,92.22,147.2,81.4,62.0
592,48.432316,2.774266,92.22,147.2,81.4,63.0
593,48.43162,2.774943,92.22,147.2,81.4,63.0
594,48.430924,2.77562,92.22,147.2,81.5,63.0
595,48.430228,2.776297,92.22,147.2,81.5,63.0
596,48.429532,2.776974,92.22,147.2,81.5,63.0
597,48.428836,2.777651,92.22,147.2,81.6,63.0
598,48.42814,2.778328,92.22,147.2,81.6,63.0
599,48.427444,2.779005,92.22,147.2,81.6,63.0
600,48.426748,2.779682,92.22,147.2,81.6,63.0
601,48.426052,2.780359,92.22,147.2,81.7,63.0
602,48.425356,2.781037,92.22,147.2,81.7,63.0
603,48.42466,2.781714,92.22,147.2,81.7,63.0
604,48.423964,2.782391,92.22,147.2,81.8,63.0
605,48.423268,2.783068,92.22,147.2,81.8,63.0
606,48.422571,2.783745,92.23,147.2,81.8,63.0
607,48.421875,2.784422,92.23,147.2,81.9,63.0
608,48.421179,2.785099,92.23,147.2,81.9,63.0
609,48.420483,2.785776,92.23,147.2,81.9,63.0
610,48.419787,2.786453,92.23,147.2,81.9,63.0
611,48.419091,2.78713,92.23,147.2,82.0,64.0
612,48.418395,2.787807,92.23,147.2,82.0,64.0
613,48.417699,2.788484,92.23,147.2,82.0,64.0
614,48.417003,2.789161,92.23,147.2,82.1,64.0
615,48.416307,2.789838,92.23,147.2,82.1,64.0
616,48.415611,2.790516,92.23,147.2,82.1,64.0
617,48.414915,2.791193,92.23,147.2,82.2,64.0
618,48.414219,2.79187,92.23,147.2,82.2,64.0
619,48.413523,2.792547,92.23,147.2,82.2,64.0
620,48.412827,2.793224,92.23,147.2,82.2,64.0
621,48.412131,2.793901,92.23,147.2,82.3,64.0
622,48.411435,2.794578,92.23,147.2,82.3,64.0
623,48.410739,2.795255,92.23,147.1,82.3,64.0
624,48.410043,2.795932,92.23,147.1,82.4,64.0
625,48.409347,2.796609,92.23,147.1,82.4,64.0
626,48.408651,2.797286,92.23,147.1,82.4,64.0
627,48.407955,2.797963,92.23,147.1,82.5,64.0
628,48.407259,2.79864,92.23,147.1,82.5,64.0
629,48.406563,2.799317,92.23,147.1,82.5,64.0
630,48.405867,2.799995,92.23,147.1,82.5,65.0
631,48.405171,2.800672,92.23,147.1,82.6,65.0
632,48.404474,2.801349,92.23,147.1,82.6,65.0
633,48.403778,2.802026,92.24,147.1,82.6,65.0
634,48.403082,2.802703,92.24,147.1,82.7,65.0
635,48.402386,2.80338,92.24,147.1,82.7,65.0
636,48.40169,2.804057,92.24,147.1,82.7,65.0
637,48.400994,2.804734,92.24,147.1,82.8,65.0
638,48.400298,2.805411,92.24,147.1,82.8,65.0
639,48.399602,2.806088,92.24,147.1,82.8,65.0
640,48.398906,2.806765,92.24,147.1,82.8,65.0
641,48.39821,2.807442,92.24,147.1,82.9,65.0
642,48.397514,2.808119,92.24,147.1,82.9,65.0
643,48.396818,2.808796,92.24,147.1,82.9,65.0
644,48.396122,2.809474,92.24,147.1,83.0,65.0
645,48.395426,2.810151,92.24,147.1,83.0,65.0
646,48.39473,2.810828,92.24,147.1,83.0,65.0
647,48.394034,2.811505,92.24,147.1,83.0,65.0
648,48.393338,2.812182,92.24,147.1,83.1,65.0
649,48.392642,2.812859,92.24,147.1,83.1,66.0
650,48.391946,2.813536,92.24,147.1,83.1,66.0
651,48.39125,2.814213,92.24,147.1,83.2,66.0
652,48.390554,2.81489,92.24,147.1,83.2,66.0
653,48.389858,2.815567,92.24,147.1,83.2,66.0
654,48.389162,2.816244,92.24,147.1,83.3,66.0
655,48.388466,2.816921,92.24,147.1,83.3,66.0
656,48.38777,2.817598,92.24,147.1,83.3,66.0
657,48.387074,2.818275,92.24,147.1,83.3,66.0
658,48.386378,2.818952,92.24,147.1,83.4,66.0
659,48.385681,2.81963,92.24,147.1,83.4,66.0
660,48.384985,2.820307,92.25,147.1,83.4,66.0
661,48.384289,2.820984,92.25,147.1,83.5,66.0
662,48.383593,2.821661,92.25,147.1,83.5,66.0
663,48.382897,2.822338,92.25,147.1,83.5,66.0
664,48.382201,2.823015,92.25,147.1,83.5,66.0
665,48.381505,2.823692,92.25,147.1,83.6,66.0
666,48.380809,2.824369,92.25,147.1,83.6,66.0
667,48.380113,2.825046,92.25,147.1,83.6,66.0
668,48.379417,2.825723,92.25,147.1,83.7,66.0
669,48.378721,2.8264,92.25,147.1,83.7,67.0
670,48.378025,2.827077,92.25,147.1,83.7,67.0
671,48.377329,2.827754,92.25,147.1,83.7,67.0
672,48.376633,2.828431,92.25,147.1,83.8,67.0
673,48.375937,2.829109,92.25,147.1,83.8,67.0
674,48.375241,2.829786,92.25,147.1,83.8,67.0
675,48.374545,2.830463,92.25,147.1,83.9,67.0
676,48.373849,2.83114,92.25,147.1,83.9,67.0
677,48.373153,2.831817,92.25,147.1,83.9,67.0
678,48.372457,2.832494,92.25,147.1,83.9,67.0
679,48.371761,2.833171,92.25,147.1,84.0,67.0
680,48.371065,2.833848,92.25,147.1,84.0,67.0
681,48.370369,2.834525,92.25,147.1,84.0,67.0
682,48.369673,2.835202,92.25,147.1,84.1,67.0
683,48.368977,2.835879,92.25,147.1,84.1,67.0
684,48.368281,2.836556,92.25,147.1,84.1,67.0
685,48.367585,2.837233,92.25,147.1,84.1,67.0
686,48.366888,2.83791,92.25,147.1,84.2,67.0
687,48.366192,2.838588,92.26,147.1,84.2,67.0
688,48.365496,2.839265,92.26,147.1,84.2,68.0
689,48.3648,2.839942,92.26,147.1,84.3,68.0
690,48.364104,2.840619,92.26,147.1,84.3,68.0
691,48.363408,2.841296,92.26,147.1,84.3,68.0
692,48.362712,2.841973,92.26,147.1,84.3,68.0
693,48.362016,2.84265,92.26,147.1,84.4,68.0
694,48.36132,2.843327,92.26,147.1,84.4,68.0
695,48.360624,2.844004,92.26,147.1,84.4,68.0
696,48.359928,2.844681,92.26,147.1,84.4,68.0
697,48.359232,2.845358,92.26,147.1,84.5,68.0
698,48.358536,2.846035,92.26,147.1,84.5,68.0
699,48.35784,2.846712,92.26,147.1,84.5,68.0
700,48.357144,2.847389,92.26,147.1,84.6,68.0
701,48.356448,2.848067,92.26,147.1,84.6,68.0
702,48.355752,2.848744,92.26,147.1,84.6,68.0
703,48.355056,2.849421,92.26,147.1,84.6,68.0
704,48.35436,2.850098,92.26,147.1,84.7,68.0
705,48.353664,2.850775,92.26,147.1,84.7,68.0
706,48.352968,2.851452,92.26,147.1,84.7,68.0
707,48.352272,2.852129,92.26,147.1,84.8,68.0
708,48.351576,2.852806,92.26,147.1,84.8,69.0
709,48.35088,2.853483,92.26,147.1,84.8,69.0
710,48.350184,2.85416,92.26,147.1,84.8,69.0
711,48.349488,2.854837,92.26,147.1,84.9,69.0
712,48.348792,2.855514,92.26,147.1,84.9,69.0
713,48.348095,2.856191,92.26,147.1,84.9,69.0
714,48.347399,2.856868,92.27,147.1,84.9,69.0
715,48.346703,2.857546,92.27,147.1,85.0,69.0
716,48.346007,2.858223,92.27,147.1,85.0,69.0
717,48.345311,2.8589,92.27,147.1,85.0,69.0
718,48.344615,2.859577,92.27,147.1,85.1,69.0
719,48.343919,2.860254,92.27,147.1,85.1,69.0
720,48.343223,2.860931,92.27,147.1,85.1,69.0
721,48.342527,2.861608,92.27,147.1,85.1,69.0
722,48.341831,2.862285,92.27,147.1,85.2,69.0
723,48.341135,2.862962,92.27,147.1,85.2,69.0
724,48.340439,2.863639,92.27,147.1,85.2,69.0
725,48.339743,2.864316,92.27,147.1,85.2,69.0
726,48.339047,2.864993,92.27,147.1,85.3,69.0
727,48.338351,2.86567,92.27,147.1,85.3,70.0
728,48.337655,2.866347,92.27,147.1,85.3,70.0
729,48.336959,2.867025,92.27,147.1,85.4,70.0
730,48.336263,2.867702,92.27,147.1,85.4,70.0
731,48.335567,2.868379,92.27,147.1,85.4,70.0
732,48.334871,2.869056,92.27,147.1,85.4,70.0
733,48.334175,2.869733,92.27,147.1,85.5,70.0
734,48.333479,2.87041,92.27,147.1,85.5,70.0
735,48.332783,2.871087,92.27,147.1,85.5,70.0
736,48.332087,2.871764,92.27,147.1,85.5,70.0
737,48.331391,2.872441,92.27,147.1,85.6,70.0
738,48.330695,2.873118,92.27,147.1,85.6,70.0
739,48.329999,2.873795,92.27,147.1,85.6,70.0
740,48.329302,2.874472,92.27,147.1,85.6,70.0
741,48.328606,2.875149,92.28,147.1,85.7,70.0
742,48.32791,2.875826,92.28,147.1,85.7,70.0
743,48.327214,2.876503,92.28,147.1,85.7,70.0
744,48.326518,2.877181,92.28,147.1,85.7,70.0
745,48.325822,2.877858,92.28,147.1,85.8,70.0
746,48.325126,2.878535,92.28,147.1,85.8,70.0
747,48.32443,2.879212,92.28,147.1,85.8,71.0
748,48.323734,2.879889,92.28,147.1,85.9,71.0
749,48.323038,2.880566,92.28,147.1,85.9,71.0
750,48.322342,2.881243,92.28,147.1,85.9,71.0
751,48.321646,2.88192,92.28,147.1,85.9,71.0
752,48.32095,2.882597,92.28,147.1,86.0,71.0
753,48.320254,2.883274,92.28,147.1,86.0,71.0
754,48.319558,2.883951,92.28,147.1,86.0,71.0
755,48.318862,2.884628,92.28,147.1,86.0,71.0
756,48.318166,2.885305,92.28,147.1,86.1,71.0
757,48.31747,2.885982,92.28,147.1,86.1,71.0
758,48.316774,2.88666,92.28,147.1,86.1,71.0
759,48.316078,2.887337,92.28,147.1,86.1,71.0
760,48.315382,2.888014,92.28,147.1,86.2,71.0
761,48.314686,2.888691,92.28,147.1,86.2,71.0
762,48.31399,2.889368,92.28,147.1,86.2,71.0
763,48.313294,2.890045,92.28,147.1,86.2,71.0
764,48.312598,2.890722,92.28,147.1,86.3,71.0
765,48.311902,2.891399,92.28,147.1,86.3,71.0
766,48.311206,2.892076,92.28,147.1,86.3,71.0
767,48.310509,2.892753,92.28,147.1,86.3,72.0
768,48.309813,2.89343,92.29,147.1,86.4,72.0
769,48.309117,2.894107,92.29,147.1,86.4,72.0
770,48.308421,2.894784,92.29,147.1,86.4,72.0
771,48.307725,2.895461,92.29,147.1,86.4,72.0
772,48.307029,2.896139,92.29,147.1,86.5,72.0
773,48.306333,2.896816,92.29,147.1,86.5,72.0
774,48.305637,2.897493,92.29,147.1,86.5,72.0
775,48.304941,2.89817,92.29,147.1,86.5,72.0
776,48.304245,2.898847,92.29,147.1,86.6,72.0
777,48.303549,2.899524,92.29,147.1,86.6,72.0
778,48.302853,2.900201,92.29,147.1,86.6,72.0
779,48.302157,2.900878,92.29,147.1,86.7,72.0
780,48.301461,2.901555,92.29,147.1,86.7,72.0
781,48.300765,2.902232,92.29,147.1,86.7,72.0
782,48.300069,2.902909,92.29,147.1,86.7,72.0
783,48.299373,2.903586,92.29,147.1,86.8,72.0
784,48.298677,2.904263,92.29,147.1,86.8,72.0
785,48.297981,2.90494,92.29,147.1,86.8,72.0
786,48.297285,2.905618,92.29,147.1,86.8,72.0
787,48.296589,2.906295,92.29,147.1,86.9,73.0
788,48.295893,2.906972,92.29,147.1,86.9,73.0
789,48.295197,2.907649,92.29,147.1,86.9,73.0
790,48.294501,2.908326,92.29,147.1,86.9,73.0
791,48.293805,2.909003,92.29,147.1,87.0,73.0
792,48.293109,2.90968,92.29,147.1,87.0,73.0
793,48.292413,2.910357,92.29,147.1,87.0,73.0
794,48.291716,2.911034,92.3,147.1,87.0,73.0
795,48.29102,2.911711,92.3,147.1,87.1,73.0
796,48.290324,2.912388,92.3,147.1,87.1,73.0
797,48.289628,2.913065,92.3,147.1,87.1,73.0
798,48.288932,2.913742,92.3,147.1,87.1,73.0
799,48.288236,2.914419,92.3,147.1,87.1,73.0
800,48.28754,2.915097,92.3,147.1,87.2,73.0
801,48.286844,2.915774,92.3,147.1,87.2,73.0
802,48.286148,2.916451,92.3,147.1,87.2,73.0
803,48.285452,2.917128,92.3,147.1,87.2,73.0
804,48.284756,2.917805,92.3,147.1,87.3,73.0
805,48.28406,2.918482,92.3,147.1,87.3,73.0
806,48.283364,2.919159,92.3,147.1,87.3,73.0
807,48.282668,2.919836,92.3,147.1,87.3,73.0
808,48.281972,2.920513,92.3,147.1,87.4,74.0
809,48.281276,2.92119,92.3,147.1,87.4,74.0
810,48.28058,2.921867,92.3,147.1,87.4,74.0
811,48.279884,2.922544,92.3,147.1,87.4,74.0
812,48.279188,2.923221,92.3,147.1,87.5,74.0
813,48.278492,2.923898,92.3,147.1,87.5,74.0
814,48.277796,2.924576,92.3,147.1,87.5,74.0
815,48.2771,2.925253,92.3,147.1,87.5,74.0
816,48.276404,2.92593,92.3,147.1,87.6,74.0
817,48.275708,2.926607,92.3,147.1,87.6,74.0
818,48.275012,2.927284,92.3,147.1,87.6,74.0
819,48.274316,2.927961,92.3,147.1,87.6,74.0
820,48.27362,2.928638,92.3,147.1,87.7,74.0
821,48.272923,2.929315,92.31,147.1,87.7,74.0
822,48.272227,2.929992,92.31,147.1,87.7,74.0
823,48.271531,2.930669,92.31,147.1,87.7,74.0
824,48.270835,2.931346,92.31,147.1,87.8,74.0
825,48.270139,2.932023,92.31,147.1,87.8,74.0
826,48.269443,2.9327,92.31,147.1,87.8,74.0
827,48.268747,2.933377,92.31,147.1,87.8,74.0
828,48.268051,2.934055,92.31,147.1,87.8,75.0
829,48.267355,2.934732,92.31,147.1,87.9,75.0
830,48.266659,2.935409,92.31,147.1,87.9,75.0
831,48.265963,2.936086,92.31,147.1,87.9,75.0
832,48.265267,2.936763,92.31,147.1,87.9,75.0
833,48.264571,2.93744,92.31,147.1,88.0,75.0
834,48.263875,2.938117,92.31,147.1,88.0,75.0
835,48.263179,2.938794,92.31,147.1,88.0,75.0
836,48.262483,2.939471,92.31,147.1,88.0,75.0
837,48.261787,2.940148,92.31,147.1,88.1,75.0
838,48.261091,2.940825,92.31,147.1,88.1,75.0
839,48.260395,2.941502,92.31,147.1,88.1,75.0
840,48.259699,2.942179,92.31,147.1,88.1,75.0
841,48.259003,2.942856,92.31,147.1,88.1,75.0
842,48.258307,2.943533,92.31,147.1,88.2,75.0
843,48.257611,2.944211,92.31,147.1,88.2,75.0
844,48.256915,2.944888,92.31,147.1,88.2,75.0
845,48.256219,2.945565,92.31,147.1,88.2,75.0
846,48.255523,2.946242,92.31,147.1,88.3,75.0
847,48.254827,2.946919,92.31,147.1,88.3,75.0
848,48.25413,2.947596,92.32,147.1,88.3,75.0
849,48.253434,2.948273,92.32,147.1,88.3,76.0
850,48.252738,2.94895,92.32,147.1,88.4,76.0
851,48.252042,2.949627,92.32,147.1,88.4,76.0
852,48.251346,2.950304,92.32,147.1,88.4,76.0
853,48.25065,2.950981,92.32,147.1,88.4,76.0
854,48.249954,2.951658,92.32,147.1,88.4,76.0
855,48.249258,2.952335,92.32,147.1,88.5,76.0
856,48.248562,2.953012,92.32,147.1,88.5,76.0
857,48.247866,2.95369,92.32,147.1,88.5,76.0
858,48.24717,2.954367,92.32,147.1,88.5,76.0
859,48.246474,2.955044,92.32,147.1,88.6,76.0
860,48.245778,2.955721,92.32,147.1,88.6,76.0
861,48.245082,2.956398,92.32,147.1,88.6,76.0
862,48.244386,2.957075,92.32,147.1,88.6,76.0
863,48.24369,2.957752,92.32,147.1,88.6,76.0
864,48.242994,2.958429,92.32,147.1,88.7,76.0
865,48.242298,2.959106,92.32,147.1,88.7,76.0
866,48.241602,2.959783,92.32,147.1,88.7,76.0
867,48.240906,2.96046,92.32,147.1,88.7,76.0
868,48.24021,2.961137,92.32,147.1,88.8,76.0
869,48.239514,2.961814,92.32,147.1,88.8,77.0
870,48.238818,2.962491,92.32,147.1,88.8,77.0
871,48.238122,2.963169,92.32,147.1,88.8,77.0
872,48.237426,2.963846,92.32,147.1,88.8,77.0
873,48.23673,2.964523,92.32,147.1,88.9,77.0
874,48.236033,2.9652,92.32,147.1,88.9,77.0
875,48.235337,2.965877,92.33,147.1,88.9,77.0
876,48.234641,2.966554,92.33,147.1,88.9,77.0
877,48.233945,2.967231,92.33,147.1,89.0,77.0
878,48.233249,2.967908,92.33,147.1,89.0,77.0
879,48.232553,2.968585,92.33,147.1,89.0,77.0
880,48.231857,2.969262,92.33,147.1,89.0,77.0
881,48.231161,2.969939,92.33,147.1,89.0,77.0
882,48.230465,2.970616,92.33,147.1,89.1,77.0
883,48.229769,2.971293,92.33,147.1,89.1,77.0
884,48.229073,2.97197,92.33,147.1,89.1,77.0
885,48.228377,2.972648,92.33,147.1,89.1,77.0
886,48.227681,2.973325,92.33,147.1,89.2,77.0
887,48.226985,2.974002,92.33,147.1,89.2,77.0
888,48.226289,2.974679,92.33,147.1,89.2,77.0
889,48.225593,2.975356,92.33,147.1,89.2,77.0
890,48.224897,2.976033,92.33,147.1,89.2,78.0
891,48.224201,2.97671,92.33,147.1,89.3,78.0
892,48.223505,2.977387,92.33,147.1,89.3,78.0
893,48.222809,2.978064,92.33,147.1,89.3,78.0
894,48.222113,2.978741,92.33,147.1,89.3,78.0
895,48.221417,2.979418,92.33,147.1,89.3,78.0
896,48.220721,2.980095,92.33,147.1,89.4,78.0
897,48.220025,2.980772,92.33,147.1,89.4,78.0
898,48.219329,2.981449,92.33,147.1,89.4,78.0
899,48.218633,2.982127,92.33,147.1,89.4,78.0
900,48.217937,2.982804,92.33,147.1,89.5,78.0
901,48.21724,2.983481,92.33,147.1,89.5,78.0
902,48.216544,2.984158,92.34,147.1,89.5,78.0
903,48.215848,2.984835,92.34,147.0,89.5,78.0
904,48.215152,2.985512,92.34,147.0,89.5,78.0
905,48.214456,2.986189,92.34,147.0,89.6,78.0
906,48.21376,2.986866,92.34,147.0,89.6,78.0
907,48.213064,2.987543,92.34,147.0,89.6,78.0
908,48.212368,2.98822,92.34,147.0,89.6,78.0
909,48.211672,2.988897,92.34,147.0,89.6,78.0
910,48.210976,2.989574,92.34,147.0,89.7,78.0
911,48.21028,2.990251,92.34,147.0,89.7,79.0
912,48.209584,2.990928,92.34,147.0,89.7,79.0
913,48.208888,2.991606,92.34,147.0,89.7,79.0
914,48.208192,2.992283,92.34,147.0,89.7,79.0
915,48.207496,2.99296,92.34,147.0,89.8,79.0
916,48.2068,2.993637,92.34,147.0,89.8,79.0
917,48.206104,2.994314,92.34,147.0,89.8,79.0
918,48.205408,2.994991,92.34,147.0,89.8,79.0
919,48.204712,2.995668,92.34,147.0,89.8,79.0
920,48.204016,2.996345,92.34,147.0,89.9,79.0
921,48.20332,2.997022,92.34,147.0,89.9,79.0
922,48.202624,2.997699,92.34,147.0,89.9,79.0
923,48.201928,2.998376,92.34,147.0,89.9,79.0
924,48.201232,2.999053,92.34,147.0,89.9,79.0
925,48.200536,2.99973,92.34,147.0,90.0,79.0
926,48.19984,3.000407,92.34,147.0,90.0,79.0
927,48.199144,3.001084,92.34,147.0,90.0,79.0
928,48.198447,3.001762,92.34,147.0,90.0,79.0
929,48.197751,3.002439,92.35,147.0,90.0,79.0
930,48.197055,3.003116,92.35,147.0,90.1,79.0
931,48.196359,3.003793,92.35,147.0,90.1,79.0
932,48.195663,3.00447,92.35,147.0,90.1,80.0
933,48.194967,3.005147,92.35,147.0,90.1,80.0
934,48.194271,3.005824,92.35,147.0,90.1,80.0
935,48.193575,3.006501,92.35,147.0,90.2,80.0
936,48.192879,3.007178,92.35,147.0,90.2,80.0
937,48.192183,3.007855,92.35,147.0,90.2,80.0
938,48.191487,3.008532,92.35,147.0,90.2,80.0
939,48.190791,3.009209,92.35,147.0,90.2,80.0
940,48.190095,3.009886,92.35,147.0,90.3,80.0
941,48.189399,3.010563,92.35,147.0,90.3,80.0
942,48.188703,3.011241,92.35,147.0,90.3,80.0
943,48.188007,3.011918,92.35,147.0,90.3,80.0
944,48.187311,3.012595,92.35,147.0,90.3,80.0
945,48.186615,3.013272,92.35,147.0,90.4,80.0
946,48.185919,3.013949,92.35,147.0,90.4,80.0
947,48.185223,3.014626,92.35,147.0,90.4,80.0
948,48.184527,3.015303,92.35,147.0,90.4,80.0
949,48.183831,3.01598,92.35,147.0,90.4,80.0
950,48.183135,3.016657,92.35,147.0,90.5,80.0
951,48.182439,3.017334,92.35,147.0,90.5,80.0
952,48.181743,3.018011,92.35,147.0,90.5,80.0
953,48.181047,3.018688,92.35,147.0,90.5,80.0
954,48.180351,3.019365,92.35,147.0,90.5,81.0
955,48.179654,3.020042,92.35,147.0,90.6,81.0
956,48.178958,3.02072,92.36,147.0,90.6,81.0
957,48.178262,3.021397,92.36,147.0,90.6,81.0
958,48.177566,3.022074,92.36,147.0,90.6,81.0
959,48.17687,3.022751,92.36,147.0,90.6,81.0
960,48.176174,3.023428,92.36,147.0,90.6,81.0
961,48.175478,3.024105,92.36,147.0,90.7,81.0
962,48.174782,3.024782,92.36,147.0,90.7,81.0
963,48.174086,3.025459,92.36,147.0,90.7,81.0
964,48.17339,3.026136,92.36,147.0,90.7,81.0
965,48.172694,3.026813,92.36,147.0,90.7,81.0
966,48.171998,3.02749,92.36,147.0,90.8,81.0
967,48.171302,3.028167,92.36,147.0,90.8,81.0
968,48.170606,3.028844,92.36,147.0,90.8,81.0
969,48.16991,3.029521,92.36,147.0,90.8,81.0
970,48.169214,3.030199,92.36,147.0,90.8,81.0
971,48.168518,3.030876,92.36,147.0,90.9,81.0
972,48.167822,3.031553,92.36,147.0,90.9,81.0
973,48.167126,3.03223,92.36,147.0,90.9,81.0
974,48.16643,3.032907,92.36,147.0,90.9,81.0
975,48.165734,3.033584,92.36,147.0,90.9,82.0
976,48.165038,3.034261,92.36,147.0,90.9,82.0
977,48.164342,3.034938,92.36,147.0,91.0,82.0
978,48.163646,3.035615,92.36,147.0,91.0,82.0
979,48.16295,3.036292,92.36,147.0,91.0,82.0
980,48.162254,3.036969,92.36,147.0,91.0,82.0
981,48.161558,3.037646,92.36,147.0,91.0,82.0
982,48.160861,3.038323,92.36,147.0,91.0,82.0
983,48.160165,3.039,92.37,147.0,91.1,82.0
984,48.159469,3.039678,92.37,147.0,91.1,82.0
985,48.158773,3.040355,92.37,147.0,91.1,82.0
986,48.158077,3.041032,92.37,147.0,91.1,82.0
987,48.157381,3.041709,92.37,147.0,91.1,82.0
988,48.156685,3.042386,92.37,147.0,91.2,82.0
989,48.155989,3.043063,92.37,147.0,91.2,82.0
990,48.155293,3.04374,92.37,147.0,91.2,82.0
991,48.154597,3.044417,92.37,147.0,91.2,82.0
992,48.153901,3.045094,92.37,147.0,91.2,82.0
993,48.153205,3.045771,92.37,147.0,91.2,82.0
994,48.152509,3.046448,92.37,147.0,91.3,82.0
995,48.151813,3.047125,92.37,147.0,91.3,82.0
996,48.151117,3.047802,92.37,147.0,91.3,82.0
997,48.150421,3.048479,92.37,147.0,91.3,83.0
998,48.149725,3.049157,92.37,147.0,91.3,83.0
999,48.149029,3.049834,92.37,147.0,91.3,83.0
1000,48.148333,3.050511,92.37,147.0,91.4,83.0
1001,48.147637,3.051188,92.37,147.0,91.4,83.0
1002,48.146941,3.051865,92.37,147.0,91.4,83.0
1003,48.146245,3.052542,92.37,147.0,91.4,83.0
1004,48.145549,3.053219,92.37,147.0,91.4,83.0
1005,48.144853,3.053896,92.37,147.0,91.5,83.0
1006,48.144157,3.054573,92.37,147.0,91.5,83.0
1007,48.143461,3.05525,92.37,147.0,91.5,83.0
1008,48.142765,3.055927,92.37,147.0,91.5,83.0
1009,48.142068,3.056604,92.37,147.0,91.5,83.0
1010,48.141372,3.057281,92.38,147.0,91.5,83.0
1011,48.140676,3.057958,92.38,147.0,91.6,83.0
1012,48.13998,3.058636,92.38,147.0,91.6,83.0
1013,48.139284,3.059313,92.38,147.0,91.6,83.0
1014,48.138588,3.05999,92.38,147.0,91.6,83.0
1015,48.137892,3.060667,92.38,147.0,91.6,83.0
1016,48.137196,3.061344,92.38,147.0,91.6,83.0
1017,48.1365,3.062021,92.38,147.0,91.7,83.0
1018,48.135804,3.062698,92.38,147.0,91.7,83.0
1019,48.135108,3.063375,92.38,147.0,91.7,84.0
1020,48.134412,3.064052,92.38,147.0,91.7,84.0
1021,48.133716,3.064729,92.38,147.0,91.7,84.0
1022,48.13302,3.065406,92.38,147.0,91.7,84.0
1023,48.132324,3.066083,92.38,147.0,91.8,84.0
1024,48.131628,3.06676,92.38,147.0,91.8,84.0
1025,48.130932,3.067437,92.38,147.0,91.8,84.0
1026,48.130236,3.068114,92.38,147.0,91.8,84.0
1027,48.12954,3.068792,92.38,147.0,91.8,84.0
1028,48.128844,3.069469,92.38,147.0,91.8,84.0
1029,48.128148,3.070146,92.38,147.0,91.9,84.0
1030,48.127452,3.070823,92.38,147.0,91.9,84.0
1031,48.126756,3.0715,92.38,147.0,91.9,84.0
1032,48.12606,3.072177,92.38,147.0,91.9,84.0
1033,48.125364,3.072854,92.38,147.0,91.9,84.0
1034,48.124668,3.073531,92.38,147.0,91.9,84.0
1035,48.123972,3.074208,92.38,147.0,91.9,84.0
1036,48.123275,3.074885,92.38,147.0,92.0,84.0
1037,48.122579,3.075562,92.39,147.0,92.0,84.0
1038,48.121883,3.076239,92.39,147.0,92.0,84.0
1039,48.121187,3.076916,92.39,147.0,92.0,84.0
1040,48.120491,3.077593,92.39,147.0,92.0,84.0
1041,48.119795,3.078271,92.39,147.0,92.0,85.0
1042,48.119099,3.078948,92.39,147.0,92.1,85.0
1043,48.118403,3.079625,92.39,147.0,92.1,85.0
1044,48.117707,3.080302,92.39,147.0,92.1,85.0
1045,48.117011,3.080979,92.39,147.0,92.1,85.0
1046,48.116315,3.081656,92.39,147.0,92.1,85.0
1047,48.115619,3.082333,92.39,147.0,92.1,85.0
1048,48.114923,3.08301,92.39,147.0,92.1,85.0
1049,48.114227,3.083687,92.39,147.0,92.2,85.0
1050,48.113531,3.084364,92.39,147.0,92.2,85.0
1051,48.112835,3.085041,92.39,147.0,92.2,85.0
1052,48.112139,3.085718,92.39,147.0,92.2,85.0
1053,48.111443,3.086395,92.39,147.0,92.2,85.0
1054,48.110747,3.087072,92.39,147.0,92.2,85.0
1055,48.110051,3.08775,92.39,147.0,92.3,85.0
1056,48.109355,3.088427,92.39,147.0,92.3,85.0
1057,48.108659,3.089104,92.39,147.0,92.3,85.0
1058,48.107963,3.089781,92.39,147.0,92.3,85.0
1059,48.107267,3.090458,92.39,147.0,92.3,85.0
1060,48.106571,3.091135,92.39,147.0,92.3,85.0
1061,48.105875,3.091812,92.39,147.0,92.3,85.0
1062,48.105179,3.092489,92.39,147.0,92.4,85.0
1063,48.104482,3.093166,92.39,147.0,92.4,85.0
1064,48.103786,3.093843,92.4,147.0,92.4,86.0
1065,48.10309,3.09452,92.4,147.0,92.4,86.0
1066,48.102394,3.095197,92.4,147.0,92.4,86.0
1067,48.101698,3.095874,92.4,147.0,92.4,86.0
1068,48.101002,3.096551,92.4,147.0,92.4,86.0
1069,48.100306,3.097229,92.4,147.0,92.5,86.0
1070,48.09961,3.097906,92.4,147.0,92.5,86.0
1071,48.098914,3.098583,92.4,147.0,92.5,86.0
1072,48.098218,3.09926,92.4,147.0,92.5,86.0
1073,48.097522,3.099937,92.4,147.0,92.5,86.0
1074,48.096826,3.100614,92.4,147.0,92.5,86.0
1075,48.09613,3.101291,92.4,147.0,92.6,86.0
1076,48.095434,3.101968,92.4,147.0,92.6,86.0
1077,48.094738,3.102645,92.4,147.0,92.6,86.0
1078,48.094042,3.103322,92.4,147.0,92.6,86.0
1079,48.093346,3.103999,92.4,147.0,92.6,86.0
1080,48.09265,3.104676,92.4,147.0,92.6,86.0
1081,48.091954,3.105353,92.4,147.0,92.6,86.0
1082,48.091258,3.10603,92.4,147.0,92.6,86.0
1083,48.090562,3.106708,92.4,147.0,92.7,86.0
1084,48.089866,3.107385,92.4,147.0,92.7,86.0
1085,48.08917,3.108062,92.4,147.0,92.7,86.0
1086,48.088474,3.108739,92.4,147.0,92.7,87.0
1087,48.087778,3.109416,92.4,147.0,92.7,87.0
1088,48.087082,3.110093,92.4,147.0,92.7,87.0
1089,48.086386,3.11077,92.4,147.0,92.7,87.0
1090,48.085689,3.111447,92.4,147.0,92.8,87.0
1091,48.084993,3.112124,92.41,147.0,92.8,87.0
1092,48.084297,3.112801,92.41,147.0,92.8,87.0
1093,48.083601,3.113478,92.41,147.0,92.8,87.0
1094,48.082905,3.114155,92.41,147.0,92.8,87.0
1095,48.082209,3.114832,92.41,147.0,92.8,87.0
1096,48.081513,3.115509,92.41,147.0,92.8,87.0
1097,48.080817,3.116187,92.41,147.0,92.9,87.0
1098,48.080121,3.116864,92.41,147.0,92.9,87.0
1099,48.079425,3.117541,92.41,147.0,92.9,87.0
1100,48.078729,3.118218,92.41,147.0,92.9,87.0
1101,48.078033,3.118895,92.41,147.0,92.9,87.0
1102,48.077337,3.119572,92.41,147.0,92.9,87.0
1103,48.076641,3.120249,92.41,147.0,92.9,87.0
1104,48.075945,3.120926,92.41,147.0,92.9,87.0
1105,48.075249,3.121603,92.41,147.0,93.0,87.0
1106,48.074553,3.12228,92.41,147.0,93.0,87.0
1107,48.073857,3.122957,92.41,147.0,93.0,87.0
1108,48.073161,3.123634,92.41,147.0,93.0,87.0
1109,48.072465,3.124311,92.41,147.0,93.0,88.0
1110,48.071769,3.124988,92.41,147.0,93.0,88.0
1111,48.071073,3.125665,92.41,147.0,93.0,88.0
1112,48.070377,3.126343,92.41,147.0,93.1,88.0
1113,48.069681,3.12702,92.41,147.0,93.1,88.0
1114,48.068985,3.127697,92.41,147.0,93.1,88.0
1115,48.068289,3.128374,92.41,147.0,93.1,88.0
1116,48.067592,3.129051,92.41,147.0,93.1,88.0
1117,48.066896,3.129728,92.41,147.0,93.1,88.0
1118,48.0662,3.130405,92.42,147.0,93.1,88.0
1119,48.065504,3.131082,92.42,147.0,93.1,88.0
1120,48.064808,3.131759,92.42,147.0,93.2,88.0
1121,48.064112,3.132436,92.42,147.0,93.2,88.0
1122,48.063416,3.133113,92.42,147.0,93.2,88.0
1123,48.06272,3.13379,92.42,147.0,93.2,88.0
1124,48.062024,3.134467,92.42,147.0,93.2,88.0
1125,48.061328,3.135144,92.42,147.0,93.2,88.0
1126,48.060632,3.135822,92.42,147.0,93.2,88.0
1127,48.059936,3.136499,92.42,147.0,93.2,88.0
1128,48.05924,3.137176,92.42,147.0,93.3,88.0
1129,48.058544,3.137853,92.42,147.0,93.3,88.0
1130,48.057848,3.13853,92.42,147.0,93.3,88.0
1131,48.057152,3.139207,92.42,147.0,93.3,88.0
1132,48.056456,3.139884,92.42,147.0,93.3,88.0
1133,48.05576,3.140561,92.42,147.0,93.3,89.0
1134,48.055064,3.141238,92.42,147.0,93.3,89.0
1135,48.054368,3.141915,92.42,147.0,93.3,89.0
1136,48.053672,3.142592,92.42,147.0,93.3,89.0
1137,48.052976,3.143269,92.42,147.0,93.4,89.0
1138,48.05228,3.143946,92.42,147.0,93.4,89.0
1139,48.051584,3.144623,92.42,147.0,93.4,89.0
1140,48.050888,3.145301,92.42,147.0,93.4,89.0
1141,48.050192,3.145978,92.42,147.0,93.4,89.0
1142,48.049496,3.146655,92.42,147.0,93.4,89.0
1143,48.048799,3.147332,92.42,147.0,93.4,89.0
1144,48.048103,3.148009,92.42,147.0,93.4,89.0
1145,48.047407,3.148686,92.43,147.0,93.5,89.0
1146,48.046711,3.149363,92.43,147.0,93.5,89.0
1147,48.046015,3.15004,92.43,147.0,93.5,89.0
1148,48.045319,3.150717,92.43,147.0,93.5,89.0
1149,48.044623,3.151394,92.43,147.0,93.5,89.0
1150,48.043927,3.152071,92.43,147.0,93.5,89.0
1151,48.043231,3.152748,92.43,147.0,93.5,89.0
1152,48.042535,3.153425,92.43,147.0,93.5,89.0
1153,48.041839,3.154102,92.43,147.0,93.5,89.0
1154,48.041143,3.15478,92.43,147.0,93.6,89.0
1155,48.040447,3.155457,92.43,147.0,93.6,89.0
1156,48.039751,3.156134,92.43,147.0,93.6,90.0
1157,48.039055,3.156811,92.43,147.0,93.6,90.0
1158,48.038359,3.157488,92.43,147.0,93.6,90.0
1159,48.037663,3.158165,92.43,147.0,93.6,90.0
1160,48.036967,3.158842,92.43,147.0,93.6,90.0
1161,48.036271,3.159519,92.43,147.0,93.6,90.0
1162,48.035575,3.160196,92.43,147.0,93.6,90.0
1163,48.034879,3.160873,92.43,147.0,93.7,90.0
1164,48.034183,3.16155,92.43,147.0,93.7,90.0
1165,48.033487,3.162227,92.43,147.0,93.7,90.0
1166,48.032791,3.162904,92.43,147.0,93.7,90.0
1167,48.032095,3.163581,92.43,147.0,93.7,90.0
1168,48.031399,3.164259,92.43,147.0,93.7,90.0
1169,48.030703,3.164936,92.43,147.0,93.7,90.0
1170,48.030006,3.165613,92.43,147.0,93.7,90.0
1171,48.02931,3.16629,92.44,147.0,93.7,90.0
1172,48.028614,3.166967,92.44,147.0,93.7,90.0
1173,48.027918,3.167644,92.44,147.0,93.8,90.0
1174,48.027222,3.168321,92.44,147.0,93.8,90.0
1175,48.026526,3.168998,92.44,147.0,93.8,90.0
1176,48.02583,3.169675,92.44,147.0,93.8,90.0
1177,48.025134,3.170352,92.44,147.0,93.8,90.0
1178,48.024438,3.171029,92.44,147.0,93.8,90.0
1179,48.023742,3.171706,92.44,147.0,93.8,90.0
1180,48.023046,3.172383,92.44,147.0,93.8,91.0
1181,48.02235,3.17306,92.44,147.0,93.8,91.0
1182,48.021654,3.173738,92.44,147.0,93.8,91.0
1183,48.020958,3.174415,92.44,147.0,93.9,91.0
1184,48.020262,3.175092,92.44,147.0,93.9,91.0
1185,48.019566,3.175769,92.44,146.9,93.9,91.0
1186,48.01887,3.176446,92.44,146.9,93.9,91.0
1187,48.018174,3.177123,92.44,146.9,93.9,91.0
1188,48.017478,3.1778,92.44,146.9,93.9,91.0
1189,48.016782,3.178477,92.44,146.9,93.9,91.0
1190,48.016086,3.179154,92.44,146.9,93.9,91.0
1191,48.01539,3.179831,92.44,146.9,93.9,91.0
1192,48.014694,3.180508,92.44,146.9,93.9,91.0
1193,48.013998,3.181185,92.44,146.9,94.0,91.0
1194,48.013302,3.181862,92.44,146.9,94.0,91.0
1195,48.012606,3.182539,92.44,146.9,94.0,91.0
1196,48.01191,3.183217,92.44,146.9,94.0,91.0
1197,48.011213,3.183894,92.44,146.9,94.0,91.0
1198,48.010517,3.184571,92.45,146.9,94.0,91.0
1199,48.009821,3.185248,92.45,146.9,94.0,91.0
1200,48.009125,3.185925,92.45,146.9,94.0,91.0
1201,48.008429,3.186602,92.45,146.9,94.0,91.0
1202,48.007733,3.187279,92.45,146.9,94.0,91.0
1203,48.007037,3.187956,92.45,146.9,94.0,91.0
1204,48.006341,3.188633,92.45,146.9,94.1,92.0
1205,48.005645,3.18931,92.45,146.9,94.1,92.0
1206,48.004949,3.189987,92.45,146.9,94.1,92.0
1207,48.004253,3.190664,92.45,146.9,94.1,92.0
1208,48.003557,3.191341,92.45,146.9,94.1,92.0
1209,48.002861,3.192018,92.45,146.9,94.1,92.0
1210,48.002165,3.192695,92.45,146.9,94.1,92.0
1211,48.001469,3.193373,92.45,146.9,94.1,92.0
1212,48.000773,3.19405,92.45,146.9,94.1,92.0
1213,48.000077,3.194727,92.45,146.9,94.1,92.0
1214,47.999381,3.195404,92.45,146.9,94.1,92.0
1215,47.998685,3.196081,92.45,146.9,94.2,92.0
1216,47.997989,3.196758,92.45,146.9,94.2,92.0
1217,47.997293,3.197435,92.45,146.9,94.2,92.0
1218,47.996597,3.198112,92.45,146.9,94.2,92.0
1219,47.995901,3.198789,92.45,146.9,94.2,92.0
1220,47.995205,3.199466,92.45,146.9,94.2,92.0
1221,47.994509,3.200143,92.45,146.9,94.2,92.0
1222,47.993813,3.20082,92.45,146.9,94.2,92.0
1223,47.993117,3.201497,92.45,146.9,94.2,92.0
1224,47.99242,3.202174,92.45,146.9,94.2,92.0
1225,47.991724,3.202852,92.46,146.9,94.2,92.0
1226,47.991028,3.203529,92.46,146.9,94.2,92.0
1227,47.990332,3.204206,92.46,146.9,94.2,92.0
1228,47.989636,3.204883,92.46,146.9,94.3,92.0
1229,47.98894,3.20556,92.46,146.9,94.3,93.0
1230,47.988244,3.206237,92.46,146.9,94.3,93.0
1231,47.987548,3.206914,92.46,146.9,94.3,93.0
1232,47.986852,3.207591,92.46,146.9,94.3,93.0
1233,47.986156,3.208268,92.46,146.9,94.3,93.0
1234,47.98546,3.208945,92.46,146.9,94.3,93.0
1235,47.984764,3.209622,92.46,146.9,94.3,93.0
1236,47.984068,3.210299,92.46,146.9,94.3,93.0
1237,47.983372,3.210976,92.46,146.9,94.3,93.0
1238,47.982676,3.211653,92.46,146.9,94.3,93.0
1239,47.98198,3.212331,92.46,146.9,94.3,93.0
1240,47.981284,3.213008,92.46,146.9,94.4,93.0
1241,47.980588,3.213685,92.46,146.9,94.4,93.0
1242,47.979892,3.214362,92.46,146.9,94.4,93.0
1243,47.979196,3.215039,92.46,146.9,94.4,93.0
1244,47.9785,3.215716,92.46,146.9,94.4,93.0
1245,47.977804,3.216393,92.46,146.9,94.4,93.0
1246,47.977108,3.21707,92.46,146.9,94.4,93.0
1247,47.976412,3.217747,92.46,146.9,94.4,93.0
1248,47.975716,3.218424,92.46,146.9,94.4,93.0
1249,47.97502,3.219101,92.46,146.9,94.4,93.0
1250,47.974324,3.219778,92.46,146.9,94.4,93.0
1251,47.973627,3.220455,92.46,146.9,94.4,93.0
1252,47.972931,3.221132,92.47,146.9,94.4,93.0
1253,47.972235,3.22181,92.47,146.9,94.4,93.0
1254,47.971539,3.222487,92.47,146.9,94.5,94.0
1255,47.970843,3.223164,92.47,146.9,94.5,94.0
1256,47.970147,3.223841,92.47,146.9,94.5,94.0
1257,47.969451,3.224518,92.47,146.9,94.5,94.0
1258,47.968755,3.225195,92.47,146.9,94.5,94.0
1259,47.968059,3.225872,92.47,146.9,94.5,94.0
1260,47.967363,3.226549,92.47,146.9,94.5,94.0
1261,47.966667,3.227226,92.47,146.9,94.5,94.0
1262,47.965971,3.227903,92.47,146.9,94.5,94.0
1263,47.965275,3.22858,92.47,146.9,94.5,94.0
1264,47.964579,3.229257,92.47,146.9,94.5,94.0
1265,47.963883,3.229934,92.47,146.9,94.5,94.0
1266,47.963187,3.230611,92.47,146.9,94.5,94.0
1267,47.962491,3.231289,92.47,146.9,94.5,94.0
1268,47.961795,3.231966,92.47,146.9,94.5,94.0
1269,47.961099,3.232643,92.47,146.9,94.5,94.0
1270,47.960403,3.23332,92.47,146.9,94.6,94.0
1271,47.959707,3.233997,92.47,146.9,94.6,94.0
1272,47.959011,3.234674,92.47,146.9,94.6,94.0
1273,47.958315,3.235351,92.47,146.9,94.6,94.0
1274,47.957619,3.236028,92.47,146.9,94.6,94.0
1275,47.956923,3.236705,92.47,146.9,94.6,94.0
1276,47.956227,3.237382,92.47,146.9,94.6,94.0
1277,47.955531,3.238059,92.47,146.9,94.6,94.0
1278,47.954834,3.238736,92.47,146.9,94.6,94.0
1279,47.954138,3.239413,92.48,146.9,94.6,95.0
1280,47.953442,3.24009,92.48,146.9,94.6,95.0
1281,47.952746,3.240768,92.48,146.9,94.6,95.0
1282,47.95205,3.241445,92.48,146.9,94.6,95.0
1283,47.951354,3.242122,92.48,146.9,94.6,95.0
1284,47.950658,3.242799,92.48,146.9,94.6,95.0
1285,47.949962,3.243476,92.48,146.9,94.6,95.0
1286,47.949266,3.244153,92.48,146.9,94.6,95.0
1287,47.94857,3.24483,92.48,146.9,94.7,95.0
1288,47.947874,3.245507,92.48,146.9,94.7,95.0
1289,47.947178,3.246184,92.48,146.9,94.7,95.0
1290,47.946482,3.246861,92.48,146.9,94.7,95.0
1291,47.945786,3.247538,92.48,146.9,94.7,95.0
1292,47.94509,3.248215,92.48,146.9,94.7,95.0
1293,47.944394,3.248892,92.48,146.9,94.7,95.0
1294,47.943698,3.249569,92.48,146.9,94.7,95.0
1295,47.943002,3.250246,92.48,146.9,94.7,95.0
1296,47.942306,3.250924,92.48,146.9,94.7,95.0
1297,47.94161,3.251601,92.48,146.9,94.7,95.0
1298,47.940914,3.252278,92.48,146.9,94.7,95.0
1299,47.940218,3.252955,92.48,146.9,94.7,95.0
1300,47.939522,3.253632,92.48,146.9,94.7,95.0
1301,47.938826,3.254309,92.48,146.9,94.7,95.0
1302,47.93813,3.254986,92.48,146.9,94.7,95.0
1303,47.937434,3.255663,92.48,146.9,94.7,95.0
1304,47.936738,3.25634,92.48,146.9,94.7,95.0
1305,47.936041,3.257017,92.48,146.9,94.7,96.0
1306,47.935345,3.257694,92.49,146.9,94.7,96.0
1307,47.934649,3.258371,92.49,146.9,94.8,96.0
1308,47.933953,3.259048,92.49,146.9,94.8,96.0
1309,47.933257,3.259725,92.49,146.9,94.8,96.0
1310,47.932561,3.260403,92.49,146.9,94.8,96.0
1311,47.931865,3.26108,92.49,146.9,94.8,96.0
1312,47.931169,3.261757,92.49,146.9,94.8,96.0
1313,47.930473,3.262434,92.49,146.9,94.8,96.0
1314,47.929777,3.263111,92.49,146.9,94.8,96.0
1315,47.929081,3.263788,92.49,146.9,94.8,96.0
1316,47.928385,3.264465,92.49,146.9,94.8,96.0
1317,47.927689,3.265142,92.49,146.9,94.8,96.0
1318,47.926993,3.265819,92.49,146.9,94.8,96.0
1319,47.926297,3.266496,92.49,146.9,94.8,96.0
1320,47.925601,3.267173,92.49,146.9,94.8,96.0
1321,47.924905,3.26785,92.49,146.9,94.8,96.0
1322,47.924209,3.268527,92.49,146.9,94.8,96.0
1323,47.923513,3.269204,92.49,146.9,94.8,96.0
1324,47.922817,3.269882,92.49,146.9,94.8,96.0
1325,47.922121,3.270559,92.49,146.9,94.8,96.0
1326,47.921425,3.271236,92.49,146.9,94.8,96.0
1327,47.920729,3.271913,92.49,146.9,94.8,96.0
1328,47.920033,3.27259,92.49,146.9,94.8,96.0
1329,47.919337,3.273267,92.49,146.9,94.8,96.0
1330,47.918641,3.273944,92.49,146.9,94.8,96.0
1331,47.917945,3.274621,92.49,146.9,94.9,97.0
1332,47.917248,3.275298,92.49,146.9,94.9,97.0
1333,47.916552,3.275975,92.5,146.9,94.9,97.0
1334,47.915856,3.276652,92.5,146.9,94.9,97.0
1335,47.91516,3.277329,92.5,146.9,94.9,97.0
1336,47.914464,3.278006,92.5,146.9,94.9,97.0
1337,47.913768,3.278683,92.5,146.9,94.9,97.0
1338,47.913072,3.279361,92.5,146.9,94.9,97.0
1339,47.912376,3.280038,92.5,146.9,94.9,97.0
1340,47.91168,3.280715,92.5,146.9,94.9,97.0
1341,47.910984,3.281392,92.5,146.9,94.9,97.0
1342,47.910288,3.282069,92.5,146.9,94.9,97.0
1343,47.909592,3.282746,92.5,146.9,94.9,97.0
1344,47.908896,3.283423,92.5,146.9,94.9,97.0
1345,47.9082,3.2841,92.5,146.9,94.9,97.0
1346,47.907504,3.284777,92.5,146.9,94.9,97.0
1347,47.906808,3.285454,92.5,146.9,94.9,97.0
1348,47.906112,3.286131,92.5,146.9,94.9,97.0
1349,47.905416,3.286808,92.5,146.9,94.9,97.0
1350,47.90472,3.287485,92.5,146.9,94.9,97.0
1351,47.904024,3.288162,92.5,146.9,94.9,97.0
1352,47.903328,3.28884,92.5,146.9,94.9,97.0
1353,47.902632,3.289517,92.5,146.9,94.9,97.0
1354,47.901936,3.290194,92.5,146.9,94.9,97.0
1355,47.90124,3.290871,92.5,146.9,94.9,97.0
1356,47.900544,3.291548,92.5,146.9,94.9,97.0
1357,47.899848,3.292225,92.5,146.9,94.9,98.0
1358,47.899152,3.292902,92.5,146.9,94.9,98.0
1359,47.898455,3.293579,92.5,146.9,94.9,98.0
1360,47.897759,3.294256,92.51,146.9,94.9,98.0
1361,47.897063,3.294933,92.51,146.9,94.9,98.0
1362,47.896367,3.29561,92.51,146.9,94.9,98.0
1363,47.895671,3.296287,92.51,146.9,94.9,98.0
1364,47.894975,3.296964,92.51,146.9,94.9,98.0
1365,47.894279,3.297641,92.51,146.9,94.9,98.0
1366,47.893583,3.298319,92.51,146.9,95.0,98.0
1367,47.892887,3.298996,92.51,146.9,95.0,98.0
1368,47.892191,3.299673,92.51,146.9,95.0,98.0
1369,47.891495,3.30035,92.51,146.9,95.0,98.0
1370,47.890799,3.301027,92.51,146.9,95.0,98.0
1371,47.890103,3.301704,92.51,146.9,95.0,98.0
1372,47.889407,3.302381,92.51,146.9,95.0,98.0
1373,47.888711,3.303058,92.51,146.9,95.0,98.0
1374,47.888015,3.303735,92.51,146.9,95.0,98.0
1375,47.887319,3.304412,92.51,146.9,95.0,98.0
1376,47.886623,3.305089,92.51,146.9,95.0,98.0
1377,47.885927,3.305766,92.51,146.9,95.0,98.0
1378,47.885231,3.306443,92.51,146.9,95.0,98.0
1379,47.884535,3.30712,92.51,146.9,95.0,98.0
1380,47.883839,3.307798,92.51,146.9,95.0,98.0
1381,47.883143,3.308475,92.51,146.9,95.0,98.0
1382,47.882447,3.309152,92.51,146.9,95.0,98.0
1383,47.881751,3.309829,92.51,146.9,95.0,98.0
1384,47.881055,3.310506,92.51,146.9,95.0,98.0
1385,47.880358,3.311183,92.51,146.9,95.0,99.0
1386,47.879662,3.31186,92.51,146.9,95.0,99.0
1387,47.878966,3.312537,92.52,146.9,95.0,99.0
1388,47.87827,3.313214,92.52,146.9,95.0,99.0
1389,47.877574,3.313891,92.52,146.9,95.0,99.0
1390,47.876878,3.314568,92.52,146.9,95.0,99.0
1391,47.876182,3.315245,92.52,146.9,95.0,99.0
1392,47.875486,3.315922,92.52,146.9,95.0,99.0
1393,47.87479,3.316599,92.52,146.9,95.0,99.0
1394,47.874094,3.317276,92.52,146.9,95.0,99.0
1395,47.873398,3.317954,92.52,146.9,95.0,99.0
1396,47.872702,3.318631,92.52,146.9,95.0,99.0
1397,47.872006,3.319308,92.52,146.9,95.0,99.0
1398,47.87131,3.319985,92.52,146.9,95.0,99.0
1399,47.870614,3.320662,92.52,146.9,95.0,99.0
1400,47.869918,3.321339,92.52,146.9,95.0,99.0
1401,47.869222,3.322016,92.52,146.9,95.0,99.0
1402,47.868526,3.322693,92.52,146.9,95.0,99.0
1403,47.86783,3.32337,92.52,146.9,95.0,99.0
1404,47.867134,3.324047,92.52,146.9,95.0,99.0
1405,47.866438,3.324724,92.52,146.9,95.0,99.0
1406,47.865742,3.325401,92.52,146.9,95.0,99.0
1407,47.865046,3.326078,92.52,146.9,95.0,99.0
1408,47.86435,3.326755,92.52,146.9,95.0,99.0
1409,47.863654,3.327433,92.52,146.9,95.0,99.0
1410,47.862958,3.32811,92.52,146.9,95.0,99.0
1411,47.862262,3.328787,92.52,146.9,95.0,99.0
1412,47.861565,3.329464,92.52,146.9,95.0,100.0
1413,47.860869,3.330141,92.52,146.9,95.0,100.0
1414,47.860173,3.330818,92.53,146.9,95.0,100.0
1415,47.859477,3.331495,92.53,146.9,95.0,100.0
1416,47.858781,3.332172,92.53,146.9,95.0,100.0
1417,47.858085,3.332849,92.53,146.9,95.0,100.0
1418,47.857389,3.333526,92.53,146.9,95.0,100.0
1419,47.856693,3.334203,92.53,146.9,95.0,100.0
1420,47.855997,3.33488,92.53,146.9,95.0,100.0
1421,47.855301,3.335557,92.53,146.9,95.0,100.0
1422,47.854605,3.336234,92.53,146.9,95.0,100.0
1423,47.853909,3.336912,92.53,146.9,95.0,100.0
1424,47.853213,3.337589,92.53,146.9,95.0,100.0
1425,47.852517,3.338266,92.53,146.9,95.0,100.0
1426,47.851821,3.338943,92.53,146.9,95.0,100.0
1427,47.851125,3.33962,92.53,146.9,95.0,100.0
1428,47.850429,3.340297,92.53,146.9,95.0,100.0
1429,47.849733,3.340974,92.53,146.9,95.0,100.0
1430,47.849037,3.341651,92.53,146.9,95.0,100.0
1431,47.848341,3.342328,92.53,146.9,95.0,100.0
1432,47.847645,3.343005,92.53,146.9,95.0,100.0
1433,47.846949,3.343682,92.53,146.9,95.0,100.0
1434,47.846253,3.344359,92.53,146.9,95.0,100.0
1435,47.845557,3.345036,92.53,146.9,95.0,100.0
1436,47.844861,3.345713,92.53,146.9,95.0,100.0
1437,47.844165,3.346391,92.53,146.9,95.0,100.0
1438,47.843469,3.347068,92.53,146.9,95.0,100.0
1439,47.842772,3.347745,92.53,146.9,95.0,100.0
1440,47.842076,3.348422,92.53,146.9,95.0,100.0
1441,47.84138,3.349099,92.54,146.9,95.0,101.0
1442,47.840684,3.349776,92.54,146.9,95.0,101.0
1443,47.839988,3.350453,92.54,146.9,95.0,101.0
1444,47.839292,3.35113,92.54,146.9,95.0,101.0
1445,47.838596,3.351807,92.54,146.9,95.0,101.0
1446,47.8379,3.352484,92.54,146.9,95.0,101.0
1447,47.837204,3.353161,92.54,146.9,95.0,101.0
1448,47.836508,3.353838,92.54,146.9,95.0,101.0
1449,47.835812,3.354515,92.54,146.9,95.0,101.0
1450,47.835116,3.355192,92.54,146.9,95.0,101.0
1451,47.83442,3.35587,92.54,146.9,95.0,101.0
1452,47.833724,3.356547,92.54,146.9,95.0,101.0
1453,47.833028,3.357224,92.54,146.9,95.0,101.0
1454,47.832332,3.357901,92.54,146.9,95.0,101.0
1455,47.831636,3.358578,92.54,146.9,95.0,101.0
1456,47.83094,3.359255,92.54,146.9,95.0,101.0
1457,47.830244,3.359932,92.54,146.9,95.0,101.0
1458,47.829548,3.360609,92.54,146.9,95.0,101.0
1459,47.828852,3.361286,92.54,146.9,95.0,101.0
1460,47.828156,3.361963,92.54,146.9,95.0,101.0
1461,47.82746,3.36264,92.54,146.9,95.0,101.0
1462,47.826764,3.363317,92.54,146.9,94.9,101.0
1463,47.826068,3.363994,92.54,146.9,94.9,101.0
1464,47.825372,3.364671,92.54,146.9,94.9,101.0
1465,47.824676,3.365349,92.54,146.9,94.9,101.0
1466,47.823979,3.366026,92.54,146.9,94.9,101.0
1467,47.823283,3.366703,92.54,146.9,94.9,101.0
1468,47.822587,3.36738,92.55,146.9,94.9,101.0
1469,47.821891,3.368057,92.55,146.8,94.9,102.0
1470,47.821195,3.368734,92.55,146.8,94.9,102.0
1471,47.820499,3.369411,92.55,146.8,94.9,102.0
1472,47.819803,3.370088,92.55,146.8,94.9,102.0
1473,47.819107,3.370765,92.55,146.8,94.9,102.0
1474,47.818411,3.371442,92.55,146.8,94.9,102.0
1475,47.817715,3.372119,92.55,146.8,94.9,102.0
1476,47.817019,3.372796,92.55,146.8,94.9,102.0
1477,47.816323,3.373473,92.55,146.8,94.9,102.0
1478,47.815627,3.37415,92.55,146.8,94.9,102.0
1479,47.814931,3.374827,92.55,146.8,94.9,102.0
1480,47.814235,3.375505,92.55,146.8,94.9,102.0
1481,47.813539,3.376182,92.55,146.8,94.9,102.0
1482,47.812843,3.376859,92.55,146.8,94.9,102.0
1483,47.812147,3.377536,92.55,146.8,94.9,102.0
1484,47.811451,3.378213,92.55,146.8,94.9,102.0
1485,47.810755,3.37889,92.55,146.8,94.9,102.0
1486,47.810059,3.379567,92.55,146.8,94.9,102.0
1487,47.809363,3.380244,92.55,146.8,94.9,102.0
1488,47.808667,3.380921,92.55,146.8,94.9,102.0
1489,47.807971,3.381598,92.55,146.8,94.9,102.0
1490,47.807275,3.382275,92.55,146.8,94.9,102.0
1491,47.806579,3.382952,92.55,146.8,94.9,102.0
1492,47.805883,3.383629,92.55,146.8,94.9,102.0
1493,47.805186,3.384306,92.55,146.8,94.9,102.0
1494,47.80449,3.384984,92.55,146.8,94.9,102.0
1495,47.803794,3.385661,92.56,146.8,94.9,102.0
1496,47.803098,3.386338,92.56,146.8,94.9,102.0
1497,47.802402,3.387015,92.56,146.8,94.9,102.0
1498,47.801706,3.387692,92.56,146.8,94.8,102.0
1499,47.80101,3.388369,92.56,146.8,94.8,103.0
1500,47.800314,3.389046,92.56,146.8,94.8,103.0
1501,47.799618,3.389723,92.56,146.8,94.8,103.0
1502,47.798922,3.3904,92.56,146.8,94.8,103.0
1503,47.798226,3.391077,92.56,146.8,94.8,103.0
1504,47.79753,3.391754,92.56,146.8,94.8,103.0
1505,47.796834,3.392431,92.56,146.8,94.8,103.0
1506,47.796138,3.393108,92.56,146.8,94.8,103.0
1507,47.795442,3.393785,92.56,146.8,94.8,103.0
1508,47.794746,3.394463,92.56,146.8,94.8,103.0
1509,47.79405,3.39514,92.56,146.8,94.8,103.0
1510,47.793354,3.395817,92.56,146.8,94.8,103.0
1511,47.792658,3.396494,92.56,146.8,94.8,103.0
1512,47.791962,3.397171,92.56,146.8,94.8,103.0
1513,47.791266,3.397848,92.56,146.8,94.8,103.0
1514,47.79057,3.398525,92.56,146.8,94.8,103.0
1515,47.789874,3.399202,92.56,146.8,94.8,103.0
1516,47.789178,3.399879,92.56,146.8,94.8,103.0
1517,47.788482,3.400556,92.56,146.8,94.8,103.0
1518,47.787786,3.401233,92.56,146.8,94.8,103.0
1519,47.78709,3.40191,92.56,146.8,94.8,103.0
1520,47.786393,3.402587,92.56,146.8,94.8,103.0
1521,47.785697,3.403264,92.56,146.8,94.8,103.0
1522,47.785001,3.403942,92.57,146.8,94.7,103.0
1523,47.784305,3.404619,92.57,146.8,94.7,103.0
1524,47.783609,3.405296,92.57,146.8,94.7,103.0
1525,47.782913,3.405973,92.57,146.8,94.7,103.0
1526,47.782217,3.40665,92.57,146.8,94.7,103.0
1527,47.781521,3.407327,92.57,146.8,94.7,103.0
1528,47.780825,3.408004,92.57,146.8,94.7,103.0
1529,47.780129,3.408681,92.57,146.8,94.7,104.0
1530,47.779433,3.409358,92.57,146.8,94.7,104.0
1531,47.778737,3.410035,92.57,146.8,94.7,104.0
1532,47.778041,3.410712,92.57,146.8,94.7,104.0
1533,47.777345,3.411389,92.57,146.8,94.7,104.0
1534,47.776649,3.412066,92.57,146.8,94.7,104.0
1535,47.775953,3.412743,92.57,146.8,94.7,104.0
1536,47.775257,3.413421,92.57,146.8,94.7,104.0
1537,47.774561,3.414098,92.57,146.8,94.7,104.0
1538,47.773865,3.414775,92.57,146.8,94.7,104.0
1539,47.773169,3.415452,92.57,146.8,94.7,104.0
1540,47.772473,3.416129,92.57,146.8,94.7,104.0
1541,47.771777,3.416806,92.57,146.8,94.7,104.0
1542,47.771081,3.417483,92.57,146.8,94.6,104.0
1543,47.770385,3.41816,92.57,146.8,94.6,104.0
1544,47.769689,3.418837,92.57,146.8,94.6,104.0
1545,47.768993,3.419514,92.57,146.8,94.6,104.0
1546,47.768297,3.420191,92.57,146.8,94.6,104.0
1547,47.7676,3.420868,92.57,146.8,94.6,104.0
1548,47.766904,3.421545,92.57,146.8,94.6,104.0
1549,47.766208,3.422222,92.58,146.8,94.6,104.0
1550,47.765512,3.4229,92.58,146.8,94.6,104.0
1551,47.764816,3.423577,92.58,146.8,94.6,104.0
1552,47.76412,3.424254,92.58,146.8,94.6,104.0
1553,47.763424,3.424931,92.58,146.8,94.6,104.0
1554,47.762728,3.425608,92.58,146.8,94.6,104.0
1555,47.762032,3.426285,92.58,146.8,94.6,104.0
1556,47.761336,3.426962,92.58,146.8,94.6,104.0
1557,47.76064,3.427639,92.58,146.8,94.6,104.0
1558,47.759944,3.428316,92.58,146.8,94.6,104.0
1559,47.759248,3.428993,92.58,146.8,94.5,104.0
1560,47.758552,3.42967,92.58,146.8,94.5,104.0
1561,47.757856,3.430347,92.58,146.8,94.5,105.0
1562,47.75716,3.431024,92.58,146.8,94.5,105.0
1563,47.756464,3.431701,92.58,146.8,94.5,105.0
1564,47.755768,3.432379,92.58,146.8,94.5,105.0
1565,47.755072,3.433056,92.58,146.8,94.5,105.0
1566,47.754376,3.433733,92.58,146.8,94.5,105.0
1567,47.75368,3.43441,92.58,146.8,94.5,105.0
1568,47.752984,3.435087,92.58,146.8,94.5,105.0
1569,47.752288,3.435764,92.58,146.8,94.5,105.0
1570,47.751592,3.436441,92.58,146.8,94.5,105.0
1571,47.750896,3.437118,92.58,146.8,94.5,105.0
1572,47.7502,3.437795,92.58,146.8,94.5,105.0
1573,47.749504,3.438472,92.58,146.8,94.5,105.0
1574,47.748807,3.439149,92.58,146.8,94.4,105.0
1575,47.748111,3.439826,92.58,146.8,94.4,105.0
1576,47.747415,3.440503,92.59,146.8,94.4,105.0
1577,47.746719,3.44118,92.59,146.8,94.4,105.0
1578,47.746023,3.441857,92.59,146.8,94.4,105.0
1579,47.745327,3.442535,92.59,146.8,94.4,105.0
1580,47.744631,3.443212,92.59,146.8,94.4,105.0
1581,47.743935,3.443889,92.59,146.8,94.4,105.0
1582,47.743239,3.444566,92.59,146.8,94.4,105.0
1583,47.742543,3.445243,92.59,146.8,94.4,105.0
1584,47.741847,3.44592,92.59,146.8,94.4,105.0
1585,47.741151,3.446597,92.59,146.8,94.4,105.0
1586,47.740455,3.447274,92.59,146.8,94.4,105.0
1587,47.739759,3.447951,92.59,146.8,94.4,105.0
1588,47.739063,3.448628,92.59,146.8,94.3,105.0
1589,47.738367,3.449305,92.59,146.8,94.3,105.0
1590,47.737671,3.449982,92.59,146.8,94.3,105.0
1591,47.736975,3.450659,92.59,146.8,94.3,105.0
1592,47.736279,3.451336,92.59,146.8,94.3,105.0
1593,47.735583,3.452014,92.59,146.8,94.3,106.0
1594,47.734887,3.452691,92.59,146.8,94.3,106.0
1595,47.734191,3.453368,92.59,146.8,94.3,106.0
1596,47.733495,3.454045,92.59,146.8,94.3,106.0
1597,47.732799,3.454722,92.59,146.8,94.3,106.0
1598,47.732103,3.455399,92.59,146.8,94.3,106.0
1599,47.731407,3.456076,92.59,146.8,94.3,106.0
1600,47.730711,3.456753,92.59,146.8,94.3,106.0
1601,47.730014,3.45743,92.59,146.8,94.2,106.0
1602,47.729318,3.458107,92.59,146.8,94.2,106.0
1603,47.728622,3.458784,92.6,146.8,94.2,106.0
1604,47.727926,3.459461,92.6,146.8,94.2,106.0
1605,47.72723,3.460138,92.6,146.8,94.2,106.0
1606,47.726534,3.460815,92.6,146.8,94.2,106.0
1607,47.725838,3.461493,92.6,146.8,94.2,106.0
1608,47.725142,3.46217,92.6,146.8,94.2,106.0
1609,47.724446,3.462847,92.6,146.8,94.2,106.0
1610,47.72375,3.463524,92.6,146.8,94.2,106.0
1611,47.723054,3.464201,92.6,146.8,94.2,106.0
1612,47.722358,3.464878,92.6,146.8,94.2,106.0
1613,47.721662,3.465555,92.6,146.8,94.1,106.0
1614,47.720966,3.466232,92.6,146.8,94.1,106.0
1615,47.72027,3.466909,92.6,146.8,94.1,106.0
1616,47.719574,3.467586,92.6,146.8,94.1,106.0
1617,47.718878,3.468263,92.6,146.8,94.1,106.0
1618,47.718182,3.46894,92.6,146.8,94.1,106.0
1619,47.717486,3.469617,92.6,146.8,94.1,106.0
1620,47.71679,3.470294,92.6,146.8,94.1,106.0
1621,47.716094,3.470972,92.6,146.8,94.1,106.0
1622,47.715398,3.471649,92.6,146.8,94.1,106.0
1623,47.714702,3.472326,92.6,146.8,94.1,106.0
1624,47.714006,3.473003,92.6,146.8,94.0,106.0
1625,47.71331,3.47368,92.6,146.8,94.0,106.0
1626,47.712614,3.474357,92.6,146.8,94.0,107.0
1627,47.711917,3.475034,92.6,146.8,94.0,107.0
1628,47.711221,3.475711,92.6,146.8,94.0,107.0
1629,47.710525,3.476388,92.6,146.8,94.0,107.0
1630,47.709829,3.477065,92.61,146.8,94.0,107.0
1631,47.709133,3.477742,92.61,146.8,94.0,107.0
1632,47.708437,3.478419,92.61,146.8,94.0,107.0
1633,47.707741,3.479096,92.61,146.8,94.0,107.0
1634,47.707045,3.479773,92.61,146.8,94.0,107.0
1635,47.706349,3.480451,92.61,146.8,93.9,107.0
1636,47.705653,3.481128,92.61,146.8,93.9,107.0
1637,47.704957,3.481805,92.61,146.8,93.9,107.0
1638,47.704261,3.482482,92.61,146.8,93.9,107.0
1639,47.703565,3.483159,92.61,146.8,93.9,107.0
1640,47.702869,3.483836,92.61,146.8,93.9,107.0
1641,47.702173,3.484513,92.61,146.8,93.9,107.0
1642,47.701477,3.48519,92.61,146.8,93.9,107.0
1643,47.700781,3.485867,92.61,146.8,93.9,107.0
1644,47.700085,3.486544,92.61,146.8,93.9,107.0
1645,47.699389,3.487221,92.61,146.8,93.9,107.0
1646,47.698693,3.487898,92.61,146.8,93.8,107.0
1647,47.697997,3.488575,92.61,146.8,93.8,107.0
1648,47.697301,3.489252,92.61,146.8,93.8,107.0
1649,47.696605,3.48993,92.61,146.8,93.8,107.0
1650,47.695909,3.490607,92.61,146.8,93.8,107.0
1651,47.695213,3.491284,92.61,146.8,93.8,107.0
1652,47.694517,3.491961,92.61,146.8,93.8,107.0
1653,47.693821,3.492638,92.61,146.8,93.8,107.0
1654,47.693124,3.493315,92.61,146.8,93.8,107.0
1655,47.692428,3.493992,92.61,146.8,93.7,107.0
1656,47.691732,3.494669,92.61,146.8,93.7,107.0
1657,47.691036,3.495346,92.62,146.8,93.7,107.0
1658,47.69034,3.496023,92.62,146.8,93.7,107.0
1659,47.689644,3.4967,92.62,146.8,93.7,107.0
1660,47.688948,3.497377,92.62,146.8,93.7,108.0
1661,47.688252,3.498054,92.62,146.8,93.7,108.0
1662,47.687556,3.498731,92.62,146.8,93.7,108.0
1663,47.68686,3.499408,92.62,146.8,93.7,108.0
1664,47.686164,3.500086,92.62,146.8,93.7,108.0
1665,47.685468,3.500763,92.62,146.8,93.6,108.0
1666,47.684772,3.50144,92.62,146.8,93.6,108.0
1667,47.684076,3.502117,92.62,146.8,93.6,108.0
1668,47.68338,3.502794,92.62,146.8,93.6,108.0
1669,47.682684,3.503471,92.62,146.8,93.6,108.0
1670,47.681988,3.504148,92.62,146.8,93.6,108.0
1671,47.681292,3.504825,92.62,146.8,93.6,108.0
1672,47.680596,3.505502,92.62,146.8,93.6,108.0
1673,47.6799,3.506179,92.62,146.8,93.6,108.0
1674,47.679204,3.506856,92.62,146.8,93.5,108.0
1675,47.678508,3.507533,92.62,146.8,93.5,108.0
1676,47.677812,3.50821,92.62,146.8,93.5,108.0
1677,47.677116,3.508887,92.62,146.8,93.5,108.0
1678,47.67642,3.509565,92.62,146.8,93.5,108.0
1679,47.675724,3.510242,92.62,146.8,93.5,108.0
1680,47.675028,3.510919,92.62,146.8,93.5,108.0
1681,47.674331,3.511596,92.62,146.8,93.5,108.0
1682,47.673635,3.512273,92.62,146.8,93.5,108.0
1683,47.672939,3.51295,92.62,146.8,93.4,108.0
1684,47.672243,3.513627,92.63,146.8,93.4,108.0
1685,47.671547,3.514304,92.63,146.8,93.4,108.0
1686,47.670851,3.514981,92.63,146.8,93.4,108.0
1687,47.670155,3.515658,92.63,146.8,93.4,108.0
1688,47.669459,3.516335,92.63,146.8,93.4,108.0
1689,47.668763,3.517012,92.63,146.8,93.4,108.0
1690,47.668067,3.517689,92.63,146.8,93.4,108.0
1691,47.667371,3.518366,92.63,146.8,93.4,108.0
1692,47.666675,3.519044,92.63,146.8,93.3,108.0
1693,47.665979,3.519721,92.63,146.8,93.3,108.0
1694,47.665283,3.520398,92.63,146.8,93.3,108.0
1695,47.664587,3.521075,92.63,146.8,93.3,108.0
1696,47.663891,3.521752,92.63,146.8,93.3,109.0
1697,47.663195,3.522429,92.63,146.8,93.3,109.0
1698,47.662499,3.523106,92.63,146.8,93.3,109.0
1699,47.661803,3.523783,92.63,146.8,93.3,109.0
1700,47.661107,3.52446,92.63,146.8,93.2,109.0
1701,47.660411,3.525137,92.63,146.8,93.2,109.0
1702,47.659715,3.525814,92.63,146.8,93.2,109.0
1703,47.659019,3.526491,92.63,146.8,93.2,109.0
1704,47.658323,3.527168,92.63,146.8,93.2,109.0
1705,47.657627,3.527845,92.63,146.8,93.2,109.0
1706,47.656931,3.528523,92.63,146.8,93.2,109.0
1707,47.656235,3.5292,92.63,146.8,93.2,109.0
1708,47.655538,3.529877,92.63,146.8,93.1,109.0
1709,47.654842,3.530554,92.63,146.8,93.1,109.0
1710,47.654146,3.531231,92.64,146.8,93.1,109.0
1711,47.65345,3.531908,92.64,146.8,93.1,109.0
1712,47.652754,3.532585,92.64,146.8,93.1,109.0
1713,47.652058,3.533262,92.64,146.8,93.1,109.0
1714,47.651362,3.533939,92.64,146.8,93.1,109.0
1715,47.650666,3.534616,92.64,146.8,93.1,109.0
1716,47.64997,3.535293,92.64,146.8,93.0,109.0
1717,47.649274,3.53597,92.64,146.8,93.0,109.0
1718,47.648578,3.536647,92.64,146.8,93.0,109.0
1719,47.647882,3.537324,92.64,146.8,93.0,109.0
1720,47.647186,3.538002,92.64,146.8,93.0,109.0
1721,47.64649,3.538679,92.64,146.8,93.0,109.0
1722,47.645794,3.539356,92.64,146.8,93.0,109.0
1723,47.645098,3.540033,92.64,146.8,93.0,109.0
1724,47.644402,3.54071,92.64,146.8,92.9,109.0
1725,47.643706,3.541387,92.64,146.8,92.9,109.0
1726,47.64301,3.542064,92.64,146.8,92.9,109.0
1727,47.642314,3.542741,92.64,146.8,92.9,109.0
1728,47.641618,3.543418,92.64,146.8,92.9,109.0
1729,47.640922,3.544095,92.64,146.8,92.9,109.0
1730,47.640226,3.544772,92.64,146.8,92.9,109.0
1731,47.63953,3.545449,92.64,146.8,92.8,109.0
1732,47.638834,3.546126,92.64,146.8,92.8,109.0
1733,47.638138,3.546803,92.64,146.8,92.8,110.0
1734,47.637442,3.547481,92.64,146.8,92.8,110.0
1735,47.636745,3.548158,92.64,146.8,92.8,110.0
1736,47.636049,3.548835,92.64,146.8,92.8,110.0
1737,47.635353,3.549512,92.65,146.8,92.8,110.0
1738,47.634657,3.550189,92.65,146.8,92.8,110.0
1739,47.633961,3.550866,92.65,146.8,92.7,110.0
1740,47.633265,3.551543,92.65,146.8,92.7,110.0
1741,47.632569,3.55222,92.65,146.8,92.7,110.0
1742,47.631873,3.552897,92.65,146.8,92.7,110.0
1743,47.631177,3.553574,92.65,146.8,92.7,110.0
1744,47.630481,3.554251,92.65,146.8,92.7,110.0
1745,47.629785,3.554928,92.65,146.8,92.7,110.0
1746,47.629089,3.555605,92.65,146.8,92.6,110.0
1747,47.628393,3.556282,92.65,146.8,92.6,110.0
1748,47.627697,3.55696,92.65,146.8,92.6,110.0
1749,47.627001,3.557637,92.65,146.8,92.6,110.0
1750,47.626305,3.558314,92.65,146.8,92.6,110.0
1751,47.625609,3.558991,92.65,146.8,92.6,110.0
1752,47.624913,3.559668,92.65,146.8,92.6,110.0
1753,47.624217,3.560345,92.65,146.8,92.5,110.0
1754,47.623521,3.561022,92.65,146.7,92.5,110.0
1755,47.622825,3.561699,92.65,146.7,92.5,110.0
1756,47.622129,3.562376,92.65,146.7,92.5,110.0
1757,47.621433,3.563053,92.65,146.7,92.5,110.0
1758,47.620737,3.56373,92.65,146.7,92.5,110.0
1759,47.620041,3.564407,92.65,146.7,92.5,110.0
1760,47.619345,3.565084,92.65,146.7,92.4,110.0
1761,47.618649,3.565761,92.65,146.7,92.4,110.0
1762,47.617952,3.566438,92.65,146.7,92.4,110.0
1763,47.617256,3.567116,92.65,146.7,92.4,110.0
1764,47.61656,3.567793,92.66,146.7,92.4,110.0
1765,47.615864,3.56847,92.66,146.7,92.4,110.0
1766,47.615168,3.569147,92.66,146.7,92.4,110.0
1767,47.614472,3.569824,92.66,146.7,92.3,110.0
1768,47.613776,3.570501,92.66,146.7,92.3,110.0
1769,47.61308,3.571178,92.66,146.7,92.3,110.0
1770,47.612384,3.571855,92.66,146.7,92.3,110.0
1771,47.611688,3.572532,92.66,146.7,92.3,110.0
1772,47.610992,3.573209,92.66,146.7,92.3,111.0
1773,47.610296,3.573886,92.66,146.7,92.2,111.0
1774,47.6096,3.574563,92.66,146.7,92.2,111.0
1775,47.608904,3.57524,92.66,146.7,92.2,111.0
1776,47.608208,3.575917,92.66,146.7,92.2,111.0
1777,47.607512,3.576595,92.66,146.7,92.2,111.0
1778,47.606816,3.577272,92.66,146.7,92.2,111.0
1779,47.60612,3.577949,92.66,146.7,92.2,111.0
1780,47.605424,3.578626,92.66,146.7,92.1,111.0
1781,47.604728,3.579303,92.66,146.7,92.1,111.0
1782,47.604032,3.57998,92.66,146.7,92.1,111.0
1783,47.603336,3.580657,92.66,146.7,92.1,111.0
1784,47.60264,3.581334,92.66,146.7,92.1,111.0
1785,47.601944,3.582011,92.66,146.7,92.1,111.0
1786,47.601248,3.582688,92.66,146.7,92.0,111.0
1787,47.600552,3.583365,92.66,146.7,92.0,111.0
1788,47.599856,3.584042,92.66,146.7,92.0,111.0
1789,47.599159,3.584719,92.66,146.7,92.0,111.0
1790,47.598463,3.585396,92.66,146.7,92.0,111.0
1791,47.597767,3.586074,92.67,146.7,92.0,111.0
1792,47.597071,3.586751,92.67,146.7,92.0,111.0
1793,47.596375,3.587428,92.67,146.7,91.9,111.0
1794,47.595679,3.588105,92.67,146.7,91.9,111.0
1795,47.594983,3.588782,92.67,146.7,91.9,111.0
1796,47.594287,3.589459,92.67,146.7,91.9,111.0
1797,47.593591,3.590136,92.67,146.7,91.9,111.0
1798,47.592895,3.590813,92.67,146.7,91.9,111.0
1799,47.592199,3.59149,92.67,146.7,91.8,111.0
1800,47.591503,3.592167,92.67,146.7,91.8,111.0
1801,47.590807,3.592844,92.67,146.7,91.8,111.0
1802,47.590111,3.593521,92.67,146.7,91.8,111.0
1803,47.589415,3.594198,92.67,146.7,91.8,111.0
1804,47.588719,3.594875,92.67,146.7,91.8,111.0
1805,47.588023,3.595553,92.67,146.7,91.7,111.0
1806,47.587327,3.59623,92.67,146.7,91.7,111.0
1807,47.586631,3.596907,92.67,146.7,91.7,111.0
1808,47.585935,3.597584,92.67,146.7,91.7,111.0
1809,47.585239,3.598261,92.67,146.7,91.7,111.0
1810,47.584543,3.598938,92.67,146.7,91.7,111.0
1811,47.583847,3.599615,92.67,146.7,91.6,111.0
1812,47.583151,3.600292,92.67,146.7,91.6,111.0
1813,47.582455,3.600969,92.67,146.7,91.6,112.0
1814,47.581759,3.601646,92.67,146.7,91.6,112.0
1815,47.581063,3.602323,92.67,146.7,91.6,112.0
1816,47.580366,3.603,92.67,146.7,91.6,112.0
1817,47.57967,3.603677,92.67,146.7,91.5,112.0
1818,47.578974,3.604354,92.68,146.7,91.5,112.0
1819,47.578278,3.605032,92.68,146.7,91.5,112.0
1820,47.577582,3.605709,92.68,146.7,91.5,112.0
1821,47.576886,3.606386,92.68,146.7,91.5,112.0
1822,47.57619,3.607063,92.68,146.7,91.5,112.0
1823,47.575494,3.60774,92.68,146.7,91.4,112.0
1824,47.574798,3.608417,92.68,146.7,91.4,112.0
1825,47.574102,3.609094,92.68,146.7,91.4,112.0
1826,47.573406,3.609771,92.68,146.7,91.4,112.0
1827,47.57271,3.610448,92.68,146.7,91.4,112.0
1828,47.572014,3.611125,92.68,146.7,91.4,112.0
1829,47.571318,3.611802,92.68,146.7,91.3,112.0
1830,47.570622,3.612479,92.68,146.7,91.3,112.0
1831,47.569926,3.613156,92.68,146.7,91.3,112.0
1832,47.56923,3.613833,92.68,146.7,91.3,112.0
1833,47.568534,3.614511,92.68,146.7,91.3,112.0
1834,47.567838,3.615188,92.68,146.7,91.3,112.0
1835,47.567142,3.615865,92.68,146.7,91.2,112.0
1836,47.566446,3.616542,92.68,146.7,91.2,112.0
1837,47.56575,3.617219,92.68,146.7,91.2,112.0
1838,47.565054,3.617896,92.68,146.7,91.2,112.0
1839,47.564358,3.618573,92.68,146.7,91.2,112.0
1840,47.563662,3.61925,92.68,146.7,91.1,112.0
1841,47.562966,3.619927,92.68,146.7,91.1,112.0
1842,47.56227,3.620604,92.68,146.7,91.1,112.0
1843,47.561573,3.621281,92.68,146.7,91.1,112.0
1844,47.560877,3.621958,92.68,146.7,91.1,112.0
1845,47.560181,3.622635,92.69,146.7,91.1,112.0
1846,47.559485,3.623312,92.69,146.7,91.0,112.0
1847,47.558789,3.62399,92.69,146.7,91.0,112.0
1848,47.558093,3.624667,92.69,146.7,91.0,112.0
1849,47.557397,3.625344,92.69,146.7,91.0,112.0
1850,47.556701,3.626021,92.69,146.7,91.0,112.0
1851,47.556005,3.626698,92.69,146.7,90.9,112.0
1852,47.555309,3.627375,92.69,146.7,90.9,112.0
1853,47.554613,3.628052,92.69,146.7,90.9,112.0
1854,47.553917,3.628729,92.69,146.7,90.9,112.0
1855,47.553221,3.629406,92.69,146.7,90.9,112.0
1856,47.552525,3.630083,92.69,146.7,90.9,113.0
1857,47.551829,3.63076,92.69,146.7,90.8,113.0
1858,47.551133,3.631437,92.69,146.7,90.8,113.0
1859,47.550437,3.632114,92.69,146.7,90.8,113.0
1860,47.549741,3.632791,92.69,146.7,90.8,113.0
1861,47.549045,3.633468,92.69,146.7,90.8,113.0
1862,47.548349,3.634146,92.69,146.7,90.7,113.0
1863,47.547653,3.634823,92.69,146.7,90.7,113.0
1864,47.546957,3.6355,92.69,146.7,90.7,113.0
1865,47.546261,3.636177,92.69,146.7,90.7,113.0
1866,47.545565,3.636854,92.69,146.7,90.7,113.0
1867,47.544869,3.637531,92.69,146.7,90.7,113.0
1868,47.544173,3.638208,92.69,146.7,90.6,113.0
1869,47.543476,3.638885,92.69,146.7,90.6,113.0
1870,47.54278,3.639562,92.69,146.7,90.6,113.0
1871,47.542084,3.640239,92.69,146.7,90.6,113.0
1872,47.541388,3.640916,92.7,146.7,90.6,113.0
1873,47.540692,3.641593,92.7,146.7,90.5,113.0
1874,47.539996,3.64227,92.7,146.7,90.5,113.0
1875,47.5393,3.642947,92.7,146.7,90.5,113.0
1876,47.538604,3.643625,92.7,146.7,90.5,113.0
1877,47.537908,3.644302,92.7,146.7,90.5,113.0
1878,47.537212,3.644979,92.7,146.7,90.4,113.0
1879,47.536516,3.645656,92.7,146.7,90.4,113.0
1880,47.53582,3.646333,92.7,146.7,90.4,113.0
1881,47.535124,3.64701,92.7,146.7,90.4,113.0
1882,47.534428,3.647687,92.7,146.7,90.4,113.0
1883,47.533732,3.648364,92.7,146.7,90.3,113.0
1884,47.533036,3.649041,92.7,146.7,90.3,113.0
1885,47.53234,3.649718,92.7,146.7,90.3,113.0
1886,47.531644,3.650395,92.7,146.7,90.3,113.0
1887,47.530948,3.651072,92.7,146.7,90.3,113.0
1888,47.530252,3.651749,92.7,146.7,90.3,113.0
1889,47.529556,3.652426,92.7,146.7,90.2,113.0
1890,47.52886,3.653104,92.7,146.7,90.2,113.0
1891,47.528164,3.653781,92.7,146.7,90.2,113.0
1892,47.527468,3.654458,92.7,146.7,90.2,113.0
1893,47.526772,3.655135,92.7,146.7,90.2,113.0
1894,47.526076,3.655812,92.7,146.7,90.1,113.0
1895,47.52538,3.656489,92.7,146.7,90.1,113.0
1896,47.524683,3.657166,92.7,146.7,90.1,113.0
1897,47.523987,3.657843,92.7,146.7,90.1,113.0
1898,47.523291,3.65852,92.7,146.7,90.1,113.0
1899,47.522595,3.659197,92.71,146.7,90.0,113.0
1900,47.521899,3.659874,92.71,146.7,90.0,113.0
1901,47.521203,3.660551,92.71,146.7,90.0,113.0
1902,47.520507,3.661228,92.71,146.7,90.0,114.0
1903,47.519811,3.661905,92.71,146.7,90.0,114.0
1904,47.519115,3.662583,92.71,146.7,89.9,114.0
1905,47.518419,3.66326,92.71,146.7,89.9,114.0
1906,47.517723,3.663937,92.71,146.7,89.9,114.0
1907,47.517027,3.664614,92.71,146.7,89.9,114.0
1908,47.516331,3.665291,92.71,146.7,89.9,114.0
1909,47.515635,3.665968,92.71,146.7,89.8,114.0
1910,47.514939,3.666645,92.71,146.7,89.8,114.0
1911,47.514243,3.667322,92.71,146.7,89.8,114.0
1912,47.513547,3.667999,92.71,146.7,89.8,114.0
1913,47.512851,3.668676,92.71,146.7,89.8,114.0
1914,47.512155,3.669353,92.71,146.7,89.7,114.0
1915,47.511459,3.67003,92.71,146.7,89.7,114.0
1916,47.510763,3.670707,92.71,146.7,89.7,114.0
1917,47.510067,3.671384,92.71,146.7,89.7,114.0
1918,47.509371,3.672062,92.71,146.7,89.6,114.0
1919,47.508675,3.672739,92.71,146.7,89.6,114.0
1920,47.507979,3.673416,92.71,146.7,89.6,114.0
1921,47.507283,3.674093,92.71,146.7,89.6,114.0
1922,47.506587,3.67477,92.71,146.7,89.6,114.0
1923,47.50589,3.675447,92.71,146.7,89.5,114.0
1924,47.505194,3.676124,92.71,146.7,89.5,114.0
1925,47.504498,3.676801,92.71,146.7,89.5,114.0
1926,47.503802,3.677478,92.72,146.7,89.5,114.0
1927,47.503106,3.678155,92.72,146.7,89.5,114.0
1928,47.50241,3.678832,92.72,146.7,89.4,114.0
1929,47.501714,3.679509,92.72,146.7,89.4,114.0
1930,47.501018,3.680186,92.72,146.7,89.4,114.0
1931,47.500322,3.680863,92.72,146.7,89.4,114.0
1932,47.499626,3.681541,92.72,146.7,89.4,114.0
1933,47.49893,3.682218,92.72,146.7,89.3,114.0
1934,47.498234,3.682895,92.72,146.7,89.3,114.0
1935,47.497538,3.683572,92.72,146.7,89.3,114.0
1936,47.496842,3.684249,92.72,146.7,89.3,114.0
1937,47.496146,3.684926,92.72,146.7,89.2,114.0
1938,47.49545,3.685603,92.72,146.7,89.2,114.0
1939,47.494754,3.68628,92.72,146.7,89.2,114.0
1940,47.494058,3.686957,92.72,146.7,89.2,114.0
1941,47.493362,3.687634,92.72,146.7,89.2,114.0
1942,47.492666,3.688311,92.72,146.7,89.1,114.0
1943,47.49197,3.688988,92.72,146.7,89.1,114.0
1944,47.491274,3.689665,92.72,146.7,89.1,114.0
1945,47.490578,3.690342,92.72,146.7,89.1,114.0
1946,47.489882,3.691019,92.72,146.7,89.1,114.0
1947,47.489186,3.691697,92.72,146.7,89.0,114.0
1948,47.48849,3.692374,92.72,146.7,89.0,114.0
1949,47.487794,3.693051,92.72,146.7,89.0,114.0
1950,47.487097,3.693728,92.72,146.7,89.0,114.0
1951,47.486401,3.694405,92.72,146.7,88.9,114.0
1952,47.485705,3.695082,92.72,146.7,88.9,115.0
1953,47.485009,3.695759,92.73,146.7,88.9,115.0
1954,47.484313,3.696436,92.73,146.7,88.9,115.0
1955,47.483617,3.697113,92.73,146.7,88.9,115.0
1956,47.482921,3.69779,92.73,146.7,88.8,115.0
1957,47.482225,3.698467,92.73,146.7,88.8,115.0
1958,47.481529,3.699144,92.73,146.7,88.8,115.0
1959,47.480833,3.699821,92.73,146.7,88.8,115.0
1960,47.480137,3.700498,92.73,146.7,88.7,115.0
1961,47.479441,3.701176,92.73,146.7,88.7,115.0
1962,47.478745,3.701853,92.73,146.7,88.7,115.0
1963,47.478049,3.70253,92.73,146.7,88.7,115.0
1964,47.477353,3.703207,92.73,146.7,88.7,115.0
1965,47.476657,3.703884,92.73,146.7,88.6,115.0
1966,47.475961,3.704561,92.73,146.7,88.6,115.0
1967,47.475265,3.705238,92.73,146.7,88.6,115.0
1968,47.474569,3.705915,92.73,146.7,88.6,115.0
1969,47.473873,3.706592,92.73,146.7,88.5,115.0
1970,47.473177,3.707269,92.73,146.7,88.5,115.0
1971,47.472481,3.707946,92.73,146.7,88.5,115.0
1972,47.471785,3.708623,92.73,146.7,88.5,115.0
1973,47.471089,3.7093,92.73,146.7,88.5,115.0
1974,47.470393,3.709977,92.73,146.7,88.4,115.0
1975,47.469697,3.710655,92.73,146.7,88.4,115.0
1976,47.469001,3.711332,92.73,146.7,88.4,115.0
1977,47.468304,3.712009,92.73,146.7,88.4,115.0
1978,47.467608,3.712686,92.73,146.7,88.3,115.0
1979,47.466912,3.713363,92.73,146.7,88.3,115.0
1980,47.466216,3.71404,92.74,146.7,88.3,115.0
1981,47.46552,3.714717,92.74,146.7,88.3,115.0
1982,47.464824,3.715394,92.74,146.7,88.3,115.0
1983,47.464128,3.716071,92.74,146.7,88.2,115.0
1984,47.463432,3.716748,92.74,146.7,88.2,115.0
1985,47.462736,3.717425,92.74,146.7,88.2,115.0
1986,47.46204,3.718102,92.74,146.7,88.2,115.0
1987,47.461344,3.718779,92.74,146.7,88.1,115.0
1988,47.460648,3.719456,92.74,146.7,88.1,115.0
1989,47.459952,3.720134,92.74,146.7,88.1,115.0
1990,47.459256,3.720811,92.74,146.7,88.1,115.0
1991,47.45856,3.721488,92.74,146.7,88.0,115.0
1992,47.457864,3.722165,92.74,146.7,88.0,115.0
1993,47.457168,3.722842,92.74,146.7,88.0,115.0
1994,47.456472,3.723519,92.74,146.7,88.0,115.0
1995,47.455776,3.724196,92.74,146.7,88.0,115.0
1996,47.45508,3.724873,92.74,146.7,87.9,115.0
1997,47.454384,3.72555,92.74,146.7,87.9,115.0
1998,47.453688,3.726227,92.74,146.7,87.9,115.0
1999,47.452992,3.726904,92.74,146.7,87.9,115.0
2000,47.452296,3.727581,92.74,146.7,87.8,115.0
2001,47.4516,3.728258,92.74,146.7,87.8,115.0
2002,47.450904,3.728935,92.74,146.7,87.8,115.0
2003,47.450208,3.729613,92.74,146.7,87.8,115.0
2004,47.449511,3.73029,92.74,146.7,87.7,115.0
2005,47.448815,3.730967,92.74,146.7,87.7,115.0
2006,47.448119,3.731644,92.74,146.7,87.7,116.0
2007,47.447423,3.732321,92.75,146.7,87.7,116.0
2008,47.446727,3.732998,92.75,146.7,87.6,116.0
2009,47.446031,3.733675,92.75,146.7,87.6,116.0
2010,47.445335,3.734352,92.75,146.7,87.6,116.0
2011,47.444639,3.735029,92.75,146.7,87.6,116.0
2012,47.443943,3.735706,92.75,146.7,87.5,116.0
2013,47.443247,3.736383,92.75,146.7,87.5,116.0
2014,47.442551,3.73706,92.75,146.7,87.5,116.0
2015,47.441855,3.737737,92.75,146.7,87.5,116.0
2016,47.441159,3.738414,92.75,146.7,87.5,116.0
2017,47.440463,3.739092,92.75,146.7,87.4,116.0
2018,47.439767,3.739769,92.75,146.7,87.4,116.0
2019,47.439071,3.740446,92.75,146.7,87.4,116.0
2020,47.438375,3.741123,92.75,146.7,87.4,116.0
2021,47.437679,3.7418,92.75,146.7,87.3,116.0
2022,47.436983,3.742477,92.75,146.7,87.3,116.0
2023,47.436287,3.743154,92.75,146.7,87.3,116.0
2024,47.435591,3.743831,92.75,146.7,87.3,116.0
2025,47.434895,3.744508,92.75,146.7,87.2,116.0
2026,47.434199,3.745185,92.75,146.7,87.2,116.0
2027,47.433503,3.745862,92.75,146.7,87.2,116.0
2028,47.432807,3.746539,92.75,146.7,87.2,116.0
2029,47.432111,3.747216,92.75,146.7,87.1,116.0
2030,47.431415,3.747893,92.75,146.7,87.1,116.0
2031,47.430718,3.748571,92.75,146.7,87.1,116.0
2032,47.430022,3.749248,92.75,146.7,87.1,116.0
2033,47.429326,3.749925,92.75,146.7,87.0,116.0
2034,47.42863,3.750602,92.76,146.7,87.0,116.0
2035,47.427934,3.751279,92.76,146.7,87.0,116.0
2036,47.427238,3.751956,92.76,146.7,87.0,116.0
2037,47.426542,3.752633,92.76,146.7,86.9,116.0
2038,47.425846,3.75331,92.76,146.7,86.9,116.0
2039,47.42515,3.753987,92.76,146.7,86.9,116.0
2040,47.424454,3.754664,92.76,146.7,86.9,116.0
2041,47.423758,3.755341,92.76,146.6,86.8,116.0
2042,47.423062,3.756018,92.76,146.6,86.8,116.0
2043,47.422366,3.756695,92.76,146.6,86.8,116.0
2044,47.42167,3.757372,92.76,146.6,86.8,116.0
2045,47.420974,3.758049,92.76,146.6,86.7,116.0
2046,47.420278,3.758727,92.76,146.6,86.7,116.0
2047,47.419582,3.759404,92.76,146.6,86.7,116.0
2048,47.418886,3.760081,92.76,146.6,86.7,116.0
2049,47.41819,3.760758,92.76,146.6,86.6,116.0
2050,47.417494,3.761435,92.76,146.6,86.6,116.0
2051,47.416798,3.762112,92.76,146.6,86.6,116.0
2052,47.416102,3.762789,92.76,146.6,86.6,116.0
2053,47.415406,3.763466,92.76,146.6,86.5,116.0
2054,47.41471,3.764143,92.76,146.6,86.5,116.0
2055,47.414014,3.76482,92.76,146.6,86.5,116.0
2056,47.413318,3.765497,92.76,146.6,86.5,116.0
2057,47.412622,3.766174,92.76,146.6,86.4,116.0
2058,47.411925,3.766851,92.76,146.6,86.4,116.0
2059,47.411229,3.767528,92.76,146.6,86.4,116.0
2060,47.410533,3.768206,92.76,146.6,86.4,116.0
2061,47.409837,3.768883,92.77,146.6,86.3,116.0
2062,47.409141,3.76956,92.77,146.6,86.3,116.0
2063,47.408445,3.770237,92.77,146.6,86.3,116.0
2064,47.407749,3.770914,92.77,146.6,86.3,116.0
2065,47.407053,3.771591,92.77,146.6,86.2,116.0
2066,47.406357,3.772268,92.77,146.6,86.2,117.0
2067,47.405661,3.772945,92.77,146.6,86.2,117.0
2068,47.404965,3.773622,92.77,146.6,86.2,117.0
2069,47.404269,3.774299,92.77,146.6,86.1,117.0
2070,47.403573,3.774976,92.77,146.6,86.1,117.0
2071,47.402877,3.775653,92.77,146.6,86.1,117.0
2072,47.402181,3.77633,92.77,146.6,86.0,117.0
2073,47.401485,3.777007,92.77,146.6,86.0,117.0
2074,47.400789,3.777685,92.77,146.6,86.0,117.0
2075,47.400093,3.778362,92.77,146.6,86.0,117.0
2076,47.399397,3.779039,92.77,146.6,85.9,117.0
2077,47.398701,3.779716,92.77,146.6,85.9,117.0
2078,47.398005,3.780393,92.77,146.6,85.9,117.0
2079,47.397309,3.78107,92.77,146.6,85.9,117.0
2080,47.396613,3.781747,92.77,146.6,85.8,117.0
2081,47.395917,3.782424,92.77,146.6,85.8,117.0
2082,47.395221,3.783101,92.77,146.6,85.8,117.0
2083,47.394525,3.783778,92.77,146.6,85.8,117.0
2084,47.393829,3.784455,92.77,146.6,85.7,117.0
2085,47.393132,3.785132,92.77,146.6,85.7,117.0
2086,47.392436,3.785809,92.77,146.6,85.7,117.0
2087,47.39174,3.786486,92.77,146.6,85.7,117.0
2088,47.391044,3.787164,92.78,146.6,85.6,117.0
2089,47.390348,3.787841,92.78,146.6,85.6,117.0
2090,47.389652,3.788518,92.78,146.6,85.6,117.0
2091,47.388956,3.789195,92.78,146.6,85.5,117.0
2092,47.38826,3.789872,92.78,146.6,85.5,117.0
2093,47.387564,3.790549,92.78,146.6,85.5,117.0
2094,47.386868,3.791226,92.78,146.6,85.5,117.0
2095,47.386172,3.791903,92.78,146.6,85.4,117.0
2096,47.385476,3.79258,92.78,146.6,85.4,117.0
2097,47.38478,3.793257,92.78,146.6,85.4,117.0
2098,47.384084,3.793934,92.78,146.6,85.4,117.0
2099,47.383388,3.794611,92.78,146.6,85.3,117.0
2100,47.382692,3.795288,92.78,146.6,85.3,117.0
2101,47.381996,3.795965,92.78,146.6,85.3,117.0
2102,47.3813,3.796643,92.78,146.6,85.3,117.0
2103,47.380604,3.79732,92.78,146.6,85.2,117.0
2104,47.379908,3.797997,92.78,146.6,85.2,117.0
2105,47.379212,3.798674,92.78,146.6,85.2,117.0
2106,47.378516,3.799351,92.78,146.6,85.1,117.0
2107,47.37782,3.800028,92.78,146.6,85.1,117.0
2108,47.377124,3.800705,92.78,146.6,85.1,117.0
2109,47.376428,3.801382,92.78,146.6,85.1,117.0
2110,47.375732,3.802059,92.78,146.6,85.0,117.0
2111,47.375035,3.802736,92.78,146.6,85.0,117.0
2112,47.374339,3.803413,92.78,146.6,85.0,117.0
2113,47.373643,3.80409,92.78,146.6,85.0,117.0
2114,47.372947,3.804767,92.78,146.6,84.9,117.0
2115,47.372251,3.805444,92.79,146.6,84.9,117.0
2116,47.371555,3.806122,92.79,146.6,84.9,117.0
2117,47.370859,3.806799,92.79,146.6,84.8,117.0
2118,47.370163,3.807476,92.79,146.6,84.8,117.0
2119,47.369467,3.808153,92.79,146.6,84.8,117.0
2120,47.368771,3.80883,92.79,146.6,84.8,117.0
2121,47.368075,3.809507,92.79,146.6,84.7,117.0
2122,47.367379,3.810184,92.79,146.6,84.7,117.0
2123,47.366683,3.810861,92.79,146.6,84.7,117.0
2124,47.365987,3.811538,92.79,146.6,84.7,117.0
2125,47.365291,3.812215,92.79,146.6,84.6,117.0
2126,47.364595,3.812892,92.79,146.6,84.6,117.0
2127,47.363899,3.813569,92.79,146.6,84.6,117.0
2128,47.363203,3.814246,92.79,146.6,84.5,117.0
2129,47.362507,3.814923,92.79,146.6,84.5,117.0
2130,47.361811,3.8156,92.79,146.6,84.5,117.0
2131,47.361115,3.816278,92.79,146.6,84.5,117.0
2132,47.360419,3.816955,92.79,146.6,84.4,117.0
2133,47.359723,3.817632,92.79,146.6,84.4,117.0
2134,47.359027,3.818309,92.79,146.6,84.4,117.0
2135,47.358331,3.818986,92.79,146.6,84.3,117.0
2136,47.357635,3.819663,92.79,146.6,84.3,118.0
2137,47.356939,3.82034,92.79,146.6,84.3,118.0
2138,47.356242,3.821017,92.79,146.6,84.3,118.0
2139,47.355546,3.821694,92.79,146.6,84.2,118.0
2140,47.35485,3.822371,92.79,146.6,84.2,118.0
2141,47.354154,3.823048,92.79,146.6,84.2,118.0
2142,47.353458,3.823725,92.8,146.6,84.2,118.0
2143,47.352762,3.824402,92.8,146.6,84.1,118.0
2144,47.352066,3.825079,92.8,146.6,84.1,118.0
2145,47.35137,3.825757,92.8,146.6,84.1,118.0
2146,47.350674,3.826434,92.8,146.6,84.0,118.0
2147,47.349978,3.827111,92.8,146.6,84.0,118.0
2148,47.349282,3.827788,92.8,146.6,84.0,118.0
2149,47.348586,3.828465,92.8,146.6,84.0,118.0
2150,47.34789,3.829142,92.8,146.6,83.9,118.0
2151,47.347194,3.829819,92.8,146.6,83.9,118.0
2152,47.346498,3.830496,92.8,146.6,83.9,118.0
2153,47.345802,3.831173,92.8,146.6,83.8,118.0
2154,47.345106,3.83185,92.8,146.6,83.8,118.0
2155,47.34441,3.832527,92.8,146.6,83.8,118.0
2156,47.343714,3.833204,92.8,146.6,83.8,118.0
2157,47.343018,3.833881,92.8,146.6,83.7,118.0
2158,47.342322,3.834558,92.8,146.6,83.7,118.0
2159,47.341626,3.835236,92.8,146.6,83.7,118.0
2160,47.34093,3.835913,92.8,146.6,83.6,118.0
2161,47.340234,3.83659,92.8,146.6,83.6,118.0
2162,47.339538,3.837267,92.8,146.6,83.6,118.0
2163,47.338842,3.837944,92.8,146.6,83.6,118.0
2164,47.338146,3.838621,92.8,146.6,83.5,118.0
2165,47.337449,3.839298,92.8,146.6,83.5,118.0
2166,47.336753,3.839975,92.8,146.6,83.5,118.0
2167,47.336057,3.840652,92.8,146.6,83.4,118.0
2168,47.335361,3.841329,92.8,146.6,83.4,118.0
2169,47.334665,3.842006,92.81,146.6,83.4,118.0
2170,47.333969,3.842683,92.81,146.6,83.4,118.0
2171,47.333273,3.84336,92.81,146.6,83.3,118.0
2172,47.332577,3.844037,92.81,146.6,83.3,118.0
2173,47.331881,3.844715,92.81,146.6,83.3,118.0
2174,47.331185,3.845392,92.81,146.6,83.2,118.0
2175,47.330489,3.846069,92.81,146.6,83.2,118.0
2176,47.329793,3.846746,92.81,146.6,83.2,118.0
2177,47.329097,3.847423,92.81,146.6,83.1,118.0
2178,47.328401,3.8481,92.81,146.6,83.1,118.0
2179,47.327705,3.848777,92.81,146.6,83.1,118.0
2180,47.327009,3.849454,92.81,146.6,83.1,118.0
2181,47.326313,3.850131,92.81,146.6,83.0,118.0
2182,47.325617,3.850808,92.81,146.6,83.0,118.0
2183,47.324921,3.851485,92.81,146.6,83.0,118.0
2184,47.324225,3.852162,92.81,146.6,82.9,118.0
2185,47.323529,3.852839,92.81,146.6,82.9,118.0
2186,47.322833,3.853516,92.81,146.6,82.9,118.0
2187,47.322137,3.854194,92.81,146.6,82.9,118.0
2188,47.321441,3.854871,92.81,146.6,82.8,118.0
2189,47.320745,3.855548,92.81,146.6,82.8,118.0
2190,47.320049,3.856225,92.81,146.6,82.8,118.0
2191,47.319353,3.856902,92.81,146.6,82.7,118.0
2192,47.318656,3.857579,92.81,146.6,82.7,118.0
2193,47.31796,3.858256,92.81,146.6,82.7,118.0
2194,47.317264,3.858933,92.81,146.6,82.6,118.0
2195,47.316568,3.85961,92.81,146.6,82.6,118.0
2196,47.315872,3.860287,92.82,146.6,82.6,118.0
2197,47.315176,3.860964,92.82,146.6,82.6,118.0
2198,47.31448,3.861641,92.82,146.6,82.5,118.0
2199,47.313784,3.862318,92.82,146.6,82.5,118.0
2200,47.313088,3.862995,92.82,146.6,82.5,118.0
2201,47.312392,3.863673,92.82,146.6,82.4,118.0
2202,47.311696,3.86435,92.82,146.6,82.4,118.0
2203,47.311,3.865027,92.82,146.6,82.4,118.0
2204,47.310304,3.865704,92.82,146.6,82.4,118.0
2205,47.309608,3.866381,92.82,146.6,82.3,118.0
2206,47.308912,3.867058,92.82,146.6,82.3,118.0
2207,47.308216,3.867735,92.82,146.6,82.3,118.0
2208,47.30752,3.868412,92.82,146.6,82.2,118.0
2209,47.306824,3.869089,92.82,146.6,82.2,118.0
2210,47.306128,3.869766,92.82,146.6,82.2,118.0
2211,47.305432,3.870443,92.82,146.6,82.1,118.0
2212,47.304736,3.87112,92.82,146.6,82.1,118.0
2213,47.30404,3.871797,92.82,146.6,82.1,118.0
2214,47.303344,3.872474,92.82,146.6,82.1,118.0
2215,47.302648,3.873152,92.82,146.6,82.0,118.0
2216,47.301952,3.873829,92.82,146.6,82.0,118.0
2217,47.301256,3.874506,92.82,146.6,82.0,118.0
2218,47.30056,3.875183,92.82,146.6,81.9,118.0
2219,47.299863,3.87586,92.82,146.6,81.9,118.0
2220,47.299167,3.876537,92.82,146.6,81.9,118.0
2221,47.298471,3.877214,92.82,146.6,81.8,119.0
2222,47.297775,3.877891,92.82,146.6,81.8,119.0
2223,47.297079,3.878568,92.83,146.6,81.8,119.0
2224,47.296383,3.879245,92.83,146.6,81.7,119.0
2225,47.295687,3.879922,92.83,146.6,81.7,119.0
2226,47.294991,3.880599,92.83,146.6,81.7,119.0
2227,47.294295,3.881276,92.83,146.6,81.7,119.0
2228,47.293599,3.881953,92.83,146.6,81.6,119.0
2229,47.292903,3.88263,92.83,146.6,81.6,119.0
2230,47.292207,3.883308,92.83,146.6,81.6,119.0
2231,47.291511,3.883985,92.83,146.6,81.5,119.0
2232,47.290815,3.884662,92.83,146.6,81.5,119.0
2233,47.290119,3.885339,92.83,146.6,81.5,119.0
2234,47.289423,3.886016,92.83,146.6,81.4,119.0
2235,47.288727,3.886693,92.83,146.6,81.4,119.0
2236,47.288031,3.88737,92.83,146.6,81.4,119.0
2237,47.287335,3.888047,92.83,146.6,81.3,119.0
2238,47.286639,3.888724,92.83,146.6,81.3,119.0
2239,47.285943,3.889401,92.83,146.6,81.3,119.0
2240,47.285247,3.890078,92.83,146.6,81.3,119.0
2241,47.284551,3.890755,92.83,146.6,81.2,119.0
2242,47.283855,3.891432,92.83,146.6,81.2,119.0
2243,47.283159,3.892109,92.83,146.6,81.2,119.0
2244,47.282463,3.892787,92.83,146.6,81.1,119.0
2245,47.281767,3.893464,92.83,146.6,81.1,119.0
2246,47.28107,3.894141,92.83,146.6,81.1,119.0
2247,47.280374,3.894818,92.83,146.6,81.0,119.0
2248,47.279678,3.895495,92.83,146.6,81.0,119.0
2249,47.278982,3.896172,92.83,146.6,81.0,119.0
2250,47.278286,3.896849,92.84,146.6,80.9,119.0
2251,47.27759,3.897526,92.84,146.6,80.9,119.0
2252,47.276894,3.898203,92.84,146.6,80.9,119.0
2253,47.276198,3.89888,92.84,146.6,80.9,119.0
2254,47.275502,3.899557,92.84,146.6,80.8,119.0
2255,47.274806,3.900234,92.84,146.6,80.8,119.0
2256,47.27411,3.900911,92.84,146.6,80.8,119.0
2257,47.273414,3.901588,92.84,146.6,80.7,119.0
2258,47.272718,3.902266,92.84,146.6,80.7,119.0
2259,47.272022,3.902943,92.84,146.6,80.7,119.0
2260,47.271326,3.90362,92.84,146.6,80.6,119.0
2261,47.27063,3.904297,92.84,146.6,80.6,119.0
2262,47.269934,3.904974,92.84,146.6,80.6,119.0
2263,47.269238,3.905651,92.84,146.6,80.5,119.0
2264,47.268542,3.906328,92.84,146.6,80.5,119.0
2265,47.267846,3.907005,92.84,146.6,80.5,119.0
2266,47.26715,3.907682,92.84,146.6,80.4,119.0
2267,47.266454,3.908359,92.84,146.6,80.4,119.0
2268,47.265758,3.909036,92.84,146.6,80.4,119.0
2269,47.265062,3.909713,92.84,146.6,80.3,119.0
2270,47.264366,3.91039,92.84,146.6,80.3,119.0
2271,47.26367,3.911067,92.84,146.6,80.3,119.0
2272,47.262974,3.911745,92.84,146.6,80.3,119.0
2273,47.262277,3.912422,92.84,146.6,80.2,119.0
2274,47.261581,3.913099,92.84,146.6,80.2,119.0
2275,47.260885,3.913776,92.84,146.6,80.2,119.0
2276,47.260189,3.914453,92.84,146.6,80.1,119.0
2277,47.259493,3.91513,92.85,146.6,80.1,119.0
2278,47.258797,3.915807,92.85,146.6,80.1,119.0
2279,47.258101,3.916484,92.85,146.6,80.0,119.0
2280,47.257405,3.917161,92.85,146.6,80.0,119.0
2281,47.256709,3.917838,92.85,146.6,80.0,119.0
2282,47.256013,3.918515,92.85,146.6,79.9,119.0
2283,47.255317,3.919192,92.85,146.6,79.9,119.0
2284,47.254621,3.919869,92.85,146.6,79.9,119.0
2285,47.253925,3.920546,92.85,146.6,79.8,119.0
2286,47.253229,3.921224,92.85,146.6,79.8,119.0
2287,47.252533,3.921901,92.85,146.6,79.8,119.0
2288,47.251837,3.922578,92.85,146.6,79.7,119.0
2289,47.251141,3.923255,92.85,146.6,79.7,119.0
2290,47.250445,3.923932,92.85,146.6,79.7,119.0
2291,47.249749,3.924609,92.85,146.6,79.6,119.0
2292,47.249053,3.925286,92.85,146.6,79.6,119.0
2293,47.248357,3.925963,92.85,146.6,79.6,119.0
2294,47.247661,3.92664,92.85,146.6,79.6,119.0
2295,47.246965,3.927317,92.85,146.6,79.5,119.0
2296,47.246269,3.927994,92.85,146.6,79.5,119.0
2297,47.245573,3.928671,92.85,146.6,79.5,119.0
2298,47.244877,3.929348,92.85,146.6,79.4,119.0
2299,47.244181,3.930025,92.85,146.6,79.4,119.0
2300,47.243484,3.930703,92.85,146.6,79.4,119.0
2301,47.242788,3.93138,92.85,146.6,79.3,119.0
2302,47.242092,3.932057,92.85,146.6,79.3,119.0
2303,47.241396,3.932734,92.85,146.6,79.3,119.0
2304,47.2407,3.933411,92.86,146.6,79.2,119.0
2305,47.240004,3.934088,92.86,146.6,79.2,119.0
2306,47.239308,3.934765,92.86,146.6,79.2,119.0
2307,47.238612,3.935442,92.86,146.6,79.1,119.0
2308,47.237916,3.936119,92.86,146.6,79.1,119.0
2309,47.23722,3.936796,92.86,146.6,79.1,119.0
2310,47.236524,3.937473,92.86,146.6,79.0,119.0
2311,47.235828,3.93815,92.86,146.6,79.0,119.0
2312,47.235132,3.938827,92.86,146.6,79.0,119.0
2313,47.234436,3.939504,92.86,146.6,78.9,119.0
2314,47.23374,3.940181,92.86,146.6,78.9,119.0
2315,47.233044,3.940859,92.86,146.6,78.9,119.0
2316,47.232348,3.941536,92.86,146.6,78.8,119.0
2317,47.231652,3.942213,92.86,146.6,78.8,119.0
2318,47.230956,3.94289,92.86,146.6,78.8,119.0
2319,47.23026,3.943567,92.86,146.6,78.7,119.0
2320,47.229564,3.944244,92.86,146.6,78.7,119.0
2321,47.228868,3.944921,92.86,146.6,78.7,119.0
2322,47.228172,3.945598,92.86,146.6,78.6,119.0
2323,47.227476,3.946275,92.86,146.6,78.6,119.0
2324,47.22678,3.946952,92.86,146.6,78.6,119.0
2325,47.226084,3.947629,92.86,146.6,78.5,119.0
2326,47.225388,3.948306,92.86,146.6,78.5,119.0
2327,47.224691,3.948983,92.86,146.6,78.5,119.0
2328,47.223995,3.94966,92.86,146.6,78.4,119.0
2329,47.223299,3.950338,92.86,146.5,78.4,119.0
2330,47.222603,3.951015,92.86,146.5,78.4,119.0
2331,47.221907,3.951692,92.87,146.5,78.3,119.0
2332,47.221211,3.952369,92.87,146.5,78.3,119.0
2333,47.220515,3.953046,92.87,146.5,78.3,119.0
2334,47.219819,3.953723,92.87,146.5,78.2,119.0
2335,47.219123,3.9544,92.87,146.5,78.2,119.0
2336,47.218427,3.955077,92.87,146.5,78.2,119.0
2337,47.217731,3.955754,92.87,146.5,78.1,119.0
2338,47.217035,3.956431,92.87,146.5,78.1,119.0
2339,47.216339,3.957108,92.87,146.5,78.1,119.0
2340,47.215643,3.957785,92.87,146.5,78.0,119.0
2341,47.214947,3.958462,92.87,146.5,78.0,119.0
2342,47.214251,3.959139,92.87,146.5,78.0,119.0
2343,47.213555,3.959817,92.87,146.5,77.9,119.0
2344,47.212859,3.960494,92.87,146.5,77.9,119.0
2345,47.212163,3.961171,92.87,146.5,77.9,120.0
2346,47.211467,3.961848,92.87,146.5,77.8,120.0
2347,47.210771,3.962525,92.87,146.5,77.8,120.0
2348,47.210075,3.963202,92.87,146.5,77.8,120.0
2349,47.209379,3.963879,92.87,146.5,77.7,120.0
2350,47.208683,3.964556,92.87,146.5,77.7,120.0
2351,47.207987,3.965233,92.87,146.5,77.7,120.0
2352,47.207291,3.96591,92.87,146.5,77.6,120.0
2353,47.206594,3.966587,92.87,146.5,77.6,120.0
2354,47.205898,3.967264,92.87,146.5,77.6,120.0
2355,47.205202,3.967941,92.87,146.5,77.5,120.0
2356,47.204506,3.968618,92.87,146.5,77.5,120.0
2357,47.20381,3.969296,92.87,146.5,77.5,120.0
2358,47.203114,3.969973,92.88,146.5,77.4,120.0
2359,47.202418,3.97065,92.88,146.5,77.4,120.0
2360,47.201722,3.971327,92.88,146.5,77.4,120.0
2361,47.201026,3.972004,92.88,146.5,77.3,120.0
2362,47.20033,3.972681,92.88,146.5,77.3,120.0
2363,47.199634,3.973358,92.88,146.5,77.3,120.0
2364,47.198938,3.974035,92.88,146.5,77.2,120.0
2365,47.198242,3.974712,92.88,146.5,77.2,120.0
2366,47.197546,3.975389,92.88,146.5,77.2,120.0
2367,47.19685,3.976066,92.88,146.5,77.1,120.0
2368,47.196154,3.976743,92.88,146.5,77.1,120.0
2369,47.195458,3.97742,92.88,146.5,77.1,120.0
2370,47.194762,3.978097,92.88,146.5,77.0,120.0
2371,47.194066,3.978775,92.88,146.5,77.0,120.0
2372,47.19337,3.979452,92.88,146.5,77.0,120.0
2373,47.192674,3.980129,92.88,146.5,76.9,120.0
2374,47.191978,3.980806,92.88,146.5,76.9,120.0
2375,47.191282,3.981483,92.88,146.5,76.9,120.0
2376,47.190586,3.98216,92.88,146.5,76.8,120.0
2377,47.18989,3.982837,92.88,146.5,76.8,120.0
2378,47.189194,3.983514,92.88,146.5,76.8,120.0
2379,47.188498,3.984191,92.88,146.5,76.7,120.0
2380,47.187801,3.984868,92.88,146.5,76.7,120.0
2381,47.187105,3.985545,92.88,146.5,76.7,120.0
2382,47.186409,3.986222,92.88,146.5,76.6,120.0
2383,47.185713,3.986899,92.88,146.5,76.6,120.0
2384,47.185017,3.987576,92.88,146.5,76.6,120.0
2385,47.184321,3.988254,92.89,146.5,76.5,120.0
2386,47.183625,3.988931,92.89,146.5,76.5,120.0
2387,47.182929,3.989608,92.89,146.5,76.5,120.0
2388,47.182233,3.990285,92.89,146.5,76.4,120.0
2389,47.181537,3.990962,92.89,146.5,76.4,120.0
2390,47.180841,3.991639,92.89,146.5,76.3,120.0
2391,47.180145,3.992316,92.89,146.5,76.3,120.0
2392,47.179449,3.992993,92.89,146.5,76.3,120.0
2393,47.178753,3.99367,92.89,146.5,76.2,120.0
2394,47.178057,3.994347,92.89,146.5,76.2,120.0
2395,47.177361,3.995024,92.89,146.5,76.2,120.0
2396,47.176665,3.995701,92.89,146.5,76.1,120.0
2397,47.175969,3.996378,92.89,146.5,76.1,120.0
2398,47.175273,3.997055,92.89,146.5,76.1,120.0
2399,47.174577,3.997733,92.89,146.5,76.0,120.0
2400,47.173881,3.99841,92.89,146.5,76.0,120.0
2401,47.173185,3.999087,92.89,146.5,76.0,120.0
2402,47.172489,3.999764,92.89,146.5,75.9,120.0
2403,47.171793,4.000441,92.89,146.5,75.9,120.0
2404,47.171097,4.001118,92.89,146.5,75.9,120.0
2405,47.170401,4.001795,92.89,146.5,75.8,120.0
2406,47.169705,4.002472,92.89,146.5,75.8,120.0
2407,47.169008,4.003149,92.89,146.5,75.8,120.0
2408,47.168312,4.003826,92.89,146.5,75.7,120.0
2409,47.167616,4.004503,92.89,146.5,75.7,120.0
2410,47.16692,4.00518,92.89,146.5,75.7,120.0
2411,47.166224,4.005857,92.89,146.5,75.6,120.0
2412,47.165528,4.006534,92.9,146.5,75.6,120.0
2413,47.164832,4.007211,92.9,146.5,75.6,120.0
2414,47.164136,4.007889,92.9,146.5,75.5,120.0
2415,47.16344,4.008566,92.9,146.5,75.5,120.0
2416,47.162744,4.009243,92.9,146.5,75.4,120.0
2417,47.162048,4.00992,92.9,146.5,75.4,120.0
2418,47.161352,4.010597,92.9,146.5,75.4,120.0
2419,47.160656,4.011274,92.9,146.5,75.3,120.0
2420,47.15996,4.011951,92.9,146.5,75.3,120.0
2421,47.159264,4.012628,92.9,146.5,75.3,120.0
2422,47.158568,4.013305,92.9,146.5,75.2,120.0
2423,47.157872,4.013982,92.9,146.5,75.2,120.0
2424,47.157176,4.014659,92.9,146.5,75.2,120.0
2425,47.15648,4.015336,92.9,146.5,75.1,120.0
2426,47.155784,4.016013,92.9,146.5,75.1,120.0
2427,47.155088,4.01669,92.9,146.5,75.1,120.0
2428,47.154392,4.017368,92.9,146.5,75.0,120.0
2429,47.153696,4.018045,92.9,146.5,75.0,120.0
2430,47.153,4.018722,92.9,146.5,75.0,120.0
2431,47.152304,4.019399,92.9,146.5,74.9,120.0
2432,47.151608,4.020076,92.9,146.5,74.9,120.0
2433,47.150912,4.020753,92.9,146.5,74.9,120.0
2434,47.150215,4.02143,92.9,146.5,74.8,120.0
2435,47.149519,4.022107,92.9,146.5,74.8,120.0
2436,47.148823,4.022784,92.9,146.5,74.7,120.0
2437,47.148127,4.023461,92.9,146.5,74.7,120.0
2438,47.147431,4.024138,92.9,146.5,74.7,120.0
2439,47.146735,4.024815,92.91,146.5,74.6,120.0
2440,47.146039,4.025492,92.91,146.5,74.6,120.0
2441,47.145343,4.026169,92.91,146.5,74.6,120.0
2442,47.144647,4.026847,92.91,146.5,74.5,120.0
2443,47.143951,4.027524,92.91,146.5,74.5,120.0
2444,47.143255,4.028201,92.91,146.5,74.5,120.0
2445,47.142559,4.028878,92.91,146.5,74.4,120.0
2446,47.141863,4.029555,92.91,146.5,74.4,120.0
2447,47.141167,4.030232,92.91,146.5,74.4,120.0
2448,47.140471,4.030909,92.91,146.5,74.3,120.0
2449,47.139775,4.031586,92.91,146.5,74.3,120.0
2450,47.139079,4.032263,92.91,146.5,74.3,120.0
2451,47.138383,4.03294,92.91,146.5,74.2,120.0
2452,47.137687,4.033617,92.91,146.5,74.2,120.0
2453,47.136991,4.034294,92.91,146.5,74.1,120.0
2454,47.136295,4.034971,92.91,146.5,74.1,120.0
2455,47.135599,4.035648,92.91,146.5,74.1,120.0
2456,47.134903,4.036326,92.91,146.5,74.0,120.0
2457,47.134207,4.037003,92.91,146.5,74.0,120.0
2458,47.133511,4.03768,92.91,146.5,74.0,120.0
2459,47.132815,4.038357,92.91,146.5,73.9,120.0
2460,47.132119,4.039034,92.91,146.5,73.9,120.0
2461,47.131422,4.039711,92.91,146.5,73.9,120.0
2462,47.130726,4.040388,92.91,146.5,73.8,120.0
2463,47.13003,4.041065,92.91,146.5,73.8,120.0
2464,47.129334,4.041742,92.91,146.5,73.8,120.0
2465,47.128638,4.042419,92.91,146.5,73.7,120.0
2466,47.127942,4.043096,92.92,146.5,73.7,120.0
2467,47.127246,4.043773,92.92,146.5,73.6,120.0
2468,47.12655,4.04445,92.92,146.5,73.6,120.0
2469,47.125854,4.045127,92.92,146.5,73.6,120.0
2470,47.125158,4.045805,92.92,146.5,73.5,120.0
2471,47.124462,4.046482,92.92,146.5,73.5,120.0
2472,47.123766,4.047159,92.92,146.5,73.5,120.0
2473,47.12307,4.047836,92.92,146.5,73.4,120.0
2474,47.122374,4.048513,92.92,146.5,73.4,120.0
2475,47.121678,4.04919,92.92,146.5,73.4,120.0
2476,47.120982,4.049867,92.92,146.5,73.3,120.0
2477,47.120286,4.050544,92.92,146.5,73.3,120.0
2478,47.11959,4.051221,92.92,146.5,73.3,120.0
2479,47.118894,4.051898,92.92,146.5,73.2,120.0
2480,47.118198,4.052575,92.92,146.5,73.2,120.0
2481,47.117502,4.053252,92.92,146.5,73.1,120.0
2482,47.116806,4.053929,92.92,146.5,73.1,120.0
2483,47.11611,4.054606,92.92,146.5,73.1,120.0
2484,47.115414,4.055284,92.92,146.5,73.0,120.0
2485,47.114718,4.055961,92.92,146.5,73.0,120.0
2486,47.114022,4.056638,92.92,146.5,73.0,120.0
2487,47.113326,4.057315,92.92,146.5,72.9,120.0
2488,47.112629,4.057992,92.92,146.5,72.9,120.0
2489,47.111933,4.058669,92.92,146.5,72.9,120.0
2490,47.111237,4.059346,92.92,146.5,72.8,120.0
2491,47.110541,4.060023,92.92,146.5,72.8,120.0
2492,47.109845,4.0607,92.92,146.5,72.7,120.0
2493,47.109149,4.061377,92.93,146.5,72.7,120.0
2494,47.108453,4.062054,92.93,146.5,72.7,120.0
2495,47.107757,4.062731,92.93,146.5,72.6,120.0
2496,47.107061,4.063408,92.93,146.5,72.6,120.0
2497,47.106365,4.064085,92.93,146.5,72.6,120.0
2498,47.105669,4.064762,92.93,146.5,72.5,120.0
2499,47.104973,4.06544,92.93,146.5,72.5,120.0
2500,47.104277,4.066117,92.93,146.5,72.5,120.0
2501,47.103581,4.066794,92.93,146.5,72.4,120.0
2502,47.102885,4.067471,92.93,146.5,72.4,120.0
2503,47.102189,4.068148,92.93,146.5,72.3,120.0
2504,47.101493,4.068825,92.93,146.5,72.3,120.0
2505,47.100797,4.069502,92.93,146.5,72.3,120.0
2506,47.100101,4.070179,92.93,146.5,72.2,120.0
2507,47.099405,4.070856,92.93,146.5,72.2,120.0
2508,47.098709,4.071533,92.93,146.5,72.2,120.0
2509,47.098013,4.07221,92.93,146.5,72.1,120.0
2510,47.097317,4.072887,92.93,146.5,72.1,120.0
2511,47.096621,4.073564,92.93,146.5,72.1,120.0
2512,47.095925,4.074241,92.93,146.5,72.0,120.0
2513,47.095229,4.074919,92.93,146.5,72.0,120.0
2514,47.094533,4.075596,92.93,146.5,71.9,120.0
2515,47.093836,4.076273,92.93,146.5,71.9,120.0
2516,47.09314,4.07695,92.93,146.5,71.9,120.0
2517,47.092444,4.077627,92.93,146.5,71.8,120.0
2518,47.091748,4.078304,92.93,146.5,71.8,120.0
2519,47.091052,4.078981,92.93,146.5,71.8,120.0
2520,47.090356,4.079658,92.94,146.5,71.7,120.0
2521,47.08966,4.080335,92.94,146.5,71.7,120.0
2522,47.088964,4.081012,92.94,146.5,71.7,120.0
2523,47.088268,4.081689,92.94,146.5,71.6,120.0
2524,47.087572,4.082366,92.94,146.5,71.6,120.0
2525,47.086876,4.083043,92.94,146.5,71.5,120.0
2526,47.08618,4.08372,92.94,146.5,71.5,120.0
2527,47.085484,4.084398,92.94,146.5,71.5,120.0
2528,47.084788,4.085075,92.94,146.5,71.4,120.0
2529,47.084092,4.085752,92.94,146.5,71.4,120.0
2530,47.083396,4.086429,92.94,146.5,71.4,120.0
2531,47.0827,4.087106,92.94,146.5,71.3,120.0
2532,47.082004,4.087783,92.94,146.5,71.3,120.0
2533,47.081308,4.08846,92.94,146.5,71.2,120.0
2534,47.080612,4.089137,92.94,146.5,71.2,120.0
2535,47.079916,4.089814,92.94,146.5,71.2,120.0
2536,47.07922,4.090491,92.94,146.5,71.1,120.0
2537,47.078524,4.091168,92.94,146.5,71.1,120.0
2538,47.077828,4.091845,92.94,146.5,71.1,120.0
2539,47.077132,4.092522,92.94,146.5,71.0,120.0
2540,47.076436,4.093199,92.94,146.5,71.0,120.0
2541,47.07574,4.093877,92.94,146.5,71.0,120.0
2542,47.075043,4.094554,92.94,146.5,70.9,120.0
2543,47.074347,4.095231,92.94,146.5,70.9,120.0
2544,47.073651,4.095908,92.94,146.5,70.8,120.0
2545,47.072955,4.096585,92.94,146.5,70.8,120.0
2546,47.072259,4.097262,92.94,146.5,70.8,120.0
2547,47.071563,4.097939,92.95,146.5,70.7,120.0
2548,47.070867,4.098616,92.95,146.5,70.7,120.0
2549,47.070171,4.099293,92.95,146.5,70.7,120.0
2550,47.069475,4.09997,92.95,146.5,70.6,120.0
2551,47.068779,4.100647,92.95,146.5,70.6,120.0
2552,47.068083,4.101324,92.95,146.5,70.5,120.0
2553,47.067387,4.102001,92.95,146.5,70.5,120.0
2554,47.066691,4.102678,92.95,146.5,70.5,120.0
2555,47.065995,4.103356,92.95,146.5,70.4,120.0
2556,47.065299,4.104033,92.95,146.5,70.4,120.0
2557,47.064603,4.10471,92.95,146.5,70.4,120.0
2558,47.063907,4.105387,92.95,146.5,70.3,120.0
2559,47.063211,4.106064,92.95,146.5,70.3,120.0
2560,47.062515,4.106741,92.95,146.5,70.2,120.0
2561,47.061819,4.107418,92.95,146.5,70.2,120.0
2562,47.061123,4.108095,92.95,146.5,70.2,120.0
2563,47.060427,4.108772,92.95,146.5,70.1,120.0
2564,47.059731,4.109449,92.95,146.5,70.1,120.0
2565,47.059035,4.110126,92.95,146.5,70.1,120.0
2566,47.058339,4.110803,92.95,146.5,70.0,120.0
2567,47.057643,4.11148,92.95,146.5,70.0,120.0
2568,47.056947,4.112157,92.95,146.5,69.9,120.0
2569,47.05625,4.112835,92.95,146.5,69.9,120.0
2570,47.055554,4.113512,92.95,146.5,69.9,120.0
2571,47.054858,4.114189,92.95,146.5,69.8,120.0
2572,47.054162,4.114866,92.95,146.5,69.8,120.0
2573,47.053466,4.115543,92.95,146.5,69.8,120.0
2574,47.05277,4.11622,92.96,146.5,69.7,120.0
2575,47.052074,4.116897,92.96,146.5,69.7,120.0
2576,47.051378,4.117574,92.96,146.5,69.7,120.0
2577,47.050682,4.118251,92.96,146.5,69.6,120.0
2578,47.049986,4.118928,92.96,146.5,69.6,120.0
2579,47.04929,4.119605,92.96,146.5,69.5,120.0
2580,47.048594,4.120282,92.96,146.5,69.5,120.0
2581,47.047898,4.120959,92.96,146.5,69.5,120.0
2582,47.047202,4.121636,92.96,146.5,69.4,120.0
2583,47.046506,4.122314,92.96,146.5,69.4,120.0
2584,47.04581,4.122991,92.96,146.5,69.4,120.0
2585,47.045114,4.123668,92.96,146.5,69.3,120.0
2586,47.044418,4.124345,92.96,146.5,69.3,120.0
2587,47.043722,4.125022,92.96,146.5,69.2,120.0
2588,47.043026,4.125699,92.96,146.5,69.2,120.0
2589,47.04233,4.126376,92.96,146.5,69.2,120.0
2590,47.041634,4.127053,92.96,146.5,69.1,120.0
2591,47.040938,4.12773,92.96,146.5,69.1,120.0
2592,47.040242,4.128407,92.96,146.5,69.1,120.0
2593,47.039546,4.129084,92.96,146.5,69.0,120.0
2594,47.03885,4.129761,92.96,146.5,69.0,120.0
2595,47.038153,4.130438,92.96,146.5,68.9,120.0
2596,47.037457,4.131115,92.96,146.5,68.9,120.0
2597,47.036761,4.131792,92.96,146.5,68.9,120.0
2598,47.036065,4.13247,92.96,146.5,68.8,120.0
2599,47.035369,4.133147,92.96,146.5,68.8,120.0
2600,47.034673,4.133824,92.96,146.5,68.8,120.0
2601,47.033977,4.134501,92.97,146.5,68.7,120.0
2602,47.033281,4.135178,92.97,146.5,68.7,120.0
2603,47.032585,4.135855,92.97,146.5,68.6,120.0
2604,47.031889,4.136532,92.97,146.5,68.6,120.0
2605,47.031193,4.137209,92.97,146.5,68.6,120.0
2606,47.030497,4.137886,92.97,146.5,68.5,120.0
2607,47.029801,4.138563,92.97,146.5,68.5,120.0
2608,47.029105,4.13924,92.97,146.5,68.4,120.0
2609,47.028409,4.139917,92.97,146.5,68.4,120.0
2610,47.027713,4.140594,92.97,146.5,68.4,120.0
2611,47.027017,4.141271,92.97,146.5,68.3,120.0
2612,47.026321,4.141949,92.97,146.5,68.3,120.0
2613,47.025625,4.142626,92.97,146.5,68.3,120.0
2614,47.024929,4.143303,92.97,146.5,68.2,120.0
2615,47.024233,4.14398,92.97,146.5,68.2,120.0
2616,47.023537,4.144657,92.97,146.5,68.1,120.0
2617,47.022841,4.145334,92.97,146.5,68.1,120.0
2618,47.022145,4.146011,92.97,146.5,68.1,120.0
2619,47.021449,4.146688,92.97,146.4,68.0,120.0
2620,47.020753,4.147365,92.97,146.4,68.0,120.0
2621,47.020057,4.148042,92.97,146.4,68.0,120.0
2622,47.01936,4.148719,92.97,146.4,67.9,120.0
2623,47.018664,4.149396,92.97,146.4,67.9,120.0
2624,47.017968,4.150073,92.97,146.4,67.8,120.0
2625,47.017272,4.15075,92.97,146.4,67.8,120.0
2626,47.016576,4.151428,92.97,146.4,67.8,120.0
2627,47.01588,4.152105,92.97,146.4,67.7,120.0
2628,47.015184,4.152782,92.98,146.4,67.7,120.0
2629,47.014488,4.153459,92.98,146.4,67.7,120.0
2630,47.013792,4.154136,92.98,146.4,67.6,120.0
2631,47.013096,4.154813,92.98,146.4,67.6,120.0
2632,47.0124,4.15549,92.98,146.4,67.5,120.0
2633,47.011704,4.156167,92.98,146.4,67.5,120.0
2634,47.011008,4.156844,92.98,146.4,67.5,120.0
2635,47.010312,4.157521,92.98,146.4,67.4,120.0
2636,47.009616,4.158198,92.98,146.4,67.4,120.0
2637,47.00892,4.158875,92.98,146.4,67.4,120.0
2638,47.008224,4.159552,92.98,146.4,67.3,120.0
2639,47.007528,4.160229,92.98,146.4,67.3,120.0
2640,47.006832,4.160907,92.98,146.4,67.2,120.0
2641,47.006136,4.161584,92.98,146.4,67.2,120.0
2642,47.00544,4.162261,92.98,146.4,67.2,120.0
2643,47.004744,4.162938,92.98,146.4,67.1,120.0
2644,47.004048,4.163615,92.98,146.4,67.1,120.0
2645,47.003352,4.164292,92.98,146.4,67.0,120.0
2646,47.002656,4.164969,92.98,146.4,67.0,120.0
2647,47.00196,4.165646,92.98,146.4,67.0,120.0
2648,47.001264,4.166323,92.98,146.4,66.9,120.0
2649,47.000567,4.167,92.98,146.4,66.9,120.0
2650,46.999871,4.167677,92.98,146.4,66.9,120.0
2651,46.999175,4.168354,92.98,146.4,66.8,120.0
2652,46.998479,4.169031,92.98,146.4,66.8,120.0
2653,46.997783,4.169708,92.98,146.4,66.7,120.0
2654,46.997087,4.170386,92.98,146.4,66.7,120.0
2655,46.996391,4.171063,92.99,146.4,66.7,120.0
2656,46.995695,4.17174,92.99,146.4,66.6,120.0
2657,46.994999,4.172417,92.99,146.4,66.6,120.0
2658,46.994303,4.173094,92.99,146.4,66.6,120.0
2659,46.993607,4.173771,92.99,146.4,66.5,120.0
2660,46.992911,4.174448,92.99,146.4,66.5,120.0
2661,46.992215,4.175125,92.99,146.4,66.4,120.0
2662,46.991519,4.175802,92.99,146.4,66.4,120.0
2663,46.990823,4.176479,92.99,146.4,66.4,120.0
2664,46.990127,4.177156,92.99,146.4,66.3,120.0
2665,46.989431,4.177833,92.99,146.4,66.3,120.0
2666,46.988735,4.17851,92.99,146.4,66.2,120.0
2667,46.988039,4.179187,92.99,146.4,66.2,120.0
2668,46.987343,4.179865,92.99,146.4,66.2,120.0
2669,46.986647,4.180542,92.99,146.4,66.1,120.0
2670,46.985951,4.181219,92.99,146.4,66.1,120.0
2671,46.985255,4.181896,92.99,146.4,66.1,120.0
2672,46.984559,4.182573,92.99,146.4,66.0,120.0
2673,46.983863,4.18325,92.99,146.4,66.0,120.0
2674,46.983167,4.183927,92.99,146.4,65.9,120.0
2675,46.982471,4.184604,92.99,146.4,65.9,120.0
2676,46.981774,4.185281,92.99,146.4,65.9,120.0
2677,46.981078,4.185958,92.99,146.4,65.8,120.0
2678,46.980382,4.186635,92.99,146.4,65.8,120.0
2679,46.979686,4.187312,92.99,146.4,65.7,120.0
2680,46.97899,4.187989,92.99,146.4,65.7,120.0
2681,46.978294,4.188666,92.99,146.4,65.7,120.0
2682,46.977598,4.189343,93.0,146.4,65.6,120.0
2683,46.976902,4.190021,93.0,146.4,65.6,119.0
2684,46.976206,4.190698,93.0,146.4,65.6,119.0
2685,46.97551,4.191375,93.0,146.4,65.5,119.0
2686,46.974814,4.192052,93.0,146.4,65.5,119.0
2687,46.974118,4.192729,93.0,146.4,65.4,119.0
2688,46.973422,4.193406,93.0,146.4,65.4,119.0
2689,46.972726,4.194083,93.0,146.4,65.4,119.0
2690,46.97203,4.19476,93.0,146.4,65.3,119.0
2691,46.971334,4.195437,93.0,146.4,65.3,119.0
2692,46.970638,4.196114,93.0,146.4,65.2,119.0
2693,46.969942,4.196791,93.0,146.4,65.2,119.0
2694,46.969246,4.197468,93.0,146.4,65.2,119.0
2695,46.96855,4.198145,93.0,146.4,65.1,119.0
2696,46.967854,4.198822,93.0,146.4,65.1,119.0
2697,46.967158,4.1995,93.0,146.4,65.1,119.0
2698,46.966462,4.200177,93.0,146.4,65.0,119.0
2699,46.965766,4.200854,93.0,146.4,65.0,119.0
2700,46.96507,4.201531,93.0,146.4,64.9,119.0
2701,46.964374,4.202208,93.0,146.4,64.9,119.0
2702,46.963678,4.202885,93.0,146.4,64.9,119.0
2703,46.962981,4.203562,93.0,146.4,64.8,119.0
2704,46.962285,4.204239,93.0,146.4,64.8,119.0
2705,46.961589,4.204916,93.0,146.4,64.7,119.0
2706,46.960893,4.205593,93.0,146.4,64.7,119.0
2707,46.960197,4.20627,93.0,146.4,64.7,119.0
2708,46.959501,4.206947,93.0,146.4,64.6,119.0
2709,46.958805,4.207624,93.01,146.4,64.6,119.0
2710,46.958109,4.208301,93.01,146.4,64.6,119.0
2711,46.957413,4.208979,93.01,146.4,64.5,119.0
2712,46.956717,4.209656,93.01,146.4,64.5,119.0
2713,46.956021,4.210333,93.01,146.4,64.4,119.0
2714,46.955325,4.21101,93.01,146.4,64.4,119.0
2715,46.954629,4.211687,93.01,146.4,64.4,119.0
2716,46.953933,4.212364,93.01,146.4,64.3,119.0
2717,46.953237,4.213041,93.01,146.4,64.3,119.0
2718,46.952541,4.213718,93.01,146.4,64.2,119.0
2719,46.951845,4.214395,93.01,146.4,64.2,119.0
2720,46.951149,4.215072,93.01,146.4,64.2,119.0
2721,46.950453,4.215749,93.01,146.4,64.1,119.0
2722,46.949757,4.216426,93.01,146.4,64.1,119.0
2723,46.949061,4.217103,93.01,146.4,64.1,119.0
2724,46.948365,4.21778,93.01,146.4,64.0,119.0
2725,46.947669,4.218458,93.01,146.4,64.0,119.0
2726,46.946973,4.219135,93.01,146.4,63.9,119.0
2727,46.946277,4.219812,93.01,146.4,63.9,119.0
2728,46.945581,4.220489,93.01,146.4,63.9,119.0
2729,46.944885,4.221166,93.01,146.4,63.8,119.0
2730,46.944188,4.221843,93.01,146.4,63.8,119.0
2731,46.943492,4.22252,93.01,146.4,63.7,119.0
2732,46.942796,4.223197,93.01,146.4,63.7,119.0
2733,46.9421,4.223874,93.01,146.4,63.7,119.0
2734,46.941404,4.224551,93.01,146.4,63.6,119.0
2735,46.940708,4.225228,93.01,146.4,63.6,119.0
2736,46.940012,4.225905,93.02,146.4,63.5,119.0
2737,46.939316,4.226582,93.02,146.4,63.5,119.0
2738,46.93862,4.227259,93.02,146.4,63.5,119.0
2739,46.937924,4.227937,93.02,146.4,63.4,119.0
2740,46.937228,4.228614,93.02,146.4,63.4,119.0
2741,46.936532,4.229291,93.02,146.4,63.4,119.0
2742,46.935836,4.229968,93.02,146.4,63.3,119.0
2743,46.93514,4.230645,93.02,146.4,63.3,119.0
2744,46.934444,4.231322,93.02,146.4,63.2,119.0
2745,46.933748,4.231999,93.02,146.4,63.2,119.0
2746,46.933052,4.232676,93.02,146.4,63.2,119.0
2747,46.932356,4.233353,93.02,146.4,63.1,119.0
2748,46.93166,4.23403,93.02,146.4,63.1,119.0
2749,46.930964,4.234707,93.02,146.4,63.0,119.0
2750,46.930268,4.235384,93.02,146.4,63.0,119.0
2751,46.929572,4.236061,93.02,146.4,63.0,119.0
2752,46.928876,4.236738,93.02,146.4,62.9,119.0
2753,46.92818,4.237416,93.02,146.4,62.9,119.0
2754,46.927484,4.238093,93.02,146.4,62.9,119.0
2755,46.926788,4.23877,93.02,146.4,62.8,119.0
2756,46.926092,4.239447,93.02,146.4,62.8,119.0
2757,46.925395,4.240124,93.02,146.4,62.7,119.0
2758,46.924699,4.240801,93.02,146.4,62.7,119.0
2759,46.924003,4.241478,93.02,146.4,62.7,119.0
2760,46.923307,4.242155,93.02,146.4,62.6,119.0
2761,46.922611,4.242832,93.02,146.4,62.6,119.0
2762,46.921915,4.243509,93.02,146.4,62.5,119.0
2763,46.921219,4.244186,93.03,146.4,62.5,119.0
2764,46.920523,4.244863,93.03,146.4,62.5,119.0
2765,46.919827,4.24554,93.03,146.4,62.4,119.0
2766,46.919131,4.246217,93.03,146.4,62.4,119.0
2767,46.918435,4.246895,93.03,146.4,62.3,119.0
2768,46.917739,4.247572,93.03,146.4,62.3,119.0
2769,46.917043,4.248249,93.03,146.4,62.3,119.0
2770,46.916347,4.248926,93.03,146.4,62.2,119.0
2771,46.915651,4.249603,93.03,146.4,62.2,119.0
2772,46.914955,4.25028,93.03,146.4,62.2,119.0
2773,46.914259,4.250957,93.03,146.4,62.1,119.0
2774,46.913563,4.251634,93.03,146.4,62.1,119.0
2775,46.912867,4.252311,93.03,146.4,62.0,119.0
2776,46.912171,4.252988,93.03,146.4,62.0,119.0
2777,46.911475,4.253665,93.03,146.4,62.0,119.0
2778,46.910779,4.254342,93.03,146.4,61.9,119.0
2779,46.910083,4.255019,93.03,146.4,61.9,119.0
2780,46.909387,4.255696,93.03,146.4,61.8,119.0
2781,46.908691,4.256373,93.03,146.4,61.8,119.0
2782,46.907995,4.257051,93.03,146.4,61.8,119.0
2783,46.907299,4.257728,93.03,146.4,61.7,119.0
2784,46.906602,4.258405,93.03,146.4,61.7,119.0
2785,46.905906,4.259082,93.03,146.4,61.6,119.0
2786,46.90521,4.259759,93.03,146.4,61.6,119.0
2787,46.904514,4.260436,93.03,146.4,61.6,119.0
2788,46.903818,4.261113,93.03,146.4,61.5,119.0
2789,46.903122,4.26179,93.03,146.4,61.5,119.0
2790,46.902426,4.262467,93.04,146.4,61.5,119.0
2791,46.90173,4.263144,93.04,146.4,61.4,119.0
2792,46.901034,4.263821,93.04,146.4,61.4,119.0
2793,46.900338,4.264498,93.04,146.4,61.3,119.0
2794,46.899642,4.265175,93.04,146.4,61.3,119.0
2795,46.898946,4.265852,93.04,146.4,61.3,119.0
2796,46.89825,4.26653,93.04,146.4,61.2,119.0
2797,46.897554,4.267207,93.04,146.4,61.2,119.0
2798,46.896858,4.267884,93.04,146.4,61.1,119.0
2799,46.896162,4.268561,93.04,146.4,61.1,119.0
2800,46.895466,4.269238,93.04,146.4,61.1,119.0
2801,46.89477,4.269915,93.04,146.4,61.0,119.0
2802,46.894074,4.270592,93.04,146.4,61.0,119.0
2803,46.893378,4.271269,93.04,146.4,61.0,119.0
2804,46.892682,4.271946,93.04,146.4,60.9,119.0
2805,46.891986,4.272623,93.04,146.4,60.9,119.0
2806,46.89129,4.2733,93.04,146.4,60.8,118.0
2807,46.890594,4.273977,93.04,146.4,60.8,118.0
2808,46.889898,4.274654,93.04,146.4,60.8,118.0
2809,46.889202,4.275331,93.04,146.4,60.7,118.0
2810,46.888506,4.276009,93.04,146.4,60.7,118.0
2811,46.887809,4.276686,93.04,146.4,60.6,118.0
2812,46.887113,4.277363,93.04,146.4,60.6,118.0
2813,46.886417,4.27804,93.04,146.4,60.6,118.0
2814,46.885721,4.278717,93.04,146.4,60.5,118.0
2815,46.885025,4.279394,93.04,146.4,60.5,118.0
2816,46.884329,4.280071,93.04,146.4,60.4,118.0
2817,46.883633,4.280748,93.05,146.4,60.4,118.0
2818,46.882937,4.281425,93.05,146.4,60.4,118.0
2819,46.882241,4.282102,93.05,146.4,60.3,118.0
2820,46.881545,4.282779,93.05,146.4,60.3,118.0
2821,46.880849,4.283456,93.05,146.4,60.3,118.0
2822,46.880153,4.284133,93.05,146.4,60.2,118.0
2823,46.879457,4.28481,93.05,146.4,60.2,118.0
2824,46.878761,4.285488,93.05,146.4,60.1,118.0
2825,46.878065,4.286165,93.05,146.4,60.1,118.0
2826,46.877369,4.286842,93.05,146.4,60.1,118.0
2827,46.876673,4.287519,93.05,146.4,60.0,118.0
2828,46.875977,4.288196,93.05,146.4,60.0,118.0
2829,46.875281,4.288873,93.05,146.4,59.9,118.0
2830,46.874585,4.28955,93.05,146.4,59.9,118.0
2831,46.873889,4.290227,93.05,146.4,59.9,118.0
2832,46.873193,4.290904,93.05,146.4,59.8,118.0
2833,46.872497,4.291581,93.05,146.4,59.8,118.0
2834,46.871801,4.292258,93.05,146.4,59.7,118.0
2835,46.871105,4.292935,93.05,146.4,59.7,118.0
2836,46.870409,4.293612,93.05,146.4,59.7,118.0
2837,46.869713,4.294289,93.05,146.4,59.6,118.0
2838,46.869016,4.294967,93.05,146.4,59.6,118.0
2839,46.86832,4.295644,93.05,146.4,59.6,118.0
2840,46.867624,4.296321,93.05,146.4,59.5,118.0
2841,46.866928,4.296998,93.05,146.4,59.5,118.0
2842,46.866232,4.297675,93.05,146.4,59.4,118.0
2843,46.865536,4.298352,93.05,146.4,59.4,118.0
2844,46.86484,4.299029,93.06,146.4,59.4,118.0
2845,46.864144,4.299706,93.06,146.4,59.3,118.0
2846,46.863448,4.300383,93.06,146.4,59.3,118.0
2847,46.862752,4.30106,93.06,146.4,59.2,118.0
2848,46.862056,4.301737,93.06,146.4,59.2,118.0
2849,46.86136,4.302414,93.06,146.4,59.2,118.0
2850,46.860664,4.303091,93.06,146.4,59.1,118.0
2851,46.859968,4.303768,93.06,146.4,59.1,118.0
2852,46.859272,4.304446,93.06,146.4,59.0,118.0
2853,46.858576,4.305123,93.06,146.4,59.0,118.0
2854,46.85788,4.3058,93.06,146.4,59.0,118.0
2855,46.857184,4.306477,93.06,146.4,58.9,118.0
2856,46.856488,4.307154,93.06,146.4,58.9,118.0
2857,46.855792,4.307831,93.06,146.4,58.9,118.0
2858,46.855096,4.308508,93.06,146.4,58.8,118.0
2859,46.8544,4.309185,93.06,146.4,58.8,118.0
2860,46.853704,4.309862,93.06,146.4,58.7,118.0
2861,46.853008,4.310539,93.06,146.4,58.7,118.0
2862,46.852312,4.311216,93.06,146.4,58.7,118.0
2863,46.851616,4.311893,93.06,146.4,58.6,118.0
2864,46.850919,4.31257,93.06,146.4,58.6,118.0
2865,46.850223,4.313247,93.06,146.4,58.5,118.0
2866,46.849527,4.313924,93.06,146.4,58.5,118.0
2867,46.848831,4.314602,93.06,146.4,58.5,118.0
2868,46.848135,4.315279,93.06,146.4,58.4,118.0
2869,46.847439,4.315956,93.06,146.4,58.4,118.0
2870,46.846743,4.316633,93.06,146.4,58.3,118.0
2871,46.846047,4.31731,93.07,146.4,58.3,118.0
2872,46.845351,4.317987,93.07,146.4,58.3,118.0
2873,46.844655,4.318664,93.07,146.4,58.2,118.0
2874,46.843959,4.319341,93.07,146.4,58.2,118.0
2875,46.843263,4.320018,93.07,146.4,58.2,118.0
2876,46.842567,4.320695,93.07,146.4,58.1,118.0
2877,46.841871,4.321372,93.07,146.4,58.1,118.0
2878,46.841175,4.322049,93.07,146.4,58.0,118.0
2879,46.840479,4.322726,93.07,146.4,58.0,118.0
2880,46.839783,4.323403,93.07,146.4,58.0,118.0
2881,46.839087,4.324081,93.07,146.4,57.9,118.0
2882,46.838391,4.324758,93.07,146.4,57.9,118.0
2883,46.837695,4.325435,93.07,146.4,57.8,118.0
2884,46.836999,4.326112,93.07,146.4,57.8,118.0
2885,46.836303,4.326789,93.07,146.4,57.8,118.0
2886,46.835607,4.327466,93.07,146.4,57.7,118.0
2887,46.834911,4.328143,93.07,146.4,57.7,118.0
2888,46.834215,4.32882,93.07,146.4,57.6,118.0
2889,46.833519,4.329497,93.07,146.4,57.6,118.0
2890,46.832823,4.330174,93.07,146.4,57.6,118.0
2891,46.832126,4.330851,93.07,146.4,57.5,118.0
2892,46.83143,4.331528,93.07,146.4,57.5,117.0
2893,46.830734,4.332205,93.07,146.4,57.5,117.0
2894,46.830038,4.332882,93.07,146.4,57.4,117.0
2895,46.829342,4.33356,93.07,146.4,57.4,117.0
2896,46.828646,4.334237,93.07,146.4,57.3,117.0
2897,46.82795,4.334914,93.07,146.4,57.3,117.0
2898,46.827254,4.335591,93.08,146.4,57.3,117.0
2899,46.826558,4.336268,93.08,146.4,57.2,117.0
2900,46.825862,4.336945,93.08,146.4,57.2,117.0
2901,46.825166,4.337622,93.08,146.4,57.1,117.0
2902,46.82447,4.338299,93.08,146.4,57.1,117.0
2903,46.823774,4.338976,93.08,146.4,57.1,117.0
2904,46.823078,4.339653,93.08,146.4,57.0,117.0
2905,46.822382,4.34033,93.08,146.4,57.0,117.0
2906,46.821686,4.341007,93.08,146.4,56.9,117.0
2907,46.82099,4.341684,93.08,146.4,56.9,117.0
2908,46.820294,4.342361,93.08,146.4,56.9,117.0
2909,46.819598,4.343039,93.08,146.4,56.8,117.0
2910,46.818902,4.343716,93.08,146.3,56.8,117.0
2911,46.818206,4.344393,93.08,146.3,56.8,117.0
2912,46.81751,4.34507,93.08,146.3,56.7,117.0
2913,46.816814,4.345747,93.08,146.3,56.7,117.0
2914,46.816118,4.346424,93.08,146.3,56.6,117.0
2915,46.815422,4.347101,93.08,146.3,56.6,117.0
2916,46.814726,4.347778,93.08,146.3,56.6,117.0
2917,46.81403,4.348455,93.08,146.3,56.5,117.0
2918,46.813333,4.349132,93.08,146.3,56.5,117.0
2919,46.812637,4.349809,93.08,146.3,56.4,117.0
2920,46.811941,4.350486,93.08,146.3,56.4,117.0
2921,46.811245,4.351163,93.08,146.3,56.4,117.0
2922,46.810549,4.35184,93.08,146.3,56.3,117.0
2923,46.809853,4.352518,93.08,146.3,56.3,117.0
2924,46.809157,4.353195,93.08,146.3,56.3,117.0
2925,46.808461,4.353872,93.09,146.3,56.2,117.0
2926,46.807765,4.354549,93.09,146.3,56.2,117.0
2927,46.807069,4.355226,93.09,146.3,56.1,117.0
2928,46.806373,4.355903,93.09,146.3,56.1,117.0
2929,46.805677,4.35658,93.09,146.3,56.1,117.0
2930,46.804981,4.357257,93.09,146.3,56.0,117.0
2931,46.804285,4.357934,93.09,146.3,56.0,117.0
2932,46.803589,4.358611,93.09,146.3,55.9,117.0
2933,46.802893,4.359288,93.09,146.3,55.9,117.0
2934,46.802197,4.359965,93.09,146.3,55.9,117.0
2935,46.801501,4.360642,93.09,146.3,55.8,117.0
2936,46.800805,4.361319,93.09,146.3,55.8,117.0
2937,46.800109,4.361997,93.09,146.3,55.7,117.0
2938,46.799413,4.362674,93.09,146.3,55.7,117.0
2939,46.798717,4.363351,93.09,146.3,55.7,117.0
2940,46.798021,4.364028,93.09,146.3,55.6,117.0
2941,46.797325,4.364705,93.09,146.3,55.6,117.0
2942,46.796629,4.365382,93.09,146.3,55.6,117.0
2943,46.795933,4.366059,93.09,146.3,55.5,117.0
2944,46.795237,4.366736,93.09,146.3,55.5,117.0
2945,46.79454,4.367413,93.09,146.3,55.4,117.0
2946,46.793844,4.36809,93.09,146.3,55.4,117.0
2947,46.793148,4.368767,93.09,146.3,55.4,117.0
2948,46.792452,4.369444,93.09,146.3,55.3,117.0
2949,46.791756,4.370121,93.09,146.3,55.3,117.0
2950,46.79106,4.370798,93.09,146.3,55.2,117.0
2951,46.790364,4.371476,93.09,146.3,55.2,117.0
2952,46.789668,4.372153,93.1,146.3,55.2,117.0
2953,46.788972,4.37283,93.1,146.3,55.1,117.0
2954,46.788276,4.373507,93.1,146.3,55.1,117.0
2955,46.78758,4.374184,93.1,146.3,55.1,117.0
2956,46.786884,4.374861,93.1,146.3,55.0,117.0
2957,46.786188,4.375538,93.1,146.3,55.0,117.0
2958,46.785492,4.376215,93.1,146.3,54.9,117.0
2959,46.784796,4.376892,93.1,146.3,54.9,117.0
2960,46.7841,4.377569,93.1,146.3,54.9,117.0
2961,46.783404,4.378246,93.1,146.3,54.8,116.0
2962,46.782708,4.378923,93.1,146.3,54.8,116.0
2963,46.782012,4.3796,93.1,146.3,54.7,116.0
2964,46.781316,4.380277,93.1,146.3,54.7,116.0
2965,46.78062,4.380954,93.1,146.3,54.7,116.0
2966,46.779924,4.381632,93.1,146.3,54.6,116.0
2967,46.779228,4.382309,93.1,146.3,54.6,116.0
2968,46.778532,4.382986,93.1,146.3,54.6,116.0
2969,46.777836,4.383663,93.1,146.3,54.5,116.0
2970,46.77714,4.38434,93.1,146.3,54.5,116.0
2971,46.776444,4.385017,93.1,146.3,54.4,116.0
2972,46.775747,4.385694,93.1,146.3,54.4,116.0
2973,46.775051,4.386371,93.1,146.3,54.4,116.0
2974,46.774355,4.387048,93.1,146.3,54.3,116.0
2975,46.773659,4.387725,93.1,146.3,54.3,116.0
2976,46.772963,4.388402,93.1,146.3,54.2,116.0
2977,46.772267,4.389079,93.1,146.3,54.2,116.0
2978,46.771571,4.389756,93.1,146.3,54.2,116.0
2979,46.770875,4.390433,93.11,146.3,54.1,116.0
2980,46.770179,4.391111,93.11,146.3,54.1,116.0
2981,46.769483,4.391788,93.11,146.3,54.1,116.0
2982,46.768787,4.392465,93.11,146.3,54.0,116.0
2983,46.768091,4.393142,93.11,146.3,54.0,116.0
2984,46.767387,4.39379,92.69,147.8,53.9,116.0
2985,46.766665,4.394377,92.0,150.9,53.9,116.0
2986,46.765943,4.394965,92.0,150.9,53.9,116.0
2987,46.765221,4.395552,92.0,150.9,53.8,116.0
2988,46.764499,4.39614,92.0,150.9,53.8,116.0
2989,46.763777,4.396727,92.0,150.9,53.8,116.0
2990,46.763055,4.397314,92.0,150.9,53.7,116.0
2991,46.762333,4.397902,92.0,150.9,53.7,116.0
2992,46.761612,4.398489,92.0,150.9,53.6,116.0
2993,46.76089,4.399077,92.0,150.9,53.6,116.0
2994,46.760168,4.399664,92.0,150.9,53.6,116.0
2995,46.759446,4.400251,92.0,150.9,53.5,116.0
2996,46.758724,4.400839,92.0,150.9,53.5,116.0
2997,46.758002,4.401426,92.0,150.9,53.4,116.0
2998,46.75728,4.402014,92.0,150.9,53.4,116.0
2999,46.756558,4.402601,92.0,150.9,53.4,116.0
3000,46.755836,4.403188,92.0,150.9,53.3,116.0
3001,46.755115,4.403776,92.01,150.9,53.3,116.0
3002,46.754393,4.404363,92.01,150.9,53.3,116.0
3003,46.753671,4.404951,92.01,150.9,53.2,116.0
3004,46.752949,4.405538,92.01,150.9,53.2,116.0
3005,46.752227,4.406126,92.01,150.9,53.1,116.0
3006,46.751505,4.406713,92.01,150.9,53.1,116.0
3007,46.750783,4.4073,92.01,150.9,53.1,116.0
3008,46.750061,4.407888,92.01,150.9,53.0,116.0
3009,46.749339,4.408475,92.01,150.9,53.0,116.0
3010,46.748618,4.409063,92.01,150.9,52.9,116.0
3011,46.747896,4.40965,92.01,150.9,52.9,116.0
3012,46.747174,4.410237,92.01,150.9,52.9,116.0
3013,46.746452,4.410825,92.01,150.9,52.8,116.0
3014,46.74573,4.411412,92.01,150.9,52.8,116.0
3015,46.745008,4.412,92.01,150.9,52.8,116.0
3016,46.744286,4.412587,92.01,150.9,52.7,116.0
3017,46.743564,4.413174,92.01,150.9,52.7,116.0
3018,46.742842,4.413762,92.01,150.9,52.6,116.0
3019,46.742121,4.414349,92.01,150.9,52.6,116.0
3020,46.741399,4.414937,92.01,150.9,52.6,116.0
3021,46.740677,4.415524,92.01,150.9,52.5,116.0
3022,46.739955,4.416112,92.01,150.9,52.5,115.0
3023,46.739233,4.416699,92.01,150.9,52.5,115.0
3024,46.738511,4.417286,92.01,150.9,52.4,115.0
3025,46.737789,4.417874,92.01,150.9,52.4,115.0
3026,46.737067,4.418461,92.01,150.9,52.3,115.0
3027,46.736345,4.419049,92.01,150.9,52.3,115.0
3028,46.735624,4.419636,92.01,150.9,52.3,115.0
3029,46.734902,4.420223,92.01,150.9,52.2,115.0
3030,46.73418,4.420811,92.01,150.9,52.2,115.0
3031,46.733458,4.421398,92.01,150.9,52.2,115.0
3032,46.732736,4.421986,92.01,150.9,52.1,115.0
3033,46.732014,4.422573,92.01,150.9,52.1,115.0
3034,46.731292,4.423161,92.01,150.8,52.0,115.0
3035,46.73057,4.423748,92.01,150.8,52.0,115.0
3036,46.729848,4.424335,92.02,150.8,52.0,115.0
3037,46.729127,4.424923,92.02,150.8,51.9,115.0
3038,46.728405,4.42551,92.02,150.8,51.9,115.0
3039,46.727683,4.426098,92.02,150.8,51.8,115.0
3040,46.726961,4.426685,92.02,150.8,51.8,115.0
3041,46.726239,4.427272,92.02,150.8,51.8,115.0
3042,46.725517,4.42786,92.02,150.8,51.7,115.0
3043,46.724795,4.428447,92.02,150.8,51.7,115.0
3044,46.724073,4.429035,92.02,150.8,51.7,115.0
3045,46.723351,4.429622,92.02,150.8,51.6,115.0
3046,46.72263,4.430209,92.02,150.8,51.6,115.0
3047,46.721908,4.430797,92.02,150.8,51.5,115.0
3048,46.721186,4.431384,92.02,150.8,51.5,115.0
3049,46.720464,4.431972,92.02,150.8,51.5,115.0
3050,46.719742,4.432559,92.02,150.8,51.4,115.0
3051,46.71902,4.433147,92.02,150.8,51.4,115.0
3052,46.718298,4.433734,92.02,150.8,51.4,115.0
3053,46.717576,4.434321,92.02,150.8,51.3,115.0
3054,46.716854,4.434909,92.02,150.8,51.3,115.0
3055,46.716133,4.435496,92.02,150.8,51.2,115.0
3056,46.715411,4.436084,92.02,150.8,51.2,115.0
3057,46.714689,4.436671,92.02,150.8,51.2,115.0
3058,46.713967,4.437258,92.02,150.8,51.1,115.0
3059,46.713245,4.437846,92.02,150.8,51.1,115.0
3060,46.712523,4.438433,92.02,150.8,51.1,115.0
3061,46.711801,4.439021,92.02,150.8,51.0,115.0
3062,46.711079,4.439608,92.02,150.8,51.0,115.0
3063,46.710357,4.440195,92.02,150.8,50.9,115.0
3064,46.709635,4.440783,92.02,150.8,50.9,115.0
3065,46.708914,4.44137,92.02,150.8,50.9,115.0
3066,46.708192,4.441958,92.02,150.8,50.8,115.0
3067,46.70747,4.442545,92.02,150.8,50.8,115.0
3068,46.706748,4.443133,92.02,150.8,50.8,115.0
3069,46.706026,4.44372,92.02,150.8,50.7,115.0
3070,46.705304,4.444307,92.03,150.8,50.7,115.0
3071,46.704582,4.444895,92.03,150.8,50.6,115.0
3072,46.70386,4.445482,92.03,150.8,50.6,115.0
3073,46.703138,4.44607,92.03,150.8,50.6,115.0
3074,46.702417,4.446657,92.03,150.8,50.5,115.0
3075,46.701695,4.447244,92.03,150.8,50.5,115.0
3076,46.700973,4.447832,92.03,150.8,50.5,114.0
3077,46.700251,4.448419,92.03,150.8,50.4,114.0
3078,46.699529,4.449007,92.03,150.8,50.4,114.0
3079,46.698807,4.449594,92.03,150.8,50.3,114.0
3080,46.698085,4.450182,92.03,150.8,50.3,114.0
3081,46.697363,4.450769,92.03,150.8,50.3,114.0
3082,46.696641,4.451356,92.03,150.8,50.2,114.0
3083,46.69592,4.451944,92.03,150.8,50.2,114.0
3084,46.695198,4.452531,92.03,150.8,50.2,114.0
3085,46.694476,4.453119,92.03,150.8,50.1,114.0
3086,46.693754,4.453706,92.03,150.8,50.1,114.0
3087,46.693032,4.454293,92.03,150.8,50.0,114.0
3088,46.69231,4.454881,92.03,150.8,50.0,114.0
3089,46.691588,4.455468,92.03,150.8,50.0,114.0
3090,46.690866,4.456056,92.03,150.8,49.9,114.0
3091,46.690144,4.456643,92.03,150.8,49.9,114.0
3092,46.689423,4.45723,92.03,150.8,49.9,114.0
3093,46.688701,4.457818,92.03,150.8,49.8,114.0
3094,46.687979,4.458405,92.03,150.8,49.8,114.0
3095,46.687257,4.458993,92.03,150.8,49.7,114.0
3096,46.686535,4.45958,92.03,150.8,49.7,114.0
3097,46.685813,4.460168,92.03,150.8,49.7,114.0
3098,46.685091,4.460755,92.03,150.8,49.6,114.0
3099,46.684369,4.461342,92.03,150.8,49.6,114.0
3100,46.683647,4.46193,92.03,150.8,49.6,114.0
3101,46.682926,4.462517,92.03,150.8,49.5,114.0
3102,46.682204,4.463105,92.03,150.8,49.5,114.0
3103,46.681482,4.463692,92.03,150.8,49.5,114.0
3104,46.68076,4.464279,92.04,150.8,49.4,114.0
3105,46.680038,4.464867,92.04,150.8,49.4,114.0
3106,46.679316,4.465454,92.04,150.8,49.3,114.0
3107,46.678594,4.466042,92.04,150.8,49.3,114.0
3108,46.677872,4.466629,92.04,150.8,49.3,114.0
3109,46.67715,4.467216,92.04,150.8,49.2,114.0
3110,46.676429,4.467804,92.04,150.8,49.2,114.0
3111,46.675707,4.468391,92.04,150.8,49.2,114.0
3112,46.674985,4.468979,92.04,150.8,49.1,114.0
3113,46.674263,4.469566,92.04,150.8,49.1,114.0
3114,46.673541,4.470154,92.04,150.8,49.0,114.0
3115,46.672819,4.470741,92.04,150.8,49.0,114.0
3116,46.672097,4.471328,92.04,150.8,49.0,114.0
3117,46.671375,4.471916,92.04,150.8,48.9,114.0
3118,46.670653,4.472503,92.04,150.8,48.9,114.0
3119,46.669932,4.473091,92.04,150.8,48.9,114.0
3120,46.66921,4.473678,92.04,150.8,48.8,114.0
3121,46.668488,4.474265,92.04,150.8,48.8,114.0
3122,46.667766,4.474853,92.04,150.8,48.7,114.0
3123,46.667044,4.47544,92.04,150.8,48.7,114.0
3124,46.666322,4.476028,92.04,150.8,48.7,114.0
3125,46.6656,4.476615,92.04,150.8,48.6,114.0
3126,46.664878,4.477203,92.04,150.8,48.6,113.0
3127,46.664156,4.47779,92.04,150.8,48.6,113.0
3128,46.663435,4.478377,92.04,150.8,48.5,113.0
3129,46.662713,4.478965,92.04,150.8,48.5,113.0
3130,46.661991,4.479552,92.04,150.8,48.5,113.0
3131,46.661269,4.48014,92.04,150.8,48.4,113.0
3132,46.660547,4.480727,92.04,150.8,48.4,113.0
3133,46.659825,4.481314,92.04,150.8,48.3,113.0
3134,46.659103,4.481902,92.04,150.8,48.3,113.0
3135,46.658381,4.482489,92.04,150.8,48.3,113.0
3136,46.657659,4.483077,92.04,150.8,48.2,113.0
3137,46.656938,4.483664,92.04,150.8,48.2,113.0
3138,46.656216,4.484251,92.05,150.8,48.2,113.0
3139,46.655494,4.484839,92.05,150.8,48.1,113.0
3140,46.654772,4.485426,92.05,150.8,48.1,113.0
3141,46.65405,4.486014,92.05,150.8,48.1,113.0
3142,46.653328,4.486601,92.05,150.8,48.0,113.0
3143,46.652606,4.487189,92.05,150.8,48.0,113.0
3144,46.651884,4.487776,92.05,150.8,47.9,113.0
3145,46.651162,4.488363,92.05,150.8,47.9,113.0
3146,46.650441,4.488951,92.05,150.8,47.9,113.0
3147,46.649719,4.489538,92.05,150.8,47.8,113.0
3148,46.648997,4.490126,92.05,150.8,47.8,113.0
3149,46.648275,4.490713,92.05,150.8,47.8,113.0
3150,46.647553,4.4913,92.05,150.8,47.7,113.0
3151,46.646831,4.491888,92.05,150.8,47.7,113.0
3152,46.646109,4.492475,92.05,150.8,47.6,113.0
3153,46.645387,4.493063,92.05,150.8,47.6,113.0
3154,46.644665,4.49365,92.05,150.8,47.6,113.0
3155,46.643944,4.494237,92.05,150.8,47.5,113.0
3156,46.643222,4.494825,92.05,150.8,47.5,113.0
3157,46.6425,4.495412,92.05,150.8,47.5,113.0
3158,46.641778,4.496,92.05,150.8,47.4,113.0
3159,46.641056,4.496587,92.05,150.8,47.4,113.0
3160,46.640334,4.497175,92.05,150.8,47.4,113.0
3161,46.639612,4.497762,92.05,150.8,47.3,113.0
3162,46.63889,4.498349,92.05,150.8,47.3,113.0
3163,46.638168,4.498937,92.05,150.8,47.3,113.0
3164,46.637447,4.499524,92.05,150.8,47.2,113.0
3165,46.636725,4.500112,92.05,150.8,47.2,113.0
3166,46.636003,4.500699,92.05,150.8,47.1,113.0
3167,46.635281,4.501286,92.05,150.8,47.1,113.0
3168,46.634559,4.501874,92.05,150.8,47.1,113.0
3169,46.633837,4.502461,92.05,150.8,47.0,113.0
3170,46.633115,4.503049,92.05,150.8,47.0,113.0
3171,46.632393,4.503636,92.05,150.8,47.0,113.0
3172,46.631671,4.504224,92.06,150.8,46.9,112.0
3173,46.63095,4.504811,92.06,150.8,46.9,112.0
3174,46.630228,4.505398,92.06,150.8,46.9,112.0
3175,46.629506,4.505986,92.06,150.8,46.8,112.0
3176,46.628784,4.506573,92.06,150.8,46.8,112.0
3177,46.628062,4.507161,92.06,150.8,46.7,112.0
3178,46.62734,4.507748,92.06,150.8,46.7,112.0
3179,46.626618,4.508335,92.06,150.8,46.7,112.0
3180,46.625896,4.508923,92.06,150.8,46.6,112.0
3181,46.625174,4.50951,92.06,150.8,46.6,112.0
3182,46.624453,4.510098,92.06,150.8,46.6,112.0
3183,46.623731,4.510685,92.06,150.8,46.5,112.0
3184,46.623009,4.511272,92.06,150.8,46.5,112.0
3185,46.622287,4.51186,92.06,150.8,46.5,112.0
3186,46.621565,4.512447,92.06,150.8,46.4,112.0
3187,46.620843,4.513035,92.06,150.8,46.4,112.0
3188,46.620121,4.513622,92.06,150.8,46.4,112.0
3189,46.619399,4.51421,92.06,150.8,46.3,112.0
3190,46.618677,4.514797,92.06,150.8,46.3,112.0
3191,46.617955,4.515384,92.06,150.8,46.2,112.0
3192,46.617234,4.515972,92.06,150.8,46.2,112.0
3193,46.616512,4.516559,92.06,150.8,46.2,112.0
3194,46.61579,4.517147,92.06,150.8,46.1,112.0
3195,46.615068,4.517734,92.06,150.8,46.1,112.0
3196,46.614346,4.518321,92.06,150.8,46.1,112.0
3197,46.613624,4.518909,92.06,150.8,46.0,112.0
3198,46.612902,4.519496,92.06,150.8,46.0,112.0
3199,46.61218,4.520084,92.06,150.8,46.0,112.0
3200,46.611458,4.520671,92.06,150.8,45.9,112.0
3201,46.610737,4.521258,92.06,150.8,45.9,112.0
3202,46.610015,4.521846,92.06,150.8,45.9,112.0
3203,46.609293,4.522433,92.06,150.8,45.8,112.0
3204,46.608571,4.523021,92.06,150.8,45.8,112.0
3205,46.607849,4.523608,92.06,150.8,45.7,112.0
3206,46.607127,4.524196,92.06,150.8,45.7,112.0
3207,46.606405,4.524783,92.07,150.8,45.7,112.0
3208,46.605683,4.52537,92.07,150.8,45.6,112.0
3209,46.604961,4.525958,92.07,150.8,45.6,112.0
3210,46.60424,4.526545,92.07,150.8,45.6,112.0
3211,46.603518,4.527133,92.07,150.8,45.5,112.0
3212,46.602796,4.52772,92.07,150.8,45.5,112.0
3213,46.602074,4.528307,92.07,150.8,45.5,112.0
3214,46.601352,4.528895,92.07,150.8,45.4,112.0
3215,46.60063,4.529482,92.07,150.8,45.4,111.0
3216,46.599908,4.53007,92.07,150.8,45.4,111.0
3217,46.599186,4.530657,92.07,150.8,45.3,111.0
3218,46.598464,4.531245,92.07,150.8,45.3,111.0
3219,46.597743,4.531832,92.07,150.8,45.2,111.0
3220,46.597021,4.532419,92.07,150.8,45.2,111.0
3221,46.596299,4.533007,92.07,150.8,45.2,111.0
3222,46.595577,4.533594,92.07,150.8,45.1,111.0
3223,46.594855,4.534182,92.07,150.8,45.1,111.0
3224,46.594133,4.534769,92.07,150.8,45.1,111.0
3225,46.593411,4.535356,92.07,150.8,45.0,111.0
3226,46.592689,4.535944,92.07,150.8,45.0,111.0
3227,46.591967,4.536531,92.07,150.8,45.0,111.0
3228,46.591246,4.537119,92.07,150.8,44.9,111.0
3229,46.590524,4.537706,92.07,150.8,44.9,111.0
3230,46.589802,4.538293,92.07,150.8,44.9,111.0
3231,46.58908,4.538881,92.07,150.8,44.8,111.0
3232,46.588358,4.539468,92.07,150.8,44.8,111.0
3233,46.587636,4.540056,92.07,150.8,44.8,111.0
3234,46.586914,4.540643,92.07,150.8,44.7,111.0
3235,46.586192,4.541231,92.07,150.8,44.7,111.0
3236,46.58547,4.541818,92.07,150.8,44.7,111.0
3237,46.584749,4.542405,92.07,150.8,44.6,111.0
3238,46.584027,4.542993,92.07,150.8,44.6,111.0
3239,46.583305,4.54358,92.07,150.8,44.5,111.0
3240,46.582583,4.544168,92.07,150.8,44.5,111.0
3241,46.581861,4.544755,92.08,150.8,44.5,111.0
3242,46.581139,4.545342,92.08,150.8,44.4,111.0
3243,46.580417,4.54593,92.08,150.8,44.4,111.0
3244,46.579695,4.546517,92.08,150.8,44.4,111.0
3245,46.578973,4.547105,92.08,150.8,44.3,111.0
3246,46.578252,4.547692,92.08,150.8,44.3,111.0
3247,46.57753,4.548279,92.08,150.8,44.3,111.0
3248,46.576808,4.548867,92.08,150.8,44.2,111.0
3249,46.576086,4.549454,92.08,150.8,44.2,111.0
3250,46.575364,4.550042,92.08,150.8,44.2,111.0
3251,46.574642,4.550629,92.08,150.8,44.1,111.0
3252,46.57392,4.551217,92.08,150.8,44.1,111.0
3253,46.573198,4.551804,92.08,150.8,44.1,111.0
3254,46.572476,4.552391,92.08,150.8,44.0,111.0
3255,46.571755,4.552979,92.08,150.8,44.0,111.0
3256,46.571033,4.553566,92.08,150.8,44.0,110.0
3257,46.570311,4.554154,92.08,150.8,43.9,110.0
3258,46.569589,4.554741,92.08,150.8,43.9,110.0
3259,46.568867,4.555328,92.08,150.8,43.9,110.0
3260,46.568145,4.555916,92.08,150.8,43.8,110.0
3261,46.567423,4.556503,92.08,150.8,43.8,110.0
3262,46.566701,4.557091,92.08,150.8,43.7,110.0
3263,46.565979,4.557678,92.08,150.8,43.7,110.0
3264,46.565258,4.558266,92.08,150.8,43.7,110.0
3265,46.564536,4.558853,92.08,150.8,43.6,110.0
3266,46.563814,4.55944,92.08,150.8,43.6,110.0
3267,46.563092,4.560028,92.08,150.8,43.6,110.0
3268,46.56237,4.560615,92.08,150.8,43.5,110.0
3269,46.561648,4.561203,92.08,150.8,43.5,110.0
3270,46.560926,4.56179,92.08,150.8,43.5,110.0
3271,46.560204,4.562377,92.08,150.8,43.4,110.0
3272,46.559482,4.562965,92.08,150.8,43.4,110.0
3273,46.558761,4.563552,92.08,150.8,43.4,110.0
3274,46.558039,4.56414,92.08,150.8,43.3,110.0
3275,46.557317,4.564727,92.09,150.8,43.3,110.0
3276,46.556595,4.565314,92.09,150.8,43.3,110.0
3277,46.555873,4.565902,92.09,150.8,43.2,110.0
3278,46.555151,4.566489,92.09,150.8,43.2,110.0
3279,46.554429,4.567077,92.09,150.8,43.2,110.0
3280,46.553707,4.567664,92.09,150.8,43.1,110.0
3281,46.552985,4.568252,92.09,150.8,43.1,110.0
3282,46.552264,4.568839,92.09,150.8,43.1,110.0
3283,46.551542,4.569426,92.09,150.8,43.0,110.0
3284,46.55082,4.570014,92.09,150.8,43.0,110.0
3285,46.550098,4.570601,92.09,150.8,43.0,110.0
3286,46.549376,4.571189,92.09,150.8,42.9,110.0
3287,46.548654,4.571776,92.09,150.8,42.9,110.0
3288,46.547932,4.572363,92.09,150.8,42.9,110.0
3289,46.54721,4.572951,92.09,150.8,42.8,110.0
3290,46.546488,4.573538,92.09,150.8,42.8,110.0
3291,46.545767,4.574126,92.09,150.8,42.8,110.0
3292,46.545045,4.574713,92.09,150.8,42.7,110.0
3293,46.544323,4.5753,92.09,150.8,42.7,110.0
3294,46.543601,4.575888,92.09,150.8,42.7,109.0
3295,46.542879,4.576475,92.09,150.8,42.6,109.0
3296,46.542157,4.577063,92.09,150.8,42.6,109.0
3297,46.541435,4.57765,92.09,150.8,42.6,109.0
3298,46.540713,4.578238,92.09,150.8,42.5,109.0
3299,46.539991,4.578825,92.09,150.8,42.5,109.0
3300,46.53927,4.579412,92.09,150.8,42.5,109.0
3301,46.538548,4.58,92.09,150.8,42.4,109.0
3302,46.537826,4.580587,92.09,150.8,42.4,109.0
3303,46.537104,4.581175,92.09,150.8,42.4,109.0
3304,46.536382,4.581762,92.09,150.8,42.3,109.0
3305,46.53566,4.582349,92.09,150.8,42.3,109.0
3306,46.534938,4.582937,92.09,150.8,42.3,109.0
3307,46.534216,4.583524,92.09,150.8,42.2,109.0
3308,46.533494,4.584112,92.09,150.8,42.2,109.0
3309,46.532772,4.584699,92.1,150.8,42.2,109.0
3310,46.532051,4.585287,92.1,150.8,42.1,109.0
3311,46.531329,4.585874,92.1,150.8,42.1,109.0
3312,46.530607,4.586461,92.1,150.8,42.1,109.0
3313,46.529885,4.587049,92.1,150.8,42.0,109.0
3314,46.529163,4.587636,92.1,150.8,42.0,109.0
3315,46.528441,4.588224,92.1,150.8,42.0,109.0
3316,46.527719,4.588811,92.1,150.8,41.9,109.0
3317,46.526997,4.589398,92.1,150.8,41.9,109.0
3318,46.526275,4.589986,92.1,150.8,41.9,109.0
3319,46.525554,4.590573,92.1,150.8,41.8,109.0
3320,46.524832,4.591161,92.1,150.8,41.8,109.0
3321,46.52411,4.591748,92.1,150.8,41.8,109.0
3322,46.523388,4.592335,92.1,150.8,41.7,109.0
3323,46.522666,4.592923,92.1,150.8,41.7,109.0
3324,46.521944,4.59351,92.1,150.8,41.7,109.0
3325,46.521222,4.594098,92.1,150.8,41.6,109.0
3326,46.5205,4.594685,92.1,150.8,41.6,109.0
3327,46.519778,4.595273,92.1,150.8,41.6,109.0
3328,46.519057,4.59586,92.1,150.8,41.5,109.0
3329,46.518335,4.596447,92.1,150.8,41.5,109.0
3330,46.517613,4.597035,92.1,150.8,41.5,109.0
3331,46.516891,4.597622,92.1,150.8,41.4,108.0
3332,46.516169,4.59821,92.1,150.8,41.4,108.0
3333,46.515447,4.598797,92.1,150.8,41.4,108.0
3334,46.514725,4.599384,92.1,150.8,41.3,108.0
3335,46.514003,4.599972,92.1,150.8,41.3,108.0
3336,46.513281,4.600559,92.1,150.8,41.3,108.0
3337,46.51256,4.601147,92.1,150.8,41.2,108.0
3338,46.511838,4.601734,92.1,150.8,41.2,108.0
3339,46.511116,4.602321,92.1,150.8,41.2,108.0
3340,46.510394,4.602909,92.1,150.8,41.1,108.0
3341,46.509672,4.603496,92.1,150.8,41.1,108.0
3342,46.50895,4.604084,92.1,150.7,41.1,108.0
3343,46.508228,4.604671,92.1,150.7,41.0,108.0
3344,46.507506,4.605259,92.11,150.7,41.0,108.0
3345,46.506784,4.605846,92.11,150.7,41.0,108.0
3346,46.506063,4.606433,92.11,150.7,40.9,108.0
3347,46.505341,4.607021,92.11,150.7,40.9,108.0
3348,46.504619,4.607608,92.11,150.7,40.9,108.0
3349,46.503897,4.608196,92.11,150.7,40.8,108.0
3350,46.503175,4.608783,92.11,150.7,40.8,108.0
3351,46.502453,4.60937,92.11,150.7,40.8,108.0
3352,46.501731,4.609958,92.11,150.7,40.7,108.0
3353,46.501009,4.610545,92.11,150.7,40.7,108.0
3354,46.500287,4.611133,92.11,150.7,40.7,108.0
3355,46.499566,4.61172,92.11,150.7,40.6,108.0
3356,46.498844,4.612307,92.11,150.7,40.6,108.0
3357,46.498122,4.612895,92.11,150.7,40.6,108.0
3358,46.4974,4.613482,92.11,150.7,40.5,108.0
3359,46.496678,4.61407,92.11,150.7,40.5,108.0
3360,46.495956,4.614657,92.11,150.7,40.5,108.0
3361,46.495234,4.615245,92.11,150.7,40.4,108.0
3362,46.494512,4.615832,92.11,150.7,40.4,108.0
3363,46.49379,4.616419,92.11,150.7,40.4,108.0
3364,46.493069,4.617007,92.11,150.7,40.3,108.0
3365,46.492347,4.617594,92.11,150.7,40.3,108.0
3366,46.491625,4.618182,92.11,150.7,40.3,108.0
3367,46.490903,4.618769,92.11,150.7,40.3,107.0
3368,46.490181,4.619356,92.11,150.7,40.2,107.0
3369,46.489459,4.619944,92.11,150.7,40.2,107.0
3370,46.488737,4.620531,92.11,150.7,40.2,107.0
3371,46.488015,4.621119,92.11,150.7,40.1,107.0
3372,46.487293,4.621706,92.11,150.7,40.1,107.0
3373,46.486572,4.622294,92.11,150.7,40.1,107.0
3374,46.48585,4.622881,92.11,150.7,40.0,107.0
3375,46.485128,4.623468,92.11,150.7,40.0,107.0
3376,46.484406,4.624056,92.11,150.7,40.0,107.0
3377,46.483684,4.624643,92.11,150.7,39.9,107.0
3378,46.482962,4.625231,92.12,150.7,39.9,107.0
3379,46.48224,4.625818,92.12,150.7,39.9,107.0
3380,46.481518,4.626405,92.12,150.7,39.8,107.0
3381,46.480796,4.626993,92.12,150.7,39.8,107.0
3382,46.480075,4.62758,92.12,150.7,39.8,107.0
3383,46.479353,4.628168,92.12,150.7,39.7,107.0
3384,46.478631,4.628755,92.12,150.7,39.7,107.0
3385,46.477909,4.629342,92.12,150.7,39.7,107.0
3386,46.477187,4.62993,92.12,150.7,39.6,107.0
3387,46.476465,4.630517,92.12,150.7,39.6,107.0
3388,46.475743,4.631105,92.12,150.7,39.6,107.0
3389,46.475021,4.631692,92.12,150.7,39.6,107.0
3390,46.474299,4.63228,92.12,150.7,39.5,107.0
3391,46.473578,4.632867,92.12,150.7,39.5,107.0
3392,46.472856,4.633454,92.12,150.7,39.5,107.0
3393,46.472134,4.634042,92.12,150.7,39.4,107.0
3394,46.471412,4.634629,92.12,150.7,39.4,107.0
3395,46.47069,4.635217,92.12,150.7,39.4,107.0
3396,46.469968,4.635804,92.12,150.7,39.3,107.0
3397,46.469246,4.636391,92.12,150.7,39.3,107.0
3398,46.468524,4.636979,92.12,150.7,39.3,107.0
3399,46.467802,4.637566,92.12,150.7,39.2,107.0
3400,46.467081,4.638154,92.12,150.7,39.2,107.0
3401,46.466359,4.638741,92.12,150.7,39.2,106.0
3402,46.465637,4.639328,92.12,150.7,39.1,106.0
3403,46.464915,4.639916,92.12,150.7,39.1,106.0
3404,46.464193,4.640503,92.12,150.7,39.1,106.0
3405,46.463471,4.641091,92.12,150.7,39.0,106.0
3406,46.462749,4.641678,92.12,150.7,39.0,106.0
3407,46.462027,4.642266,92.12,150.7,39.0,106.0
3408,46.461305,4.642853,92.12,150.7,39.0,106.0
3409,46.460584,4.64344,92.12,150.7,38.9,106.0
3410,46.459862,4.644028,92.12,150.7,38.9,106.0
3411,46.45914,4.644615,92.12,150.7,38.9,106.0
3412,46.458418,4.645203,92.13,150.7,38.8,106.0
3413,46.457696,4.64579,92.13,150.7,38.8,106.0
3414,46.456974,4.646377,92.13,150.7,38.8,106.0
3415,46.456252,4.646965,92.13,150.7,38.7,106.0
3416,46.45553,4.647552,92.13,150.7,38.7,106.0
3417,46.454808,4.64814,92.13,150.7,38.7,106.0
3418,46.454087,4.648727,92.13,150.7,38.6,106.0
3419,46.453365,4.649315,92.13,150.7,38.6,106.0
3420,46.452643,4.649902,92.13,150.7,38.6,106.0
3421,46.451921,4.650489,92.13,150.7,38.6,106.0
3422,46.451199,4.651077,92.13,150.7,38.5,106.0
3423,46.450477,4.651664,92.13,150.7,38.5,106.0
3424,46.449755,4.652252,92.13,150.7,38.5,106.0
3425,46.449033,4.652839,92.13,150.7,38.4,106.0
3426,46.448311,4.653426,92.13,150.7,38.4,106.0
3427,46.44759,4.654014,92.13,150.7,38.4,106.0
3428,46.446868,4.654601,92.13,150.7,38.3,106.0
3429,46.446146,4.655189,92.13,150.7,38.3,106.0
3430,46.445424,4.655776,92.13,150.7,38.3,106.0
3431,46.444702,4.656363,92.13,150.7,38.2,106.0
3432,46.44398,4.656951,92.13,150.7,38.2,106.0
3433,46.443258,4.657538,92.13,150.7,38.2,106.0
3434,46.442536,4.658126,92.13,150.7,38.2,106.0
3435,46.441814,4.658713,92.13,150.7,38.1,105.0
3436,46.441092,4.659301,92.13,150.7,38.1,105.0
3437,46.440371,4.659888,92.13,150.7,38.1,105.0
3438,46.439649,4.660475,92.13,150.7,38.0,105.0
3439,46.438927,4.661063,92.13,150.7,38.0,105.0
3440,46.438205,4.66165,92.13,150.7,38.0,105.0
3441,46.437483,4.662238,92.13,150.7,37.9,105.0
3442,46.436761,4.662825,92.13,150.7,37.9,105.0
3443,46.436039,4.663412,92.13,150.7,37.9,105.0
3444,46.435317,4.664,92.13,150.7,37.9,105.0
3445,46.434595,4.664587,92.13,150.7,37.8,105.0
3446,46.433874,4.665175,92.14,150.7,37.8,105.0
3447,46.433152,4.665762,92.14,150.7,37.8,105.0
3448,46.43243,4.666349,92.14,150.7,37.7,105.0
3449,46.431708,4.666937,92.14,150.7,37.7,105.0
3450,46.430986,4.667524,92.14,150.7,37.7,105.0
3451,46.430264,4.668112,92.14,150.7,37.6,105.0
3452,46.429542,4.668699,92.14,150.7,37.6,105.0
3453,46.42882,4.669287,92.14,150.7,37.6,105.0
3454,46.428098,4.669874,92.14,150.7,37.6,105.0
3455,46.427377,4.670461,92.14,150.7,37.5,105.0
3456,46.426655,4.671049,92.14,150.7,37.5,105.0
3457,46.425933,4.671636,92.14,150.7,37.5,105.0
3458,46.425211,4.672224,92.14,150.7,37.4,105.0
3459,46.424489,4.672811,92.14,150.7,37.4,105.0
3460,46.423767,4.673398,92.14,150.7,37.4,105.0
3461,46.423045,4.673986,92.14,150.7,37.3,105.0
3462,46.422323,4.674573,92.14,150.7,37.3,105.0
3463,46.421601,4.675161,92.14,150.7,37.3,105.0
3464,46.42088,4.675748,92.14,150.7,37.3,105.0
3465,46.420158,4.676336,92.14,150.7,37.2,105.0
3466,46.419436,4.676923,92.14,150.7,37.2,105.0
3467,46.418714,4.67751,92.14,150.7,37.2,104.0
3468,46.417992,4.678098,92.14,150.7,37.1,104.0
3469,46.41727,4.678685,92.14,150.7,37.1,104.0
3470,46.416548,4.679273,92.14,150.7,37.1,104.0
3471,46.415826,4.67986,92.14,150.7,37.1,104.0
3472,46.415104,4.680447,92.14,150.7,37.0,104.0
3473,46.414383,4.681035,92.14,150.7,37.0,104.0
3474,46.413661,4.681622,92.14,150.7,37.0,104.0
3475,46.412939,4.68221,92.14,150.7,36.9,104.0
3476,46.412217,4.682797,92.14,150.7,36.9,104.0
3477,46.411495,4.683384,92.14,150.7,36.9,104.0
3478,46.410773,4.683972,92.14,150.7,36.8,104.0
3479,46.410051,4.684559,92.14,150.7,36.8,104.0
3480,46.409329,4.685147,92.14,150.7,36.8,104.0
3481,46.408607,4.685734,92.15,150.7,36.8,104.0
3482,46.407886,4.686322,92.15,150.7,36.7,104.0
3483,46.407164,4.686909,92.15,150.7,36.7,104.0
3484,46.406442,4.687496,92.15,150.7,36.7,104.0
3485,46.40572,4.688084,92.15,150.7,36.6,104.0
3486,46.404998,4.688671,92.15,150.7,36.6,104.0
3487,46.404276,4.689259,92.15,150.7,36.6,104.0
3488,46.403554,4.689846,92.15,150.7,36.6,104.0
3489,46.402832,4.690433,92.15,150.7,36.5,104.0
3490,46.40211,4.691021,92.15,150.7,36.5,104.0
3491,46.401389,4.691608,92.15,150.7,36.5,104.0
3492,46.400667,4.692196,92.15,150.7,36.4,104.0
3493,46.399945,4.692783,92.15,150.7,36.4,104.0
3494,46.399223,4.69337,92.15,150.7,36.4,104.0
3495,46.398501,4.693958,92.15,150.7,36.4,104.0
3496,46.397779,4.694545,92.15,150.7,36.3,104.0
3497,46.397057,4.695133,92.15,150.7,36.3,104.0
3498,46.396335,4.69572,92.15,150.7,36.3,103.0
3499,46.395613,4.696308,92.15,150.7,36.2,103.0
3500,46.394892,4.696895,92.15,150.7,36.2,103.0
3501,46.39417,4.697482,92.15,150.7,36.2,103.0
3502,46.393448,4.69807,92.15,150.7,36.2,103.0
3503,46.392726,4.698657,92.15,150.7,36.1,103.0
3504,46.392004,4.699245,92.15,150.7,36.1,103.0
3505,46.391282,4.699832,92.15,150.7,36.1,103.0
3506,46.39056,4.700419,92.15,150.7,36.0,103.0
3507,46.389838,4.701007,92.15,150.7,36.0,103.0
3508,46.389116,4.701594,92.15,150.7,36.0,103.0
3509,46.388395,4.702182,92.15,150.7,36.0,103.0
3510,46.387673,4.702769,92.15,150.7,35.9,103.0
3511,46.386951,4.703357,92.15,150.7,35.9,103.0
3512,46.386229,4.703944,92.15,150.7,35.9,103.0
3513,46.385507,4.704531,92.15,150.7,35.8,103.0
3514,46.384785,4.705119,92.15,150.7,35.8,103.0
3515,46.384063,4.705706,92.16,150.7,35.8,103.0
3516,46.383341,4.706294,92.16,150.7,35.8,103.0
3517,46.382619,4.706881,92.16,150.7,35.7,103.0
3518,46.381898,4.707468,92.16,150.7,35.7,103.0
3519,46.381176,4.708056,92.16,150.7,35.7,103.0
3520,46.380454,4.708643,92.16,150.7,35.6,103.0
3521,46.379732,4.709231,92.16,150.7,35.6,103.0
3522,46.37901,4.709818,92.16,150.7,35.6,103.0
3523,46.378288,4.710405,92.16,150.7,35.6,103.0
3524,46.377566,4.710993,92.16,150.7,35.5,103.0
3525,46.376844,4.71158,92.16,150.7,35.5,103.0
3526,46.376122,4.712168,92.16,150.7,35.5,103.0
3527,46.375401,4.712755,92.16,150.7,35.5,103.0
3528,46.374679,4.713343,92.16,150.7,35.4,102.0
3529,46.373957,4.71393,92.16,150.7,35.4,102.0
3530,46.373235,4.714517,92.16,150.7,35.4,102.0
3531,46.372513,4.715105,92.16,150.7,35.3,102.0
3532,46.371791,4.715692,92.16,150.7,35.3,102.0
3533,46.371069,4.71628,92.16,150.7,35.3,102.0
3534,46.370347,4.716867,92.16,150.7,35.3,102.0
3535,46.369625,4.717454,92.16,150.7,35.2,102.0
3536,46.368904,4.718042,92.16,150.7,35.2,102.0
3537,46.368182,4.718629,92.16,150.7,35.2,102.0
3538,46.36746,4.719217,92.16,150.7,35.1,102.0
3539,46.366738,4.719804,92.16,150.7,35.1,102.0
3540,46.366016,4.720391,92.16,150.7,35.1,102.0
3541,46.365294,4.720979,92.16,150.7,35.1,102.0
3542,46.364572,4.721566,92.16,150.7,35.0,102.0
3543,46.36385,4.722154,92.16,150.7,35.0,102.0
3544,46.363128,4.722741,92.16,150.7,35.0,102.0
3545,46.362407,4.723329,92.16,150.7,35.0,102.0
3546,46.361685,4.723916,92.16,150.7,34.9,102.0
3547,46.360963,4.724503,92.16,150.7,34.9,102.0
3548,46.360241,4.725091,92.16,150.7,34.9,102.0
3549,46.359519,4.725678,92.17,150.7,34.9,102.0
3550,46.358797,4.726266,92.17,150.7,34.8,102.0
3551,46.358075,4.726853,92.17,150.7,34.8,102.0
3552,46.357353,4.72744,92.17,150.7,34.8,102.0
3553,46.356631,4.728028,92.17,150.7,34.7,102.0
3554,46.355909,4.728615,92.17,150.7,34.7,102.0
3555,46.355188,4.729203,92.17,150.7,34.7,102.0
3556,46.354466,4.72979,92.17,150.7,34.7,102.0
3557,46.353744,4.730378,92.17,150.7,34.6,102.0
3558,46.353022,4.730965,92.17,150.7,34.6,101.0
3559,46.3523,4.731552,92.17,150.7,34.6,101.0
3560,46.351578,4.73214,92.17,150.7,34.6,101.0
3561,46.350856,4.732727,92.17,150.7,34.5,101.0
3562,46.350134,4.733315,92.17,150.7,34.5,101.0
3563,46.349412,4.733902,92.17,150.7,34.5,101.0
3564,46.348691,4.734489,92.17,150.7,34.4,101.0
3565,46.347969,4.735077,92.17,150.7,34.4,101.0
3566,46.347247,4.735664,92.17,150.7,34.4,101.0
3567,46.346525,4.736252,92.17,150.7,34.4,101.0
3568,46.345803,4.736839,92.17,150.7,34.3,101.0
3569,46.345081,4.737426,92.17,150.7,34.3,101.0
3570,46.344359,4.738014,92.17,150.7,34.3,101.0
3571,46.343637,4.738601,92.17,150.7,34.3,101.0
3572,46.342915,4.739189,92.17,150.7,34.2,101.0
3573,46.342194,4.739776,92.17,150.7,34.2,101.0
3574,46.341472,4.740364,92.17,150.7,34.2,101.0
3575,46.34075,4.740951,92.17,150.7,34.2,101.0
3576,46.340028,4.741538,92.17,150.7,34.1,101.0
3577,46.339306,4.742126,92.17,150.7,34.1,101.0
3578,46.338584,4.742713,92.17,150.7,34.1,101.0
3579,46.337862,4.743301,92.17,150.7,34.1,101.0
3580,46.33714,4.743888,92.17,150.7,34.0,101.0
3581,46.336418,4.744475,92.17,150.7,34.0,101.0
3582,46.335697,4.745063,92.17,150.7,34.0,101.0
3583,46.334975,4.74565,92.18,150.7,33.9,101.0
3584,46.334253,4.746238,92.18,150.7,33.9,101.0
3585,46.333531,4.746825,92.18,150.7,33.9,101.0
3586,46.332809,4.747412,92.18,150.7,33.9,101.0
3587,46.332087,4.748,92.18,150.7,33.8,100.0
3588,46.331365,4.748587,92.18,150.7,33.8,100.0
3589,46.330643,4.749175,92.18,150.7,33.8,100.0
3590,46.329921,4.749762,92.18,150.7,33.8,100.0
3591,46.3292,4.75035,92.18,150.7,33.7,100.0
3592,46.328478,4.750937,92.18,150.7,33.7,100.0
3593,46.327756,4.751524,92.18,150.7,33.7,100.0
3594,46.327034,4.752112,92.18,150.7,33.7,100.0
3595,46.326312,4.752699,92.18,150.7,33.6,100.0
3596,46.32559,4.753287,92.18,150.7,33.6,100.0
3597,46.324868,4.753874,92.18,150.7,33.6,100.0
3598,46.324146,4.754461,92.18,150.7,33.6,100.0
3599,46.323424,4.755049,92.18,150.7,33.5,100.0
3600,46.322703,4.755636,92.18,150.7,33.5,100.0
3601,46.321981,4.756224,92.18,150.7,33.5,100.0
3602,46.321259,4.756811,92.18,150.7,33.5,100.0
3603,46.320537,4.757399,92.18,150.7,33.4,100.0
3604,46.319815,4.757986,92.18,150.7,33.4,100.0
3605,46.319093,4.758573,92.18,150.7,33.4,100.0
3606,46.318371,4.759161,92.18,150.7,33.4,100.0
3607,46.317649,4.759748,92.18,150.7,33.3,100.0
3608,46.316927,4.760336,92.18,150.7,33.3,100.0
3609,46.316206,4.760923,92.18,150.7,33.3,100.0
3610,46.315484,4.76151,92.18,150.7,33.3,100.0
3611,46.314762,4.762098,92.18,150.7,33.2,100.0
3612,46.31404,4.762685,92.18,150.7,33.2,100.0
3613,46.313318,4.763273,92.18,150.7,33.2,100.0
3614,46.312596,4.76386,92.18,150.7,33.2,100.0
3615,46.311874,4.764447,92.18,150.7,33.1,99.0
3616,46.311152,4.765035,92.18,150.7,33.1,99.0
3617,46.31043,4.765622,92.18,150.7,33.1,99.0
3618,46.309709,4.76621,92.19,150.7,33.1,99.0
3619,46.308987,4.766797,92.19,150.7,33.0,99.0
3620,46.308265,4.767385,92.19,150.7,33.0,99.0
3621,46.307543,4.767972,92.19,150.7,33.0,99.0
3622,46.306821,4.768559,92.19,150.7,33.0,99.0
3623,46.306099,4.769147,92.19,150.7,32.9,99.0
3624,46.305377,4.769734,92.19,150.7,32.9,99.0
3625,46.304655,4.770322,92.19,150.7,32.9,99.0
3626,46.303933,4.770909,92.19,150.7,32.9,99.0
3627,46.303212,4.771496,92.19,150.7,32.8,99.0
3628,46.30249,4.772084,92.19,150.7,32.8,99.0
3629,46.301768,4.772671,92.19,150.7,32.8,99.0
3630,46.301046,4.773259,92.19,150.7,32.8,99.0
3631,46.300324,4.773846,92.19,150.7,32.7,99.0
3632,46.299602,4.774433,92.19,150.7,32.7,99.0
3633,46.29888,4.775021,92.19,150.7,32.7,99.0
3634,46.298158,4.775608,92.19,150.7,32.7,99.0
3635,46.297436,4.776196,92.19,150.7,32.6,99.0
3636,46.296715,4.776783,92.19,150.7,32.6,99.0
3637,46.295993,4.777371,92.19,150.7,32.6,99.0
3638,46.295271,4.777958,92.19,150.7,32.6,99.0
3639,46.294549,4.778545,92.19,150.7,32.5,99.0
3640,46.293827,4.779133,92.19,150.7,32.5,99.0
3641,46.293105,4.77972,92.19,150.7,32.5,99.0
3642,46.292383,4.780308,92.19,150.7,32.5,99.0
3643,46.291661,4.780895,92.19,150.7,32.4,98.0
3644,46.290939,4.781482,92.19,150.7,32.4,98.0
3645,46.290218,4.78207,92.19,150.7,32.4,98.0
3646,46.289496,4.782657,92.19,150.7,32.4,98.0
3647,46.288774,4.783245,92.19,150.7,32.4,98.0
3648,46.288052,4.783832,92.19,150.7,32.3,98.0
3649,46.28733,4.78442,92.19,150.7,32.3,98.0
3650,46.286608,4.785007,92.19,150.7,32.3,98.0
3651,46.285886,4.785594,92.19,150.6,32.3,98.0
3652,46.285164,4.786182,92.2,150.6,32.2,98.0
3653,46.284442,4.786769,92.2,150.6,32.2,98.0
3654,46.283721,4.787357,92.2,150.6,32.2,98.0
3655,46.282999,4.787944,92.2,150.6,32.2,98.0
3656,46.282277,4.788531,92.2,150.6,32.1,98.0
3657,46.281555,4.789119,92.2,150.6,32.1,98.0
3658,46.280833,4.789706,92.2,150.6,32.1,98.0
3659,46.280111,4.790294,92.2,150.6,32.1,98.0
3660,46.279344,4.790669,90.1,161.3,32.0,98.0
3661,46.278521,4.790778,92.0,174.8,32.0,98.0
3662,46.277698,4.790887,92.0,174.8,32.0,98.0
3663,46.276875,4.790996,92.0,174.8,32.0,98.0
3664,46.276052,4.791105,92.0,174.8,32.0,98.0
3665,46.275229,4.791215,92.0,174.8,31.9,98.0
3666,46.274406,4.791324,92.0,174.8,31.9,98.0
3667,46.273583,4.791433,92.0,174.8,31.9,98.0
3668,46.27276,4.791542,92.0,174.8,31.9,98.0
3669,46.271937,4.791652,92.0,174.8,31.8,98.0
3670,46.271114,4.791761,92.0,174.8,31.8,97.0
3671,46.270291,4.79187,92.0,174.8,31.8,97.0
3672,46.269468,4.791979,92.0,174.8,31.8,97.0
3673,46.268645,4.792089,92.0,174.8,31.7,97.0
3674,46.267822,4.792198,92.0,174.8,31.7,97.0
3675,46.266999,4.792307,92.0,174.8,31.7,97.0
3676,46.266176,4.792416,92.0,174.8,31.7,97.0
3677,46.265353,4.792526,92.0,174.8,31.7,97.0
3678,46.26453,4.792635,92.0,174.8,31.6,97.0
3679,46.263707,4.792744,92.0,174.8,31.6,97.0
3680,46.262884,4.792853,92.0,174.8,31.6,97.0
3681,46.262061,4.792963,92.0,174.8,31.6,97.0
3682,46.261238,4.793072,92.0,174.8,31.5,97.0
3683,46.260415,4.793181,92.0,174.8,31.5,97.0
3684,46.259592,4.79329,92.0,174.8,31.5,97.0
3685,46.258769,4.793399,92.0,174.8,31.5,97.0
3686,46.257946,4.793509,92.0,174.8,31.5,97.0
3687,46.257124,4.793618,92.0,174.8,31.4,97.0
3688,46.256301,4.793727,92.0,174.8,31.4,97.0
3689,46.255478,4.793836,92.0,174.8,31.4,97.0
3690,46.254655,4.793946,92.0,174.8,31.4,97.0
3691,46.253832,4.794055,92.0,174.8,31.3,97.0
3692,46.253009,4.794164,92.0,174.8,31.3,97.0
3693,46.252186,4.794273,92.0,174.8,31.3,97.0
3694,46.251363,4.794383,92.0,174.8,31.3,97.0
3695,46.25054,4.794492,92.0,174.8,31.2,97.0
3696,46.249717,4.794601,92.0,174.8,31.2,97.0
3697,46.248894,4.79471,92.0,174.8,31.2,96.0
3698,46.248071,4.79482,92.0,174.8,31.2,96.0
3699,46.247248,4.794929,92.0,174.8,31.2,96.0
3700,46.246425,4.795038,92.0,174.8,31.1,96.0
3701,46.245602,4.795147,92.0,174.8,31.1,96.0
3702,46.244779,4.795256,92.0,174.8,31.1,96.0
3703,46.243956,4.795366,92.0,174.8,31.1,96.0
3704,46.243133,4.795475,92.0,174.8,31.1,96.0
3705,46.24231,4.795584,92.0,174.8,31.0,96.0
3706,46.241487,4.795693,92.0,174.8,31.0,96.0
3707,46.240664,4.795803,92.0,174.8,31.0,96.0
3708,46.239841,4.795912,92.0,174.8,31.0,96.0
3709,46.239018,4.796021,92.0,174.8,30.9,96.0
3710,46.238195,4.79613,92.0,174.8,30.9,96.0
3711,46.237372,4.79624,92.0,174.8,30.9,96.0
3712,46.236549,4.796349,92.0,174.8,30.9,96.0
3713,46.235726,4.796458,92.0,174.8,30.9,96.0
3714,46.234903,4.796567,92.0,174.8,30.8,96.0
3715,46.23408,4.796677,92.0,174.8,30.8,96.0
3716,46.233257,4.796786,92.0,174.8,30.8,96.0
3717,46.232434,4.796895,92.0,174.8,30.8,96.0
3718,46.231611,4.797004,92.0,174.8,30.7,96.0
3719,46.230788,4.797113,92.0,174.8,30.7,96.0
3720,46.229965,4.797223,92.0,174.8,30.7,96.0
3721,46.229142,4.797332,92.0,174.8,30.7,96.0
3722,46.228319,4.797441,92.0,174.8,30.7,96.0
3723,46.227496,4.79755,92.0,174.8,30.6,95.0
3724,46.226673,4.79766,92.0,174.8,30.6,95.0
3725,46.22585,4.797769,92.0,174.8,30.6,95.0
3726,46.225027,4.797878,92.0,174.8,30.6,95.0
3727,46.224204,4.797987,92.0,174.8,30.6,95.0
3728,46.223381,4.798097,92.0,174.8,30.5,95.0
3729,46.222558,4.798206,92.0,174.8,30.5,95.0
3730,46.221735,4.798315,92.0,174.8,30.5,95.0
3731,46.220912,4.798424,92.0,174.8,30.5,95.0
3732,46.220089,4.798534,92.0,174.8,30.5,95.0
3733,46.219266,4.798643,92.0,174.8,30.4,95.0
3734,46.218443,4.798752,92.0,174.8,30.4,95.0
3735,46.21762,4.798861,92.0,174.8,30.4,95.0
3736,46.216797,4.798971,92.0,174.8,30.4,95.0
3737,46.215974,4.79908,92.0,174.8,30.3,95.0
3738,46.215151,4.799189,92.0,174.8,30.3,95.0
3739,46.214328,4.799298,92.0,174.8,30.3,95.0
3740,46.213505,4.799407,92.0,174.8,30.3,95.0
3741,46.212682,4.799517,92.0,174.8,30.3,95.0
3742,46.211859,4.799626,92.0,174.8,30.2,95.0
3743,46.211036,4.799735,92.0,174.8,30.2,95.0
3744,46.210213,4.799844,92.0,174.8,30.2,95.0
3745,46.20939,4.799954,92.0,174.8,30.2,95.0
3746,46.208567,4.800063,92.0,174.8,30.2,95.0
3747,46.207744,4.800172,92.0,174.8,30.1,95.0
3748,46.206921,4.800281,92.0,174.8,30.1,95.0
3749,46.206098,4.800391,92.0,174.8,30.1,94.0
3750,46.205275,4.8005,92.0,174.8,30.1,94.0
3751,46.204452,4.800609,92.0,174.8,30.1,94.0
3752,46.203629,4.800718,92.0,174.8,30.0,94.0
3753,46.202806,4.800828,92.0,174.8,30.0,94.0
3754,46.201983,4.800937,92.0,174.8,30.0,94.0
3755,46.20116,4.801046,92.0,174.8,30.0,94.0
3756,46.200337,4.801155,92.0,174.8,30.0,94.0
3757,46.199514,4.801264,92.0,174.8,29.9,94.0
3758,46.198691,4.801374,92.0,174.8,29.9,94.0
3759,46.197868,4.801483,92.0,174.8,29.9,94.0
3760,46.197045,4.801592,92.0,174.8,29.9,94.0
3761,46.196222,4.801701,92.0,174.8,29.9,94.0
3762,46.195399,4.801811,92.0,174.8,29.8,94.0
3763,46.194576,4.80192,92.0,174.8,29.8,94.0
3764,46.193753,4.802029,92.0,174.8,29.8,94.0
3765,46.19293,4.802138,92.0,174.8,29.8,94.0
3766,46.192107,4.802248,92.0,174.8,29.8,94.0
3767,46.191284,4.802357,92.0,174.8,29.7,94.0
3768,46.190461,4.802466,92.0,174.8,29.7,94.0
3769,46.189638,4.802575,92.0,174.8,29.7,94.0
3770,46.188815,4.802685,92.0,174.7,29.7,94.0
3771,46.187992,4.802794,92.0,174.7,29.7,94.0
3772,46.187169,4.802903,92.0,174.7,29.6,94.0
3773,46.186346,4.803012,92.0,174.7,29.6,94.0
3774,46.185523,4.803122,92.0,174.7,29.6,93.0
3775,46.1847,4.803231,92.0,174.7,29.6,93.0
3776,46.183877,4.80334,92.0,174.7,29.6,93.0
3777,46.183054,4.803449,92.0,174.7,29.6,93.0
3778,46.182231,4.803558,92.0,174.7,29.5,93.0
3779,46.181408,4.803668,92.0,174.7,29.5,93.0
3780,46.180585,4.803777,92.0,174.7,29.5,93.0
3781,46.179762,4.803886,92.0,174.7,29.5,93.0
3782,46.178939,4.803995,92.0,174.7,29.5,93.0
3783,46.178116,4.804105,92.0,174.7,29.4,93.0
3784,46.177293,4.804214,92.0,174.7,29.4,93.0
3785,46.17647,4.804323,92.0,174.7,29.4,93.0
3786,46.175647,4.804432,92.0,174.7,29.4,93.0
3787,46.174824,4.804542,92.0,174.7,29.4,93.0
3788,46.174001,4.804651,92.0,174.7,29.3,93.0
3789,46.173178,4.80476,92.0,174.7,29.3,93.0
3790,46.172355,4.804869,92.0,174.7,29.3,93.0
3791,46.171532,4.804979,92.0,174.7,29.3,93.0
3792,46.170709,4.805088,92.0,174.7,29.3,93.0
3793,46.169886,4.805197,92.0,174.7,29.3,93.0
3794,46.169064,4.805306,92.0,174.7,29.2,93.0
3795,46.168241,4.805415,92.0,174.7,29.2,93.0
3796,46.167418,4.805525,92.0,174.7,29.2,93.0
3797,46.166595,4.805634,92.0,174.7,29.2,93.0
3798,46.165772,4.805743,92.0,174.7,29.2,93.0
3799,46.164949,4.805852,92.0,174.7,29.1,92.0
3800,46.164126,4.805962,92.0,174.7,29.1,92.0
3801,46.163303,4.806071,92.0,174.7,29.1,92.0
3802,46.16248,4.80618,92.0,174.7,29.1,92.0
3803,46.161657,4.806289,92.0,174.7,29.1,92.0
3804,46.160834,4.806399,92.0,174.7,29.0,92.0
3805,46.160011,4.806508,92.0,174.7,29.0,92.0
3806,46.159188,4.806617,92.0,174.7,29.0,92.0
3807,46.158365,4.806726,92.0,174.7,29.0,92.0
3808,46.157542,4.806836,92.0,174.7,29.0,92.0
3809,46.156719,4.806945,92.0,174.7,29.0,92.0
3810,46.155896,4.807054,92.0,174.7,28.9,92.0
3811,46.155073,4.807163,92.0,174.7,28.9,92.0
3812,46.15425,4.807272,92.0,174.7,28.9,92.0
3813,46.153427,4.807382,92.0,174.7,28.9,92.0
3814,46.152604,4.807491,92.0,174.7,28.9,92.0
3815,46.151781,4.8076,92.0,174.7,28.9,92.0
3816,46.150958,4.807709,92.0,174.7,28.8,92.0
3817,46.150135,4.807819,92.0,174.7,28.8,92.0
3818,46.149312,4.807928,92.0,174.7,28.8,92.0
3819,46.148489,4.808037,92.0,174.7,28.8,92.0
3820,46.147666,4.808146,92.0,174.7,28.8,92.0
3821,46.146843,4.808256,92.0,174.7,28.7,92.0
3822,46.14602,4.808365,92.0,174.7,28.7,92.0
3823,46.145197,4.808474,92.0,174.7,28.7,91.0
3824,46.144374,4.808583,92.0,174.7,28.7,91.0
3825,46.143551,4.808693,92.0,174.7,28.7,91.0
3826,46.142728,4.808802,92.0,174.7,28.7,91.0
3827,46.141905,4.808911,92.0,174.7,28.6,91.0
3828,46.141082,4.80902,92.0,174.7,28.6,91.0
3829,46.140259,4.80913,92.0,174.7,28.6,91.0
3830,46.139436,4.809239,92.0,174.7,28.6,91.0
3831,46.138613,4.809348,92.0,174.7,28.6,91.0
3832,46.13779,4.809457,92.0,174.7,28.6,91.0
3833,46.136967,4.809566,92.0,174.7,28.5,91.0
3834,46.136144,4.809676,92.0,174.7,28.5,91.0
3835,46.135321,4.809785,92.0,174.7,28.5,91.0
3836,46.134498,4.809894,92.0,174.7,28.5,91.0
3837,46.133675,4.810003,92.0,174.7,28.5,91.0
3838,46.132852,4.810113,92.0,174.7,28.5,91.0
3839,46.132029,4.810222,92.0,174.7,28.4,91.0
3840,46.131206,4.810331,92.0,174.7,28.4,91.0
3841,46.130383,4.81044,92.0,174.7,28.4,91.0
3842,46.12956,4.81055,92.0,174.7,28.4,91.0
3843,46.128737,4.810659,92.0,174.7,28.4,91.0
3844,46.127914,4.810768,92.0,174.7,28.4,91.0
3845,46.127091,4.810877,92.0,174.7,28.3,91.0
3846,46.126268,4.810987,92.0,174.7,28.3,91.0
3847,46.125445,4.811096,92.0,174.7,28.3,91.0
3848,46.124622,4.811205,92.0,174.7,28.3,90.0
3849,46.123799,4.811314,92.0,174.7,28.3,90.0
3850,46.122976,4.811423,92.0,174.7,28.3,90.0
3851,46.122153,4.811533,92.0,174.7,28.2,90.0
3852,46.12133,4.811642,92.0,174.7,28.2,90.0
3853,46.120507,4.811751,92.0,174.7,28.2,90.0
3854,46.119684,4.81186,92.0,174.7,28.2,90.0
3855,46.118861,4.81197,92.0,174.7,28.2,90.0
3856,46.118038,4.812079,92.0,174.7,28.2,90.0
3857,46.117215,4.812188,92.0,174.7,28.1,90.0
3858,46.116392,4.812297,92.0,174.7,28.1,90.0
3859,46.115569,4.812407,92.0,174.7,28.1,90.0
3860,46.114746,4.812516,92.0,174.7,28.1,90.0
3861,46.113923,4.812625,92.0,174.7,28.1,90.0
3862,46.1131,4.812734,92.0,174.7,28.1,90.0
3863,46.112277,4.812844,92.0,174.7,28.0,90.0
3864,46.111454,4.812953,92.0,174.7,28.0,90.0
3865,46.110631,4.813062,92.0,174.7,28.0,90.0
3866,46.109808,4.813171,92.0,174.7,28.0,90.0
3867,46.108985,4.81328,92.0,174.7,28.0,90.0
3868,46.108162,4.81339,92.0,174.7,28.0,90.0
3869,46.107339,4.813499,92.0,174.7,27.9,90.0
3870,46.106516,4.813608,92.0,174.7,27.9,90.0
3871,46.105693,4.813717,92.0,174.7,27.9,89.0
3872,46.10487,4.813827,92.0,174.7,27.9,89.0
3873,46.104047,4.813936,92.0,174.7,27.9,89.0
3874,46.103224,4.814045,92.0,174.7,27.9,89.0
3875,46.102401,4.814154,92.0,174.7,27.9,89.0
3876,46.101578,4.814264,92.0,174.7,27.8,89.0
3877,46.100755,4.814373,92.0,174.7,27.8,89.0
3878,46.099932,4.814482,92.0,174.7,27.8,89.0
3879,46.099109,4.814591,92.0,174.7,27.8,89.0
3880,46.098286,4.814701,92.0,174.7,27.8,89.0
3881,46.097463,4.81481,92.0,174.7,27.8,89.0
3882,46.09664,4.814919,92.0,174.7,27.8,89.0
3883,46.095817,4.815028,92.0,174.7,27.7,89.0
3884,46.094994,4.815138,92.0,174.7,27.7,89.0
3885,46.094171,4.815247,92.0,174.7,27.7,89.0
3886,46.093348,4.815356,92.0,174.7,27.7,89.0
3887,46.092525,4.815465,92.0,174.7,27.7,89.0
3888,46.091702,4.815574,92.0,174.7,27.7,89.0
3889,46.090879,4.815684,92.0,174.7,27.6,89.0
3890,46.090056,4.815793,92.0,174.7,27.6,89.0
3891,46.089233,4.815902,92.0,174.7,27.6,89.0
3892,46.08841,4.816011,92.0,174.7,27.6,89.0
3893,46.087587,4.816121,92.0,174.7,27.6,89.0
3894,46.086764,4.81623,92.0,174.7,27.6,89.0
3895,46.085941,4.816339,92.0,174.7,27.6,88.0
3896,46.085118,4.816448,92.0,174.7,27.5,88.0
3897,46.084295,4.816558,92.0,174.7,27.5,88.0
3898,46.083472,4.816667,92.0,174.7,27.5,88.0
3899,46.082649,4.816776,92.0,174.7,27.5,88.0
3900,46.081826,4.816885,92.0,174.7,27.5,88.0
3901,46.081004,4.816995,92.0,174.7,27.5,88.0
3902,46.080181,4.817104,92.0,174.7,27.5,88.0
3903,46.079358,4.817213,92.0,174.7,27.4,88.0
3904,46.078535,4.817322,92.0,174.7,27.4,88.0
3905,46.077712,4.817431,92.0,174.7,27.4,88.0
3906,46.076889,4.817541,92.0,174.7,27.4,88.0
3907,46.076066,4.81765,92.0,174.7,27.4,88.0
3908,46.075243,4.817759,92.0,174.7,27.4,88.0
3909,46.07442,4.817868,92.0,174.7,27.4,88.0
3910,46.073597,4.817978,92.0,174.7,27.3,88.0
3911,46.072774,4.818087,92.0,174.7,27.3,88.0
3912,46.071951,4.818196,92.0,174.7,27.3,88.0
3913,46.071128,4.818305,92.0,174.7,27.3,88.0
3914,46.070305,4.818415,92.0,174.7,27.3,88.0
3915,46.069482,4.818524,92.0,174.7,27.3,88.0
3916,46.068659,4.818633,92.0,174.7,27.3,88.0
3917,46.067836,4.818742,92.0,174.7,27.2,88.0
3918,46.067013,4.818852,92.0,174.7,27.2,87.0
3919,46.06619,4.818961,92.0,174.7,27.2,87.0
3920,46.065367,4.81907,92.0,174.7,27.2,87.0
3921,46.064544,4.819179,92.0,174.7,27.2,87.0
3922,46.063721,4.819288,92.0,174.7,27.2,87.0
3923,46.062898,4.819398,92.0,174.7,27.2,87.0
3924,46.062075,4.819507,92.0,174.7,27.2,87.0
3925,46.061252,4.819616,92.0,174.7,27.1,87.0
3926,46.060429,4.819725,92.0,174.7,27.1,87.0
3927,46.059606,4.819835,92.0,174.7,27.1,87.0
3928,46.058783,4.819944,92.0,174.7,27.1,87.0
3929,46.05796,4.820053,92.0,174.7,27.1,87.0
3930,46.057137,4.820162,92.0,174.7,27.1,87.0
3931,46.056314,4.820272,92.0,174.7,27.1,87.0
3932,46.055491,4.820381,92.0,174.7,27.0,87.0
3933,46.054668,4.82049,92.0,174.7,27.0,87.0
3934,46.053845,4.820599,92.0,174.7,27.0,87.0
3935,46.053022,4.820709,92.0,174.7,27.0,87.0
3936,46.052199,4.820818,92.0,174.7,27.0,87.0
3937,46.051376,4.820927,92.0,174.7,27.0,87.0
3938,46.050553,4.821036,92.0,174.7,27.0,87.0
3939,46.04973,4.821146,92.0,174.7,27.0,87.0
3940,46.048907,4.821255,92.0,174.7,26.9,87.0
3941,46.048084,4.821364,92.0,174.7,26.9,86.0
3942,46.047261,4.821473,92.0,174.7,26.9,86.0
3943,46.046438,4.821582,92.0,174.7,26.9,86.0
3944,46.045615,4.821692,92.0,174.7,26.9,86.0
3945,46.044792,4.821801,92.0,174.7,26.9,86.0
3946,46.043969,4.82191,92.0,174.7,26.9,86.0
3947,46.043146,4.822019,92.0,174.7,26.9,86.0
3948,46.042323,4.822129,92.0,174.7,26.8,86.0
3949,46.0415,4.822238,92.0,174.7,26.8,86.0
3950,46.040677,4.822347,92.0,174.7,26.8,86.0
3951,46.039854,4.822456,92.0,174.7,26.8,86.0
3952,46.039031,4.822566,92.0,174.7,26.8,86.0
3953,46.038208,4.822675,92.0,174.7,26.8,86.0
3954,46.037385,4.822784,92.0,174.7,26.8,86.0
3955,46.036562,4.822893,92.0,174.7,26.8,86.0
3956,46.035739,4.823003,92.0,174.7,26.7,86.0
3957,46.034916,4.823112,92.0,174.7,26.7,86.0
3958,46.034093,4.823221,92.0,174.7,26.7,86.0
3959,46.03327,4.82333,92.0,174.7,26.7,86.0
3960,46.032447,4.823439,92.0,174.7,26.7,86.0
3961,46.031624,4.823549,92.0,174.7,26.7,86.0
3962,46.030801,4.823658,92.0,174.7,26.7,86.0
3963,46.029978,4.823767,92.0,174.7,26.7,86.0
3964,46.029155,4.823876,92.0,174.7,26.6,85.0
3965,46.028332,4.823986,92.0,174.7,26.6,85.0
3966,46.027509,4.824095,92.0,174.7,26.6,85.0
3967,46.026686,4.824204,92.0,174.7,26.6,85.0
3968,46.025863,4.824313,92.0,174.7,26.6,85.0
3969,46.02504,4.824423,92.0,174.7,26.6,85.0
3970,46.024217,4.824532,92.0,174.7,26.6,85.0
3971,46.023394,4.824641,92.0,174.7,26.6,85.0
3972,46.022571,4.82475,92.0,174.7,26.6,85.0
3973,46.021748,4.82486,92.0,174.7,26.5,85.0
3974,46.020925,4.824969,92.0,174.7,26.5,85.0
3975,46.020102,4.825078,92.0,174.7,26.5,85.0
3976,46.019279,4.825187,92.0,174.7,26.5,85.0
3977,46.018456,4.825296,92.0,174.7,26.5,85.0
3978,46.017633,4.825406,92.0,174.7,26.5,85.0
3979,46.01681,4.825515,92.0,174.7,26.5,85.0
3980,46.015987,4.825624,92.0,174.7,26.5,85.0
3981,46.015164,4.825733,92.0,174.7,26.5,85.0
3982,46.014341,4.825843,92.0,174.7,26.4,85.0
3983,46.013518,4.825952,92.0,174.7,26.4,85.0
3984,46.012695,4.826061,92.0,174.7,26.4,85.0
3985,46.011872,4.82617,92.0,174.7,26.4,85.0
3986,46.011049,4.82628,92.0,174.7,26.4,84.0
3987,46.010226,4.826389,92.0,174.7,26.4,84.0
3988,46.009403,4.826498,92.0,174.7,26.4,84.0
3989,46.00858,4.826607,92.0,174.7,26.4,84.0
3990,46.007757,4.826717,92.0,174.7,26.4,84.0
3991,46.006934,4.826826,92.0,174.7,26.3,84.0
3992,46.006111,4.826935,92.0,174.7,26.3,84.0
3993,46.005288,4.827044,92.0,174.7,26.3,84.0
3994,46.004465,4.827154,92.0,174.7,26.3,84.0
3995,46.003642,4.827263,92.0,174.7,26.3,84.0
3996,46.002819,4.827372,92.0,174.7,26.3,84.0
3997,46.001996,4.827481,92.0,174.7,26.3,84.0
3998,46.001173,4.82759,92.0,174.7,26.3,84.0
3999,46.00035,4.8277,92.0,174.7,26.3,84.0
4000,45.999527,4.827809,92.0,174.7,26.2,84.0
4001,45.998704,4.827918,92.0,174.7,26.2,84.0
4002,45.997881,4.828027,92.0,174.7,26.2,84.0
4003,45.997058,4.828137,92.0,174.7,26.2,84.0
4004,45.996235,4.828246,92.0,174.7,26.2,84.0
4005,45.995412,4.828355,92.0,174.7,26.2,84.0
4006,45.994589,4.828464,92.0,174.7,26.2,84.0
4007,45.993767,4.828574,92.0,174.7,26.2,84.0
4008,45.992944,4.828683,92.0,174.7,26.2,84.0
4009,45.992121,4.828792,92.0,174.7,26.2,83.0
4010,45.991298,4.828901,92.0,174.7,26.1,83.0
4011,45.990475,4.829011,92.0,174.7,26.1,83.0
4012,45.989652,4.82912,92.0,174.7,26.1,83.0
4013,45.988829,4.829229,92.0,174.7,26.1,83.0
4014,45.988006,4.829338,92.0,174.7,26.1,83.0
4015,45.987183,4.829447,92.0,174.7,26.1,83.0
4016,45.98636,4.829557,92.0,174.7,26.1,83.0
4017,45.985537,4.829666,92.0,174.7,26.1,83.0
4018,45.984714,4.829775,92.0,174.7,26.1,83.0
4019,45.983891,4.829884,92.0,174.7,26.1,83.0
4020,45.983068,4.829994,92.0,174.7,26.1,83.0
4021,45.982245,4.830103,92.0,174.7,26.0,83.0
4022,45.981422,4.830212,92.0,174.7,26.0,83.0
4023,45.980599,4.830321,92.0,174.7,26.0,83.0
4024,45.979776,4.830431,92.0,174.7,26.0,83.0
4025,45.978953,4.83054,92.0,174.7,26.0,83.0
4026,45.97813,4.830649,92.0,174.7,26.0,83.0
4027,45.977307,4.830758,92.0,174.7,26.0,83.0
4028,45.976484,4.830868,92.0,174.7,26.0,83.0
4029,45.975661,4.830977,92.0,174.7,26.0,83.0
4030,45.974838,4.831086,92.0,174.7,26.0,83.0
4031,45.974015,4.831195,92.0,174.7,25.9,82.0
4032,45.973192,4.831305,92.0,174.7,25.9,82.0
4033,45.972369,4.831414,92.0,174.7,25.9,82.0
4034,45.971546,4.831523,92.0,174.7,25.9,82.0
4035,45.970723,4.831632,92.0,174.7,25.9,82.0
4036,45.9699,4.831741,92.0,174.7,25.9,82.0
4037,45.969077,4.831851,92.0,174.7,25.9,82.0
4038,45.968254,4.83196,92.0,174.7,25.9,82.0
4039,45.967431,4.832069,92.0,174.7,25.9,82.0
4040,45.966608,4.832178,92.0,174.7,25.9,82.0
4041,45.965785,4.832288,92.0,174.7,25.9,82.0
4042,45.964962,4.832397,92.0,174.7,25.9,82.0
4043,45.964139,4.832506,92.0,174.7,25.8,82.0
4044,45.963316,4.832615,92.0,174.7,25.8,82.0
4045,45.962493,4.832725,92.0,174.7,25.8,82.0
4046,45.96167,4.832834,92.0,174.7,25.8,82.0
4047,45.960847,4.832943,92.0,174.7,25.8,82.0
4048,45.960024,4.833052,92.0,174.7,25.8,82.0
4049,45.959201,4.833162,92.0,174.7,25.8,82.0
4050,45.958378,4.833271,92.0,174.7,25.8,82.0
4051,45.957555,4.83338,92.0,174.7,25.8,82.0
4052,45.956732,4.833489,92.0,174.7,25.8,81.0
4053,45.955909,4.833598,92.0,174.7,25.8,81.0
4054,45.955086,4.833708,92.0,174.7,25.8,81.0
4055,45.954263,4.833817,92.0,174.7,25.7,81.0
4056,45.95344,4.833926,92.0,174.7,25.7,81.0
4057,45.952617,4.834035,92.0,174.7,25.7,81.0
4058,45.951794,4.834145,92.0,174.7,25.7,81.0
4059,45.950971,4.834254,92.0,174.7,25.7,81.0
4060,45.950148,4.834363,92.0,174.7,25.7,81.0
4061,45.949325,4.834472,92.0,174.7,25.7,81.0
4062,45.948502,4.834582,92.0,174.7,25.7,81.0
4063,45.947679,4.834691,92.0,174.7,25.7,81.0
4064,45.946856,4.8348,92.0,174.7,25.7,81.0
4065,45.946033,4.834909,92.0,174.7,25.7,81.0
4066,45.94521,4.835019,92.0,174.7,25.7,81.0
4067,45.944387,4.835128,92.0,174.7,25.7,81.0
4068,45.943564,4.835237,92.0,174.7,25.6,81.0
4069,45.942741,4.835346,92.0,174.7,25.6,81.0
4070,45.941918,4.835455,92.0,174.7,25.6,81.0
4071,45.941095,4.835565,92.0,174.7,25.6,81.0
4072,45.940272,4.835674,92.0,174.7,25.6,81.0
4073,45.939449,4.835783,92.0,174.7,25.6,81.0
4074,45.938626,4.835892,92.0,174.7,25.6,80.0
4075,45.937803,4.836002,92.0,174.7,25.6,80.0
4076,45.93698,4.836111,92.0,174.7,25.6,80.0
4077,45.936157,4.83622,92.0,174.7,25.6,80.0
4078,45.935334,4.836329,92.0,174.7,25.6,80.0
4079,45.934511,4.836439,92.0,174.7,25.6,80.0
4080,45.933688,4.836548,92.0,174.7,25.6,80.0
4081,45.932865,4.836657,92.0,174.7,25.6,80.0
4082,45.932042,4.836766,92.0,174.7,25.5,80.0
4083,45.931219,4.836876,92.0,174.7,25.5,80.0
4084,45.930396,4.836985,92.0,174.7,25.5,80.0
4085,45.929573,4.837094,92.0,174.7,25.5,80.0
4086,45.92875,4.837203,92.0,174.7,25.5,80.0
4087,45.927927,4.837313,92.0,174.7,25.5,80.0
4088,45.927104,4.837422,92.0,174.7,25.5,80.0
4089,45.926281,4.837531,92.0,174.7,25.5,80.0
4090,45.925458,4.83764,92.0,174.7,25.5,80.0
4091,45.924635,4.837749,92.0,174.7,25.5,80.0
4092,45.923812,4.837859,92.0,174.7,25.5,80.0
4093,45.922989,4.837968,92.0,174.7,25.5,80.0
4094,45.922166,4.838077,92.01,174.7,25.5,80.0
4095,45.921343,4.838186,92.01,174.7,25.5,79.0
4096,45.92052,4.838296,92.01,174.7,25.5,79.0
4097,45.919697,4.838405,92.01,174.7,25.4,79.0
4098,45.918874,4.838514,92.01,174.7,25.4,79.0
4099,45.918051,4.838623,92.01,174.7,25.4,79.0
4100,45.917228,4.838733,92.01,174.7,25.4,79.0
4101,45.916405,4.838842,92.01,174.7,25.4,79.0
4102,45.915582,4.838951,92.01,174.7,25.4,79.0
4103,45.914759,4.83906,92.01,174.7,25.4,79.0
4104,45.913936,4.83917,92.01,174.7,25.4,79.0
4105,45.913113,4.839279,92.01,174.7,25.4,79.0
4106,45.91229,4.839388,92.01,174.7,25.4,79.0
4107,45.911467,4.839497,92.01,174.7,25.4,79.0
4108,45.910644,4.839606,92.01,174.7,25.4,79.0
4109,45.909821,4.839716,92.01,174.7,25.4,79.0
4110,45.908998,4.839825,92.01,174.7,25.4,79.0
4111,45.908175,4.839934,92.01,174.7,25.4,79.0
4112,45.907352,4.840043,92.01,174.7,25.4,79.0
4113,45.906529,4.840153,92.01,174.7,25.4,79.0
4114,45.905707,4.840262,92.01,174.7,25.3,79.0
4115,45.904884,4.840371,92.01,174.7,25.3,79.0
4116,45.904061,4.84048,92.01,174.7,25.3,78.0
4117,45.903238,4.84059,92.01,174.7,25.3,78.0
4118,45.902415,4.840699,92.01,174.7,25.3,78.0
4119,45.901592,4.840808,92.01,174.7,25.3,78.0
4120,45.900769,4.840917,92.01,174.7,25.3,78.0
4121,45.899946,4.841027,92.01,174.7,25.3,78.0
4122,45.899123,4.841136,92.01,174.7,25.3,78.0
4123,45.8983,4.841245,92.01,174.7,25.3,78.0
4124,45.897477,4.841354,92.01,174.7,25.3,78.0
4125,45.896654,4.841463,92.01,174.7,25.3,78.0
4126,45.895831,4.841573,92.01,174.7,25.3,78.0
4127,45.895008,4.841682,92.01,174.7,25.3,78.0
4128,45.894185,4.841791,92.01,174.7,25.3,78.0
4129,45.893362,4.8419,92.01,174.7,25.3,78.0
4130,45.892539,4.84201,92.01,174.7,25.3,78.0
4131,45.891716,4.842119,92.01,174.7,25.3,78.0
4132,45.890893,4.842228,92.01,174.7,25.3,78.0
4133,45.89007,4.842337,92.01,174.7,25.3,78.0
4134,45.889247,4.842447,92.01,174.7,25.2,78.0
4135,45.888424,4.842556,92.01,174.7,25.2,78.0
4136,45.887601,4.842665,92.01,174.7,25.2,78.0
4137,45.886778,4.842774,92.01,174.7,25.2,77.0
4138,45.885955,4.842884,92.01,174.7,25.2,77.0
4139,45.885132,4.842993,92.01,174.7,25.2,77.0
4140,45.884309,4.843102,92.01,174.7,25.2,77.0
4141,45.883486,4.843211,92.01,174.7,25.2,77.0
4142,45.882663,4.843321,92.01,174.7,25.2,77.0
4143,45.88184,4.84343,92.01,174.7,25.2,77.0
4144,45.881017,4.843539,92.01,174.7,25.2,77.0
4145,45.880194,4.843648,92.01,174.7,25.2,77.0
4146,45.879371,4.843757,92.01,174.7,25.2,77.0
4147,45.878548,4.843867,92.01,174.7,25.2,77.0
4148,45.877725,4.843976,92.01,174.7,25.2,77.0
4149,45.876902,4.844085,92.01,174.7,25.2,77.0
4150,45.876079,4.844194,92.01,174.7,25.2,77.0
4151,45.875256,4.844304,92.01,174.7,25.2,77.0
4152,45.874433,4.844413,92.01,174.7,25.2,77.0
4153,45.87361,4.844522,92.01,174.7,25.2,77.0
4154,45.872787,4.844631,92.01,174.7,25.2,77.0
4155,45.871964,4.844741,92.01,174.7,25.2,77.0
4156,45.871141,4.84485,92.01,174.7,25.2,77.0
4157,45.870318,4.844959,92.01,174.7,25.2,77.0
4158,45.869495,4.845068,92.01,174.7,25.1,76.0
4159,45.868672,4.845178,92.01,174.7,25.1,76.0
4160,45.867849,4.845287,92.01,174.7,25.1,76.0
4161,45.867026,4.845396,92.01,174.7,25.1,76.0
4162,45.866203,4.845505,92.01,174.7,25.1,76.0
4163,45.86538,4.845614,92.01,174.7,25.1,76.0
4164,45.864557,4.845724,92.01,174.7,25.1,76.0
4165,45.863734,4.845833,92.01,174.7,25.1,76.0
4166,45.862911,4.845942,92.01,174.7,25.1,76.0
4167,45.862088,4.846051,92.01,174.7,25.1,76.0
4168,45.861265,4.846161,92.01,174.7,25.1,76.0
4169,45.860442,4.84627,92.01,174.7,25.1,76.0
4170,45.859619,4.846379,92.01,174.7,25.1,76.0
4171,45.858796,4.846488,92.01,174.7,25.1,76.0
4172,45.857973,4.846598,92.01,174.7,25.1,76.0
4173,45.85715,4.846707,92.01,174.7,25.1,76.0
4174,45.856327,4.846816,92.01,174.7,25.1,76.0
4175,45.855504,4.846925,92.01,174.7,25.1,76.0
4176,45.854681,4.847035,92.01,174.7,25.1,76.0
4177,45.853858,4.847144,92.01,174.7,25.1,76.0
4178,45.853035,4.847253,92.01,174.7,25.1,76.0
4179,45.852212,4.847362,92.01,174.7,25.1,75.0
4180,45.851389,4.847471,92.01,174.7,25.1,75.0
4181,45.850566,4.847581,92.01,174.7,25.1,75.0
4182,45.849743,4.84769,92.01,174.7,25.1,75.0
4183,45.84892,4.847799,92.01,174.7,25.1,75.0
4184,45.848097,4.847908,92.01,174.7,25.1,75.0
4185,45.847274,4.848018,92.01,174.7,25.1,75.0
4186,45.846451,4.848127,92.01,174.7,25.1,75.0
4187,45.845628,4.848236,92.01,174.7,25.1,75.0
4188,45.844805,4.848345,92.01,174.7,25.1,75.0
4189,45.843982,4.848455,92.01,174.7,25.1,75.0
4190,45.843159,4.848564,92.01,174.7,25.1,75.0
4191,45.842336,4.848673,92.01,174.7,25.1,75.0
4192,45.841513,4.848782,92.01,174.7,25.1,75.0
4193,45.84069,4.848892,92.01,174.7,25.1,75.0
4194,45.839867,4.849001,92.01,174.7,25.0,75.0
4195,45.839044,4.84911,92.01,174.7,25.0,75.0
4196,45.838221,4.849219,92.01,174.7,25.0,75.0
4197,45.837398,4.849329,92.01,174.7,25.0,75.0
4198,45.836575,4.849438,92.01,174.7,25.0,75.0
4199,45.835752,4.849547,92.01,174.7,25.0,75.0
4200,45.834929,4.849656,92.01,174.7,25.0,74.0
4201,45.834106,4.849765,92.01,174.7,25.0,74.0
4202,45.833283,4.849875,92.01,174.7,25.0,74.0
4203,45.83246,4.849984,92.01,174.7,25.0,74.0
4204,45.831637,4.850093,92.01,174.7,25.0,74.0
4205,45.830814,4.850202,92.01,174.7,25.0,74.0
4206,45.829991,4.850312,92.01,174.7,25.0,74.0
4207,45.829168,4.850421,92.01,174.7,25.0,74.0
4208,45.828345,4.85053,92.01,174.7,25.0,74.0
4209,45.827522,4.850639,92.01,174.7,25.0,74.0
4210,45.826699,4.850749,92.01,174.7,25.0,74.0
4211,45.825876,4.850858,92.01,174.7,25.0,74.0
4212,45.825053,4.850967,92.01,174.7,25.0,74.0
4213,45.82423,4.851076,92.01,174.7,25.0,74.0
4214,45.823407,4.851186,92.01,174.7,25.0,74.0
4215,45.822584,4.851295,92.01,174.7,25.0,74.0
4216,45.821761,4.851404,92.01,174.7,25.0,74.0
4217,45.820938,4.851513,92.01,174.7,25.0,74.0
4218,45.820115,4.851622,92.01,174.7,25.0,74.0
4219,45.819292,4.851732,92.01,174.7,25.0,74.0
4220,45.818469,4.851841,92.01,174.7,25.0,73.0
4221,45.817647,4.85195,92.01,174.7,25.0,73.0
4222,45.816824,4.852059,92.01,174.7,25.0,73.0
4223,45.816001,4.852169,92.01,174.7,25.0,73.0
4224,45.815178,4.852278,92.01,174.7,25.0,73.0
4225,45.814355,4.852387,92.01,174.7,25.0,73.0
4226,45.813532,4.852496,92.01,174.7,25.0,73.0
4227,45.812709,4.852606,92.01,174.7,25.0,73.0
4228,45.811886,4.852715,92.01,174.7,25.0,73.0
4229,45.811063,4.852824,92.01,174.7,25.0,73.0
4230,45.81024,4.852933,92.01,174.7,25.0,73.0
4231,45.809417,4.853043,92.01,174.7,25.0,73.0
4232,45.808594,4.853152,92.01,174.7,25.0,73.0
4233,45.807771,4.853261,92.01,174.7,25.0,73.0
4234,45.806948,4.85337,92.01,174.7,25.0,73.0
4235,45.806125,4.85348,92.01,174.7,25.0,73.0
4236,45.805302,4.853589,92.01,174.7,25.0,73.0
4237,45.804479,4.853698,92.01,174.7,25.0,73.0
4238,45.803656,4.853807,92.01,174.7,25.0,73.0
4239,45.802833,4.853916,92.01,174.7,25.0,73.0
4240,45.80201,4.854026,92.01,174.7,25.0,72.0
4241,45.801187,4.854135,92.01,174.7,25.0,72.0
4242,45.800364,4.854244,92.01,174.7,25.0,72.0
4243,45.799541,4.854353,92.01,174.7,25.0,72.0
4244,45.798718,4.854463,92.01,174.7,25.0,72.0
4245,45.797895,4.854572,92.01,174.7,25.0,72.0
4246,45.797072,4.854681,92.01,174.7,25.0,72.0
4247,45.796249,4.85479,92.01,174.7,25.0,72.0
4248,45.795426,4.8549,92.01,174.7,25.0,72.0
4249,45.794603,4.855009,92.01,174.7,25.0,72.0
4250,45.79378,4.855118,92.01,174.7,25.0,72.0
4251,45.792957,4.855227,92.01,174.7,25.0,72.0
4252,45.792134,4.855337,92.01,174.7,25.0,72.0
4253,45.791311,4.855446,92.01,174.7,25.0,72.0
4254,45.790488,4.855555,92.01,174.7,25.0,72.0
4255,45.789665,4.855664,92.01,174.7,25.0,72.0
4256,45.788842,4.855773,92.01,174.7,25.0,72.0
4257,45.788019,4.855883,92.01,174.7,25.0,72.0
4258,45.787196,4.855992,92.01,174.7,25.0,72.0
4259,45.786373,4.856101,92.01,174.7,25.0,72.0
4260,45.78555,4.85621,92.01,174.7,25.0,71.0
4261,45.784727,4.85632,92.01,174.7,25.0,71.0
4262,45.783904,4.856429,92.01,174.7,25.0,71.0
4263,45.783081,4.856538,92.01,174.7,25.0,71.0
4264,45.782258,4.856647,92.01,174.7,25.0,71.0
4265,45.781435,4.856757,92.01,174.7,25.0,71.0
4266,45.780612,4.856866,92.01,174.7,25.0,71.0
4267,45.779789,4.856975,92.01,174.7,25.0,71.0
4268,45.778966,4.857084,92.01,174.7,25.0,71.0
4269,45.778143,4.857194,92.01,174.7,25.0,71.0
4270,45.77732,4.857303,92.01,174.7,25.0,71.0
4271,45.776497,4.857412,92.01,174.7,25.0,71.0
4272,45.775674,4.857521,92.01,174.7,25.0,71.0
4273,45.774851,4.85763,92.01,174.7,25.0,71.0
4274,45.774028,4.85774,92.01,174.7,25.0,71.0
4275,45.773205,4.857849,92.01,174.7,25.0,71.0
4276,45.772382,4.857958,92.01,174.7,25.0,71.0
4277,45.771559,4.858067,92.01,174.7,25.0,71.0
4278,45.770736,4.858177,92.01,174.7,25.0,71.0
4279,45.769913,4.858286,92.01,174.7,25.0,71.0
4280,45.76909,4.858395,92.01,174.7,25.0,70.0
4281,45.768267,4.858504,92.01,174.7,25.0,70.0
4282,45.767444,4.858614,92.01,174.7,25.0,70.0
4283,45.766621,4.858723,92.01,174.7,25.0,70.0
4284,45.765798,4.858832,92.01,174.7,25.0,70.0
4285,45.764975,4.858941,92.01,174.7,25.0,70.0
4286,45.764152,4.859051,92.01,174.7,25.0,70.0
4287,45.763329,4.85916,92.01,174.7,25.0,70.0
4288,45.762506,4.859269,92.01,174.7,25.0,70.0
4289,45.761683,4.859378,92.01,174.7,25.0,70.0
4290,45.76086,4.859488,92.01,174.7,25.1,70.0
4291,45.760038,4.859606,92.0,174.3,25.1,70.0
4292,45.759216,4.85973,92.0,174.0,25.1,70.0
4293,45.758394,4.859855,92.0,174.0,25.1,70.0
4294,45.757572,4.859979,92.0,174.0,25.1,70.0
4295,45.75675,4.860104,92.0,174.0,25.1,70.0
4296,45.755928,4.860228,92.0,174.0,25.1,70.0
4297,45.755107,4.860353,92.0,174.0,25.1,70.0
4298,45.754285,4.860477,92.0,174.0,25.1,70.0
4299,45.753463,4.860601,92.0,174.0,25.1,70.0
4300,45.752641,4.860726,92.0,174.0,25.1,69.0
4301,45.751819,4.86085,92.0,174.0,25.1,69.0
4302,45.750997,4.860975,92.0,174.0,25.1,69.0
4303,45.750175,4.861099,92.0,174.0,25.1,69.0
4304,45.749353,4.861224,92.0,174.0,25.1,69.0
4305,45.748532,4.861348,92.0,174.0,25.1,69.0
4306,45.74771,4.861472,92.0,174.0,25.1,69.0
4307,45.746888,4.861597,92.0,174.0,25.1,69.0
4308,45.746066,4.861721,92.0,174.0,25.1,69.0
4309,45.745244,4.861846,92.0,174.0,25.1,69.0
4310,45.744422,4.86197,92.0,174.0,25.1,69.0
4311,45.7436,4.862095,92.0,174.0,25.1,69.0
4312,45.742778,4.862219,92.0,174.0,25.1,69.0
4313,45.741957,4.862343,92.0,174.0,25.1,69.0
4314,45.741135,4.862468,92.0,174.0,25.1,69.0
4315,45.740313,4.862592,92.0,174.0,25.1,69.0
4316,45.739491,4.862717,92.0,174.0,25.1,69.0
4317,45.738669,4.862841,92.0,174.0,25.1,69.0
4318,45.737847,4.862965,92.0,174.0,25.1,69.0
4319,45.737025,4.86309,92.0,174.0,25.1,69.0
4320,45.736203,4.863214,92.0,174.0,25.1,68.0
4321,45.735382,4.863339,92.0,174.0,25.1,68.0
4322,45.73456,4.863463,92.0,174.0,25.1,68.0
4323,45.733738,4.863588,92.0,174.0,25.1,68.0
4324,45.732916,4.863712,92.0,174.0,25.1,68.0
4325,45.732094,4.863836,92.0,174.0,25.2,68.0
4326,45.731272,4.863961,92.0,174.0,25.2,68.0
4327,45.73045,4.864085,92.0,174.0,25.2,68.0
4328,45.729628,4.86421,92.0,174.0,25.2,68.0
4329,45.728807,4.864334,92.0,174.0,25.2,68.0
4330,45.727985,4.864459,92.0,174.0,25.2,68.0
4331,45.727163,4.864583,92.0,174.0,25.2,68.0
4332,45.726341,4.864707,92.0,174.0,25.2,68.0
4333,45.725519,4.864832,92.0,174.0,25.2,68.0
4334,45.724697,4.864956,92.0,174.0,25.2,68.0
4335,45.723875,4.865081,92.0,174.0,25.2,68.0
4336,45.723053,4.865205,92.0,174.0,25.2,68.0
4337,45.722232,4.86533,92.0,174.0,25.2,68.0
4338,45.72141,4.865454,92.0,174.0,25.2,68.0
4339,45.720588,4.865578,92.0,174.0,25.2,67.0
4340,45.719766,4.865703,92.0,174.0,25.2,67.0
4341,45.718944,4.865827,92.0,174.0,25.2,67.0
4342,45.718122,4.865952,92.0,174.0,25.2,67.0
4343,45.7173,4.866076,92.0,174.0,25.2,67.0
4344,45.716478,4.866201,92.0,174.0,25.2,67.0
4345,45.715657,4.866325,92.0,174.0,25.2,67.0
4346,45.714835,4.866449,92.0,174.0,25.2,67.0
4347,45.714013,4.866574,92.0,174.0,25.2,67.0
4348,45.713191,4.866698,92.0,174.0,25.2,67.0
4349,45.712369,4.866823,92.0,174.0,25.3,67.0
4350,45.711547,4.866947,92.0,174.0,25.3,67.0
4351,45.710725,4.867071,92.0,174.0,25.3,67.0
4352,45.709903,4.867196,92.0,174.0,25.3,67.0
4353,45.709082,4.86732,92.0,174.0,25.3,67.0
4354,45.70826,4.867445,92.0,174.0,25.3,67.0
4355,45.707438,4.867569,92.0,174.0,25.3,67.0
4356,45.706616,4.867694,92.0,174.0,25.3,67.0
4357,45.705794,4.867818,92.0,174.0,25.3,67.0
4358,45.704972,4.867942,92.0,174.0,25.3,67.0
4359,45.70415,4.868067,92.0,174.0,25.3,66.0
4360,45.703328,4.868191,92.0,174.0,25.3,66.0
4361,45.702507,4.868316,92.0,174.0,25.3,66.0
4362,45.701685,4.86844,92.0,174.0,25.3,66.0
4363,45.700863,4.868565,92.0,174.0,25.3,66.0
4364,45.700041,4.868689,92.0,174.0,25.3,66.0
4365,45.699219,4.868813,92.0,174.0,25.3,66.0
4366,45.698397,4.868938,92.0,174.0,25.3,66.0
4367,45.697575,4.869062,92.0,174.0,25.3,66.0
4368,45.696753,4.869187,92.0,174.0,25.3,66.0
4369,45.695932,4.869311,92.0,174.0,25.4,66.0
4370,45.69511,4.869436,92.0,174.0,25.4,66.0
4371,45.694288,4.86956,92.0,174.0,25.4,66.0
4372,45.693466,4.869684,92.0,174.0,25.4,66.0
4373,45.692644,4.869809,92.0,174.0,25.4,66.0
4374,45.691822,4.869933,92.0,174.0,25.4,66.0
4375,45.691,4.870058,92.0,174.0,25.4,66.0
4376,45.690178,4.870182,92.0,174.0,25.4,66.0
4377,45.689357,4.870307,92.0,174.0,25.4,66.0
4378,45.688535,4.870431,92.0,174.0,25.4,65.0
4379,45.687713,4.870555,92.0,174.0,25.4,65.0
4380,45.686891,4.87068,92.0,174.0,25.4,65.0
4381,45.686069,4.870804,92.0,174.0,25.4,65.0
4382,45.685247,4.870929,92.0,174.0,25.4,65.0
4383,45.684425,4.871053,92.0,174.0,25.4,65.0
4384,45.683603,4.871177,92.0,174.0,25.4,65.0
4385,45.682782,4.871302,92.0,174.0,25.4,65.0
4386,45.68196,4.871426,92.0,174.0,25.5,65.0
4387,45.681138,4.871551,92.0,174.0,25.5,65.0
4388,45.680316,4.871675,92.0,174.0,25.5,65.0
4389,45.679494,4.8718,92.0,174.0,25.5,65.0
4390,45.678672,4.871924,92.0,174.0,25.5,65.0
4391,45.67785,4.872048,92.0,174.0,25.5,65.0
4392,45.677028,4.872173,92.0,174.0,25.5,65.0
4393,45.676207,4.872297,92.0,174.0,25.5,65.0
4394,45.675385,4.872422,92.0,174.0,25.5,65.0
4395,45.674563,4.872546,92.0,174.0,25.5,65.0
4396,45.673741,4.872671,92.0,174.0,25.5,65.0
4397,45.672919,4.872795,92.0,174.0,25.5,65.0
4398,45.672097,4.872919,92.0,174.0,25.5,64.0
4399,45.671275,4.873044,92.0,174.0,25.5,64.0
4400,45.670453,4.873168,92.0,174.0,25.5,64.0
4401,45.669632,4.873293,92.0,174.0,25.6,64.0
4402,45.66881,4.873417,92.0,174.0,25.6,64.0
4403,45.667988,4.873542,92.0,174.0,25.6,64.0
4404,45.667166,4.873666,92.0,174.0,25.6,64.0
4405,45.666344,4.87379,92.0,174.0,25.6,64.0
4406,45.665522,4.873915,92.0,174.0,25.6,64.0
4407,45.6647,4.874039,92.0,174.0,25.6,64.0
4408,45.663878,4.874164,92.0,174.0,25.6,64.0
4409,45.663057,4.874288,92.0,174.0,25.6,64.0
4410,45.662235,4.874413,92.0,174.0,25.6,64.0
4411,45.661413,4.874537,92.0,174.0,25.6,64.0
4412,45.660591,4.874661,92.0,174.0,25.6,64.0
4413,45.659769,4.874786,92.0,174.0,25.6,64.0
4414,45.658947,4.87491,92.0,174.0,25.6,64.0
4415,45.658125,4.875035,92.0,174.0,25.7,64.0
4416,45.657303,4.875159,92.0,174.0,25.7,64.0
4417,45.656482,4.875283,92.0,174.0,25.7,63.0
4418,45.65566,4.875408,92.0,174.0,25.7,63.0
4419,45.654838,4.875532,92.0,174.0,25.7,63.0
4420,45.654016,4.875657,92.0,174.0,25.7,63.0
4421,45.653194,4.875781,92.0,174.0,25.7,63.0
4422,45.652372,4.875906,92.0,174.0,25.7,63.0
4423,45.65155,4.87603,92.0,174.0,25.7,63.0
4424,45.650728,4.876154,92.0,174.0,25.7,63.0
4425,45.649907,4.876279,92.0,174.0,25.7,63.0
4426,45.649085,4.876403,92.0,174.0,25.7,63.0
4427,45.648263,4.876528,92.0,174.0,25.7,63.0
4428,45.647441,4.876652,92.0,174.0,25.8,63.0
4429,45.646619,4.876777,92.0,174.0,25.8,63.0
4430,45.645797,4.876901,92.0,174.0,25.8,63.0
4431,45.644975,4.877025,92.0,174.0,25.8,63.0
4432,45.644153,4.87715,92.0,174.0,25.8,63.0
4433,45.643332,4.877274,92.0,174.0,25.8,63.0
4434,45.64251,4.877399,92.0,174.0,25.8,63.0
4435,45.641688,4.877523,92.0,174.0,25.8,63.0
4436,45.640866,4.877648,92.0,174.0,25.8,62.0
4437,45.640044,4.877772,92.0,174.0,25.8,62.0
4438,45.639222,4.877896,92.0,174.0,25.8,62.0
4439,45.6384,4.878021,92.0,174.0,25.8,62.0
4440,45.637578,4.878145,92.0,174.0,25.9,62.0
4441,45.636757,4.87827,92.0,174.0,25.9,62.0
4442,45.635935,4.878394,92.0,174.0,25.9,62.0
4443,45.635113,4.878519,92.0,174.0,25.9,62.0
4444,45.634291,4.878643,92.0,174.0,25.9,62.0
4445,45.633469,4.878767,92.0,174.0,25.9,62.0
4446,45.632647,4.878892,92.0,174.0,25.9,62.0
4447,45.631825,4.879016,92.0,174.0,25.9,62.0
4448,45.631003,4.879141,92.0,174.0,25.9,62.0
4449,45.630182,4.879265,92.0,174.0,25.9,62.0
4450,45.62936,4.879389,92.0,174.0,25.9,62.0
4451,45.628538,4.879514,92.0,174.0,25.9,62.0
4452,45.627716,4.879638,92.0,174.0,26.0,62.0
4453,45.626894,4.879763,92.0,174.0,26.0,62.0
4454,45.626072,4.879887,92.0,174.0,26.0,62.0
4455,45.62525,4.880012,92.0,174.0,26.0,61.0
4456,45.624428,4.880136,92.0,174.0,26.0,61.0
4457,45.623607,4.88026,92.0,174.0,26.0,61.0
4458,45.622785,4.880385,92.0,174.0,26.0,61.0
4459,45.621963,4.880509,92.0,174.0,26.0,61.0
4460,45.621141,4.880634,92.0,174.0,26.0,61.0
4461,45.620319,4.880758,92.0,174.0,26.0,61.0
4462,45.619497,4.880883,92.0,174.0,26.0,61.0
4463,45.618675,4.881007,92.0,174.0,26.1,61.0
4464,45.617853,4.881131,92.0,174.0,26.1,61.0
4465,45.617032,4.881256,92.0,174.0,26.1,61.0
4466,45.61621,4.88138,92.0,174.0,26.1,61.0
4467,45.615388,4.881505,92.0,174.0,26.1,61.0
4468,45.614566,4.881629,92.0,174.0,26.1,61.0
4469,45.613744,4.881754,92.0,174.0,26.1,61.0
4470,45.612922,4.881878,92.0,174.0,26.1,61.0
4471,45.6121,4.882002,92.0,174.0,26.1,61.0
4472,45.611278,4.882127,92.0,174.0,26.1,61.0
4473,45.610457,4.882251,92.0,174.0,26.2,61.0
4474,45.609635,4.882376,92.0,174.0,26.2,60.0
4475,45.608813,4.8825,92.0,174.0,26.2,60.0
4476,45.607991,4.882624,92.0,174.0,26.2,60.0
4477,45.607169,4.882749,92.0,174.0,26.2,60.0
4478,45.606347,4.882873,92.0,174.0,26.2,60.0
4479,45.605525,4.882998,92.0,174.0,26.2,60.0
4480,45.604703,4.883122,92.0,174.0,26.2,60.0
4481,45.603882,4.883247,92.0,174.0,26.2,60.0
4482,45.60306,4.883371,92.0,174.0,26.2,60.0
4483,45.602238,4.883495,92.0,174.0,26.3,60.0
4484,45.601416,4.88362,92.0,174.0,26.3,60.0
4485,45.600594,4.883744,92.0,174.0,26.3,60.0
4486,45.599772,4.883869,92.0,174.0,26.3,60.0
4487,45.59895,4.883993,92.0,174.0,26.3,60.0
4488,45.598129,4.884118,92.0,174.0,26.3,60.0
4489,45.597307,4.884242,92.0,174.0,26.3,60.0
4490,45.596485,4.884366,92.0,174.0,26.3,60.0
4491,45.595663,4.884491,92.0,174.0,26.3,60.0
4492,45.594841,4.884615,92.0,174.0,26.4,60.0
4493,45.594019,4.88474,92.0,174.0,26.4,59.0
4494,45.593197,4.884864,92.0,174.0,26.4,59.0
4495,45.592375,4.884989,92.0,174.0,26.4,59.0
4496,45.591554,4.885113,92.0,174.0,26.4,59.0
4497,45.590732,4.885237,92.0,174.0,26.4,59.0
4498,45.58991,4.885362,92.0,174.0,26.4,59.0
4499,45.589088,4.885486,92.0,174.0,26.4,59.0
4500,45.588266,4.885611,92.0,174.0,26.4,59.0
4501,45.587444,4.885735,92.0,174.0,26.4,59.0
4502,45.586622,4.88586,92.0,174.0,26.5,59.0
4503,45.5858,4.885984,92.0,174.0,26.5,59.0
4504,45.584979,4.886108,92.0,174.0,26.5,59.0
4505,45.584157,4.886233,92.0,174.0,26.5,59.0
4506,45.583335,4.886357,92.0,174.0,26.5,59.0
4507,45.582513,4.886482,92.0,174.0,26.5,59.0
4508,45.581691,4.886606,92.0,174.0,26.5,59.0
4509,45.580869,4.88673,92.0,174.0,26.5,59.0
4510,45.580047,4.886855,92.0,174.0,26.6,59.0
4511,45.579225,4.886979,92.0,174.0,26.6,59.0
4512,45.578404,4.887104,92.0,174.0,26.6,58.0
4513,45.577582,4.887228,92.0,174.0,26.6,58.0
4514,45.57676,4.887353,92.0,174.0,26.6,58.0
4515,45.575938,4.887477,92.0,174.0,26.6,58.0
4516,45.575116,4.887601,92.0,174.0,26.6,58.0
4517,45.574294,4.887726,92.0,174.0,26.6,58.0
4518,45.573472,4.88785,92.0,174.0,26.6,58.0
4519,45.57265,4.887975,92.0,174.0,26.7,58.0
4520,45.571829,4.888099,92.0,174.0,26.7,58.0
4521,45.571007,4.888224,92.0,174.0,26.7,58.0
4522,45.570185,4.888348,92.0,174.0,26.7,58.0
4523,45.569363,4.888472,92.0,174.0,26.7,58.0
4524,45.568541,4.888597,92.0,174.0,26.7,58.0
4525,45.567719,4.888721,92.0,174.0,26.7,58.0
4526,45.566897,4.888846,92.0,174.0,26.7,58.0
4527,45.566075,4.88897,92.0,174.0,26.8,58.0
4528,45.565254,4.889095,92.0,173.9,26.8,58.0
4529,45.564432,4.889219,92.0,173.9,26.8,58.0
4530,45.56361,4.889343,92.0,173.9,26.8,57.0
4531,45.562788,4.889468,92.0,173.9,26.8,57.0
4532,45.561966,4.889592,92.0,173.9,26.8,57.0
4533,45.561144,4.889717,92.0,173.9,26.8,57.0
4534,45.560322,4.889841,92.0,173.9,26.8,57.0
4535,45.5595,4.889966,92.0,173.9,26.8,57.0
4536,45.558679,4.89009,92.0,173.9,26.9,57.0
4537,45.557857,4.890214,92.0,173.9,26.9,57.0
4538,45.557035,4.890339,92.0,173.9,26.9,57.0
4539,45.556213,4.890463,92.0,173.9,26.9,57.0
4540,45.555391,4.890588,92.0,173.9,26.9,57.0
4541,45.554569,4.890712,92.0,173.9,26.9,57.0
4542,45.553747,4.890836,92.0,173.9,26.9,57.0
4543,45.552925,4.890961,92.0,173.9,27.0,57.0
4544,45.552104,4.891085,92.0,173.9,27.0,57.0
4545,45.551282,4.89121,92.0,173.9,27.0,57.0
4546,45.55046,4.891334,92.0,173.9,27.0,57.0
4547,45.549638,4.891459,92.0,173.9,27.0,57.0
4548,45.548816,4.891583,92.0,173.9,27.0,57.0
4549,45.547994,4.891707,92.0,173.9,27.0,56.0
4550,45.547172,4.891832,92.0,173.9,27.0,56.0
4551,45.54635,4.891956,92.0,173.9,27.1,56.0
4552,45.545529,4.892081,92.0,173.9,27.1,56.0
4553,45.544707,4.892205,92.0,173.9,27.1,56.0
4554,45.543885,4.89233,92.0,173.9,27.1,56.0
4555,45.543063,4.892454,92.0,173.9,27.1,56.0
4556,45.542241,4.892578,92.0,173.9,27.1,56.0
4557,45.541419,4.892703,92.0,173.9,27.1,56.0
4558,45.540597,4.892827,92.0,173.9,27.1,56.0
4559,45.539775,4.892952,92.0,173.9,27.2,56.0
4560,45.538954,4.893076,92.0,173.9,27.2,56.0
4561,45.538132,4.893201,92.0,173.9,27.2,56.0
4562,45.53731,4.893325,92.0,173.9,27.2,56.0
4563,45.536488,4.893449,92.0,173.9,27.2,56.0
4564,45.535666,4.893574,92.0,173.9,27.2,56.0
4565,45.534844,4.893698,92.0,173.9,27.2,56.0
4566,45.534022,4.893823,92.0,173.9,27.3,56.0
4567,45.5332,4.893947,92.0,173.9,27.3,55.0
4568,45.532379,4.894072,92.0,173.9,27.3,55.0
4569,45.531557,4.894196,92.0,173.9,27.3,55.0
4570,45.530735,4.89432,92.0,173.9,27.3,55.0
4571,45.529913,4.894445,92.0,173.9,27.3,55.0
4572,45.529091,4.894569,92.0,173.9,27.3,55.0
4573,45.528269,4.894694,92.0,173.9,27.4,55.0
4574,45.527447,4.894818,92.0,173.9,27.4,55.0
4575,45.526625,4.894942,92.0,173.9,27.4,55.0
4576,45.525804,4.895067,92.0,173.9,27.4,55.0
4577,45.524982,4.895191,92.0,173.9,27.4,55.0
4578,45.52416,4.895316,92.0,173.9,27.4,55.0
4579,45.523338,4.89544,92.0,173.9,27.4,55.0
4580,45.522516,4.895565,92.0,173.9,27.5,55.0
4581,45.521694,4.895689,92.0,173.9,27.5,55.0
4582,45.520872,4.895813,92.0,173.9,27.5,55.0
4583,45.52005,4.895938,92.0,173.9,27.5,55.0
4584,45.519229,4.896062,92.0,173.9,27.5,55.0
4585,45.518407,4.896187,92.0,173.9,27.5,55.0
4586,45.517585,4.896311,92.0,173.9,27.5,54.0
4587,45.516763,4.896436,92.0,173.9,27.6,54.0
4588,45.515941,4.89656,92.0,173.9,27.6,54.0
4589,45.515119,4.896684,92.0,173.9,27.6,54.0
4590,45.514297,4.896809,92.0,173.9,27.6,54.0
4591,45.513475,4.896933,92.0,173.9,27.6,54.0
4592,45.512654,4.897058,92.0,173.9,27.6,54.0
4593,45.511832,4.897182,92.0,173.9,27.6,54.0
4594,45.51101,4.897307,92.0,173.9,27.7,54.0
4595,45.510188,4.897431,92.0,173.9,27.7,54.0
4596,45.509366,4.897555,92.0,173.9,27.7,54.0
4597,45.508544,4.89768,92.0,173.9,27.7,54.0
4598,45.507722,4.897804,92.0,173.9,27.7,54.0
4599,45.5069,4.897929,92.0,173.9,27.7,54.0
4600,45.506079,4.898053,92.0,173.9,27.7,54.0
4601,45.505257,4.898178,92.0,173.9,27.8,54.0
4602,45.504435,4.898302,92.0,173.9,27.8,54.0
4603,45.503613,4.898426,92.0,173.9,27.8,54.0
4604,45.502791,4.898551,92.0,173.9,27.8,53.0
4605,45.501969,4.898675,92.0,173.9,27.8,53.0
4606,45.501147,4.8988,92.0,173.9,27.8,53.0
4607,45.500325,4.898924,92.0,173.9,27.9,53.0
4608,45.499504,4.899048,92.0,173.9,27.9,53.0
4609,45.498682,4.899173,92.0,173.9,27.9,53.0
4610,45.49786,4.899297,92.0,173.9,27.9,53.0
4611,45.497038,4.899422,92.0,173.9,27.9,53.0
4612,45.496216,4.899546,92.0,173.9,27.9,53.0
4613,45.495394,4.899671,92.0,173.9,27.9,53.0
4614,45.494572,4.899795,92.0,173.9,28.0,53.0
4615,45.49375,4.899919,92.0,173.9,28.0,53.0
4616,45.492929,4.900044,92.0,173.9,28.0,53.0
4617,45.492107,4.900168,92.0,173.9,28.0,53.0
4618,45.491285,4.900293,92.0,173.9,28.0,53.0
4619,45.490463,4.900417,92.0,173.9,28.0,53.0
4620,45.489641,4.900542,92.0,173.9,28.1,53.0
4621,45.488819,4.900666,92.0,173.9,28.1,53.0
4622,45.487997,4.90079,92.0,173.9,28.1,53.0
4623,45.487175,4.900915,92.0,173.9,28.1,52.0
4624,45.486354,4.901039,92.0,173.9,28.1,52.0
4625,45.485532,4.901164,92.01,173.9,28.1,52.0
4626,45.48471,4.901288,92.01,173.9,28.2,52.0
4627,45.483888,4.901413,92.01,173.9,28.2,52.0
4628,45.483066,4.901537,92.01,173.9,28.2,52.0
4629,45.482244,4.901661,92.01,173.9,28.2,52.0
4630,45.481422,4.901786,92.01,173.9,28.2,52.0
4631,45.4806,4.90191,92.01,173.9,28.2,52.0
4632,45.479779,4.902035,92.01,173.9,28.2,52.0
4633,45.478957,4.902159,92.01,173.9,28.3,52.0
4634,45.478135,4.902284,92.01,173.9,28.3,52.0
4635,45.477313,4.902408,92.01,173.9,28.3,52.0
4636,45.476491,4.902532,92.01,173.9,28.3,52.0
4637,45.475669,4.902657,92.01,173.9,28.3,52.0
4638,45.474847,4.902781,92.01,173.9,28.3,52.0
4639,45.474025,4.902906,92.01,173.9,28.4,52.0
4640,45.473204,4.90303,92.01,173.9,28.4,52.0
4641,45.472382,4.903154,92.01,173.9,28.4,51.0
4642,45.47156,4.903279,92.01,173.9,28.4,51.0
4643,45.470738,4.903403,92.01,173.9,28.4,51.0
4644,45.469916,4.903528,92.01,173.9,28.4,51.0
4645,45.469094,4.903652,92.01,173.9,28.5,51.0
4646,45.468272,4.903777,92.01,173.9,28.5,51.0
4647,45.46745,4.903901,92.01,173.9,28.5,51.0
4648,45.466629,4.904025,92.01,173.9,28.5,51.0
4649,45.465807,4.90415,92.01,173.9,28.5,51.0
4650,45.464985,4.904274,92.01,173.9,28.5,51.0
4651,45.464163,4.904399,92.01,173.9,28.6,51.0
4652,45.463341,4.904523,92.01,173.9,28.6,51.0
4653,45.462519,4.904648,92.01,173.9,28.6,51.0
4654,45.461697,4.904772,92.01,173.9,28.6,51.0
4655,45.460875,4.904896,92.01,173.9,28.6,51.0
4656,45.460054,4.905021,92.01,173.9,28.7,51.0
4657,45.459232,4.905145,92.01,173.9,28.7,51.0
4658,45.45841,4.90527,92.01,173.9,28.7,51.0
4659,45.457588,4.905394,92.01,173.9,28.7,50.0
4660,45.456766,4.905519,92.01,173.9,28.7,50.0
4661,45.455944,4.905643,92.01,173.9,28.7,50.0
4662,45.455122,4.905767,92.01,173.9,28.8,50.0
4663,45.4543,4.905892,92.01,173.9,28.8,50.0
4664,45.453479,4.906016,92.01,173.9,28.8,50.0
4665,45.452657,4.906141,92.01,173.9,28.8,50.0
4666,45.451835,4.906265,92.01,173.9,28.8,50.0
4667,45.451013,4.90639,92.01,173.9,28.8,50.0
4668,45.450191,4.906514,92.01,173.9,28.9,50.0
4669,45.449369,4.906638,92.01,173.9,28.9,50.0
4670,45.448547,4.906763,92.01,173.9,28.9,50.0
4671,45.447725,4.906887,92.01,173.9,28.9,50.0
4672,45.446904,4.907012,92.01,173.9,28.9,50.0
4673,45.446082,4.907136,92.01,173.9,29.0,50.0
4674,45.44526,4.90726,92.01,173.9,29.0,50.0
4675,45.444438,4.907385,92.01,173.9,29.0,50.0
4676,45.443616,4.907509,92.01,173.9,29.0,50.0
4677,45.442794,4.907634,92.01,173.9,29.0,50.0
4678,45.441972,4.907758,92.01,173.9,29.0,49.0
4679,45.44115,4.907883,92.01,173.9,29.1,49.0
4680,45.440329,4.908007,92.01,173.9,29.1,49.0
4681,45.439507,4.908131,92.01,173.9,29.1,49.0
4682,45.438685,4.908256,92.01,173.9,29.1,49.0
4683,45.437863,4.90838,92.01,173.9,29.1,49.0
4684,45.437041,4.908505,92.01,173.9,29.2,49.0
4685,45.436219,4.908629,92.01,173.9,29.2,49.0
4686,45.435397,4.908754,92.01,173.9,29.2,49.0
4687,45.434575,4.908878,92.01,173.9,29.2,49.0
4688,45.433754,4.909002,92.01,173.9,29.2,49.0
4689,45.432932,4.909127,92.01,173.9,29.2,49.0
4690,45.43211,4.909251,92.01,173.9,29.3,49.0
4691,45.431288,4.909376,92.01,173.9,29.3,49.0
4692,45.430466,4.9095,92.01,173.9,29.3,49.0
4693,45.429644,4.909625,92.01,173.9,29.3,49.0
4694,45.428822,4.909749,92.01,173.9,29.3,49.0
4695,45.428,4.909873,92.01,173.9,29.4,49.0
4696,45.427179,4.909998,92.01,173.9,29.4,48.0
4697,45.426357,4.910122,92.01,173.9,29.4,48.0
4698,45.425535,4.910247,92.01,173.9,29.4,48.0
4699,45.424713,4.910371,92.01,173.9,29.4,48.0
4700,45.423891,4.910496,92.01,173.9,29.5,48.0
4701,45.423069,4.91062,92.01,173.9,29.5,48.0
4702,45.422247,4.910744,92.01,173.9,29.5,48.0
4703,45.421425,4.910869,92.01,173.9,29.5,48.0
4704,45.420604,4.910993,92.01,173.9,29.5,48.0
4705,45.419782,4.911118,92.01,173.9,29.5,48.0
4706,45.41896,4.911242,92.01,173.9,29.6,48.0
4707,45.418138,4.911366,92.01,173.9,29.6,48.0
4708,45.417316,4.911491,92.01,173.9,29.6,48.0
4709,45.416494,4.911615,92.01,173.9,29.6,48.0
4710,45.415672,4.91174,92.01,173.9,29.6,48.0
4711,45.41485,4.911864,92.01,173.9,29.7,48.0
4712,45.414029,4.911989,92.01,173.9,29.7,48.0
4713,45.413207,4.912113,92.01,173.9,29.7,48.0
4714,45.412385,4.912237,92.01,173.9,29.7,47.0
4715,45.411563,4.912362,92.01,173.9,29.7,47.0
4716,45.410741,4.912486,92.01,173.9,29.8,47.0
4717,45.409919,4.912611,92.01,173.9,29.8,47.0
4718,45.409097,4.912735,92.01,173.9,29.8,47.0
4719,45.408275,4.91286,92.01,173.9,29.8,47.0
4720,45.407454,4.912984,92.01,173.9,29.8,47.0
4721,45.406632,4.913108,92.01,173.9,29.9,47.0
4722,45.40581,4.913233,92.01,173.9,29.9,47.0
4723,45.404988,4.913357,92.01,173.9,29.9,47.0
4724,45.404166,4.913482,92.01,173.9,29.9,47.0
4725,45.403344,4.913606,92.01,173.9,29.9,47.0
4726,45.402522,4.913731,92.01,173.9,30.0,47.0
4727,45.4017,4.913855,92.01,173.9,30.0,47.0
4728,45.400879,4.913979,92.01,173.9,30.0,47.0
4729,45.400057,4.914104,92.01,173.9,30.0,47.0
4730,45.399235,4.914228,92.01,173.9,30.0,47.0
4731,45.398413,4.914353,92.01,173.9,30.1,47.0
4732,45.397591,4.914477,92.01,173.9,30.1,46.0
4733,45.396769,4.914602,92.01,173.9,30.1,46.0
4734,45.395947,4.914726,92.01,173.9,30.1,46.0
4735,45.395125,4.91485,92.01,173.9,30.1,46.0
4736,45.394304,4.914975,92.01,173.9,30.2,46.0
4737,45.393482,4.915099,92.01,173.9,30.2,46.0
4738,45.39266,4.915224,92.01,173.9,30.2,46.0
4739,45.391838,4.915348,92.01,173.9,30.2,46.0
4740,45.391016,4.915472,92.01,173.9,30.2,46.0
4741,45.390194,4.915597,92.01,173.9,30.3,46.0
4742,45.389372,4.915721,92.01,173.9,30.3,46.0
4743,45.38855,4.915846,92.01,173.9,30.3,46.0
4744,45.387729,4.91597,92.01,173.9,30.3,46.0
4745,45.386907,4.916095,92.01,173.9,30.3,46.0
4746,45.386085,4.916219,92.01,173.9,30.4,46.0
4747,45.385263,4.916343,92.01,173.9,30.4,46.0
4748,45.384441,4.916468,92.01,173.9,30.4,46.0
4749,45.383619,4.916592,92.01,173.9,30.4,46.0
4750,45.382797,4.916717,92.01,173.9,30.4,45.0
4751,45.381975,4.916841,92.01,173.9,30.5,45.0
4752,45.381154,4.916966,92.01,173.9,30.5,45.0
4753,45.380332,4.91709,92.01,173.9,30.5,45.0
4754,45.37951,4.917214,92.01,173.9,30.5,45.0
4755,45.378688,4.917339,92.01,173.9,30.6,45.0
4756,45.377866,4.917463,92.01,173.9,30.6,45.0
4757,45.377044,4.917588,92.01,173.9,30.6,45.0
4758,45.376222,4.917712,92.01,173.9,30.6,45.0
4759,45.3754,4.917837,92.01,173.9,30.6,45.0
4760,45.374579,4.917961,92.01,173.9,30.7,45.0
4761,45.373757,4.918085,92.01,173.9,30.7,45.0
4762,45.372935,4.91821,92.01,173.9,30.7,45.0
4763,45.372113,4.918334,92.01,173.9,30.7,45.0
4764,45.371291,4.918459,92.01,173.9,30.7,45.0
4765,45.370469,4.918583,92.01,173.9,30.8,45.0
4766,45.369647,4.918708,92.01,173.9,30.8,45.0
4767,45.368825,4.918832,92.01,173.9,30.8,45.0
4768,45.368004,4.918956,92.01,173.9,30.8,44.0
4769,45.367182,4.919081,92.01,173.9,30.8,44.0
4770,45.36636,4.919205,92.01,173.9,30.9,44.0
4771,45.365538,4.91933,92.01,173.9,30.9,44.0
4772,45.364716,4.919454,92.01,173.9,30.9,44.0
4773,45.363894,4.919578,92.01,173.9,30.9,44.0
4774,45.363072,4.919703,92.01,173.9,31.0,44.0
4775,45.36225,4.919827,92.01,173.9,31.0,44.0
4776,45.361429,4.919952,92.01,173.9,31.0,44.0
4777,45.360607,4.920076,92.01,173.9,31.0,44.0
4778,45.359785,4.920201,92.01,173.9,31.0,44.0
4779,45.358963,4.920325,92.01,173.9,31.1,44.0
4780,45.358141,4.920449,92.01,173.9,31.1,44.0
4781,45.357319,4.920574,92.01,173.9,31.1,44.0
4782,45.356497,4.920698,92.01,173.9,31.1,44.0
4783,45.355675,4.920823,92.01,173.9,31.2,44.0
4784,45.354854,4.920947,92.01,173.9,31.2,44.0
4785,45.354032,4.921072,92.01,173.9,31.2,44.0
4786,45.35321,4.921196,92.01,173.9,31.2,43.0
4787,45.352388,4.92132,92.01,173.9,31.2,43.0
4788,45.351566,4.921445,92.01,173.9,31.3,43.0
4789,45.350744,4.921569,92.01,173.9,31.3,43.0
4790,45.349922,4.921694,92.01,173.9,31.3,43.0
4791,45.3491,4.921818,92.01,173.9,31.3,43.0
4792,45.348279,4.921943,92.01,173.9,31.4,43.0
4793,45.347457,4.922067,92.01,173.9,31.4,43.0
4794,45.346635,4.922191,92.01,173.9,31.4,43.0
4795,45.345813,4.922316,92.01,173.9,31.4,43.0
4796,45.344991,4.92244,92.01,173.9,31.4,43.0
4797,45.344169,4.922565,92.01,173.9,31.5,43.0
4798,45.343347,4.922689,92.01,173.9,31.5,43.0
4799,45.342525,4.922814,92.01,173.9,31.5,43.0
4800,45.341704,4.922938,92.01,173.9,31.5,43.0
4801,45.340882,4.923062,92.01,173.9,31.6,43.0
4802,45.34006,4.923187,92.01,173.9,31.6,43.0
4803,45.339238,4.923311,92.01,173.9,31.6,43.0
4804,45.338416,4.923436,92.01,173.9,31.6,42.0
4805,45.337594,4.92356,92.01,173.9,31.6,42.0
4806,45.336772,4.923684,92.01,173.9,31.7,42.0
4807,45.33595,4.923809,92.01,173.9,31.7,42.0
4808,45.335129,4.923933,92.01,173.9,31.7,42.0
4809,45.334307,4.924058,92.01,173.9,31.7,42.0
4810,45.333485,4.924182,92.01,173.9,31.8,42.0
4811,45.332663,4.924307,92.01,173.9,31.8,42.0
4812,45.331841,4.924431,92.01,173.9,31.8,42.0
4813,45.331019,4.924555,92.01,173.9,31.8,42.0
4814,45.330197,4.92468,92.01,173.9,31.9,42.0
4815,45.329375,4.924804,92.01,173.9,31.9,42.0
4816,45.328554,4.924929,92.01,173.9,31.9,42.0
4817,45.327732,4.925053,92.01,173.9,31.9,42.0
4818,45.32691,4.925178,92.01,173.9,31.9,42.0
4819,45.326088,4.925302,92.01,173.9,32.0,42.0
4820,45.325266,4.925426,92.01,173.9,32.0,42.0
4821,45.324444,4.925551,92.01,173.9,32.0,42.0
4822,45.323622,4.925675,92.01,173.9,32.0,41.0
4823,45.3228,4.9258,92.01,173.9,32.1,41.0
4824,45.321979,4.925924,92.01,173.9,32.1,41.0
4825,45.321157,4.926049,92.01,173.9,32.1,41.0
4826,45.320335,4.926173,92.01,173.9,32.1,41.0
4827,45.319513,4.926297,92.01,173.9,32.2,41.0
4828,45.318691,4.926422,92.01,173.9,32.2,41.0
4829,45.317869,4.926546,92.01,173.9,32.2,41.0
4830,45.317047,4.926671,92.01,173.9,32.2,41.0
4831,45.316225,4.926795,92.01,173.9,32.3,41.0
4832,45.315404,4.92692,92.01,173.9,32.3,41.0
4833,45.314582,4.927044,92.01,173.9,32.3,41.0
4834,45.31376,4.927168,92.01,173.9,32.3,41.0
4835,45.312938,4.927293,92.01,173.9,32.3,41.0
4836,45.312116,4.927417,92.01,173.9,32.4,41.0
4837,45.311294,4.927542,92.01,173.9,32.4,41.0
4838,45.310472,4.927666,92.01,173.9,32.4,41.0
4839,45.30965,4.92779,92.01,173.9,32.4,41.0
4840,45.308829,4.927915,92.01,173.9,32.5,40.0
4841,45.308007,4.928039,92.01,173.9,32.5,40.0
4842,45.307185,4.928164,92.01,173.9,32.5,40.0
4843,45.306363,4.928288,92.01,173.9,32.5,40.0
4844,45.305541,4.928413,92.01,173.9,32.6,40.0
4845,45.304719,4.928537,92.01,173.9,32.6,40.0
4846,45.303897,4.928661,92.01,173.9,32.6,40.0
4847,45.303075,4.928786,92.01,173.9,32.6,40.0
4848,45.302254,4.92891,92.01,173.9,32.7,40.0
4849,45.301432,4.929035,92.01,173.9,32.7,40.0
4850,45.30061,4.929159,92.01,173.9,32.7,40.0
4851,45.299788,4.929284,92.01,173.9,32.7,40.0
4852,45.298966,4.929408,92.01,173.9,32.8,40.0
4853,45.298144,4.929532,92.01,173.9,32.8,40.0
4854,45.297322,4.929657,92.01,173.9,32.8,40.0
4855,45.2965,4.929781,92.01,173.9,32.8,40.0
4856,45.295679,4.929906,92.01,173.9,32.9,40.0
4857,45.294857,4.93003,92.01,173.9,32.9,40.0
4858,45.294035,4.930155,92.01,173.9,32.9,39.0
4859,45.293213,4.930279,92.01,173.9,32.9,39.0
4860,45.292391,4.930403,92.01,173.9,33.0,39.0
4861,45.291569,4.930528,92.01,173.9,33.0,39.0
4862,45.290747,4.930652,92.01,173.9,33.0,39.0
4863,45.289925,4.930777,92.01,173.9,33.0,39.0
4864,45.289104,4.930901,92.01,173.9,33.1,39.0
4865,45.288282,4.931026,92.01,173.9,33.1,39.0
4866,45.28746,4.93115,92.01,173.9,33.1,39.0
4867,45.286638,4.931274,92.01,173.9,33.1,39.0
4868,45.285816,4.931399,92.01,173.9,33.2,39.0
4869,45.284994,4.931523,92.01,173.9,33.2,39.0
4870,45.284172,4.931648,92.01,173.9,33.2,39.0
4871,45.28335,4.931772,92.01,173.9,33.2,39.0
4872,45.282529,4.931896,92.01,173.9,33.3,39.0
4873,45.281707,4.932021,92.01,173.9,33.3,39.0
4874,45.280885,4.932145,92.01,173.9,33.3,39.0
4875,45.280063,4.93227,92.01,173.9,33.3,39.0
4876,45.279241,4.932394,92.01,173.9,33.4,38.0
4877,45.278419,4.932519,92.01,173.9,33.4,38.0
4878,45.277597,4.932643,92.01,173.9,33.4,38.0
4879,45.276775,4.932767,92.01,173.9,33.4,38.0
4880,45.275954,4.932892,92.01,173.9,33.5,38.0
4881,45.275132,4.933016,92.01,173.9,33.5,38.0
4882,45.27431,4.933141,92.01,173.9,33.5,38.0
4883,45.273488,4.933265,92.01,173.9,33.5,38.0
4884,45.272666,4.93339,92.01,173.9,33.6,38.0
4885,45.271844,4.933514,92.01,173.9,33.6,38.0
4886,45.271022,4.933638,92.01,173.9,33.6,38.0
4887,45.2702,4.933763,92.01,173.9,33.6,38.0
4888,45.269379,4.933887,92.01,173.9,33.7,38.0
4889,45.268557,4.934012,92.01,173.9,33.7,38.0
4890,45.267735,4.934136,92.01,173.9,33.7,38.0
4891,45.266913,4.934261,92.01,173.9,33.7,38.0
4892,45.266091,4.934385,92.01,173.9,33.8,38.0
4893,45.265269,4.934509,92.01,173.9,33.8,38.0
4894,45.264447,4.934634,92.01,173.9,33.8,37.0
4895,45.263625,4.934758,92.01,173.9,33.8,37.0
4896,45.262804,4.934883,92.01,173.9,33.9,37.0
4897,45.261982,4.935007,92.01,173.9,33.9,37.0
4898,45.26116,4.935132,92.01,173.9,33.9,37.0
4899,45.260338,4.935256,92.01,173.9,33.9,37.0
4900,45.259516,4.93538,92.01,173.9,34.0,37.0
4901,45.258694,4.935505,92.01,173.9,34.0,37.0
4902,45.257872,4.935629,92.01,173.9,34.0,37.0
4903,45.25705,4.935754,92.01,173.9,34.0,37.0
4904,45.256229,4.935878,92.01,173.9,34.1,37.0
4905,45.255407,4.936002,92.01,173.9,34.1,37.0
4906,45.254585,4.936127,92.01,173.9,34.1,37.0
4907,45.253763,4.936251,92.01,173.9,34.1,37.0
4908,45.252941,4.936376,92.01,173.9,34.2,37.0
4909,45.252119,4.9365,92.01,173.9,34.2,37.0
4910,45.251297,4.936625,92.01,173.9,34.2,37.0
4911,45.250475,4.936749,92.01,173.9,34.3,36.0
4912,45.249654,4.936873,92.01,173.9,34.3,36.0
4913,45.248832,4.936998,92.01,173.9,34.3,36.0
4914,45.24801,4.937122,92.01,173.9,34.3,36.0
4915,45.247188,4.937247,92.01,173.9,34.4,36.0
4916,45.246366,4.937371,92.01,173.9,34.4,36.0
4917,45.245544,4.937496,92.01,173.9,34.4,36.0
4918,45.244722,4.93762,92.01,173.9,34.4,36.0
4919,45.2439,4.937744,92.01,173.9,34.5,36.0
4920,45.243079,4.937869,92.01,173.9,34.5,36.0
4921,45.242257,4.937993,92.01,173.9,34.5,36.0
4922,45.241435,4.938118,92.01,173.9,34.5,36.0
4923,45.240613,4.938242,92.01,173.9,34.6,36.0
4924,45.239791,4.938367,92.01,173.9,34.6,36.0
4925,45.238969,4.938491,92.01,173.9,34.6,36.0
4926,45.238147,4.938615,92.01,173.9,34.7,36.0
4927,45.237325,4.93874,92.01,173.9,34.7,36.0
4928,45.236504,4.938864,92.01,173.9,34.7,36.0
4929,45.235682,4.938989,92.01,173.9,34.7,35.0
4930,45.23486,4.939113,92.01,173.9,34.8,35.0
4931,45.234038,4.939238,92.01,173.9,34.8,35.0
4932,45.233216,4.939362,92.01,173.9,34.8,35.0
4933,45.232394,4.939486,92.01,173.9,34.8,35.0
4934,45.231572,4.939611,92.01,173.9,34.9,35.0
4935,45.23075,4.939735,92.01,173.9,34.9,35.0
4936,45.229929,4.93986,92.01,173.9,34.9,35.0
4937,45.229107,4.939984,92.01,173.9,35.0,35.0
4938,45.228285,4.940108,92.01,173.9,35.0,35.0
4939,45.227463,4.940233,92.01,173.9,35.0,35.0
4940,45.226641,4.940357,92.01,173.9,35.0,35.0
4941,45.225819,4.940482,92.01,173.9,35.1,35.0
4942,45.224997,4.940606,92.01,173.9,35.1,35.0
4943,45.224175,4.940731,92.01,173.9,35.1,35.0
4944,45.223354,4.940855,92.01,173.9,35.1,35.0
4945,45.222532,4.940979,92.01,173.9,35.2,35.0
4946,45.22171,4.941104,92.01,173.9,35.2,35.0
4947,45.220888,4.941228,92.01,173.9,35.2,34.0
4948,45.220066,4.941353,92.01,173.9,35.3,34.0
4949,45.219244,4.941477,92.01,173.9,35.3,34.0
4950,45.218422,4.941602,92.01,173.9,35.3,34.0
4951,45.2176,4.941726,92.01,173.9,35.3,34.0
4952,45.216779,4.94185,92.01,173.9,35.4,34.0
4953,45.215957,4.941975,92.01,173.9,35.4,34.0
4954,45.215135,4.942099,92.01,173.9,35.4,34.0
4955,45.214313,4.942224,92.01,173.9,35.4,34.0
4956,45.213491,4.942348,92.01,173.9,35.5,34.0
4957,45.212669,4.942473,92.01,173.9,35.5,34.0
4958,45.211847,4.942597,92.01,173.9,35.5,34.0
4959,45.211025,4.942721,92.01,173.9,35.6,34.0
4960,45.210204,4.942846,92.01,173.9,35.6,34.0
4961,45.209382,4.94297,92.01,173.9,35.6,34.0
4962,45.20856,4.943095,92.01,173.9,35.6,34.0
4963,45.207738,4.943219,92.01,173.9,35.7,34.0
4964,45.206916,4.943344,92.01,173.9,35.7,34.0
4965,45.206094,4.943468,92.01,173.9,35.7,33.0
4966,45.205272,4.943592,92.01,173.9,35.8,33.0
4967,45.20445,4.943717,92.01,173.9,35.8,33.0
4968,45.203629,4.943841,92.01,173.9,35.8,33.0
4969,45.202807,4.943966,92.01,173.9,35.8,33.0
4970,45.201985,4.94409,92.01,173.9,35.9,33.0
4971,45.201163,4.944214,92.01,173.9,35.9,33.0
4972,45.200341,4.944339,92.01,173.9,35.9,33.0
4973,45.199519,4.944463,92.01,173.9,35.9,33.0
4974,45.198697,4.944588,92.01,173.9,36.0,33.0
4975,45.197875,4.944712,92.01,173.9,36.0,33.0
4976,45.197054,4.944837,92.01,173.9,36.0,33.0
4977,45.196232,4.944961,92.01,173.9,36.1,33.0
4978,45.19541,4.945085,92.01,173.9,36.1,33.0
4979,45.194588,4.94521,92.01,173.9,36.1,33.0
4980,45.193766,4.945334,92.01,173.9,36.1,33.0
4981,45.192944,4.945459,92.01,173.9,36.2,33.0
4982,45.192122,4.945583,92.01,173.9,36.2,33.0
4983,45.1913,4.945708,92.01,173.9,36.2,32.0
4984,45.190479,4.945832,92.01,173.9,36.3,32.0
4985,45.189657,4.945956,92.01,173.9,36.3,32.0
4986,45.188835,4.946081,92.01,173.9,36.3,32.0
4987,45.188013,4.946205,92.01,173.9,36.3,32.0
4988,45.187191,4.94633,92.01,173.9,36.4,32.0
4989,45.186369,4.946454,92.01,173.9,36.4,32.0
4990,45.185547,4.946579,92.01,173.9,36.4,32.0
4991,45.184725,4.946703,92.01,173.9,36.5,32.0
4992,45.183904,4.946827,92.01,173.9,36.5,32.0
4993,45.183082,4.946952,92.01,173.9,36.5,32.0
4994,45.18226,4.947076,92.01,173.9,36.5,32.0
4995,45.181438,4.947201,92.01,173.9,36.6,32.0
4996,45.180616,4.947325,92.01,173.9,36.6,32.0
4997,45.179794,4.94745,92.01,173.9,36.6,32.0
4998,45.178972,4.947574,92.01,173.9,36.7,32.0
4999,45.17815,4.947698,92.01,173.9,36.7,32.0
5000,45.177329,4.947823,92.01,173.9,36.7,31.0
5001,45.176507,4.947947,92.01,173.9,36.8,31.0
5002,45.175685,4.948072,92.01,173.9,36.8,31.0
5003,45.174863,4.948196,92.01,173.9,36.8,31.0
5004,45.174041,4.94832,92.01,173.9,36.8,31.0
5005,45.173219,4.948445,92.01,173.9,36.9,31.0
5006,45.172397,4.948569,92.01,173.9,36.9,31.0
5007,45.171575,4.948694,92.01,173.9,36.9,31.0
5008,45.170754,4.948818,92.01,173.9,37.0,31.0
5009,45.169932,4.948943,92.01,173.9,37.0,31.0
5010,45.16911,4.949067,92.01,173.9,37.0,31.0
5011,45.168288,4.949191,92.01,173.9,37.0,31.0
5012,45.167466,4.949316,92.01,173.9,37.1,31.0
5013,45.166644,4.94944,92.01,173.9,37.1,31.0
5014,45.165822,4.949565,92.01,173.9,37.1,31.0
5015,45.165,4.949689,92.01,173.9,37.2,31.0
5016,45.164179,4.949814,92.01,173.9,37.2,31.0
5017,45.163357,4.949938,92.01,173.9,37.2,31.0
5018,45.162535,4.950062,92.01,173.9,37.2,30.0
5019,45.161713,4.950187,92.01,173.9,37.3,30.0
5020,45.160891,4.950311,92.01,173.9,37.3,30.0
5021,45.160069,4.950436,92.01,173.9,37.3,30.0
5022,45.159247,4.95056,92.01,173.9,37.4,30.0
5023,45.158425,4.950685,92.01,173.9,37.4,30.0
5024,45.157604,4.950809,92.01,173.9,37.4,30.0
5025,45.156782,4.950933,92.01,173.9,37.5,30.0
5026,45.15596,4.951058,92.01,173.9,37.5,30.0
5027,45.155138,4.951182,92.01,173.9,37.5,30.0
5028,45.154316,4.951307,92.01,173.9,37.5,30.0
5029,45.153494,4.951431,92.01,173.9,37.6,30.0
5030,45.152672,4.951556,92.01,173.9,37.6,30.0
5031,45.15185,4.95168,92.01,173.9,37.6,30.0
5032,45.151029,4.951804,92.01,173.9,37.7,30.0
5033,45.150207,4.951929,92.01,173.9,37.7,30.0
5034,45.149385,4.952053,92.01,173.9,37.7,30.0
5035,45.148563,4.952178,92.01,173.9,37.8,30.0
5036,45.147741,4.952302,92.01,173.9,37.8,29.0
5037,45.146919,4.952426,92.01,173.9,37.8,29.0
5038,45.146097,4.952551,92.01,173.9,37.8,29.0
5039,45.145275,4.952675,92.01,173.9,37.9,29.0
5040,45.144454,4.9528,92.01,173.9,37.9,29.0
5041,45.143632,4.952924,92.01,173.9,37.9,29.0
5042,45.14281,4.953049,92.01,173.9,38.0,29.0
5043,45.141988,4.953173,92.01,173.9,38.0,29.0
5044,45.141166,4.953297,92.01,173.9,38.0,29.0
5045,45.140344,4.953422,92.01,173.9,38.1,29.0
5046,45.139522,4.953546,92.01,173.9,38.1,29.0
5047,45.1387,4.953671,92.01,173.9,38.1,29.0
5048,45.137879,4.953795,92.01,173.9,38.1,29.0
5049,45.137057,4.95392,92.01,173.9,38.2,29.0
5050,45.136235,4.954044,92.01,173.9,38.2,29.0
5051,45.135413,4.954168,92.01,173.9,38.2,29.0
5052,45.134591,4.954293,92.01,173.9,38.3,29.0
5053,45.133769,4.954417,92.01,173.9,38.3,29.0
5054,45.132947,4.954542,92.01,173.9,38.3,28.0
5055,45.132125,4.954666,92.01,173.9,38.4,28.0
5056,45.131304,4.954791,92.01,173.9,38.4,28.0
5057,45.130482,4.954915,92.01,173.9,38.4,28.0
5058,45.12966,4.955039,92.01,173.9,38.5,28.0
5059,45.128838,4.955164,92.01,173.9,38.5,28.0
5060,45.128016,4.955288,92.01,173.9,38.5,28.0
5061,45.127194,4.955413,92.01,173.9,38.5,28.0
5062,45.126372,4.955537,92.01,173.9,38.6,28.0
5063,45.12555,4.955662,92.01,173.9,38.6,28.0
5064,45.124729,4.955786,92.01,173.9,38.6,28.0
5065,45.123907,4.95591,92.01,173.9,38.7,28.0
5066,45.123085,4.956035,92.01,173.9,38.7,28.0
5067,45.122263,4.956159,92.01,173.9,38.7,28.0
5068,45.121441,4.956284,92.01,173.9,38.8,28.0
5069,45.120619,4.956408,92.01,173.9,38.8,28.0
5070,45.119797,4.956532,92.01,173.9,38.8,28.0
5071,45.118975,4.956657,92.01,173.9,38.9,27.0
5072,45.118154,4.956781,92.01,173.9,38.9,27.0
5073,45.117332,4.956906,92.01,173.9,38.9,27.0
5074,45.11651,4.95703,92.01,173.9,38.9,27.0
5075,45.115688,4.957155,92.01,173.9,39.0,27.0
5076,45.114866,4.957279,92.01,173.9,39.0,27.0
5077,45.114044,4.957403,92.01,173.9,39.0,27.0
5078,45.113222,4.957528,92.01,173.9,39.1,27.0
5079,45.1124,4.957652,92.01,173.9,39.1,27.0
5080,45.111579,4.957777,92.01,173.9,39.1,27.0
5081,45.110757,4.957901,92.01,173.9,39.2,27.0
5082,45.109935,4.958026,92.01,173.9,39.2,27.0
5083,45.109113,4.95815,92.01,173.9,39.2,27.0
5084,45.108291,4.958274,92.01,173.9,39.3,27.0
5085,45.107469,4.958399,92.01,173.9,39.3,27.0
5086,45.106647,4.958523,92.01,173.9,39.3,27.0
5087,45.105825,4.958648,92.01,173.9,39.4,27.0
5088,45.105004,4.958772,92.01,173.9,39.4,27.0
5089,45.104182,4.958897,92.01,173.9,39.4,26.0
5090,45.10336,4.959021,92.01,173.9,39.4,26.0
5091,45.102538,4.959145,92.01,173.9,39.5,26.0
5092,45.101716,4.95927,92.01,173.9,39.5,26.0
5093,45.100894,4.959394,92.01,173.9,39.5,26.0
5094,45.100072,4.959519,92.01,173.9,39.6,26.0
5095,45.09925,4.959643,92.01,173.9,39.6,26.0
5096,45.098429,4.959768,92.01,173.9,39.6,26.0
5097,45.097607,4.959892,92.01,173.9,39.7,26.0
5098,45.096785,4.960016,92.01,173.9,39.7,26.0
5099,45.095963,4.960141,92.01,173.9,39.7,26.0
5100,45.095141,4.960265,92.01,173.9,39.8,26.0
5101,45.094319,4.96039,92.01,173.9,39.8,26.0
5102,45.093497,4.960514,92.01,173.9,39.8,26.0
5103,45.092675,4.960638,92.01,173.9,39.9,26.0
5104,45.091854,4.960763,92.01,173.9,39.9,26.0
5105,45.091032,4.960887,92.01,173.9,39.9,26.0
5106,45.09021,4.961012,92.01,173.9,40.0,26.0
5107,45.089388,4.961136,92.01,173.9,40.0,25.0
5108,45.088566,4.961261,92.01,173.9,40.0,25.0
5109,45.087744,4.961385,92.01,173.9,40.0,25.0
5110,45.086922,4.961509,92.01,173.9,40.1,25.0
5111,45.0861,4.961634,92.01,173.9,40.1,25.0
5112,45.085279,4.961758,92.01,173.9,40.1,25.0
5113,45.084457,4.961883,92.01,173.9,40.2,25.0
5114,45.083635,4.962007,92.01,173.9,40.2,25.0
5115,45.082813,4.962132,92.01,173.9,40.2,25.0
5116,45.081991,4.962256,92.01,173.9,40.3,25.0
5117,45.081169,4.96238,92.01,173.9,40.3,25.0
5118,45.080347,4.962505,92.01,173.9,40.3,25.0
5119,45.079525,4.962629,92.01,173.9,40.4,25.0
5120,45.078704,4.962754,92.01,173.9,40.4,25.0
5121,45.077882,4.962878,92.01,173.9,40.4,25.0
5122,45.07706,4.963003,92.01,173.9,40.5,25.0
5123,45.076238,4.963127,92.01,173.9,40.5,25.0
5124,45.075416,4.963251,92.01,173.9,40.5,25.0
5125,45.074594,4.963376,92.01,173.9,40.6,24.0
5126,45.073772,4.9635,92.01,173.9,40.6,24.0
5127,45.07295,4.963625,92.01,173.9,40.6,24.0
5128,45.072129,4.963749,92.01,173.9,40.7,24.0
5129,45.071307,4.963874,92.01,173.9,40.7,24.0
5130,45.070485,4.963998,92.01,173.9,40.7,24.0
5131,45.069663,4.964122,92.01,173.9,40.8,24.0
5132,45.068841,4.964247,92.01,173.9,40.8,24.0
5133,45.068019,4.964371,92.01,173.9,40.8,24.0
5134,45.067197,4.964496,92.01,173.9,40.9,24.0
5135,45.066375,4.96462,92.01,173.9,40.9,24.0
5136,45.065554,4.964744,92.01,173.9,40.9,24.0
5137,45.064732,4.964869,92.01,173.9,41.0,24.0
5138,45.06391,4.964993,92.01,173.9,41.0,24.0
5139,45.063088,4.965118,92.01,173.9,41.0,24.0
5140,45.062266,4.965242,92.01,173.9,41.1,24.0
5141,45.061444,4.965367,92.01,173.9,41.1,24.0
5142,45.060622,4.965491,92.01,173.9,41.1,24.0
5143,45.0598,4.965615,92.01,173.9,41.1,23.0
5144,45.058979,4.96574,92.01,173.9,41.2,23.0
5145,45.058157,4.965864,92.01,173.9,41.2,23.0
5146,45.057335,4.965989,92.01,173.9,41.2,23.0
5147,45.056513,4.966113,92.01,173.9,41.3,23.0
5148,45.055691,4.966238,92.01,173.9,41.3,23.0
5149,45.054869,4.966362,92.01,173.9,41.3,23.0
5150,45.054047,4.966486,92.01,173.9,41.4,23.0
5151,45.053225,4.966611,92.01,173.9,41.4,23.0
5152,45.052404,4.966735,92.01,173.9,41.4,23.0
5153,45.051582,4.96686,92.01,173.9,41.5,23.0
5154,45.05076,4.966984,92.01,173.9,41.5,23.0
5155,45.049938,4.967109,92.01,173.9,41.5,23.0
5156,45.049116,4.967233,92.01,173.9,41.6,23.0
5157,45.048294,4.967357,92.01,173.9,41.6,23.0
5158,45.047472,4.967482,92.01,173.9,41.6,23.0
5159,45.04665,4.967606,92.01,173.9,41.7,23.0
5160,45.045829,4.967731,92.01,173.9,41.7,23.0
5161,45.045007,4.967855,92.01,173.9,41.7,22.0
5162,45.044185,4.96798,92.01,173.9,41.8,22.0
5163,45.043363,4.968104,92.01,173.9,41.8,22.0
5164,45.042541,4.968228,92.01,173.9,41.8,22.0
5165,45.041719,4.968353,92.01,173.9,41.9,22.0
5166,45.040897,4.968477,92.01,173.9,41.9,22.0
5167,45.040075,4.968602,92.01,173.9,41.9,22.0
5168,45.039254,4.968726,92.01,173.9,42.0,22.0
5169,45.038432,4.96885,92.01,173.9,42.0,22.0
5170,45.03761,4.968975,92.01,173.9,42.0,22.0
5171,45.036788,4.969099,92.01,173.9,42.1,22.0
5172,45.035966,4.969224,92.01,173.9,42.1,22.0
5173,45.035144,4.969348,92.01,173.9,42.1,22.0
5174,45.034322,4.969473,92.01,173.9,42.2,22.0
5175,45.0335,4.969597,92.01,173.9,42.2,22.0
5176,45.032679,4.969721,92.01,173.9,42.2,22.0
5177,45.031857,4.969846,92.01,173.9,42.3,22.0
5178,45.031035,4.96997,92.01,173.9,42.3,21.0
5179,45.030213,4.970095,92.01,173.9,42.3,21.0
5180,45.029391,4.970219,92.01,173.9,42.4,21.0
5181,45.028569,4.970344,92.01,173.9,42.4,21.0
5182,45.027747,4.970468,92.01,173.9,42.4,21.0
5183,45.026925,4.970592,92.01,173.9,42.5,21.0
5184,45.026104,4.970717,92.01,173.9,42.5,21.0
5185,45.025282,4.970841,92.01,173.9,42.5,21.0
5186,45.02446,4.970966,92.01,173.9,42.6,21.0
5187,45.023638,4.97109,92.01,173.9,42.6,21.0
5188,45.022816,4.971215,92.01,173.9,42.6,21.0
5189,45.021994,4.971339,92.01,173.9,42.7,21.0
5190,45.021172,4.971463,92.01,173.9,42.7,21.0
5191,45.02035,4.971588,92.01,173.9,42.7,21.0
5192,45.019529,4.971712,92.01,173.9,42.8,21.0
5193,45.018707,4.971837,92.01,173.9,42.8,21.0
5194,45.017885,4.971961,92.01,173.9,42.9,21.0
5195,45.017063,4.972085,92.01,173.9,42.9,21.0
5196,45.016241,4.97221,92.01,173.9,42.9,20.0
5197,45.015419,4.972334,92.01,173.9,43.0,20.0
5198,45.014597,4.972459,92.01,173.9,43.0,20.0
5199,45.013775,4.972583,92.01,173.9,43.0,20.0
5200,45.012954,4.972708,92.01,173.9,43.1,20.0
5201,45.012132,4.972832,92.01,173.9,43.1,20.0
5202,45.01131,4.972956,92.01,173.9,43.1,20.0
5203,45.010488,4.973081,92.01,173.9,43.2,20.0
5204,45.009666,4.973205,92.01,173.9,43.2,20.0
5205,45.008844,4.97333,92.01,173.9,43.2,20.0
5206,45.008022,4.973454,92.01,173.9,43.3,20.0
5207,45.0072,4.973579,92.01,173.9,43.3,20.0
5208,45.006379,4.973703,92.01,173.9,43.3,20.0
5209,45.005557,4.973827,92.01,173.9,43.4,20.0
5210,45.004735,4.973952,92.01,173.9,43.4,20.0
5211,45.003913,4.974076,92.01,173.9,43.4,20.0
5212,45.003091,4.974201,92.01,173.9,43.5,20.0
5213,45.002269,4.974325,92.01,173.9,43.5,20.0
5214,45.001447,4.97445,92.01,173.9,43.5,19.0
5215,45.000625,4.974574,92.01,173.9,43.6,19.0
5216,44.999804,4.974698,92.01,173.9,43.6,19.0
5217,44.998982,4.974823,92.01,173.9,43.6,19.0
5218,44.99816,4.974947,92.01,173.9,43.7,19.0
5219,44.997338,4.975072,92.01,173.9,43.7,19.0
5220,44.996516,4.975196,92.01,173.9,43.7,19.0
5221,44.995694,4.975321,92.01,173.9,43.8,19.0
5222,44.994872,4.975445,92.01,173.9,43.8,19.0
5223,44.99405,4.975569,92.01,173.9,43.8,19.0
5224,44.993229,4.975694,92.01,173.9,43.9,19.0
5225,44.992407,4.975818,92.01,173.9,43.9,19.0
5226,44.991585,4.975943,92.01,173.9,43.9,19.0
5227,44.990764,4.975943,91.4,180.0,44.0,19.0
5228,44.989944,4.975798,92.0,187.2,44.0,19.0
5229,44.989124,4.975652,92.0,187.2,44.0,19.0
5230,44.988304,4.975506,92.0,187.2,44.1,19.0
5231,44.987484,4.97536,92.0,187.2,44.1,19.0
5232,44.986664,4.975215,92.0,187.2,44.2,18.0
5233,44.985844,4.975069,92.0,187.2,44.2,18.0
5234,44.985024,4.974923,92.0,187.2,44.2,18.0
5235,44.984204,4.974778,92.0,187.2,44.3,18.0
5236,44.983384,4.974632,92.0,187.2,44.3,18.0
5237,44.982564,4.974486,92.0,187.2,44.3,18.0
5238,44.981744,4.974341,92.0,187.2,44.4,18.0
5239,44.980924,4.974195,92.0,187.2,44.4,18.0
5240,44.980104,4.974049,92.0,187.2,44.4,18.0
5241,44.979284,4.973904,92.0,187.2,44.5,18.0
5242,44.978464,4.973758,92.0,187.2,44.5,18.0
5243,44.977644,4.973612,92.0,187.2,44.5,18.0
5244,44.976824,4.973467,92.0,187.2,44.6,18.0
5245,44.976004,4.973321,92.0,187.2,44.6,18.0
5246,44.975184,4.973175,92.0,187.2,44.6,18.0
5247,44.974364,4.97303,92.0,187.2,44.7,18.0
5248,44.973544,4.972884,92.0,187.2,44.7,18.0
5249,44.972724,4.972738,92.0,187.2,44.7,18.0
5250,44.971904,4.972593,92.0,187.2,44.8,17.0
5251,44.971084,4.972447,92.0,187.2,44.8,17.0
5252,44.970264,4.972301,92.0,187.2,44.9,17.0
5253,44.969444,4.972156,92.0,187.2,44.9,17.0
5254,44.968624,4.97201,92.0,187.2,44.9,17.0
5255,44.967804,4.971864,92.0,187.2,45.0,17.0
5256,44.966984,4.971719,92.0,187.2,45.0,17.0
5257,44.966164,4.971573,92.0,187.2,45.0,17.0
5258,44.965344,4.971427,92.0,187.2,45.1,17.0
5259,44.964524,4.971282,92.0,187.2,45.1,17.0
5260,44.963704,4.971136,92.0,187.2,45.1,17.0
5261,44.962884,4.97099,92.0,187.2,45.2,17.0
5262,44.962064,4.970845,92.0,187.2,45.2,17.0
5263,44.961244,4.970699,92.0,187.2,45.2,17.0
5264,44.960424,4.970553,92.0,187.2,45.3,17.0
5265,44.959604,4.970408,92.0,187.2,45.3,17.0
5266,44.958784,4.970262,92.0,187.2,45.3,17.0
5267,44.957964,4.970116,92.0,187.2,45.4,17.0
5268,44.957144,4.96997,92.0,187.2,45.4,16.0
5269,44.956324,4.969825,92.0,187.2,45.4,16.0
5270,44.955504,4.969679,92.0,187.2,45.5,16.0
5271,44.954684,4.969533,92.0,187.2,45.5,16.0
5272,44.953864,4.969388,92.0,187.2,45.6,16.0
5273,44.953044,4.969242,92.0,187.2,45.6,16.0
5274,44.952224,4.969096,92.0,187.2,45.6,16.0
5275,44.951404,4.968951,92.0,187.2,45.7,16.0
5276,44.950584,4.968805,92.0,187.2,45.7,16.0
5277,44.949764,4.968659,92.0,187.2,45.7,16.0
5278,44.948944,4.968514,92.0,187.2,45.8,16.0
5279,44.948124,4.968368,92.0,187.2,45.8,16.0
5280,44.947304,4.968222,92.0,187.2,45.8,16.0
5281,44.946484,4.968077,92.0,187.2,45.9,16.0
5282,44.945664,4.967931,92.0,187.2,45.9,16.0
5283,44.944844,4.967785,92.0,187.2,45.9,16.0
5284,44.944024,4.96764,92.0,187.2,46.0,16.0
5285,44.943204,4.967494,92.0,187.2,46.0,16.0
5286,44.942384,4.967348,92.0,187.2,46.1,15.0
5287,44.941564,4.967203,92.0,187.2,46.1,15.0
5288,44.940744,4.967057,92.0,187.2,46.1,15.0
5289,44.939924,4.966911,92.0,187.2,46.2,15.0
5290,44.939104,4.966766,92.0,187.2,46.2,15.0
5291,44.938284,4.96662,92.0,187.2,46.2,15.0
5292,44.937464,4.966474,92.0,187.2,46.3,15.0
5293,44.936644,4.966329,92.0,187.2,46.3,15.0
5294,44.935824,4.966183,92.0,187.2,46.3,15.0
5295,44.935004,4.966037,92.0,187.2,46.4,15.0
5296,44.934184,4.965892,92.0,187.2,46.4,15.0
5297,44.933364,4.965746,92.0,187.2,46.4,15.0
5298,44.932544,4.9656,92.0,187.2,46.5,15.0
5299,44.931724,4.965455,92.0,187.2,46.5,15.0
5300,44.930904,4.965309,92.0,187.2,46.6,15.0
5301,44.930084,4.965163,92.0,187.2,46.6,15.0
5302,44.929264,4.965018,92.0,187.2,46.6,15.0
5303,44.928444,4.964872,92.0,187.2,46.7,15.0
5304,44.927624,4.964726,92.0,187.2,46.7,14.0
5305,44.926804,4.964581,92.0,187.2,46.7,14.0
5306,44.925984,4.964435,92.0,187.2,46.8,14.0
5307,44.925164,4.964289,92.0,187.2,46.8,14.0
5308,44.924344,4.964143,92.0,187.2,46.8,14.0
5309,44.923524,4.963998,92.0,187.2,46.9,14.0
5310,44.922704,4.963852,92.0,187.2,46.9,14.0
5311,44.921884,4.963706,92.0,187.2,47.0,14.0
5312,44.921064,4.963561,92.0,187.2,47.0,14.0
5313,44.920244,4.963415,92.0,187.2,47.0,14.0
5314,44.919424,4.963269,92.0,187.2,47.1,14.0
5315,44.918604,4.963124,92.0,187.2,47.1,14.0
5316,44.917784,4.962978,92.0,187.2,47.1,14.0
5317,44.916964,4.962832,92.0,187.2,47.2,14.0
5318,44.916144,4.962687,92.0,187.2,47.2,14.0
5319,44.915324,4.962541,92.0,187.2,47.2,14.0
5320,44.914504,4.962395,92.0,187.2,47.3,14.0
5321,44.913684,4.96225,92.0,187.2,47.3,14.0
5322,44.912864,4.962104,92.0,187.2,47.3,13.0
5323,44.912044,4.961958,92.0,187.2,47.4,13.0
5324,44.911224,4.961813,92.0,187.2,47.4,13.0
5325,44.910404,4.961667,92.0,187.2,47.5,13.0
5326,44.909584,4.961521,92.0,187.2,47.5,13.0
5327,44.908764,4.961376,92.0,187.2,47.5,13.0
5328,44.907944,4.96123,92.0,187.2,47.6,13.0
5329,44.907124,4.961084,92.0,187.2,47.6,13.0
5330,44.906304,4.960939,92.0,187.2,47.6,13.0
5331,44.905484,4.960793,92.0,187.2,47.7,13.0
5332,44.904664,4.960647,92.0,187.2,47.7,13.0
5333,44.903844,4.960502,92.0,187.2,47.7,13.0
5334,44.903024,4.960356,92.0,187.2,47.8,13.0
5335,44.902204,4.96021,92.0,187.2,47.8,13.0
5336,44.901384,4.960065,92.0,187.2,47.9,13.0
5337,44.900564,4.959919,92.0,187.2,47.9,13.0
5338,44.899744,4.959773,92.0,187.2,47.9,13.0
5339,44.898924,4.959628,92.0,187.2,48.0,13.0
5340,44.898104,4.959482,92.0,187.2,48.0,12.0
5341,44.897284,4.959336,92.0,187.2,48.0,12.0
5342,44.896464,4.959191,92.0,187.2,48.1,12.0
5343,44.895644,4.959045,92.0,187.2,48.1,12.0
5344,44.894824,4.958899,92.0,187.2,48.1,12.0
5345,44.894004,4.958753,92.0,187.2,48.2,12.0
5346,44.893184,4.958608,92.0,187.2,48.2,12.0
5347,44.892364,4.958462,92.0,187.2,48.3,12.0
5348,44.891544,4.958316,92.0,187.2,48.3,12.0
5349,44.890724,4.958171,92.0,187.2,48.3,12.0
5350,44.889904,4.958025,92.0,187.2,48.4,12.0
5351,44.889084,4.957879,92.0,187.2,48.4,12.0
5352,44.888264,4.957734,92.0,187.2,48.4,12.0
5353,44.887444,4.957588,92.0,187.2,48.5,12.0
5354,44.886624,4.957442,92.0,187.2,48.5,12.0
5355,44.885804,4.957297,92.0,187.2,48.6,12.0
5356,44.884984,4.957151,92.0,187.2,48.6,12.0
5357,44.884164,4.957005,92.0,187.2,48.6,12.0
5358,44.883344,4.95686,92.0,187.2,48.7,11.0
5359,44.882524,4.956714,92.0,187.2,48.7,11.0
5360,44.881704,4.956568,92.0,187.2,48.7,11.0
5361,44.880884,4.956423,92.0,187.2,48.8,11.0
5362,44.880064,4.956277,92.0,187.2,48.8,11.0
5363,44.879244,4.956131,92.0,187.2,48.8,11.0
5364,44.878424,4.955986,92.0,187.2,48.9,11.0
5365,44.877604,4.95584,92.0,187.2,48.9,11.0
5366,44.876784,4.955694,92.0,187.2,49.0,11.0
5367,44.875964,4.955549,92.0,187.2,49.0,11.0
5368,44.875144,4.955403,92.0,187.2,49.0,11.0
5369,44.874324,4.955257,92.0,187.2,49.1,11.0
5370,44.873504,4.955112,92.0,187.2,49.1,11.0
5371,44.872684,4.954966,92.0,187.2,49.1,11.0
5372,44.871864,4.95482,92.0,187.2,49.2,11.0
5373,44.871044,4.954675,92.0,187.2,49.2,11.0
5374,44.870224,4.954529,92.0,187.2,49.3,11.0
5375,44.869404,4.954383,92.0,187.2,49.3,11.0
5376,44.868584,4.954238,92.0,187.2,49.3,10.0
5377,44.867764,4.954092,92.0,187.2,49.4,10.0
5378,44.866944,4.953946,92.0,187.2,49.4,10.0
5379,44.866124,4.953801,92.0,187.2,49.4,10.0
5380,44.865304,4.953655,92.0,187.2,49.5,10.0
5381,44.864484,4.953509,92.0,187.2,49.5,10.0
5382,44.863664,4.953364,92.0,187.2,49.6,10.0
5383,44.862844,4.953218,92.0,187.2,49.6,10.0
5384,44.862024,4.953072,92.0,187.2,49.6,10.0
5385,44.861204,4.952926,92.0,187.2,49.7,10.0
5386,44.860384,4.952781,92.0,187.2,49.7,10.0
5387,44.859564,4.952635,92.0,187.2,49.7,10.0
5388,44.858744,4.952489,92.0,187.2,49.8,10.0
5389,44.857924,4.952344,92.0,187.2,49.8,10.0
5390,44.857104,4.952198,92.0,187.2,49.8,10.0
5391,44.856284,4.952052,92.0,187.2,49.9,10.0
5392,44.855464,4.951907,92.0,187.2,49.9,10.0
5393,44.854644,4.951761,92.0,187.2,50.0,10.0
5394,44.853824,4.951615,92.0,187.2,50.0,10.0
5395,44.853004,4.95147,92.0,187.2,50.0,9.0
5396,44.852184,4.951324,92.0,187.2,50.1,9.0
5397,44.851364,4.951178,92.0,187.2,50.1,9.0
5398,44.850544,4.951033,92.0,187.2,50.1,9.0
5399,44.849724,4.950887,92.0,187.2,50.2,9.0
5400,44.848904,4.950741,92.0,187.2,50.2,9.0
5401,44.848084,4.950596,92.0,187.2,50.3,9.0
5402,44.847264,4.95045,92.0,187.2,50.3,9.0
5403,44.846444,4.950304,92.0,187.2,50.3,9.0
5404,44.845624,4.950159,92.0,187.2,50.4,9.0
5405,44.844804,4.950013,92.0,187.2,50.4,9.0
5406,44.843984,4.949867,92.0,187.2,50.4,9.0
5407,44.843164,4.949722,92.0,187.2,50.5,9.0
5408,44.842344,4.949576,92.0,187.2,50.5,9.0
5409,44.841524,4.94943,92.0,187.2,50.6,9.0
5410,44.840704,4.949285,92.0,187.2,50.6,9.0
5411,44.839884,4.949139,92.0,187.2,50.6,9.0
5412,44.839064,4.948993,92.0,187.2,50.7,9.0
5413,44.838244,4.948848,92.0,187.2,50.7,8.0
5414,44.837424,4.948702,92.0,187.2,50.7,8.0
5415,44.836604,4.948556,92.0,187.2,50.8,8.0
5416,44.835784,4.948411,92.0,187.2,50.8,8.0
5417,44.834964,4.948265,92.0,187.2,50.9,8.0
5418,44.834144,4.948119,92.0,187.2,50.9,8.0
5419,44.833324,4.947974,92.0,187.2,50.9,8.0
5420,44.832504,4.947828,92.0,187.2,51.0,8.0
5421,44.831684,4.947682,92.0,187.2,51.0,8.0
5422,44.830864,4.947536,92.0,187.2,51.0,8.0
5423,44.830044,4.947391,92.0,187.2,51.1,8.0
5424,44.829224,4.947245,92.0,187.2,51.1,8.0
5425,44.828404,4.947099,92.0,187.2,51.2,8.0
5426,44.827584,4.946954,92.0,187.2,51.2,8.0
5427,44.826764,4.946808,92.0,187.2,51.2,8.0
5428,44.825944,4.946662,92.0,187.2,51.3,8.0
5429,44.825124,4.946517,92.0,187.2,51.3,8.0
5430,44.824304,4.946371,92.0,187.2,51.3,8.0
5431,44.823484,4.946225,92.0,187.2,51.4,7.0
5432,44.822664,4.94608,92.0,187.2,51.4,7.0
5433,44.821844,4.945934,92.0,187.2,51.5,7.0
5434,44.821024,4.945788,92.0,187.2,51.5,7.0
5435,44.820204,4.945643,92.0,187.2,51.5,7.0
5436,44.819384,4.945497,92.0,187.2,51.6,7.0
5437,44.818564,4.945351,92.0,187.2,51.6,7.0
5438,44.817744,4.945206,92.0,187.2,51.6,7.0
5439,44.816924,4.94506,92.0,187.2,51.7,7.0
5440,44.816104,4.944914,92.0,187.2,51.7,7.0
5441,44.815284,4.944769,92.0,187.2,51.8,7.0
5442,44.814464,4.944623,92.0,187.2,51.8,7.0
5443,44.813644,4.944477,92.0,187.2,51.8,7.0
5444,44.812824,4.944332,92.0,187.2,51.9,7.0
5445,44.812004,4.944186,92.0,187.2,51.9,7.0
5446,44.811184,4.94404,92.0,187.2,52.0,7.0
5447,44.810364,4.943895,92.0,187.2,52.0,7.0
5448,44.809544,4.943749,92.0,187.2,52.0,7.0
5449,44.808724,4.943603,92.0,187.2,52.1,7.0
5450,44.807904,4.943458,92.0,187.2,52.1,6.0
5451,44.807084,4.943312,92.0,187.2,52.1,6.0
5452,44.806264,4.943166,92.0,187.2,52.2,6.0
5453,44.805444,4.943021,92.0,187.2,52.2,6.0
5454,44.804624,4.942875,92.0,187.2,52.3,6.0
5455,44.803804,4.942729,92.0,187.2,52.3,6.0
5456,44.802984,4.942584,92.0,187.2,52.3,6.0
5457,44.802164,4.942438,92.0,187.2,52.4,6.0
5458,44.801344,4.942292,92.0,187.2,52.4,6.0
5459,44.800524,4.942147,92.0,187.2,52.4,6.0
5460,44.799704,4.942001,92.0,187.2,52.5,6.0
5461,44.798884,4.941855,92.0,187.2,52.5,6.0
5462,44.798064,4.941709,92.0,187.2,52.6,6.0
5463,44.797244,4.941564,92.0,187.2,52.6,6.0
5464,44.796424,4.941418,92.0,187.2,52.6,6.0
5465,44.795604,4.941272,92.0,187.2,52.7,6.0
5466,44.794784,4.941127,92.0,187.2,52.7,6.0
5467,44.793964,4.940981,92.0,187.2,52.7,6.0
5468,44.793144,4.940835,92.0,187.2,52.8,5.0
5469,44.792324,4.94069,92.0,187.2,52.8,5.0
5470,44.791504,4.940544,92.0,187.2,52.9,5.0
5471,44.790684,4.940398,92.01,187.2,52.9,5.0
5472,44.789864,4.940253,92.01,187.2,52.9,5.0
5473,44.789044,4.940107,92.01,187.2,53.0,5.0
5474,44.788224,4.939961,92.01,187.2,53.0,5.0
5475,44.787404,4.939816,92.01,187.2,53.1,5.0
5476,44.786584,4.93967,92.01,187.2,53.1,5.0
5477,44.785764,4.939524,92.01,187.2,53.1,5.0
5478,44.784944,4.939379,92.01,187.2,53.2,5.0
5479,44.784124,4.939233,92.01,187.2,53.2,5.0
5480,44.783304,4.939087,92.01,187.2,53.2,5.0
5481,44.782484,4.938942,92.01,187.2,53.3,5.0
5482,44.781664,4.938796,92.01,187.2,53.3,5.0
5483,44.780844,4.93865,92.01,187.2,53.4,5.0
5484,44.780024,4.938505,92.01,187.2,53.4,5.0
5485,44.779204,4.938359,92.01,187.2,53.4,5.0
5486,44.778384,4.938213,92.01,187.2,53.5,5.0
5487,44.777564,4.938068,92.01,187.2,53.5,4.0
5488,44.776744,4.937922,92.01,187.2,53.5,4.0
5489,44.775924,4.937776,92.01,187.2,53.6,4.0
5490,44.775104,4.937631,92.01,187.2,53.6,4.0
5491,44.774284,4.937485,92.01,187.2,53.7,4.0
5492,44.773464,4.937339,92.01,187.2,53.7,4.0
5493,44.772644,4.937194,92.01,187.2,53.7,4.0
5494,44.771824,4.937048,92.01,187.2,53.8,4.0
5495,44.771004,4.936902,92.01,187.2,53.8,4.0
5496,44.770184,4.936757,92.01,187.2,53.9,4.0
5497,44.769364,4.936611,92.01,187.2,53.9,4.0
5498,44.768544,4.936465,92.01,187.2,53.9,4.0
5499,44.767724,4.936319,92.01,187.2,54.0,4.0
5500,44.766904,4.936174,92.01,187.2,54.0,4.0
5501,44.766084,4.936028,92.01,187.2,54.0,4.0
5502,44.765264,4.935882,92.01,187.2,54.1,4.0
5503,44.764444,4.935737,92.01,187.2,54.1,4.0
5504,44.763624,4.935591,92.01,187.2,54.2,4.0
5505,44.762804,4.935445,92.01,187.2,54.2,3.0
5506,44.761984,4.9353,92.01,187.2,54.2,3.0
5507,44.761164,4.935154,92.01,187.2,54.3,3.0
5508,44.760344,4.935008,92.01,187.2,54.3,3.0
5509,44.759524,4.934863,92.01,187.2,54.4,3.0
5510,44.758704,4.934717,92.01,187.2,54.4,3.0
5511,44.757884,4.934571,92.01,187.2,54.4,3.0
5512,44.757064,4.934426,92.01,187.2,54.5,3.0
5513,44.756244,4.93428,92.01,187.2,54.5,3.0
5514,44.755424,4.934134,92.01,187.2,54.5,3.0
5515,44.754604,4.933989,92.01,187.2,54.6,3.0
5516,44.753784,4.933843,92.01,187.2,54.6,3.0
5517,44.752964,4.933697,92.01,187.2,54.7,3.0
5518,44.752144,4.933552,92.01,187.2,54.7,3.0
5519,44.751324,4.933406,92.01,187.2,54.7,3.0
5520,44.750504,4.93326,92.01,187.2,54.8,3.0
5521,44.749684,4.933115,92.01,187.2,54.8,3.0
5522,44.748864,4.932969,92.01,187.2,54.9,3.0
5523,44.748044,4.932823,92.01,187.2,54.9,3.0
5524,44.747224,4.932678,92.01,187.2,54.9,2.0
5525,44.746404,4.932532,92.01,187.2,55.0,2.0
5526,44.745584,4.932386,92.01,187.2,55.0,2.0
5527,44.744764,4.932241,92.01,187.2,55.0,2.0
5528,44.743944,4.932095,92.01,187.2,55.1,2.0
5529,44.743124,4.931949,92.01,187.2,55.1,2.0
5530,44.742304,4.931804,92.01,187.2,55.2,2.0
5531,44.741484,4.931658,92.01,187.2,55.2,2.0
5532,44.740664,4.931512,92.01,187.2,55.2,2.0
5533,44.739844,4.931367,92.01,187.2,55.3,2.0
5534,44.739024,4.931221,92.01,187.2,55.3,2.0
5535,44.738204,4.931075,92.01,187.2,55.4,2.0
5536,44.737384,4.93093,92.01,187.2,55.4,2.0
5537,44.736564,4.930784,92.01,187.2,55.4,2.0
5538,44.735744,4.930638,92.01,187.2,55.5,2.0
5539,44.734924,4.930492,92.01,187.2,55.5,2.0
5540,44.734104,4.930347,92.01,187.2,55.5,2.0
5541,44.733284,4.930201,92.01,187.2,55.6,2.0
5542,44.732464,4.930055,92.01,187.2,55.6,2.0
5543,44.731644,4.92991,92.01,187.2,55.7,1.0
5544,44.730824,4.929764,92.01,187.2,55.7,1.0
5545,44.730004,4.929618,92.01,187.2,55.7,1.0
5546,44.729184,4.929473,92.01,187.2,55.8,1.0
5547,44.728364,4.929327,92.01,187.2,55.8,1.0
5548,44.727544,4.929181,92.01,187.2,55.9,1.0
5549,44.726724,4.929036,92.01,187.2,55.9,1.0
5550,44.725904,4.92889,92.01,187.2,55.9,1.0
5551,44.725084,4.928744,92.01,187.2,56.0,1.0
5552,44.724264,4.928599,92.01,187.2,56.0,1.0
5553,44.723444,4.928453,92.01,187.2,56.0,1.0
5554,44.722624,4.928307,92.01,187.2,56.1,1.0
5555,44.721804,4.928162,92.01,187.2,56.1,1.0
5556,44.720984,4.928016,92.01,187.2,56.2,1.0
5557,44.720164,4.92787,92.01,187.2,56.2,1.0
5558,44.719344,4.927725,92.01,187.2,56.2,1.0
5559,44.718524,4.927579,92.01,187.2,56.3,1.0
5560,44.717704,4.927433,92.01,187.2,56.3,1.0
5561,44.716884,4.927288,92.01,187.2,56.4,0.0
5562,44.716064,4.927142,92.01,187.2,56.4,0.0
5563,44.715244,4.926996,92.01,187.2,56.4,0.0
5564,44.714424,4.926851,92.01,187.2,56.5,0.0
5565,44.713604,4.926705,92.01,187.2,56.5,0.0
5566,44.712784,4.926559,92.01,187.2,56.5,0.0
5567,44.711964,4.926414,92.01,187.2,56.6,0.0
5568,44.711144,4.926268,92.01,187.2,56.6,0.0
5569,44.710324,4.926122,92.01,187.2,56.7,0.0
5570,44.709504,4.925977,92.01,187.2,56.7,0.0
5571,44.708684,4.925831,92.01,187.2,56.7,0.0
5572,44.707864,4.925685,92.01,187.2,56.8,0.0
5573,44.707044,4.92554,92.01,187.2,56.8,0.0
5574,44.706224,4.925394,92.01,187.2,56.9,0.0
5575,44.705404,4.925248,92.01,187.2,56.9,0.0
5576,44.704584,4.925102,92.01,187.2,56.9,0.0
5577,44.703764,4.924957,92.01,187.2,57.0,0.0
5578,44.702944,4.924811,92.01,187.2,57.0,0.0
5579,44.702124,4.924665,92.01,187.2,57.1,0.0
5580,44.701304,4.92452,92.01,187.2,57.1,0.0
5581,44.700484,4.924374,92.01,187.2,57.1,0.0
5582,44.699664,4.924228,92.01,187.2,57.2,0.0
5583,44.698844,4.924083,92.01,187.2,57.2,0.0
5584,44.698024,4.923937,92.01,187.2,57.2,0.0
5585,44.697204,4.923791,92.01,187.2,57.3,0.0
5586,44.696384,4.923646,92.01,187.2,57.3,0.0
5587,44.695564,4.9235,92.01,187.2,57.4,0.0
5588,44.694744,4.923354,92.01,187.2,57.4,0.0
5589,44.693924,4.923209,92.01,187.2,57.4,0.0
5590,44.693104,4.923063,92.01,187.2,57.5,0.0
5591,44.692284,4.922917,92.01,187.2,57.5,0.0
5592,44.691464,4.922772,92.01,187.2,57.6,0.0
5593,44.690644,4.922626,92.01,187.2,57.6,0.0
5594,44.689824,4.92248,92.01,187.2,57.6,0.0
5595,44.689004,4.922335,92.01,187.2,57.7,0.0
5596,44.688184,4.922189,92.01,187.2,57.7,0.0
5597,44.687364,4.922043,92.01,187.2,57.8,0.0
5598,44.686544,4.921898,92.01,187.2,57.8,0.0
5599,44.685724,4.921752,92.01,187.2,57.8,0.0
5600,44.684904,4.921606,92.01,187.2,57.9,0.0
5601,44.684084,4.921461,92.01,187.2,57.9,0.0
5602,44.683264,4.921315,92.01,187.2,57.9,0.0
5603,44.682444,4.921169,92.01,187.2,58.0,0.0
5604,44.681624,4.921024,92.01,187.2,58.0,0.0
5605,44.680804,4.920878,92.01,187.2,58.1,0.0
5606,44.679984,4.920732,92.01,187.2,58.1,0.0
5607,44.679164,4.920587,92.01,187.2,58.1,0.0
5608,44.678344,4.920441,92.01,187.2,58.2,0.0
5609,44.677524,4.920295,92.01,187.2,58.2,0.0
5610,44.676704,4.92015,92.01,187.2,58.3,0.0
5611,44.675884,4.920004,92.01,187.2,58.3,0.0
5612,44.675064,4.919858,92.01,187.2,58.3,0.0
5613,44.674244,4.919713,92.01,187.2,58.4,0.0
5614,44.673424,4.919567,92.01,187.2,58.4,0.0
5615,44.672604,4.919421,92.01,187.2,58.5,0.0
5616,44.671784,4.919275,92.01,187.2,58.5,0.0
5617,44.670964,4.91913,92.01,187.2,58.5,0.0
5618,44.670144,4.918984,92.01,187.2,58.6,0.0
5619,44.669324,4.918838,92.01,187.2,58.6,0.0
5620,44.668504,4.918693,92.01,187.2,58.6,0.0
5621,44.667684,4.918547,92.01,187.2,58.7,0.0
5622,44.666864,4.918401,92.01,187.2,58.7,0.0
5623,44.666044,4.918256,92.01,187.2,58.8,0.0
5624,44.665224,4.91811,92.01,187.2,58.8,0.0
5625,44.664404,4.917964,92.01,187.2,58.8,0.0
5626,44.663584,4.917819,92.01,187.2,58.9,0.0
5627,44.662764,4.917673,92.01,187.2,58.9,0.0
5628,44.661944,4.917527,92.01,187.2,59.0,0.0
5629,44.661124,4.917382,92.01,187.2,59.0,0.0
5630,44.660304,4.917236,92.01,187.2,59.0,0.0
5631,44.659484,4.91709,92.01,187.2,59.1,0.0
5632,44.658664,4.916945,92.01,187.2,59.1,0.0
5633,44.657844,4.916799,92.01,187.2,59.1,0.0
5634,44.657024,4.916653,92.01,187.2,59.2,0.0
5635,44.656204,4.916508,92.01,187.2,59.2,0.0
5636,44.655384,4.916362,92.01,187.2,59.3,0.0
5637,44.654564,4.916216,92.01,187.2,59.3,0.0
5638,44.653744,4.916071,92.01,187.2,59.3,0.0
5639,44.652924,4.915925,92.01,187.2,59.4,0.0
5640,44.652104,4.915779,92.01,187.2,59.4,0.0
5641,44.651284,4.915634,92.01,187.2,59.5,0.0
5642,44.650464,4.915488,92.01,187.2,59.5,0.0
5643,44.649644,4.915342,92.01,187.2,59.5,0.0
5644,44.648824,4.915197,92.01,187.2,59.6,0.0
5645,44.648004,4.915051,92.01,187.2,59.6,0.0
5646,44.647184,4.914905,92.01,187.2,59.7,0.0
5647,44.646364,4.91476,92.01,187.2,59.7,0.0
5648,44.645544,4.914614,92.01,187.2,59.7,0.0
5649,44.644724,4.914468,92.01,187.2,59.8,0.0
5650,44.643904,4.914323,92.01,187.2,59.8,0.0
5651,44.643084,4.914177,92.01,187.2,59.8,0.0
5652,44.642264,4.914031,92.01,187.2,59.9,0.0
5653,44.641444,4.913885,92.01,187.2,59.9,0.0
5654,44.640624,4.91374,92.01,187.2,60.0,0.0
5655,44.639804,4.913594,92.01,187.2,60.0,0.0
5656,44.638984,4.913448,92.01,187.2,60.0,0.0
5657,44.638164,4.913303,92.01,187.2,60.1,0.0
5658,44.637344,4.913157,92.01,187.2,60.1,0.0
5659,44.636524,4.913011,92.01,187.2,60.2,0.0
5660,44.635704,4.912866,92.01,187.2,60.2,0.0
5661,44.634884,4.91272,92.01,187.2,60.2,0.0
5662,44.634064,4.912574,92.01,187.2,60.3,0.0
5663,44.633244,4.912429,92.01,187.2,60.3,0.0
5664,44.632424,4.912283,92.01,187.2,60.4,0.0
5665,44.631604,4.912137,92.01,187.2,60.4,0.0
5666,44.630784,4.911992,92.01,187.2,60.4,0.0
5667,44.629964,4.911846,92.01,187.2,60.5,0.0
5668,44.629144,4.9117,92.01,187.2,60.5,0.0
5669,44.628324,4.911555,92.01,187.2,60.5,0.0
5670,44.627504,4.911409,92.01,187.2,60.6,0.0
5671,44.626684,4.911263,92.01,187.2,60.6,0.0
5672,44.625864,4.911118,92.01,187.2,60.7,0.0
5673,44.625044,4.910972,92.01,187.2,60.7,0.0
5674,44.624224,4.910826,92.01,187.2,60.7,0.0
5675,44.623404,4.910681,92.01,187.2,60.8,0.0
5676,44.622584,4.910535,92.01,187.2,60.8,0.0
5677,44.621764,4.910389,92.01,187.2,60.9,0.0
5678,44.620944,4.910244,92.01,187.2,60.9,0.0
5679,44.620124,4.910098,92.01,187.2,60.9,0.0
5680,44.619304,4.909952,92.01,187.2,61.0,0.0
5681,44.618484,4.909807,92.01,187.2,61.0,0.0
5682,44.617664,4.909661,92.01,187.2,61.1,0.0
5683,44.616844,4.909515,92.01,187.2,61.1,0.0
5684,44.616024,4.90937,92.01,187.2,61.1,0.0
5685,44.615204,4.909224,92.01,187.2,61.2,0.0
5686,44.614384,4.909078,92.01,187.2,61.2,0.0
5687,44.613564,4.908933,92.01,187.2,61.2,0.0
5688,44.612744,4.908787,92.01,187.2,61.3,0.0
5689,44.611924,4.908641,92.01,187.2,61.3,0.0
5690,44.611104,4.908496,92.01,187.2,61.4,0.0
5691,44.610284,4.90835,92.01,187.2,61.4,0.0
5692,44.609464,4.908204,92.01,187.2,61.4,0.0
5693,44.608644,4.908058,92.01,187.2,61.5,0.0
5694,44.607824,4.907913,92.01,187.2,61.5,0.0
5695,44.607004,4.907767,92.01,187.2,61.6,0.0
5696,44.606184,4.907621,92.01,187.2,61.6,0.0
5697,44.605364,4.907476,92.01,187.2,61.6,0.0
5698,44.604544,4.90733,92.01,187.2,61.7,0.0
5699,44.603724,4.907184,92.01,187.2,61.7,0.0
5700,44.602904,4.907039,92.01,187.2,61.8,0.0
5701,44.602084,4.906893,92.01,187.2,61.8,0.0
5702,44.601264,4.906747,92.01,187.2,61.8,0.0
5703,44.600444,4.906602,92.01,187.2,61.9,0.0
5704,44.599624,4.906456,92.01,187.2,61.9,0.0
5705,44.598804,4.90631,92.01,187.2,61.9,0.0
5706,44.597984,4.906165,92.01,187.2,62.0,0.0
5707,44.597164,4.906019,92.01,187.2,62.0,0.0
5708,44.596344,4.905873,92.01,187.2,62.1,0.0
5709,44.595524,4.905728,92.01,187.2,62.1,0.0
5710,44.594704,4.905582,92.01,187.2,62.1,0.0
5711,44.593884,4.905436,92.01,187.2,62.2,0.0
5712,44.593064,4.905291,92.01,187.2,62.2,0.0
5713,44.592244,4.905145,92.01,187.2,62.3,0.0
5714,44.591424,4.904999,92.01,187.2,62.3,0.0
5715,44.590604,4.904854,92.01,187.2,62.3,0.0
5716,44.589784,4.904708,92.01,187.2,62.4,0.0
5717,44.588964,4.904562,92.01,187.2,62.4,0.0
5718,44.588144,4.904417,92.01,187.2,62.5,0.0
5719,44.587324,4.904271,92.01,187.2,62.5,0.0
5720,44.586504,4.904125,92.01,187.2,62.5,0.0
5721,44.585684,4.90398,92.01,187.2,62.6,0.0
5722,44.584864,4.903834,92.01,187.2,62.6,0.0
5723,44.584044,4.903688,92.01,187.2,62.6,0.0
5724,44.583224,4.903543,92.01,187.2,62.7,0.0
5725,44.582404,4.903397,92.01,187.2,62.7,0.0
5726,44.581584,4.903251,92.01,187.2,62.8,0.0
5727,44.580764,4.903106,92.01,187.2,62.8,0.0
5728,44.579944,4.90296,92.01,187.2,62.8,0.0
5729,44.579124,4.902814,92.01,187.2,62.9,0.0
5730,44.578304,4.902669,92.01,187.2,62.9,0.0
5731,44.577484,4.902523,92.01,187.2,63.0,0.0
5732,44.576664,4.902377,92.01,187.2,63.0,0.0
5733,44.575844,4.902231,92.01,187.2,63.0,0.0
5734,44.575024,4.902086,92.01,187.2,63.1,0.0
5735,44.574204,4.90194,92.01,187.2,63.1,0.0
5736,44.573384,4.901794,92.01,187.2,63.2,0.0
5737,44.572564,4.901649,92.01,187.2,63.2,0.0
5738,44.571744,4.901503,92.01,187.2,63.2,0.0
5739,44.570924,4.901357,92.01,187.2,63.3,0.0
5740,44.570104,4.901212,92.01,187.2,63.3,0.0
5741,44.569284,4.901066,92.01,187.2,63.3,0.0
5742,44.568464,4.90092,92.01,187.2,63.4,0.0
5743,44.567644,4.900775,92.01,187.2,63.4,0.0
5744,44.566824,4.900629,92.01,187.2,63.5,0.0
5745,44.566004,4.900483,92.01,187.2,63.5,0.0
5746,44.565184,4.900338,92.01,187.2,63.5,0.0
5747,44.564364,4.900192,92.01,187.2,63.6,0.0
5748,44.563544,4.900046,92.01,187.2,63.6,0.0
5749,44.562724,4.899901,92.01,187.2,63.7,0.0
5750,44.561904,4.899755,92.01,187.2,63.7,0.0
5751,44.561084,4.899609,92.01,187.2,63.7,0.0
5752,44.560264,4.899464,92.01,187.2,63.8,0.0
5753,44.559444,4.899318,92.01,187.2,63.8,0.0
5754,44.558624,4.899172,92.01,187.2,63.8,0.0
5755,44.557804,4.899027,92.01,187.2,63.9,0.0
5756,44.556984,4.898881,92.01,187.2,63.9,0.0
5757,44.556164,4.898735,92.01,187.2,64.0,0.0
5758,44.555344,4.89859,92.01,187.2,64.0,0.0
5759,44.554524,4.898444,92.01,187.2,64.0,0.0
5760,44.553704,4.898298,92.01,187.2,64.1,0.0
5761,44.552884,4.898153,92.01,187.2,64.1,0.0
5762,44.552064,4.898007,92.01,187.2,64.2,0.0
5763,44.551244,4.897861,92.01,187.2,64.2,0.0
5764,44.550424,4.897716,92.01,187.2,64.2,0.0
5765,44.549604,4.89757,92.01,187.2,64.3,0.0
5766,44.548784,4.897424,92.01,187.2,64.3,0.0
5767,44.547964,4.897279,92.01,187.2,64.3,0.0
5768,44.547144,4.897133,92.01,187.2,64.4,0.0
5769,44.546324,4.896987,92.01,187.2,64.4,0.0
5770,44.545504,4.896841,92.01,187.2,64.5,0.0
5771,44.544684,4.896696,92.01,187.2,64.5,0.0
5772,44.543864,4.89655,92.01,187.2,64.5,0.0
5773,44.543044,4.896404,92.01,187.2,64.6,0.0
5774,44.542224,4.896259,92.01,187.2,64.6,0.0
5775,44.541404,4.896113,92.01,187.2,64.7,0.0
5776,44.540584,4.895967,92.01,187.2,64.7,0.0
5777,44.539764,4.895822,92.01,187.2,64.7,0.0
5778,44.538944,4.895676,92.01,187.2,64.8,0.0
5779,44.538124,4.89553,92.01,187.2,64.8,0.0
5780,44.537304,4.895385,92.01,187.2,64.9,0.0
5781,44.536484,4.895239,92.01,187.2,64.9,0.0
5782,44.535664,4.895093,92.01,187.2,64.9,0.0
5783,44.534844,4.894948,92.01,187.2,65.0,0.0
5784,44.534024,4.894802,92.01,187.2,65.0,0.0
5785,44.533204,4.894656,92.01,187.2,65.0,0.0
5786,44.532384,4.894511,92.01,187.2,65.1,0.0
5787,44.531564,4.894365,92.01,187.2,65.1,0.0
5788,44.530744,4.894219,92.01,187.2,65.2,0.0
5789,44.529924,4.894074,92.01,187.2,65.2,0.0
5790,44.529104,4.893928,92.01,187.2,65.2,0.0
5791,44.528284,4.893782,92.01,187.2,65.3,0.0
5792,44.527464,4.893637,92.01,187.2,65.3,0.0
5793,44.526644,4.893491,92.01,187.2,65.4,0.0
5794,44.525824,4.893345,92.01,187.2,65.4,0.0
5795,44.525004,4.8932,92.01,187.2,65.4,0.0
5796,44.524184,4.893054,92.01,187.2,65.5,0.0
5797,44.523364,4.892908,92.01,187.2,65.5,0.0
5798,44.522544,4.892763,92.01,187.2,65.5,0.0
5799,44.521724,4.892617,92.01,187.2,65.6,0.0
5800,44.520904,4.892471,92.01,187.2,65.6,0.0
5801,44.520084,4.892326,92.01,187.2,65.7,0.0
5802,44.519264,4.89218,92.01,187.2,65.7,0.0
5803,44.518444,4.892034,92.01,187.2,65.7,0.0
5804,44.517624,4.891889,92.01,187.2,65.8,0.0
5805,44.516804,4.891743,92.01,187.2,65.8,0.0
5806,44.515984,4.891597,92.01,187.2,65.8,0.0
5807,44.515164,4.891452,92.01,187.2,65.9,0.0
5808,44.514344,4.891306,92.01,187.2,65.9,0.0
5809,44.513524,4.89116,92.01,187.2,66.0,0.0
5810,44.512704,4.891014,92.01,187.2,66.0,0.0
5811,44.511884,4.890869,92.01,187.2,66.0,0.0
5812,44.511064,4.890723,92.01,187.2,66.1,0.0
5813,44.510244,4.890577,92.01,187.2,66.1,0.0
5814,44.509424,4.890432,92.01,187.2,66.2,0.0
5815,44.508604,4.890286,92.01,187.2,66.2,0.0
5816,44.507784,4.89014,92.01,187.2,66.2,0.0
5817,44.506964,4.889995,92.01,187.2,66.3,0.0
5818,44.506144,4.889849,92.01,187.2,66.3,0.0
5819,44.505324,4.889703,92.01,187.2,66.3,0.0
5820,44.504504,4.889558,92.01,187.2,66.4,0.0
5821,44.503684,4.889412,92.01,187.2,66.4,0.0
5822,44.502864,4.889266,92.01,187.2,66.5,0.0
5823,44.502044,4.889121,92.01,187.2,66.5,0.0
5824,44.501224,4.888975,92.01,187.2,66.5,0.0
5825,44.500404,4.888829,92.01,187.2,66.6,0.0
5826,44.499584,4.888684,92.01,187.2,66.6,0.0
5827,44.498764,4.888538,92.01,187.2,66.7,0.0
5828,44.497944,4.888392,92.01,187.2,66.7,0.0
5829,44.497124,4.888247,92.01,187.2,66.7,0.0
5830,44.496304,4.888101,92.01,187.2,66.8,0.0
5831,44.495484,4.887955,92.01,187.2,66.8,0.0
5832,44.494664,4.88781,92.01,187.2,66.8,0.0
5833,44.493844,4.887664,92.01,187.2,66.9,0.0
5834,44.493024,4.887518,92.01,187.2,66.9,0.0
5835,44.492204,4.887373,92.01,187.2,67.0,0.0
5836,44.491384,4.887227,92.01,187.2,67.0,0.0
5837,44.490564,4.887081,92.01,187.2,67.0,0.0
5838,44.489744,4.886936,92.01,187.2,67.1,0.0
5839,44.488924,4.88679,92.01,187.2,67.1,0.0
5840,44.488104,4.886644,92.01,187.2,67.1,0.0
5841,44.487284,4.886499,92.01,187.2,67.2,0.0
5842,44.486464,4.886353,92.01,187.2,67.2,0.0
5843,44.485644,4.886207,92.01,187.2,67.3,0.0
5844,44.484824,4.886062,92.01,187.2,67.3,0.0
5845,44.484004,4.885916,92.01,187.2,67.3,0.0
5846,44.483184,4.88577,92.01,187.2,67.4,0.0
5847,44.482364,4.885624,92.01,187.2,67.4,0.0
5848,44.481544,4.885479,92.01,187.2,67.5,0.0
5849,44.480724,4.885333,92.01,187.2,67.5,0.0
5850,44.479904,4.885187,92.01,187.2,67.5,0.0
5851,44.479084,4.885042,92.01,187.2,67.6,0.0
5852,44.478264,4.884896,92.01,187.2,67.6,0.0
5853,44.477444,4.88475,92.01,187.2,67.6,0.0
5854,44.476624,4.884605,92.01,187.2,67.7,0.0
5855,44.475804,4.884459,92.01,187.2,67.7,0.0
5856,44.474984,4.884313,92.01,187.2,67.8,0.0
5857,44.474164,4.884168,92.01,187.2,67.8,0.0
5858,44.473344,4.884022,92.01,187.2,67.8,0.0
5859,44.472524,4.883876,92.01,187.2,67.9,0.0
5860,44.471704,4.883731,92.01,187.2,67.9,0.0
5861,44.470884,4.883585,92.01,187.2,67.9,0.0
5862,44.470064,4.883439,92.01,187.2,68.0,0.0
5863,44.469244,4.883294,92.01,187.2,68.0,0.0
5864,44.468424,4.883148,92.01,187.2,68.1,0.0
5865,44.467604,4.883002,92.01,187.2,68.1,0.0
5866,44.466784,4.882857,92.01,187.2,68.1,0.0
5867,44.465964,4.882711,92.01,187.2,68.2,0.0
5868,44.465144,4.882565,92.01,187.2,68.2,0.0
5869,44.464324,4.88242,92.01,187.2,68.2,0.0
5870,44.463504,4.882274,92.01,187.2,68.3,0.0
5871,44.462684,4.882128,92.01,187.2,68.3,0.0
5872,44.461864,4.881983,92.01,187.2,68.4,0.0
5873,44.461044,4.881837,92.01,187.2,68.4,0.0
5874,44.460224,4.881691,92.01,187.2,68.4,0.0
5875,44.459404,4.881546,92.01,187.2,68.5,0.0
5876,44.458584,4.8814,92.01,187.2,68.5,0.0
5877,44.457764,4.881254,92.01,187.2,68.6,0.0
5878,44.456944,4.881109,92.01,187.2,68.6,0.0
5879,44.456124,4.880963,92.01,187.2,68.6,0.0
5880,44.455304,4.880817,92.01,187.2,68.7,0.0
5881,44.454484,4.880672,92.01,187.2,68.7,0.0
5882,44.453664,4.880526,92.01,187.2,68.7,0.0
5883,44.452844,4.88038,92.01,187.2,68.8,0.0
5884,44.452024,4.880235,92.01,187.2,68.8,0.0
5885,44.451204,4.880089,92.01,187.2,68.9,0.0
5886,44.450384,4.879943,92.01,187.2,68.9,0.0
5887,44.449564,4.879797,92.01,187.2,68.9,0.0
5888,44.448744,4.879652,92.01,187.2,69.0,0.0
5889,44.447924,4.879506,92.01,187.2,69.0,0.0
5890,44.447104,4.87936,92.01,187.2,69.0,0.0
5891,44.446284,4.879215,92.01,187.2,69.1,0.0
5892,44.445464,4.879069,92.01,187.2,69.1,0.0
5893,44.444644,4.878923,92.01,187.2,69.2,0.0
5894,44.443824,4.878778,92.01,187.2,69.2,0.0
5895,44.443004,4.878632,92.01,187.2,69.2,0.0
5896,44.442184,4.878486,92.01,187.2,69.3,0.0
5897,44.441364,4.878341,92.01,187.2,69.3,0.0
5898,44.440544,4.878195,92.01,187.2,69.3,0.0
5899,44.439724,4.878049,92.01,187.2,69.4,0.0
5900,44.438904,4.877904,92.01,187.2,69.4,0.0
5901,44.438084,4.877758,92.01,187.2,69.5,0.0
5902,44.437264,4.877612,92.01,187.2,69.5,0.0
5903,44.436444,4.877467,92.01,187.2,69.5,0.0
5904,44.435624,4.877321,92.01,187.2,69.6,0.0
5905,44.434804,4.877175,92.01,187.2,69.6,0.0
5906,44.433984,4.87703,92.01,187.2,69.6,0.0
5907,44.433164,4.876884,92.01,187.2,69.7,0.0
5908,44.432344,4.876738,92.01,187.2,69.7,0.0
5909,44.431524,4.876593,92.01,187.2,69.8,0.0
5910,44.430704,4.876447,92.01,187.2,69.8,0.0
5911,44.429884,4.876301,92.01,187.2,69.8,0.0
5912,44.429064,4.876156,92.01,187.2,69.9,0.0
5913,44.428244,4.87601,92.01,187.2,69.9,0.0
5914,44.427424,4.875864,92.01,187.2,69.9,0.0
5915,44.426604,4.875719,92.01,187.2,70.0,0.0
5916,44.425784,4.875573,92.01,187.2,70.0,0.0
5917,44.424964,4.875427,92.01,187.2,70.1,0.0
5918,44.424144,4.875282,92.01,187.2,70.1,0.0
5919,44.423324,4.875136,92.01,187.2,70.1,0.0
5920,44.422504,4.87499,92.01,187.2,70.2,0.0
5921,44.421684,4.874845,92.01,187.2,70.2,0.0
5922,44.420864,4.874699,92.01,187.2,70.2,0.0
5923,44.420044,4.874553,92.01,187.2,70.3,0.0
5924,44.419224,4.874407,92.01,187.2,70.3,0.0
5925,44.418404,4.874262,92.01,187.2,70.3,0.0
5926,44.417584,4.874116,92.01,187.2,70.4,0.0
5927,44.416764,4.87397,92.01,187.2,70.4,0.0
5928,44.415944,4.873825,92.01,187.2,70.5,0.0
5929,44.415124,4.873679,92.01,187.2,70.5,0.0
5930,44.414304,4.873533,92.01,187.2,70.5,0.0
5931,44.413484,4.873388,92.01,187.2,70.6,0.0
5932,44.412664,4.873242,92.01,187.2,70.6,0.0
5933,44.411844,4.873096,92.01,187.2,70.6,0.0
5934,44.411024,4.872951,92.01,187.2,70.7,0.0
5935,44.410204,4.872805,92.01,187.2,70.7,0.0
5936,44.409384,4.872659,92.01,187.2,70.8,0.0
5937,44.408564,4.872514,92.01,187.2,70.8,0.0
5938,44.407744,4.872368,92.01,187.2,70.8,0.0
5939,44.406924,4.872222,92.01,187.2,70.9,0.0
5940,44.406104,4.872077,92.01,187.2,70.9,0.0
5941,44.405284,4.871931,92.01,187.2,70.9,0.0
5942,44.404464,4.871785,92.01,187.2,71.0,0.0
5943,44.403644,4.87164,92.01,187.2,71.0,0.0
5944,44.402824,4.871494,92.01,187.2,71.1,0.0
5945,44.402004,4.871348,92.01,187.2,71.1,0.0
5946,44.401184,4.871203,92.01,187.2,71.1,0.0
5947,44.400364,4.871057,92.01,187.2,71.2,0.0
5948,44.399544,4.870911,92.01,187.2,71.2,0.0
5949,44.398724,4.870766,92.01,187.2,71.2,0.0
5950,44.397904,4.87062,92.01,187.2,71.3,0.0
5951,44.397084,4.870474,92.01,187.2,71.3,0.0
5952,44.396264,4.870329,92.01,187.2,71.3,0.0
5953,44.395444,4.870183,92.01,187.2,71.4,0.0
5954,44.394624,4.870037,92.01,187.2,71.4,0.0
5955,44.393804,4.869892,92.01,187.2,71.5,0.0
5956,44.392984,4.869746,92.01,187.2,71.5,0.0
5957,44.392164,4.8696,92.01,187.2,71.5,0.0
5958,44.391344,4.869455,92.01,187.2,71.6,0.0
5959,44.390524,4.869309,92.01,187.2,71.6,0.0
5960,44.389704,4.869163,92.02,187.2,71.6,0.0
5961,44.388884,4.869018,92.02,187.2,71.7,0.0
5962,44.388064,4.868872,92.02,187.2,71.7,0.0
5963,44.387244,4.868726,92.02,187.2,71.8,0.0
5964,44.386424,4.86858,92.02,187.2,71.8,0.0
5965,44.385604,4.868435,92.02,187.2,71.8,0.0
5966,44.384784,4.868289,92.02,187.2,71.9,0.0
5967,44.383964,4.868143,92.02,187.2,71.9,0.0
5968,44.383144,4.867998,92.02,187.2,71.9,0.0
5969,44.382324,4.867852,92.02,187.2,72.0,0.0
5970,44.381504,4.867706,92.02,187.2,72.0,0.0
5971,44.380684,4.867561,92.02,187.2,72.0,0.0
5972,44.379864,4.867415,92.02,187.2,72.1,0.0
5973,44.379044,4.867269,92.02,187.2,72.1,0.0
5974,44.378224,4.867124,92.02,187.2,72.2,0.0
5975,44.377404,4.866978,92.02,187.2,72.2,0.0
5976,44.376584,4.866832,92.02,187.2,72.2,0.0
5977,44.375764,4.866687,92.02,187.2,72.3,0.0
5978,44.374944,4.866541,92.02,187.2,72.3,0.0
5979,44.374124,4.866395,92.02,187.2,72.3,0.0
5980,44.373304,4.86625,92.02,187.2,72.4,0.0
5981,44.372484,4.866104,92.02,187.2,72.4,0.0
5982,44.371664,4.865958,92.02,187.2,72.4,0.0
5983,44.370844,4.865813,92.02,187.2,72.5,0.0
5984,44.370024,4.865667,92.02,187.2,72.5,0.0
5985,44.369204,4.865521,92.02,187.2,72.6,0.0
5986,44.368384,4.865376,92.02,187.2,72.6,0.0
5987,44.367564,4.86523,92.02,187.2,72.6,0.0
5988,44.366744,4.865084,92.02,187.2,72.7,0.0
5989,44.365924,4.864939,92.02,187.2,72.7,0.0
5990,44.365104,4.864793,92.02,187.2,72.7,0.0
5991,44.364284,4.864647,92.02,187.2,72.8,0.0
5992,44.363464,4.864502,92.02,187.2,72.8,0.0
5993,44.362644,4.864356,92.02,187.2,72.8,0.0
5994,44.361824,4.86421,92.02,187.2,72.9,0.0
5995,44.361004,4.864065,92.02,187.2,72.9,0.0
5996,44.360184,4.863919,92.02,187.2,73.0,0.0
5997,44.359364,4.863773,92.02,187.2,73.0,0.0
5998,44.358544,4.863628,92.02,187.2,73.0,0.0
5999,44.357724,4.863482,92.02,187.2,73.1,0.0
6000,44.356904,4.863336,92.02,187.2,73.1,0.0
6001,44.356084,4.86319,92.02,187.2,73.1,0.0
6002,44.355264,4.863045,92.02,187.2,73.2,0.0
6003,44.354444,4.862899,92.02,187.2,73.2,0.0
6004,44.353624,4.862753,92.02,187.2,73.2,0.0
6005,44.352804,4.862608,92.02,187.2,73.3,0.0
6006,44.351984,4.862462,92.02,187.2,73.3,0.0
6007,44.351164,4.862316,92.02,187.2,73.3,0.0
6008,44.350344,4.862171,92.02,187.2,73.4,0.0
6009,44.349524,4.862025,92.02,187.2,73.4,0.0
6010,44.348704,4.861879,92.02,187.2,73.5,0.0
6011,44.347884,4.861734,92.02,187.2,73.5,0.0
6012,44.347064,4.861588,92.02,187.2,73.5,0.0
6013,44.346244,4.861442,92.02,187.2,73.6,0.0
6014,44.345424,4.861297,92.02,187.2,73.6,0.0
6015,44.344604,4.861151,92.02,187.2,73.6,0.0
6016,44.343784,4.861005,92.02,187.2,73.7,0.0
6017,44.342964,4.86086,92.02,187.2,73.7,0.0
6018,44.342144,4.860714,92.02,187.2,73.7,0.0
6019,44.341324,4.860568,92.02,187.2,73.8,0.0
6020,44.340504,4.860423,92.02,187.2,73.8,0.0
6021,44.339684,4.860277,92.02,187.2,73.8,0.0
6022,44.338864,4.860131,92.02,187.2,73.9,0.0
6023,44.338044,4.859986,92.02,187.2,73.9,0.0
6024,44.337224,4.85984,92.02,187.2,74.0,0.0
6025,44.336404,4.859694,92.02,187.2,74.0,0.0
6026,44.335584,4.859549,92.02,187.2,74.0,0.0
6027,44.334764,4.859403,92.02,187.2,74.1,0.0
6028,44.333944,4.859257,92.02,187.2,74.1,0.0
6029,44.333124,4.859112,92.02,187.2,74.1,0.0
6030,44.332304,4.858966,92.02,187.2,74.2,0.0
6031,44.331484,4.85882,92.02,187.2,74.2,0.0
6032,44.330664,4.858675,92.02,187.2,74.2,0.0
6033,44.329844,4.858529,92.02,187.2,74.3,0.0
6034,44.329024,4.858383,92.02,187.2,74.3,0.0
6035,44.328204,4.858238,92.02,187.2,74.3,0.0
6036,44.327384,4.858092,92.02,187.2,74.4,0.0
6037,44.326564,4.857946,92.02,187.2,74.4,0.0
6038,44.325744,4.857801,92.02,187.2,74.5,0.0
6039,44.324924,4.857655,92.02,187.2,74.5,0.0
6040,44.324104,4.857509,92.02,187.2,74.5,0.0
6041,44.323284,4.857363,92.02,187.2,74.6,0.0
6042,44.322464,4.857218,92.02,187.2,74.6,0.0
6043,44.321644,4.857072,92.02,187.2,74.6,0.0
6044,44.320824,4.856926,92.02,187.2,74.7,0.0
6045,44.320004,4.856781,92.02,187.2,74.7,0.0
6046,44.319184,4.856635,92.02,187.2,74.7,0.0
6047,44.318364,4.856489,92.02,187.2,74.8,0.0
6048,44.317544,4.856344,92.02,187.2,74.8,0.0
6049,44.316724,4.856198,92.02,187.2,74.8,0.0
6050,44.315904,4.856052,92.02,187.2,74.9,0.0
6051,44.315084,4.855907,92.02,187.2,74.9,0.0
6052,44.314264,4.855761,92.02,187.2,74.9,0.0
6053,44.313444,4.855615,92.02,187.2,75.0,0.0
6054,44.312624,4.85547,92.02,187.2,75.0,0.0
6055,44.311804,4.855324,92.02,187.2,75.1,0.0
6056,44.310984,4.855178,92.02,187.2,75.1,0.0
6057,44.310164,4.855033,92.02,187.2,75.1,0.0
6058,44.309344,4.854887,92.02,187.2,75.2,0.0
6059,44.308524,4.854741,92.02,187.2,75.2,0.0
6060,44.307704,4.854596,92.02,187.2,75.2,0.0
6061,44.306884,4.85445,92.02,187.2,75.3,0.0
6062,44.306064,4.854304,92.02,187.2,75.3,0.0
6063,44.305244,4.854159,92.02,187.2,75.3,0.0
6064,44.304424,4.854013,92.02,187.2,75.4,0.0
6065,44.303604,4.853867,92.02,187.2,75.4,0.0
6066,44.302784,4.853722,92.02,187.2,75.4,0.0
6067,44.301964,4.853576,92.02,187.2,75.5,0.0
6068,44.301144,4.85343,92.02,187.2,75.5,0.0
6069,44.300324,4.853285,92.02,187.2,75.5,0.0
6070,44.299504,4.853139,92.02,187.2,75.6,0.0
6071,44.298684,4.852993,92.02,187.2,75.6,0.0
6072,44.297864,4.852848,92.02,187.2,75.6,0.0
6073,44.297044,4.852702,92.02,187.2,75.7,0.0
6074,44.296224,4.852556,92.02,187.2,75.7,0.0
6075,44.295404,4.852411,92.02,187.2,75.8,0.0
6076,44.294584,4.852265,92.02,187.2,75.8,0.0
6077,44.293764,4.852119,92.02,187.2,75.8,0.0
6078,44.292944,4.851973,92.02,187.2,75.9,0.0
6079,44.292124,4.851828,92.02,187.2,75.9,0.0
6080,44.291304,4.851682,92.02,187.2,75.9,0.0
6081,44.290484,4.851536,92.02,187.2,76.0,0.0
6082,44.289664,4.851391,92.02,187.2,76.0,0.0
6083,44.288844,4.851245,92.02,187.2,76.0,0.0
6084,44.288024,4.851099,92.02,187.2,76.1,0.0
6085,44.287204,4.850954,92.02,187.2,76.1,0.0
6086,44.286384,4.850808,92.02,187.2,76.1,0.0
6087,44.285564,4.850662,92.02,187.2,76.2,0.0
6088,44.284744,4.850517,92.02,187.2,76.2,0.0
6089,44.283924,4.850371,92.02,187.2,76.2,0.0
6090,44.283104,4.850225,92.02,187.2,76.3,0.0
6091,44.282284,4.85008,92.02,187.2,76.3,0.0
6092,44.281464,4.849934,92.02,187.2,76.3,0.0
6093,44.280644,4.849788,92.02,187.2,76.4,0.0
6094,44.279824,4.849643,92.02,187.2,76.4,0.0
6095,44.279004,4.849497,92.02,187.2,76.4,0.0
6096,44.278184,4.849351,92.02,187.2,76.5,0.0
6097,44.277364,4.849206,92.02,187.2,76.5,0.0
6098,44.276544,4.84906,92.02,187.2,76.5,0.0
6099,44.275724,4.848914,92.02,187.2,76.6,0.0
6100,44.274904,4.848769,92.02,187.2,76.6,0.0
6101,44.274084,4.848623,92.02,187.2,76.6,0.0
6102,44.273264,4.848477,92.02,187.2,76.7,0.0
6103,44.272444,4.848332,92.02,187.2,76.7,0.0
6104,44.271624,4.848186,92.02,187.2,76.8,0.0
6105,44.270804,4.84804,92.02,187.2,76.8,0.0
6106,44.269984,4.847895,92.02,187.2,76.8,0.0
6107,44.269164,4.847749,92.02,187.2,76.9,0.0
6108,44.268344,4.847603,92.02,187.2,76.9,0.0
6109,44.267524,4.847458,92.02,187.2,76.9,0.0
6110,44.266704,4.847312,92.02,187.3,77.0,0.0
6111,44.265884,4.847166,92.02,187.3,77.0,0.0
6112,44.265064,4.847021,92.02,187.3,77.0,0.0
6113,44.264244,4.846875,92.02,187.3,77.1,0.0
6114,44.263424,4.846729,92.02,187.3,77.1,0.0
6115,44.262604,4.846584,92.02,187.3,77.1,0.0
6116,44.261784,4.846438,92.02,187.3,77.2,0.0
6117,44.260964,4.846292,92.02,187.3,77.2,0.0
6118,44.260144,4.846146,92.02,187.3,77.2,0.0
6119,44.259324,4.846001,92.02,187.3,77.3,0.0
6120,44.258504,4.845855,92.02,187.3,77.3,0.0
6121,44.257684,4.845709,92.02,187.3,77.3,0.0
6122,44.256864,4.845564,92.02,187.3,77.4,0.0
6123,44.256044,4.845418,92.02,187.3,77.4,0.0
6124,44.255224,4.845272,92.02,187.3,77.4,0.0
6125,44.254404,4.845127,92.02,187.3,77.5,0.0
6126,44.253584,4.844981,92.02,187.3,77.5,0.0
6127,44.252764,4.844835,92.02,187.3,77.5,0.0
6128,44.251944,4.84469,92.02,187.3,77.6,0.0
6129,44.251124,4.844544,92.02,187.3,77.6,0.0
6130,44.250304,4.844398,92.02,187.3,77.6,0.0
6131,44.249484,4.844253,92.02,187.3,77.7,0.0
6132,44.248664,4.844107,92.02,187.3,77.7,0.0
6133,44.247844,4.843961,92.02,187.3,77.7,0.0
6134,44.247024,4.843816,92.02,187.3,77.8,0.0
6135,44.246204,4.84367,92.02,187.3,77.8,0.0
6136,44.245384,4.843524,92.02,187.3,77.8,0.0
6137,44.244564,4.843379,92.02,187.3,77.9,0.0
6138,44.243744,4.843233,92.02,187.3,77.9,0.0
6139,44.242924,4.843087,92.02,187.3,77.9,0.0
6140,44.242104,4.842942,92.02,187.3,78.0,0.0
6141,44.241284,4.842796,92.02,187.3,78.0,0.0
6142,44.240464,4.84265,92.02,187.3,78.0,0.0
6143,44.239644,4.842505,92.02,187.3,78.1,0.0
6144,44.238824,4.842359,92.02,187.3,78.1,0.0
6145,44.238004,4.842213,92.02,187.3,78.1,0.0
6146,44.237184,4.842068,92.02,187.3,78.2,0.0
6147,44.236364,4.841922,92.02,187.3,78.2,0.0
6148,44.235544,4.841776,92.02,187.3,78.2,0.0
6149,44.234724,4.841631,92.02,187.3,78.3,0.0
6150,44.233904,4.841485,92.02,187.3,78.3,0.0
6151,44.233084,4.841339,92.02,187.3,78.3,0.0
6152,44.232264,4.841194,92.02,187.3,78.4,0.0
6153,44.231444,4.841048,92.02,187.3,78.4,0.0
6154,44.230624,4.840902,92.02,187.3,78.4,0.0
6155,44.229804,4.840756,92.02,187.3,78.5,0.0
6156,44.228984,4.840611,92.02,187.3,78.5,0.0
6157,44.228164,4.840465,92.02,187.3,78.5,0.0
6158,44.227344,4.840319,92.02,187.3,78.6,0.0
6159,44.226524,4.840174,92.02,187.3,78.6,0.0
6160,44.225704,4.840028,92.02,187.3,78.6,0.0
6161,44.224884,4.839882,92.02,187.3,78.7,0.0
6162,44.224064,4.839737,92.02,187.3,78.7,0.0
6163,44.223244,4.839591,92.02,187.3,78.7,0.0
6164,44.222424,4.839445,92.02,187.3,78.8,0.0
6165,44.221604,4.8393,92.02,187.3,78.8,0.0
6166,44.220784,4.839154,92.02,187.3,78.8,0.0
6167,44.219964,4.839008,92.02,187.3,78.9,0.0
6168,44.219144,4.838863,92.02,187.3,78.9,0.0
6169,44.218324,4.838717,92.02,187.3,78.9,0.0
6170,44.217504,4.838571,92.02,187.3,79.0,0.0
6171,44.216684,4.838426,92.02,187.3,79.0,0.0
6172,44.215864,4.83828,92.02,187.3,79.0,0.0
6173,44.215044,4.838134,92.02,187.3,79.1,0.0
6174,44.214224,4.837989,92.02,187.3,79.1,0.0
6175,44.213404,4.837843,92.02,187.3,79.1,0.0
6176,44.212584,4.837697,92.02,187.3,79.2,0.0
6177,44.211764,4.837552,92.02,187.3,79.2,0.0
6178,44.210944,4.837406,92.02,187.3,79.2,0.0
6179,44.210124,4.83726,92.02,187.3,79.3,0.0
6180,44.209304,4.837115,92.02,187.3,79.3,0.0
6181,44.208484,4.836969,92.02,187.3,79.3,0.0
6182,44.207664,4.836823,92.02,187.3,79.3,0.0
6183,44.206844,4.836678,92.02,187.3,79.4,0.0
6184,44.206024,4.836532,92.02,187.3,79.4,0.0
6185,44.205204,4.836386,92.02,187.3,79.4,0.0
6186,44.204384,4.836241,92.02,187.3,79.5,0.0
6187,44.203564,4.836095,92.02,187.3,79.5,0.0
6188,44.202744,4.835949,92.02,187.3,79.5,0.0
6189,44.201924,4.835804,92.02,187.3,79.6,0.0
6190,44.201104,4.835658,92.02,187.3,79.6,0.0
6191,44.200284,4.835512,92.02,187.3,79.6,0.0
6192,44.199464,4.835367,92.02,187.3,79.7,0.0
6193,44.198644,4.835221,92.02,187.3,79.7,0.0
6194,44.197824,4.835075,92.02,187.3,79.7,0.0
6195,44.197004,4.834929,92.02,187.3,79.8,0.0
6196,44.196184,4.834784,92.02,187.3,79.8,0.0
6197,44.195364,4.834638,92.02,187.3,79.8,0.0
6198,44.194544,4.834492,92.02,187.3,79.9,0.0
6199,44.193724,4.834347,92.02,187.3,79.9,0.0
6200,44.192904,4.834201,92.02,187.3,79.9,0.0
6201,44.192084,4.834055,92.02,187.3,80.0,0.0
6202,44.191264,4.83391,92.02,187.3,80.0,0.0
6203,44.190444,4.833764,92.02,187.3,80.0,0.0
6204,44.189624,4.833618,92.02,187.3,80.1,0.0
6205,44.188804,4.833473,92.02,187.3,80.1,0.0
6206,44.187984,4.833327,92.02,187.3,80.1,0.0
6207,44.187164,4.833181,92.02,187.3,80.2,0.0
6208,44.186344,4.833036,92.02,187.3,80.2,0.0
6209,44.185524,4.83289,92.02,187.3,80.2,0.0
6210,44.184704,4.832744,92.02,187.3,80.2,0.0
6211,44.183884,4.832599,92.02,187.3,80.3,0.0
6212,44.183064,4.832453,92.02,187.3,80.3,0.0
6213,44.182244,4.832307,92.02,187.3,80.3,0.0
6214,44.181424,4.832162,92.02,187.3,80.4,0.0
6215,44.180604,4.832016,92.02,187.3,80.4,0.0
6216,44.179784,4.83187,92.02,187.3,80.4,0.0
6217,44.178964,4.831725,92.02,187.3,80.5,0.0
6218,44.178144,4.831579,92.02,187.3,80.5,0.0
6219,44.177324,4.831433,92.02,187.3,80.5,0.0
6220,44.176504,4.831288,92.02,187.3,80.6,0.0
6221,44.175684,4.831142,92.02,187.3,80.6,0.0
6222,44.174864,4.830996,92.02,187.3,80.6,0.0
6223,44.174044,4.830851,92.02,187.3,80.7,0.0
6224,44.173224,4.830705,92.02,187.3,80.7,0.0
6225,44.172404,4.830559,92.02,187.3,80.7,0.0
6226,44.171584,4.830414,92.02,187.3,80.7,0.0
6227,44.170764,4.830268,92.02,187.3,80.8,0.0
6228,44.169944,4.830122,92.02,187.3,80.8,0.0
6229,44.169124,4.829977,92.02,187.3,80.8,0.0
6230,44.168304,4.829831,92.02,187.3,80.9,0.0
6231,44.167484,4.829685,92.02,187.3,80.9,0.0
6232,44.166664,4.82954,92.02,187.3,80.9,0.0
6233,44.165844,4.829394,92.02,187.3,81.0,0.0
6234,44.165024,4.829248,92.02,187.3,81.0,0.0
6235,44.164204,4.829102,92.02,187.3,81.0,0.0
6236,44.163384,4.828957,92.02,187.3,81.1,0.0
6237,44.162564,4.828811,92.02,187.3,81.1,0.0
6238,44.161744,4.828665,92.02,187.3,81.1,0.0
6239,44.160924,4.82852,92.02,187.3,81.2,0.0
6240,44.160104,4.828374,92.02,187.3,81.2,0.0
6241,44.159284,4.828228,92.02,187.3,81.2,0.0
6242,44.158464,4.828083,92.02,187.3,81.2,0.0
6243,44.157644,4.827937,92.02,187.3,81.3,0.0
6244,44.156824,4.827791,92.02,187.3,81.3,0.0
6245,44.156004,4.827646,92.02,187.3,81.3,0.0
6246,44.155184,4.8275,92.02,187.3,81.4,0.0
6247,44.154364,4.827354,92.02,187.3,81.4,0.0
6248,44.153544,4.827209,92.02,187.3,81.4,0.0
6249,44.152724,4.827063,92.02,187.3,81.5,0.0
6250,44.151904,4.826917,92.02,187.3,81.5,0.0
6251,44.151084,4.826772,92.02,187.3,81.5,0.0
6252,44.150264,4.826626,92.02,187.3,81.6,0.0
6253,44.149444,4.82648,92.02,187.3,81.6,0.0
6254,44.148624,4.826335,92.02,187.3,81.6,0.0
6255,44.147804,4.826189,92.02,187.3,81.6,0.0
6256,44.146984,4.826043,92.02,187.3,81.7,0.0
6257,44.146164,4.825898,92.02,187.3,81.7,0.0
6258,44.145344,4.825752,92.02,187.3,81.7,0.0
6259,44.144524,4.825606,92.02,187.3,81.8,0.0
6260,44.143704,4.825461,92.02,187.3,81.8,0.0
6261,44.142884,4.825315,92.02,187.3,81.8,0.0
6262,44.142064,4.825169,92.02,187.3,81.9,0.0
6263,44.141244,4.825024,92.02,187.3,81.9,0.0
6264,44.140424,4.824878,92.02,187.3,81.9,0.0
6265,44.139604,4.824732,92.02,187.3,82.0,0.0
6266,44.138784,4.824587,92.02,187.3,82.0,0.0
6267,44.137964,4.824441,92.02,187.3,82.0,0.0
6268,44.137144,4.824295,92.02,187.3,82.0,0.0
6269,44.136324,4.82415,92.02,187.3,82.1,0.0
6270,44.135504,4.824004,92.02,187.3,82.1,0.0
6271,44.134684,4.823858,92.02,187.3,82.1,0.0
6272,44.133864,4.823712,92.02,187.3,82.2,0.0
6273,44.133044,4.823567,92.02,187.3,82.2,0.0
6274,44.132224,4.823421,92.02,187.3,82.2,0.0
6275,44.131404,4.823275,92.02,187.3,82.3,0.0
6276,44.130584,4.82313,92.02,187.3,82.3,0.0
6277,44.129764,4.822984,92.02,187.3,82.3,0.0
6278,44.128944,4.822838,92.02,187.3,82.3,0.0
6279,44.128124,4.822693,92.02,187.3,82.4,0.0
6280,44.127304,4.822547,92.02,187.3,82.4,0.0
6281,44.126484,4.822401,92.02,187.3,82.4,0.0
6282,44.125664,4.822256,92.02,187.3,82.5,0.0
6283,44.124844,4.82211,92.02,187.3,82.5,0.0
6284,44.124024,4.821964,92.02,187.3,82.5,0.0
6285,44.123204,4.821819,92.02,187.3,82.6,0.0
6286,44.122384,4.821673,92.02,187.3,82.6,0.0
6287,44.121564,4.821527,92.02,187.3,82.6,0.0
6288,44.120744,4.821382,92.02,187.3,82.6,0.0
6289,44.119924,4.821236,92.02,187.3,82.7,0.0
6290,44.119104,4.82109,92.02,187.3,82.7,0.0
6291,44.118284,4.820945,92.02,187.3,82.7,0.0
6292,44.117464,4.820799,92.02,187.3,82.8,0.0
6293,44.116644,4.820653,92.02,187.3,82.8,0.0
6294,44.115824,4.820508,92.02,187.3,82.8,0.0
6295,44.115004,4.820362,92.02,187.3,82.8,0.0
6296,44.114184,4.820216,92.02,187.3,82.9,0.0
6297,44.113364,4.820071,92.02,187.3,82.9,0.0
6298,44.112544,4.819925,92.02,187.3,82.9,0.0
6299,44.111724,4.819779,92.02,187.3,83.0,0.0
6300,44.110904,4.819634,92.02,187.3,83.0,0.0
6301,44.110084,4.819488,92.02,187.3,83.0,0.0
6302,44.109264,4.819342,92.02,187.3,83.1,0.0
6303,44.108444,4.819197,92.02,187.3,83.1,0.0
6304,44.107624,4.819051,92.02,187.3,83.1,0.0
6305,44.106804,4.818905,92.02,187.3,83.1,0.0
6306,44.105984,4.81876,92.02,187.3,83.2,0.0
6307,44.105164,4.818614,92.02,187.3,83.2,0.0
6308,44.104344,4.818468,92.02,187.3,83.2,0.0
6309,44.103524,4.818323,92.02,187.3,83.3,0.0
6310,44.102704,4.818177,92.02,187.3,83.3,0.0
6311,44.101884,4.818031,92.02,187.3,83.3,0.0
6312,44.101064,4.817885,92.02,187.3,83.3,0.0
6313,44.100244,4.81774,92.02,187.3,83.4,0.0
6314,44.099424,4.817594,92.02,187.3,83.4,0.0
6315,44.098604,4.817448,92.02,187.3,83.4,0.0
6316,44.097784,4.817303,92.02,187.3,83.5,0.0
6317,44.096964,4.817157,92.02,187.3,83.5,0.0
6318,44.096144,4.817011,92.02,187.3,83.5,0.0
6319,44.095324,4.816866,92.02,187.3,83.5,0.0
6320,44.094504,4.81672,92.02,187.3,83.6,0.0
6321,44.093684,4.816574,92.02,187.3,83.6,0.0
6322,44.092864,4.816429,92.02,187.3,83.6,0.0
6323,44.092044,4.816283,92.02,187.3,83.7,0.0
6324,44.091224,4.816137,92.02,187.3,83.7,0.0
6325,44.090404,4.815992,92.02,187.3,83.7,0.0
6326,44.089584,4.815846,92.02,187.3,83.7,0.0
6327,44.088764,4.8157,92.02,187.3,83.8,0.0
6328,44.087944,4.815555,92.02,187.3,83.8,0.0
6329,44.087124,4.815409,92.02,187.3,83.8,0.0
6330,44.086304,4.815263,92.02,187.3,83.9,0.0
6331,44.085484,4.815118,92.02,187.3,83.9,0.0
6332,44.084664,4.814972,92.02,187.3,83.9,0.0
6333,44.083844,4.814826,92.02,187.3,83.9,0.0
6334,44.083024,4.814681,92.02,187.3,84.0,0.0
6335,44.082204,4.814535,92.02,187.3,84.0,0.0
6336,44.081384,4.814389,92.02,187.3,84.0,0.0
6337,44.080564,4.814244,92.02,187.3,84.1,0.0
6338,44.079744,4.814098,92.02,187.3,84.1,0.0
6339,44.078924,4.813952,92.02,187.3,84.1,0.0
6340,44.078104,4.813807,92.02,187.3,84.1,0.0
6341,44.077284,4.813661,92.02,187.3,84.2,0.0
6342,44.076464,4.813515,92.02,187.3,84.2,0.0
6343,44.075644,4.81337,92.02,187.3,84.2,0.0
6344,44.074824,4.813224,92.02,187.3,84.3,0.0
6345,44.074004,4.813078,92.02,187.3,84.3,0.0
6346,44.073184,4.812933,92.02,187.3,84.3,0.0
6347,44.072364,4.812787,92.02,187.3,84.3,0.0
6348,44.071544,4.812641,92.02,187.3,84.4,0.0
6349,44.070724,4.812495,92.02,187.3,84.4,0.0
6350,44.069904,4.81235,92.02,187.3,84.4,0.0
6351,44.069084,4.812204,92.02,187.3,84.5,0.0
6352,44.068264,4.812058,92.02,187.3,84.5,0.0
6353,44.067444,4.811913,92.02,187.3,84.5,0.0
6354,44.066624,4.811767,92.02,187.3,84.5,0.0
6355,44.065804,4.811621,92.02,187.3,84.6,0.0
6356,44.064984,4.811476,92.02,187.3,84.6,0.0
6357,44.064164,4.81133,92.02,187.3,84.6,0.0
6358,44.063344,4.811184,92.02,187.3,84.6,0.0
6359,44.062524,4.811039,92.02,187.3,84.7,0.0
6360,44.061704,4.810893,92.02,187.3,84.7,0.0
6361,44.060884,4.810747,92.02,187.3,84.7,0.0
6362,44.060064,4.810602,92.02,187.3,84.8,0.0
6363,44.059244,4.810456,92.02,187.3,84.8,0.0
6364,44.058424,4.81031,92.02,187.3,84.8,0.0
6365,44.057604,4.810165,92.02,187.3,84.8,0.0
6366,44.056784,4.810019,92.02,187.3,84.9,0.0
6367,44.055964,4.809873,92.02,187.3,84.9,0.0
6368,44.055144,4.809728,92.02,187.3,84.9,0.0
6369,44.054324,4.809582,92.02,187.3,84.9,0.0
6370,44.053504,4.809436,92.02,187.3,85.0,0.0
6371,44.052684,4.809291,92.02,187.3,85.0,0.0
6372,44.051864,4.809145,92.02,187.3,85.0,0.0
6373,44.051044,4.808999,92.02,187.3,85.1,0.0
6374,44.050224,4.808854,92.02,187.3,85.1,0.0
6375,44.049404,4.808708,92.02,187.3,85.1,0.0
6376,44.048584,4.808562,92.02,187.3,85.1,0.0
6377,44.047764,4.808417,92.02,187.3,85.2,0.0
6378,44.046944,4.808271,92.02,187.3,85.2,0.0
6379,44.046124,4.808125,92.02,187.3,85.2,0.0
6380,44.045304,4.80798,92.02,187.3,85.2,0.0
6381,44.044484,4.807834,92.02,187.3,85.3,0.0
6382,44.043664,4.807688,92.02,187.3,85.3,0.0
6383,44.042844,4.807543,92.02,187.3,85.3,0.0
6384,44.042024,4.807397,92.02,187.3,85.4,0.0
6385,44.041204,4.807251,92.02,187.3,85.4,0.0
6386,44.040384,4.807106,92.02,187.3,85.4,0.0
6387,44.039564,4.80696,92.02,187.3,85.4,0.0
6388,44.038744,4.806814,92.02,187.3,85.5,0.0
6389,44.037924,4.806668,92.02,187.3,85.5,0.0
6390,44.037104,4.806523,92.02,187.3,85.5,0.0
6391,44.036284,4.806377,92.02,187.3,85.5,0.0
6392,44.035464,4.806231,92.02,187.3,85.6,0.0
6393,44.034644,4.806086,92.02,187.3,85.6,0.0
6394,44.033824,4.80594,92.02,187.3,85.6,0.0
6395,44.033004,4.805794,92.02,187.3,85.6,0.0
6396,44.032184,4.805649,92.02,187.3,85.7,0.0
6397,44.031364,4.805503,92.02,187.3,85.7,0.0
6398,44.030544,4.805357,92.02,187.3,85.7,0.0
6399,44.029724,4.805212,92.02,187.3,85.8,0.0
6400,44.028904,4.805066,92.02,187.3,85.8,0.0
6401,44.028084,4.80492,92.02,187.3,85.8,0.0
6402,44.027264,4.804775,92.02,187.3,85.8,0.0
6403,44.026444,4.804629,92.02,187.3,85.9,0.0
6404,44.025624,4.804483,92.02,187.3,85.9,0.0
6405,44.024804,4.804338,92.02,187.3,85.9,0.0
6406,44.023984,4.804192,92.02,187.3,85.9,0.0
6407,44.023164,4.804046,92.02,187.3,86.0,0.0
6408,44.022344,4.803901,92.02,187.3,86.0,0.0
6409,44.021524,4.803755,92.02,187.3,86.0,0.0
6410,44.020704,4.803609,92.02,187.3,86.0,0.0
6411,44.019884,4.803464,92.02,187.3,86.1,0.0
6412,44.019064,4.803318,92.02,187.3,86.1,0.0
6413,44.018244,4.803172,92.02,187.3,86.1,0.0
6414,44.017424,4.803027,92.02,187.3,86.1,0.0
6415,44.016604,4.802881,92.02,187.3,86.2,0.0
6416,44.015784,4.802735,92.02,187.3,86.2,0.0
6417,44.014964,4.80259,92.02,187.3,86.2,0.0
6418,44.014144,4.802444,92.02,187.3,86.2,0.0
6419,44.013324,4.802298,92.02,187.3,86.3,0.0
6420,44.012504,4.802153,92.02,187.3,86.3,0.0
6421,44.011684,4.802007,92.02,187.3,86.3,0.0
6422,44.010864,4.801861,92.02,187.3,86.3,0.0
6423,44.010044,4.801716,92.02,187.3,86.4,0.0
6424,44.009224,4.80157,92.02,187.3,86.4,0.0
6425,44.008404,4.801424,92.02,187.3,86.4,0.0
6426,44.007584,4.801278,92.02,187.3,86.5,0.0
6427,44.006764,4.801133,92.02,187.3,86.5,0.0
6428,44.005944,4.800987,92.02,187.3,86.5,0.0
6429,44.005124,4.800841,92.02,187.3,86.5,0.0
6430,44.004304,4.800696,92.02,187.3,86.6,0.0
6431,44.003484,4.80055,92.02,187.3,86.6,0.0
6432,44.002664,4.800404,92.02,187.3,86.6,0.0
6433,44.001844,4.800259,92.02,187.3,86.6,0.0
6434,44.001024,4.800113,92.02,187.3,86.7,0.0
6435,44.000204,4.799967,92.02,187.3,86.7,0.0
6436,43.999384,4.799822,92.02,187.3,86.7,0.0
6437,43.998564,4.799676,92.02,187.3,86.7,0.0
6438,43.997744,4.79953,92.02,187.3,86.8,0.0
6439,43.996924,4.799385,92.02,187.3,86.8,0.0
6440,43.996104,4.799239,92.02,187.3,86.8,0.0
6441,43.995284,4.799093,92.02,187.3,86.8,0.0
6442,43.994464,4.798948,92.02,187.3,86.9,0.0
6443,43.993644,4.798802,92.02,187.3,86.9,0.0
6444,43.992824,4.798656,92.02,187.3,86.9,0.0
6445,43.992004,4.798511,92.02,187.3,86.9,0.0
6446,43.991184,4.798365,92.02,187.3,87.0,0.0
6447,43.990364,4.798219,92.02,187.3,87.0,0.0
6448,43.989544,4.798074,92.02,187.3,87.0,0.0
6449,43.988724,4.797928,92.02,187.3,87.0,0.0
6450,43.987904,4.797782,92.03,187.3,87.1,0.0
6451,43.987084,4.797637,92.03,187.3,87.1,0.0
6452,43.986264,4.797491,92.03,187.3,87.1,0.0
6453,43.985444,4.797345,92.03,187.3,87.1,0.0
6454,43.984624,4.7972,92.03,187.3,87.2,0.0
6455,43.983804,4.797054,92.03,187.3,87.2,0.0
6456,43.982984,4.796908,92.03,187.3,87.2,0.0
6457,43.982164,4.796763,92.03,187.3,87.2,0.0
6458,43.981344,4.796617,92.03,187.3,87.2,0.0
6459,43.980524,4.796471,92.03,187.3,87.3,0.0
6460,43.979704,4.796326,92.03,187.3,87.3,0.0
6461,43.978884,4.79618,92.03,187.3,87.3,0.0
6462,43.978064,4.796034,92.03,187.3,87.3,0.0
6463,43.977244,4.795889,92.03,187.3,87.4,0.0
6464,43.976424,4.795743,92.03,187.3,87.4,0.0
6465,43.975604,4.795597,92.03,187.3,87.4,0.0
6466,43.974784,4.795451,92.03,187.3,87.4,0.0
6467,43.973964,4.795306,92.03,187.3,87.5,0.0
6468,43.973144,4.79516,92.03,187.3,87.5,0.0
6469,43.972324,4.795014,92.03,187.3,87.5,0.0
6470,43.971504,4.794869,92.03,187.3,87.5,0.0
6471,43.970684,4.794723,92.03,187.3,87.6,0.0
6472,43.969864,4.794577,92.03,187.3,87.6,0.0
6473,43.969044,4.794432,92.03,187.3,87.6,0.0
6474,43.968224,4.794286,92.03,187.3,87.6,0.0
6475,43.967404,4.79414,92.03,187.3,87.7,0.0
6476,43.966584,4.793995,92.03,187.3,87.7,0.0
6477,43.965764,4.793849,92.03,187.3,87.7,0.0
6478,43.964944,4.793703,92.03,187.3,87.7,0.0
6479,43.964124,4.793558,92.03,187.3,87.8,0.0
6480,43.963304,4.793412,92.03,187.3,87.8,0.0
6481,43.962484,4.793266,92.03,187.3,87.8,0.0
6482,43.961664,4.793121,92.03,187.3,87.8,0.0
6483,43.960844,4.792975,92.03,187.3,87.8,0.0
6484,43.960024,4.792829,92.03,187.3,87.9,0.0
6485,43.959204,4.792684,92.03,187.3,87.9,0.0
6486,43.958384,4.792538,92.03,187.3,87.9,0.0
6487,43.957564,4.792392,92.03,187.3,87.9,0.0
6488,43.956744,4.792247,92.03,187.3,88.0,0.0
6489,43.955924,4.792101,92.03,187.3,88.0,0.0
6490,43.955104,4.791955,92.03,187.3,88.0,0.0
6491,43.954284,4.79181,92.03,187.3,88.0,0.0
6492,43.953464,4.791664,92.03,187.3,88.1,0.0
6493,43.952644,4.791518,92.03,187.3,88.1,0.0
6494,43.951824,4.791373,92.03,187.3,88.1,0.0
6495,43.951004,4.791227,92.03,187.3,88.1,0.0
6496,43.950184,4.791081,92.03,187.3,88.2,0.0
6497,43.949364,4.790936,92.03,187.3,88.2,0.0
6498,43.948544,4.79079,92.03,187.3,88.2,0.0
6499,43.947724,4.790644,92.03,187.3,88.2,0.0
6500,43.946904,4.790499,92.03,187.3,88.2,0.0
6501,43.946084,4.790353,92.03,187.3,88.3,0.0
6502,43.945264,4.790207,92.03,187.3,88.3,0.0
6503,43.944444,4.790061,92.03,187.3,88.3,0.0
6504,43.943624,4.789916,92.03,187.3,88.3,0.0
6505,43.942804,4.78977,92.03,187.3,88.4,0.0
6506,43.941984,4.789624,92.03,187.3,88.4,0.0
6507,43.941164,4.789479,92.03,187.3,88.4,0.0
6508,43.940344,4.789333,92.03,187.3,88.4,0.0
6509,43.939524,4.789187,92.03,187.3,88.4,0.0
6510,43.938704,4.789042,92.03,187.3,88.5,0.0
6511,43.937884,4.788896,92.03,187.3,88.5,0.0
6512,43.937064,4.78875,92.03,187.3,88.5,0.0
6513,43.936244,4.788605,92.03,187.3,88.5,0.0
6514,43.935424,4.788459,92.03,187.3,88.6,0.0
6515,43.934604,4.788313,92.03,187.3,88.6,0.0
6516,43.933784,4.788168,92.03,187.3,88.6,0.0
6517,43.932964,4.788022,92.03,187.3,88.6,0.0
6518,43.932144,4.787876,92.03,187.3,88.7,0.0
6519,43.931324,4.787731,92.03,187.3,88.7,0.0
6520,43.930504,4.787585,92.03,187.3,88.7,0.0
6521,43.929684,4.787439,92.03,187.3,88.7,0.0
6522,43.928864,4.787294,92.03,187.3,88.7,0.0
6523,43.928044,4.787148,92.03,187.3,88.8,0.0
6524,43.927224,4.787002,92.03,187.3,88.8,0.0
6525,43.926404,4.786857,92.03,187.3,88.8,0.0
6526,43.925584,4.786711,92.03,187.3,88.8,0.0
6527,43.924764,4.786565,92.03,187.3,88.9,0.0
6528,43.923944,4.78642,92.03,187.3,88.9,0.0
6529,43.923124,4.786274,92.03,187.3,88.9,0.0
6530,43.922304,4.786128,92.03,187.3,88.9,0.0
6531,43.92158,4.786447,84.52,162.4,88.9,0.0
6532,43.920942,4.787175,92.0,140.6,89.0,0.0
6533,43.920303,4.787903,92.0,140.6,89.0,0.0
6534,43.919664,4.78863,92.0,140.6,89.0,0.0
6535,43.919025,4.789358,92.0,140.6,89.0,0.0
6536,43.918386,4.790086,92.0,140.6,89.0,0.0
6537,43.917747,4.790814,92.0,140.6,89.1,0.0
6538,43.917108,4.791542,92.0,140.6,89.1,0.0
6539,43.91647,4.79227,92.0,140.6,89.1,0.0
6540,43.915831,4.792998,92.0,140.6,89.1,0.0
6541,43.915192,4.793726,92.0,140.6,89.2,0.0
6542,43.914553,4.794453,92.0,140.6,89.2,0.0
6543,43.913914,4.795181,92.0,140.6,89.2,0.0
6544,43.913275,4.795909,92.01,140.6,89.2,0.0
6545,43.912636,4.796637,92.01,140.6,89.2,0.0
6546,43.911998,4.797365,92.01,140.6,89.3,0.0
6547,43.911359,4.798093,92.01,140.6,89.3,0.0
6548,43.91072,4.798821,92.01,140.6,89.3,0.0
6549,43.910081,4.799548,92.01,140.6,89.3,0.0
6550,43.909442,4.800276,92.01,140.6,89.3,0.0
6551,43.908803,4.801004,92.01,140.6,89.4,0.0
6552,43.908164,4.801732,92.01,140.6,89.4,0.0
6553,43.907525,4.80246,92.01,140.6,89.4,0.0
6554,43.906887,4.803188,92.01,140.6,89.4,0.0
6555,43.906248,4.803916,92.01,140.6,89.5,0.0
6556,43.905609,4.804644,92.01,140.6,89.5,0.0
6557,43.90497,4.805371,92.01,140.6,89.5,0.0
6558,43.904331,4.806099,92.01,140.6,89.5,0.0
6559,43.903692,4.806827,92.01,140.6,89.5,0.0
6560,43.903053,4.807555,92.01,140.6,89.6,0.0
6561,43.902415,4.808283,92.01,140.6,89.6,0.0
6562,43.901776,4.809011,92.01,140.6,89.6,0.0
6563,43.901137,4.809739,92.01,140.6,89.6,0.0
6564,43.900498,4.810467,92.01,140.6,89.6,0.0
6565,43.899859,4.811194,92.01,140.6,89.7,0.0
6566,43.89922,4.811922,92.01,140.6,89.7,0.0
6567,43.898581,4.81265,92.01,140.6,89.7,0.0
6568,43.897942,4.813378,92.01,140.6,89.7,0.0
6569,43.897304,4.814106,92.02,140.6,89.7,0.0
6570,43.896665,4.814834,92.02,140.6,89.8,0.0
6571,43.896026,4.815562,92.02,140.6,89.8,0.0
6572,43.895387,4.816289,92.02,140.6,89.8,0.0
6573,43.894748,4.817017,92.02,140.6,89.8,0.0
6574,43.894109,4.817745,92.02,140.6,89.8,0.0
6575,43.89347,4.818473,92.02,140.6,89.9,0.0
6576,43.892832,4.819201,92.02,140.6,89.9,0.0
6577,43.892193,4.819929,92.02,140.6,89.9,0.0
6578,43.891554,4.820657,92.02,140.6,89.9,0.0
6579,43.890915,4.821385,92.02,140.6,89.9,0.0
6580,43.890276,4.822112,92.02,140.6,90.0,0.0
6581,43.889637,4.82284,92.02,140.6,90.0,0.0
6582,43.888998,4.823568,92.02,140.6,90.0,0.0
6583,43.888359,4.824296,92.02,140.6,90.0,0.0
6584,43.887721,4.825024,92.02,140.6,90.0,0.0
6585,43.887082,4.825752,92.02,140.6,90.1,0.0
6586,43.886443,4.82648,92.02,140.6,90.1,0.0
6587,43.885804,4.827208,92.02,140.6,90.1,0.0
6588,43.885165,4.827935,92.02,140.6,90.1,0.0
6589,43.884526,4.828663,92.02,140.6,90.1,0.0
6590,43.883887,4.829391,92.02,140.6,90.2,0.0
6591,43.883249,4.830119,92.02,140.6,90.2,0.0
6592,43.88261,4.830847,92.02,140.6,90.2,0.0
6593,43.881971,4.831575,92.02,140.6,90.2,0.0
6594,43.881332,4.832303,92.03,140.6,90.2,0.0
6595,43.880693,4.83303,92.03,140.6,90.3,0.0
6596,43.880054,4.833758,92.03,140.6,90.3,0.0
6597,43.879415,4.834486,92.03,140.6,90.3,0.0
6598,43.878776,4.835214,92.03,140.6,90.3,0.0
6599,43.878138,4.835942,92.03,140.6,90.3,0.0
6600,43.877499,4.83667,92.03,140.6,90.4,0.0
6601,43.87686,4.837398,92.03,140.6,90.4,0.0
6602,43.876221,4.838126,92.03,140.6,90.4,0.0
6603,43.875582,4.838853,92.03,140.6,90.4,0.0
6604,43.874943,4.839581,92.03,140.6,90.4,0.0
6605,43.874304,4.840309,92.03,140.6,90.5,0.0
6606,43.873666,4.841037,92.03,140.6,90.5,0.0
6607,43.873027,4.841765,92.03,140.6,90.5,0.0
6608,43.872388,4.842493,92.03,140.6,90.5,0.0
6609,43.871749,4.843221,92.03,140.6,90.5,0.0
6610,43.87111,4.843949,92.03,140.6,90.6,0.0
6611,43.870471,4.844676,92.03,140.6,90.6,0.0
6612,43.869832,4.845404,92.03,140.6,90.6,0.0
6613,43.869193,4.846132,92.03,140.6,90.6,0.0
6614,43.868555,4.84686,92.03,140.6,90.6,0.0
6615,43.867916,4.847588,92.03,140.6,90.6,0.0
6616,43.867277,4.848316,92.03,140.6,90.7,0.0
6617,43.866638,4.849044,92.03,140.6,90.7,0.0
6618,43.865999,4.849771,92.03,140.6,90.7,0.0
6619,43.86536,4.850499,92.04,140.6,90.7,0.0
6620,43.864721,4.851227,92.04,140.6,90.7,0.0
6621,43.864083,4.851955,92.04,140.6,90.8,0.0
6622,43.863444,4.852683,92.04,140.6,90.8,0.0
6623,43.862805,4.853411,92.04,140.6,90.8,0.0
6624,43.862166,4.854139,92.04,140.6,90.8,0.0
6625,43.861527,4.854867,92.04,140.6,90.8,0.0
6626,43.860888,4.855594,92.04,140.6,90.9,0.0
6627,43.860249,4.856322,92.04,140.6,90.9,0.0
6628,43.85961,4.85705,92.04,140.6,90.9,0.0
6629,43.858972,4.857778,92.04,140.6,90.9,0.0
6630,43.858333,4.858506,92.04,140.6,90.9,0.0
6631,43.857694,4.859234,92.04,140.6,90.9,0.0
6632,43.857055,4.859962,92.04,140.6,91.0,0.0
6633,43.856416,4.86069,92.04,140.6,91.0,0.0
6634,43.855777,4.861417,92.04,140.6,91.0,0.0
6635,43.855138,4.862145,92.04,140.6,91.0,0.0
6636,43.8545,4.862873,92.04,140.6,91.0,0.0
6637,43.853861,4.863601,92.04,140.6,91.1,0.0
6638,43.853222,4.864329,92.04,140.6,91.1,0.0
6639,43.852583,4.865057,92.04,140.6,91.1,0.0
6640,43.851944,4.865785,92.04,140.6,91.1,0.0
6641,43.851305,4.866512,92.04,140.6,91.1,0.0
6642,43.850666,4.86724,92.04,140.6,91.1,0.0
6643,43.850027,4.867968,92.04,140.6,91.2,0.0
6644,43.849389,4.868696,92.05,140.6,91.2,0.0
6645,43.84875,4.869424,92.05,140.6,91.2,0.0
6646,43.848111,4.870152,92.05,140.6,91.2,0.0
6647,43.847472,4.87088,92.05,140.6,91.2,0.0
6648,43.846833,4.871608,92.05,140.6,91.2,0.0
6649,43.846194,4.872335,92.05,140.6,91.3,0.0
6650,43.845555,4.873063,92.05,140.6,91.3,0.0
6651,43.844917,4.873791,92.05,140.6,91.3,0.0
6652,43.844278,4.874519,92.05,140.6,91.3,0.0
6653,43.843639,4.875247,92.05,140.6,91.3,0.0
6654,43.843,4.875975,92.05,140.6,91.4,0.0
6655,43.842361,4.876703,92.05,140.6,91.4,0.0
6656,43.841722,4.877431,92.05,140.6,91.4,0.0
6657,43.841083,4.878158,92.05,140.6,91.4,0.0
6658,43.840444,4.878886,92.05,140.6,91.4,0.0
6659,43.839806,4.879614,92.05,140.6,91.4,0.0
6660,43.839167,4.880342,92.05,140.6,91.5,0.0
6661,43.838528,4.88107,92.05,140.6,91.5,0.0
6662,43.837889,4.881798,92.05,140.6,91.5,0.0
6663,43.83725,4.882526,92.05,140.6,91.5,0.0
6664,43.836611,4.883253,92.05,140.6,91.5,0.0
6665,43.835972,4.883981,92.05,140.6,91.5,0.0
6666,43.835334,4.884709,92.05,140.6,91.6,0.0
6667,43.834695,4.885437,92.05,140.6,91.6,0.0
6668,43.834056,4.886165,92.05,140.6,91.6,0.0
6669,43.833417,4.886893,92.06,140.6,91.6,0.0
6670,43.832778,4.887621,92.06,140.6,91.6,0.0
6671,43.832139,4.888349,92.06,140.6,91.6,0.0
6672,43.8315,4.889076,92.06,140.6,91.7,0.0
6673,43.830861,4.889804,92.06,140.6,91.7,0.0
6674,43.830223,4.890532,92.06,140.6,91.7,0.0
6675,43.829584,4.89126,92.06,140.6,91.7,0.0
6676,43.828945,4.891988,92.06,140.6,91.7,0.0
6677,43.828306,4.892716,92.06,140.6,91.7,0.0
6678,43.827667,4.893444,92.06,140.6,91.8,0.0
6679,43.827028,4.894172,92.06,140.6,91.8,0.0
6680,43.826389,4.894899,92.06,140.6,91.8,0.0
6681,43.825751,4.895627,92.06,140.6,91.8,0.0
6682,43.825112,4.896355,92.06,140.6,91.8,0.0
6683,43.824473,4.897083,92.06,140.6,91.8,0.0
6684,43.823834,4.897811,92.06,140.6,91.9,0.0
6685,43.823195,4.898539,92.06,140.6,91.9,0.0
6686,43.822556,4.899267,92.06,140.6,91.9,0.0
6687,43.821917,4.899994,92.06,140.6,91.9,0.0
6688,43.821278,4.900722,92.06,140.6,91.9,0.0
6689,43.82064,4.90145,92.06,140.6,91.9,0.0
6690,43.820001,4.902178,92.06,140.6,91.9,0.0
6691,43.819362,4.902906,92.06,140.6,92.0,0.0
6692,43.818723,4.903634,92.06,140.6,92.0,0.0
6693,43.818084,4.904362,92.06,140.6,92.0,0.0
6694,43.817445,4.90509,92.06,140.6,92.0,0.0
6695,43.816806,4.905817,92.07,140.6,92.0,0.0
6696,43.816168,4.906545,92.07,140.6,92.0,0.0
6697,43.815529,4.907273,92.07,140.6,92.1,0.0
6698,43.81489,4.908001,92.07,140.6,92.1,0.0
6699,43.814251,4.908729,92.07,140.6,92.1,0.0
6700,43.813612,4.909457,92.07,140.6,92.1,0.0
6701,43.812973,4.910185,92.07,140.6,92.1,0.0
6702,43.812334,4.910913,92.07,140.6,92.1,0.0
6703,43.811695,4.91164,92.07,140.6,92.2,0.0
6704,43.811057,4.912368,92.07,140.6,92.2,0.0
6705,43.810418,4.913096,92.07,140.6,92.2,0.0
6706,43.809779,4.913824,92.07,140.6,92.2,0.0
6707,43.80914,4.914552,92.07,140.6,92.2,0.0
6708,43.808501,4.91528,92.07,140.6,92.2,0.0
6709,43.807862,4.916008,92.07,140.6,92.2,0.0
6710,43.807223,4.916735,92.07,140.6,92.3,0.0
6711,43.806585,4.917463,92.07,140.6,92.3,0.0
6712,43.805946,4.918191,92.07,140.6,92.3,0.0
6713,43.805307,4.918919,92.07,140.6,92.3,0.0
6714,43.804668,4.919647,92.07,140.6,92.3,0.0
6715,43.804029,4.920375,92.07,140.6,92.3,0.0
6716,43.80339,4.921103,92.07,140.6,92.3,0.0
6717,43.802751,4.921831,92.07,140.6,92.4,0.0
6718,43.802113,4.922558,92.07,140.6,92.4,0.0
6719,43.801474,4.923286,92.07,140.6,92.4,0.0
6720,43.800835,4.924014,92.08,140.6,92.4,0.0
6721,43.800196,4.924742,92.08,140.6,92.4,0.0
6722,43.799557,4.92547,92.08,140.6,92.4,0.0
6723,43.798918,4.926198,92.08,140.6,92.5,0.0
6724,43.798279,4.926926,92.08,140.6,92.5,0.0
6725,43.79764,4.927654,92.08,140.6,92.5,0.0
6726,43.797002,4.928381,92.08,140.6,92.5,0.0
6727,43.796363,4.929109,92.08,140.6,92.5,0.0
6728,43.795724,4.929837,92.08,140.6,92.5,0.0
6729,43.795085,4.930565,92.08,140.6,92.5,0.0
6730,43.794446,4.931293,92.08,140.6,92.6,0.0
6731,43.793807,4.932021,92.08,140.6,92.6,0.0
6732,43.793168,4.932749,92.08,140.6,92.6,0.0
6733,43.79253,4.933476,92.08,140.6,92.6,0.0
6734,43.791891,4.934204,92.08,140.6,92.6,0.0
6735,43.791252,4.934932,92.08,140.6,92.6,0.0
6736,43.790613,4.93566,92.08,140.6,92.6,0.0
6737,43.789974,4.936388,92.08,140.6,92.7,0.0
6738,43.789335,4.937116,92.08,140.6,92.7,0.0
6739,43.788696,4.937844,92.08,140.6,92.7,0.0
6740,43.788057,4.938572,92.08,140.6,92.7,0.0
6741,43.787419,4.939299,92.08,140.6,92.7,0.0
6742,43.78678,4.940027,92.08,140.6,92.7,0.0
6743,43.786141,4.940755,92.08,140.6,92.7,0.0
6744,43.785502,4.941483,92.08,140.6,92.7,0.0
6745,43.784863,4.942211,92.09,140.6,92.8,0.0
6746,43.784224,4.942939,92.09,140.6,92.8,0.0
6747,43.783585,4.943667,92.09,140.6,92.8,0.0
6748,43.782947,4.944395,92.09,140.6,92.8,0.0
6749,43.782308,4.945122,92.09,140.6,92.8,0.0
6750,43.781669,4.94585,92.09,140.6,92.8,0.0
6751,43.78103,4.946578,92.09,140.6,92.8,0.0
6752,43.780391,4.947306,92.09,140.6,92.9,0.0
6753,43.779752,4.948034,92.09,140.6,92.9,0.0
6754,43.779113,4.948762,92.09,140.6,92.9,0.0
6755,43.778474,4.94949,92.09,140.6,92.9,0.0
6756,43.777836,4.950217,92.09,140.6,92.9,0.0
6757,43.777197,4.950945,92.09,140.6,92.9,0.0
6758,43.776558,4.951673,92.09,140.6,92.9,0.0
6759,43.775919,4.952401,92.09,140.6,92.9,0.0
6760,43.77528,4.953129,92.09,140.6,93.0,0.0
6761,43.774641,4.953857,92.09,140.6,93.0,0.0
6762,43.774002,4.954585,92.09,140.6,93.0,0.0
6763,43.773364,4.955313,92.09,140.6,93.0,0.0
6764,43.772725,4.95604,92.09,140.6,93.0,0.0
6765,43.772086,4.956768,92.09,140.6,93.0,0.0
6766,43.771447,4.957496,92.09,140.6,93.0,0.0
6767,43.770808,4.958224,92.09,140.6,93.1,0.0
6768,43.770169,4.958952,92.09,140.6,93.1,0.0
6769,43.76953,4.95968,92.09,140.6,93.1,0.0
6770,43.768891,4.960408,92.1,140.6,93.1,0.0
6771,43.768253,4.961136,92.1,140.6,93.1,0.0
6772,43.767614,4.961863,92.1,140.6,93.1,0.0
6773,43.766975,4.962591,92.1,140.6,93.1,0.0
6774,43.766336,4.963319,92.1,140.6,93.1,0.0
6775,43.765697,4.964047,92.1,140.6,93.2,0.0
6776,43.765058,4.964775,92.1,140.6,93.2,0.0
6777,43.764419,4.965503,92.1,140.6,93.2,0.0
6778,43.763781,4.966231,92.1,140.6,93.2,0.0
6779,43.763142,4.966958,92.1,140.6,93.2,0.0
6780,43.762503,4.967686,92.1,140.6,93.2,0.0
6781,43.761864,4.968414,92.1,140.6,93.2,0.0
6782,43.761225,4.969142,92.1,140.6,93.2,0.0
6783,43.760586,4.96987,92.1,140.6,93.3,0.0
6784,43.759947,4.970598,92.1,140.6,93.3,0.0
6785,43.759308,4.971326,92.1,140.5,93.3,0.0
6786,43.75867,4.972054,92.1,140.5,93.3,0.0
6787,43.758031,4.972781,92.1,140.5,93.3,0.0
6788,43.757392,4.973509,92.1,140.5,93.3,0.0
6789,43.756753,4.974237,92.1,140.5,93.3,0.0
6790,43.756114,4.974965,92.1,140.5,93.3,0.0
6791,43.755475,4.975693,92.1,140.5,93.3,0.0
6792,43.754836,4.976421,92.1,140.5,93.4,0.0
6793,43.754198,4.977149,92.1,140.5,93.4,0.0
6794,43.753559,4.977877,92.1,140.5,93.4,0.0
6795,43.75292,4.978604,92.11,140.5,93.4,0.0
6796,43.752281,4.979332,92.11,140.5,93.4,0.0
6797,43.751642,4.98006,92.11,140.5,93.4,0.0
6798,43.751003,4.980788,92.11,140.5,93.4,0.0
6799,43.750364,4.981516,92.11,140.5,93.4,0.0
6800,43.749725,4.982244,92.11,140.5,93.5,0.0
6801,43.749087,4.982972,92.11,140.5,93.5,0.0
6802,43.748448,4.983699,92.11,140.5,93.5,0.0
6803,43.747809,4.984427,92.11,140.5,93.5,0.0
6804,43.74717,4.985155,92.11,140.5,93.5,0.0
6805,43.746531,4.985883,92.11,140.5,93.5,0.0
6806,43.745892,4.986611,92.11,140.5,93.5,0.0
6807,43.745253,4.987339,92.11,140.5,93.5,0.0
6808,43.744615,4.988067,92.11,140.5,93.5,0.0
6809,43.743976,4.988795,92.11,140.5,93.6,0.0
6810,43.743337,4.989522,92.11,140.5,93.6,0.0
6811,43.742698,4.99025,92.11,140.5,93.6,0.0
6812,43.742059,4.990978,92.11,140.5,93.6,0.0
6813,43.74142,4.991706,92.11,140.5,93.6,0.0
6814,43.740781,4.992434,92.11,140.5,93.6,0.0
6815,43.740142,4.993162,92.11,140.5,93.6,0.0
6816,43.739504,4.99389,92.11,140.5,93.6,0.0
6817,43.738865,4.994618,92.11,140.5,93.6,0.0
6818,43.738226,4.995345,92.11,140.5,93.7,0.0
6819,43.737587,4.996073,92.11,140.5,93.7,0.0
6820,43.736948,4.996801,92.12,140.5,93.7,0.0
6821,43.736309,4.997529,92.12,140.5,93.7,0.0
6822,43.73567,4.998257,92.12,140.5,93.7,0.0
6823,43.735032,4.998985,92.12,140.5,93.7,0.0
6824,43.734393,4.999713,92.12,140.5,93.7,0.0
6825,43.733754,5.00044,92.12,140.5,93.7,0.0
6826,43.733115,5.001168,92.12,140.5,93.7,0.0
6827,43.732476,5.001896,92.12,140.5,93.7,0.0
6828,43.731837,5.002624,92.12,140.5,93.8,0.0
6829,43.731198,5.003352,92.12,140.5,93.8,0.0
6830,43.730559,5.00408,92.12,140.5,93.8,0.0
6831,43.729921,5.004808,92.12,140.5,93.8,0.0
6832,43.729282,5.005536,92.12,140.5,93.8,0.0
6833,43.728643,5.006263,92.12,140.5,93.8,0.0
6834,43.728004,5.006991,92.12,140.5,93.8,0.0
6835,43.727365,5.007719,92.12,140.5,93.8,0.0
6836,43.726726,5.008447,92.12,140.5,93.8,0.0
6837,43.726087,5.009175,92.12,140.5,93.8,0.0
6838,43.725449,5.009903,92.12,140.5,93.9,0.0
6839,43.72481,5.010631,92.12,140.5,93.9,0.0
6840,43.724171,5.011359,92.12,140.5,93.9,0.0
6841,43.723532,5.012086,92.12,140.5,93.9,0.0
6842,43.722893,5.012814,92.12,140.5,93.9,0.0
6843,43.722254,5.013542,92.12,140.5,93.9,0.0
6844,43.721615,5.01427,92.12,140.5,93.9,0.0
6845,43.720976,5.014998,92.12,140.5,93.9,0.0
6846,43.720338,5.015726,92.13,140.5,93.9,0.0
6847,43.719699,5.016454,92.13,140.5,93.9,0.0
6848,43.71906,5.017181,92.13,140.5,94.0,0.0
6849,43.718421,5.017909,92.13,140.5,94.0,0.0
6850,43.717782,5.018637,92.13,140.5,94.0,0.0
6851,43.717143,5.019365,92.13,140.5,94.0,0.0
6852,43.716504,5.020093,92.13,140.5,94.0,0.0
6853,43.715866,5.020821,92.13,140.5,94.0,0.0
6854,43.715227,5.021549,92.13,140.5,94.0,0.0
6855,43.714588,5.022277,92.13,140.5,94.0,0.0
6856,43.713949,5.023004,92.13,140.5,94.0,0.0
6857,43.71331,5.023732,92.13,140.5,94.0,0.0
6858,43.712671,5.02446,92.13,140.5,94.0,0.0
6859,43.712032,5.025188,92.13,140.5,94.1,0.0
6860,43.711393,5.025916,92.13,140.5,94.1,0.0
6861,43.710755,5.026644,92.13,140.5,94.1,0.0
6862,43.710116,5.027372,92.13,140.5,94.1,0.0
6863,43.709477,5.0281,92.13,140.5,94.1,0.0
6864,43.708838,5.028827,92.13,140.5,94.1,0.0
6865,43.708199,5.029555,92.13,140.5,94.1,0.0
6866,43.70756,5.030283,92.13,140.5,94.1,0.0
6867,43.706921,5.031011,92.13,140.5,94.1,0.0
6868,43.706283,5.031739,92.13,140.5,94.1,0.0
6869,43.705644,5.032467,92.13,140.5,94.1,0.0
6870,43.705005,5.033195,92.13,140.5,94.2,0.0
6871,43.704366,5.033922,92.14,140.5,94.2,0.0
6872,43.703727,5.03465,92.14,140.5,94.2,0.0
6873,43.703088,5.035378,92.14,140.5,94.2,0.0
6874,43.702449,5.036106,92.14,140.5,94.2,0.0
6875,43.701811,5.036834,92.14,140.5,94.2,0.0
6876,43.701172,5.037562,92.14,140.5,94.2,0.0
6877,43.700533,5.03829,92.14,140.5,94.2,0.0
6878,43.699894,5.039018,92.14,140.5,94.2,0.0
6879,43.699255,5.039745,92.14,140.5,94.2,0.0
6880,43.698616,5.040473,92.14,140.5,94.2,0.0
6881,43.697977,5.041201,92.14,140.5,94.2,0.0
6882,43.697338,5.041929,92.14,140.5,94.3,0.0
6883,43.6967,5.042657,92.14,140.5,94.3,0.0
6884,43.696061,5.043385,92.14,140.5,94.3,0.0
6885,43.695422,5.044113,92.14,140.5,94.3,0.0
6886,43.694783,5.044841,92.14,140.5,94.3,0.0
6887,43.694144,5.045568,92.14,140.5,94.3,0.0
6888,43.693505,5.046296,92.14,140.5,94.3,0.0
6889,43.692866,5.047024,92.14,140.5,94.3,0.0
6890,43.692228,5.047752,92.14,140.5,94.3,0.0
6891,43.691589,5.04848,92.14,140.5,94.3,0.0
6892,43.69095,5.049208,92.14,140.5,94.3,0.0
6893,43.690311,5.049936,92.14,140.5,94.3,0.0
6894,43.689672,5.050663,92.14,140.5,94.3,0.0
6895,43.689033,5.051391,92.14,140.5,94.4,0.0
6896,43.688394,5.052119,92.15,140.5,94.4,0.0
6897,43.687755,5.052847,92.15,140.5,94.4,0.0
6898,43.687117,5.053575,92.15,140.5,94.4,0.0
6899,43.686478,5.054303,92.15,140.5,94.4,0.0
6900,43.685839,5.055031,92.15,140.5,94.4,0.0
6901,43.6852,5.055759,92.15,140.5,94.4,0.0
6902,43.684561,5.056486,92.15,140.5,94.4,0.0
6903,43.683922,5.057214,92.15,140.5,94.4,0.0
6904,43.683283,5.057942,92.15,140.5,94.4,0.0
6905,43.682645,5.05867,92.15,140.5,94.4,0.0
6906,43.682006,5.059398,92.15,140.5,94.4,0.0
6907,43.681367,5.060126,92.15,140.5,94.4,0.0
6908,43.680728,5.060854,92.15,140.5,94.4,0.0
6909,43.680089,5.061582,92.15,140.5,94.5,0.0
6910,43.67945,5.062309,92.15,140.5,94.5,0.0
6911,43.678811,5.063037,92.15,140.5,94.5,0.0
6912,43.678172,5.063765,92.15,140.5,94.5,0.0
6913,43.677534,5.064493,92.15,140.5,94.5,0.0
6914,43.676895,5.065221,92.15,140.5,94.5,0.0
6915,43.676256,5.065949,92.15,140.5,94.5,0.0
6916,43.675617,5.066677,92.15,140.5,94.5,0.0
6917,43.674978,5.067404,92.15,140.5,94.5,0.0
6918,43.674339,5.068132,92.15,140.5,94.5,0.0
6919,43.6737,5.06886,92.15,140.5,94.5,0.0
6920,43.673062,5.069588,92.15,140.5,94.5,0.0
6921,43.672423,5.070316,92.16,140.5,94.5,0.0
6922,43.671784,5.071044,92.16,140.5,94.5,0.0
6923,43.671145,5.071772,92.16,140.5,94.5,0.0
6924,43.670506,5.0725,92.16,140.5,94.5,0.0
6925,43.669867,5.073227,92.16,140.5,94.6,0.0
6926,43.669228,5.073955,92.16,140.5,94.6,0.0
6927,43.668589,5.074683,92.16,140.5,94.6,0.0
6928,43.667951,5.075411,92.16,140.5,94.6,0.0
6929,43.667312,5.076139,92.16,140.5,94.6,0.0
6930,43.666673,5.076867,92.16,140.5,94.6,0.0
6931,43.666034,5.077595,92.16,140.5,94.6,0.0
6932,43.665395,5.078323,92.16,140.5,94.6,0.0
6933,43.664756,5.07905,92.16,140.5,94.6,0.0
6934,43.664117,5.079778,92.16,140.5,94.6,0.0
6935,43.663479,5.080506,92.16,140.5,94.6,0.0
6936,43.66284,5.081234,92.16,140.5,94.6,0.0
6937,43.662201,5.081962,92.16,140.5,94.6,0.0
6938,43.661562,5.08269,92.16,140.5,94.6,0.0
6939,43.660923,5.083418,92.16,140.5,94.6,0.0
6940,43.660284,5.084145,92.16,140.5,94.6,0.0
6941,43.659645,5.084873,92.16,140.5,94.6,0.0
6942,43.659006,5.085601,92.16,140.5,94.7,0.0
6943,43.658368,5.086329,92.16,140.5,94.7,0.0
6944,43.657729,5.087057,92.16,140.5,94.7,0.0
6945,43.65709,5.087785,92.16,140.5,94.7,0.0
6946,43.656451,5.088513,92.17,140.5,94.7,0.0
6947,43.655812,5.089241,92.17,140.5,94.7,0.0
6948,43.655173,5.089968,92.17,140.5,94.7,0.0
6949,43.654534,5.090696,92.17,140.5,94.7,0.0
6950,43.653896,5.091424,92.17,140.5,94.7,0.0
6951,43.653257,5.092152,92.17,140.5,94.7,0.0
6952,43.652618,5.09288,92.17,140.5,94.7,0.0
6953,43.651979,5.093608,92.17,140.5,94.7,0.0
6954,43.65134,5.094336,92.17,140.5,94.7,0.0
6955,43.650701,5.095064,92.17,140.5,94.7,0.0
6956,43.650062,5.095791,92.17,140.5,94.7,0.0
6957,43.649423,5.096519,92.17,140.5,94.7,0.0
6958,43.648785,5.097247,92.17,140.5,94.7,0.0
6959,43.648146,5.097975,92.17,140.5,94.7,0.0
6960,43.647507,5.098703,92.17,140.5,94.7,0.0
6961,43.646868,5.099431,92.17,140.5,94.8,0.0
6962,43.646229,5.100159,92.17,140.5,94.8,0.0
6963,43.64559,5.100886,92.17,140.5,94.8,0.0
6964,43.644951,5.101614,92.17,140.5,94.8,0.0
6965,43.644313,5.102342,92.17,140.5,94.8,0.0
6966,43.643674,5.10307,92.17,140.5,94.8,0.0
6967,43.643035,5.103798,92.17,140.5,94.8,0.0
6968,43.642396,5.104526,92.17,140.5,94.8,0.0
6969,43.641757,5.105254,92.17,140.5,94.8,0.0
6970,43.641118,5.105982,92.17,140.5,94.8,0.0
6971,43.640479,5.106709,92.17,140.5,94.8,0.0
6972,43.63984,5.107437,92.18,140.5,94.8,0.0
6973,43.639202,5.108165,92.18,140.5,94.8,0.0
6974,43.638563,5.108893,92.18,140.5,94.8,0.0
6975,43.637924,5.109621,92.18,140.5,94.8,0.0
6976,43.637285,5.110349,92.18,140.5,94.8,0.0
6977,43.636646,5.111077,92.18,140.5,94.8,0.0
6978,43.636007,5.111805,92.18,140.5,94.8,0.0
6979,43.635368,5.112532,92.18,140.5,94.8,0.0
6980,43.63473,5.11326,92.18,140.5,94.8,0.0
6981,43.634091,5.113988,92.18,140.5,94.8,0.0
6982,43.633452,5.114716,92.18,140.5,94.8,0.0
6983,43.632813,5.115444,92.18,140.5,94.8,0.0
6984,43.632174,5.116172,92.18,140.5,94.8,0.0
6985,43.631535,5.1169,92.18,140.5,94.8,0.0
6986,43.630896,5.117627,92.18,140.5,94.9,0.0
6987,43.630257,5.118355,92.18,140.5,94.9,0.0
6988,43.629619,5.119083,92.18,140.5,94.9,0.0
6989,43.62898,5.119811,92.18,140.5,94.9,0.0
6990,43.628341,5.120539,92.18,140.5,94.9,0.0
6991,43.627702,5.121267,92.18,140.5,94.9,0.0
6992,43.627063,5.121995,92.18,140.5,94.9,0.0
6993,43.626424,5.122723,92.18,140.5,94.9,0.0
6994,43.625785,5.12345,92.18,140.5,94.9,0.0
6995,43.625147,5.124178,92.18,140.5,94.9,0.0
6996,43.624508,5.124906,92.18,140.5,94.9,0.0
6997,43.623869,5.125634,92.19,140.5,94.9,0.0
6998,43.62323,5.126362,92.19,140.5,94.9,0.0
6999,43.622591,5.12709,92.19,140.5,94.9,0.0
7000,43.621952,5.127818,92.19,140.5,94.9,0.0
7001,43.621313,5.128546,92.19,140.5,94.9,0.0
7002,43.620674,5.129273,92.19,140.5,94.9,0.0
7003,43.620036,5.130001,92.19,140.5,94.9,0.0
7004,43.619397,5.130729,92.19,140.5,94.9,0.0
7005,43.618758,5.131457,92.19,140.5,94.9,0.0
7006,43.618119,5.132185,92.19,140.5,94.9,0.0
7007,43.61748,5.132913,92.19,140.5,94.9,0.0
7008,43.616841,5.133641,92.19,140.5,94.9,0.0
7009,43.616202,5.134368,92.19,140.5,94.9,0.0
7010,43.615564,5.135096,92.19,140.5,94.9,0.0
7011,43.614925,5.135824,92.19,140.5,94.9,0.0
7012,43.614286,5.136552,92.19,140.5,94.9,0.0
7013,43.613647,5.13728,92.19,140.5,94.9,0.0
7014,43.613008,5.138008,92.19,140.5,94.9,0.0
7015,43.612369,5.138736,92.19,140.5,94.9,0.0
7016,43.61173,5.139464,92.19,140.5,94.9,0.0
7017,43.611091,5.140191,92.19,140.5,94.9,0.0
7018,43.610453,5.140919,92.19,140.5,94.9,0.0
7019,43.609814,5.141647,92.19,140.5,94.9,0.0
7020,43.609175,5.142375,92.19,140.5,94.9,0.0
7021,43.608536,5.143103,92.19,140.5,95.0,0.0
7022,43.607897,5.143831,92.2,140.5,95.0,0.0
7023,43.607258,5.144559,92.2,140.5,95.0,0.0
7024,43.606619,5.145287,92.2,140.5,95.0,0.0
7025,43.605981,5.146014,92.2,140.5,95.0,0.0
7026,43.605342,5.146742,92.2,140.5,95.0,0.0
7027,43.604703,5.14747,92.2,140.5,95.0,0.0
7028,43.604064,5.148198,92.2,140.5,95.0,0.0
7029,43.603425,5.148926,92.2,140.5,95.0,0.0
7030,43.602786,5.149654,92.2,140.5,95.0,0.0
7031,43.602147,5.150382,92.2,140.5,95.0,0.0
7032,43.601509,5.151109,92.2,140.5,95.0,0.0
7033,43.60087,5.151837,92.2,140.5,95.0,0.0
7034,43.600231,5.152565,92.2,140.5,95.0,0.0
7035,43.599592,5.153293,92.2,140.5,95.0,0.0
7036,43.598953,5.154021,92.2,140.5,95.0,0.0
7037,43.598314,5.154749,92.2,140.5,95.0,0.0
7038,43.597675,5.155477,92.2,140.5,95.0,0.0
7039,43.597036,5.156205,92.2,140.5,95.0,0.0
7040,43.596398,5.156932,92.2,140.5,95.0,0.0
7041,43.595759,5.15766,92.2,140.5,95.0,0.0
7042,43.59512,5.158388,92.2,140.5,95.0,0.0
7043,43.594481,5.159116,92.2,140.5,95.0,0.0
7044,43.593842,5.159844,92.2,140.5,95.0,0.0
7045,43.593203,5.160572,92.2,140.5,95.0,0.0
7046,43.592564,5.1613,92.2,140.5,95.0,0.0
7047,43.591926,5.162028,92.21,140.5,95.0,0.0
7048,43.591287,5.162755,92.21,140.5,95.0,0.0
7049,43.590648,5.163483,92.21,140.5,95.0,0.0
7050,43.590009,5.164211,92.21,140.5,95.0,0.0
7051,43.58937,5.164939,92.21,140.5,95.0,0.0
7052,43.588731,5.165667,92.21,140.5,95.0,0.0
7053,43.588092,5.166395,92.21,140.5,95.0,0.0
7054,43.587453,5.167123,92.21,140.5,95.0,0.0
7055,43.586815,5.16785,92.21,140.5,95.0,0.0
7056,43.586176,5.168578,92.21,140.5,95.0,0.0
7057,43.585537,5.169306,92.21,140.5,95.0,0.0
7058,43.584898,5.170034,92.21,140.5,95.0,0.0
7059,43.584259,5.170762,92.21,140.5,95.0,0.0
7060,43.58362,5.17149,92.21,140.5,95.0,0.0
7061,43.582981,5.172218,92.21,140.5,95.0,0.0
7062,43.582343,5.172946,92.21,140.5,95.0,0.0
7063,43.581704,5.173673,92.21,140.5,95.0,0.0
7064,43.581065,5.174401,92.21,140.5,95.0,0.0
7065,43.580426,5.175129,92.21,140.5,95.0,0.0
7066,43.579787,5.175857,92.21,140.5,95.0,0.0
7067,43.579148,5.176585,92.21,140.5,95.0,0.0
7068,43.578509,5.177313,92.21,140.5,95.0,0.0
7069,43.57787,5.178041,92.21,140.5,95.0,0.0
7070,43.577232,5.178769,92.21,140.5,95.0,0.0
7071,43.576593,5.179496,92.21,140.5,95.0,0.0
7072,43.575954,5.180224,92.21,140.5,95.0,0.0
7073,43.575315,5.180952,92.22,140.5,95.0,0.0
7074,43.574676,5.18168,92.22,140.5,95.0,0.0
7075,43.574037,5.182408,92.22,140.5,95.0,0.0
7076,43.573398,5.183136,92.22,140.5,95.0,0.0
7077,43.57276,5.183864,92.22,140.5,95.0,0.0
7078,43.572121,5.184591,92.22,140.5,95.0,0.0
7079,43.571482,5.185319,92.22,140.5,95.0,0.0
7080,43.570843,5.186047,92.22,140.5,95.0,0.0
7081,43.570204,5.186775,92.22,140.5,95.0,0.0
7082,43.569565,5.187503,92.22,140.5,95.0,0.0
7083,43.568926,5.188231,92.22,140.5,95.0,0.0
7084,43.568287,5.188959,92.22,140.5,95.0,0.0
7085,43.567649,5.189687,92.22,140.5,95.0,0.0
7086,43.56701,5.190414,92.22,140.5,95.0,0.0
7087,43.566371,5.191142,92.22,140.5,95.0,0.0
7088,43.565732,5.19187,92.22,140.5,95.0,0.0
7089,43.565093,5.192598,92.22,140.5,95.0,0.0
7090,43.564454,5.193326,92.22,140.5,95.0,0.0
7091,43.563815,5.194054,92.22,140.5,95.0,0.0
7092,43.563177,5.194782,92.22,140.5,95.0,0.0
7093,43.562538,5.19551,92.22,140.5,95.0,0.0
7094,43.561899,5.196237,92.22,140.5,95.0,0.0
7095,43.56126,5.196965,92.22,140.5,95.0,0.0
7096,43.560621,5.197693,92.22,140.5,95.0,0.0
7097,43.559982,5.198421,92.22,140.5,95.0,0.0
7098,43.559343,5.199149,92.23,140.5,95.0,0.0
7099,43.558704,5.199877,92.23,140.5,95.0,0.0
7100,43.558066,5.200605,92.23,140.5,95.0,0.0
7101,43.557427,5.201332,92.23,140.5,95.0,0.0
7102,43.556788,5.20206,92.23,140.5,95.0,0.0
7103,43.556149,5.202788,92.23,140.5,95.0,0.0
7104,43.55551,5.203516,92.23,140.5,95.0,0.0
7105,43.554871,5.204244,92.23,140.5,95.0,0.0
7106,43.554232,5.204972,92.23,140.5,95.0,0.0
7107,43.553594,5.2057,92.23,140.5,95.0,0.0
7108,43.552955,5.206428,92.23,140.5,95.0,0.0
7109,43.552316,5.207155,92.23,140.5,95.0,0.0
7110,43.551677,5.207883,92.23,140.5,95.0,0.0
7111,43.551038,5.208611,92.23,140.5,95.0,0.0
7112,43.550399,5.209339,92.23,140.5,95.0,0.0
7113,43.54976,5.210067,92.23,140.5,95.0,0.0
7114,43.549121,5.210795,92.23,140.5,95.0,0.0
7115,43.548483,5.211523,92.23,140.5,95.0,0.0
7116,43.547844,5.212251,92.23,140.5,95.0,0.0
7117,43.547205,5.212978,92.23,140.5,94.9,0.0
7118,43.546566,5.213706,92.23,140.5,94.9,0.0
7119,43.545927,5.214434,92.23,140.5,94.9,0.0
7120,43.545288,5.215162,92.23,140.4,94.9,0.0
7121,43.544649,5.21589,92.23,140.4,94.9,0.0
7122,43.544011,5.216618,92.23,140.4,94.9,0.0
7123,43.543372,5.217346,92.24,140.4,94.9,0.0
7124,43.542733,5.218073,92.24,140.4,94.9,0.0
7125,43.542094,5.218801,92.24,140.4,94.9,0.0
7126,43.541455,5.219529,92.24,140.4,94.9,0.0
7127,43.540816,5.220257,92.24,140.4,94.9,0.0
7128,43.540177,5.220985,92.24,140.4,94.9,0.0
7129,43.539538,5.221713,92.24,140.4,94.9,0.0
7130,43.5389,5.222441,92.24,140.4,94.9,0.0
7131,43.538261,5.223169,92.24,140.4,94.9,0.0
7132,43.537622,5.223896,92.24,140.4,94.9,0.0
7133,43.536983,5.224624,92.24,140.4,94.9,0.0
7134,43.536344,5.225352,92.24,140.4,94.9,0.0
7135,43.535705,5.22608,92.24,140.4,94.9,0.0
7136,43.535066,5.226808,92.24,140.4,94.9,0.0
7137,43.534428,5.227536,92.24,140.4,94.9,0.0
7138,43.533789,5.228264,92.24,140.4,94.9,0.0
7139,43.53315,5.228992,92.24,140.4,94.9,0.0
7140,43.532511,5.229719,92.24,140.4,94.9,0.0
7141,43.531872,5.230447,92.24,140.4,94.9,0.0
7142,43.531233,5.231175,92.24,140.4,94.9,0.0
7143,43.530594,5.231903,92.24,140.4,94.9,0.0
7144,43.529955,5.232631,92.24,140.4,94.9,0.0
7145,43.529317,5.233359,92.24,140.4,94.9,0.0
7146,43.528678,5.234087,92.24,140.4,94.9,0.0
7147,43.528039,5.234814,92.24,140.4,94.9,0.0
7148,43.5274,5.235542,92.25,140.4,94.9,0.0
7149,43.526761,5.23627,92.25,140.4,94.9,0.0
7150,43.526122,5.236998,92.25,140.4,94.9,0.0
7151,43.525483,5.237726,92.25,140.4,94.9,0.0
7152,43.524845,5.238454,92.25,140.4,94.8,0.0
7153,43.524206,5.239182,92.25,140.4,94.8,0.0
7154,43.523567,5.23991,92.25,140.4,94.8,0.0
7155,43.522928,5.240637,92.25,140.4,94.8,0.0
7156,43.522289,5.241365,92.25,140.4,94.8,0.0
7157,43.52165,5.242093,92.25,140.4,94.8,0.0
7158,43.521011,5.242821,92.25,140.4,94.8,0.0
7159,43.520372,5.243549,92.25,140.4,94.8,0.0
7160,43.519734,5.244277,92.25,140.4,94.8,0.0
7161,43.519095,5.245005,92.25,140.4,94.8,0.0
7162,43.518456,5.245733,92.25,140.4,94.8,0.0
7163,43.517817,5.24646,92.25,140.4,94.8,0.0
7164,43.517178,5.247188,92.25,140.4,94.8,0.0
7165,43.516539,5.247916,92.25,140.4,94.8,0.0
7166,43.5159,5.248644,92.25,140.4,94.8,0.0
7167,43.515262,5.249372,92.25,140.4,94.8,0.0
7168,43.514623,5.2501,92.25,140.4,94.8,0.0
7169,43.513984,5.250828,92.25,140.4,94.8,0.0
7170,43.513345,5.251555,92.25,140.4,94.8,0.0
7171,43.512706,5.252283,92.25,140.4,94.8,0.0
7172,43.512067,5.253011,92.25,140.4,94.8,0.0
7173,43.511428,5.253739,92.26,140.4,94.8,0.0
7174,43.510789,5.254467,92.26,140.4,94.8,0.0
7175,43.510151,5.255195,92.26,140.4,94.8,0.0
7176,43.509512,5.255923,92.26,140.4,94.8,0.0
7177,43.508873,5.256651,92.26,140.4,94.7,0.0
7178,43.508234,5.257378,92.26,140.4,94.7,0.0
7179,43.507595,5.258106,92.26,140.4,94.7,0.0
7180,43.506956,5.258834,92.26,140.4,94.7,0.0
7181,43.506317,5.259562,92.26,140.4,94.7,0.0
7182,43.505679,5.26029,92.26,140.4,94.7,0.0
7183,43.50504,5.261018,92.26,140.4,94.7,0.0
7184,43.504401,5.261746,92.26,140.4,94.7,0.0
7185,43.503762,5.262474,92.26,140.4,94.7,0.0
7186,43.503123,5.263201,92.26,140.4,94.7,0.0
7187,43.502484,5.263929,92.26,140.4,94.7,0.0
7188,43.501845,5.264657,92.26,140.4,94.7,0.0
7189,43.501207,5.265385,92.26,140.4,94.7,0.0
7190,43.500568,5.266113,92.26,140.4,94.7,0.0
7191,43.499929,5.266841,92.26,140.4,94.7,0.0
7192,43.49929,5.267569,92.26,140.4,94.7,0.0
7193,43.498651,5.268296,92.26,140.4,94.7,0.0
7194,43.498012,5.269024,92.26,140.4,94.7,0.0
7195,43.497373,5.269752,92.26,140.4,94.7,0.0
7196,43.496734,5.27048,92.26,140.4,94.6,0.0
7197,43.496096,5.271208,92.26,140.4,94.6,0.0
7198,43.495457,5.271936,92.26,140.4,94.6,0.0
7199,43.494818,5.272664,92.27,140.4,94.6,0.0
7200,43.494179,5.273392,92.27,140.4,94.6,0.0
